--stats-kin mean,std,kurtosis,skewness  --stats-emb mean,std → /srv/beegfs/scratch/shares/schaerm/schaer2/video_sam2_pose/humanLISBET-paper/baselineEval/results_stats_extended_target
17:43:51  ccnEvaluation         INFO     ccnEvaluation prediction pipeline started
17:43:51  ccnEvaluation         INFO       CSV:           /srv/beegfs/scratch/shares/schaerm/schaer2/video_sam2_pose/humanLISBET-paper/dataset/info/child_for_humanlisbet_paper_with_paths_020326.csv
17:43:51  ccnEvaluation         INFO       Pose (train):  /srv/beegfs/scratch/shares/schaerm/schaer2/video_sam2_pose/humanLISBET-paper/dataset/pose_ready/train
17:43:51  ccnEvaluation         INFO       Pose (test):   /srv/beegfs/scratch/shares/schaerm/schaer2/video_sam2_pose/humanLISBET-paper/dataset/pose_ready/test
17:43:51  ccnEvaluation         INFO       Output:        /srv/beegfs/scratch/shares/schaerm/schaer2/video_sam2_pose/humanLISBET-paper/baselineEval/results_stats_extended_target
17:43:51  ccnEvaluation         INFO     ═══ Step 1: Feature extraction ═══
17:43:51  ccnEvaluation         INFO     Selected statistics (kinematic): ['mean', 'std', 'kurtosis', 'skewness']
17:43:51  ccnEvaluation         INFO     Selected statistics (embedding): ['mean', 'std']
17:43:51  baselineEval.src.loading  INFO     Clinical CSV: 119 subjects with ASD/TD diagnosis
17:43:55  baselineEval.src.loading  INFO     Found 2974 segment directories in /srv/beegfs/scratch/shares/schaerm/schaer2/video_sam2_pose/humanLISBET-paper/dataset/pose_ready/train
17:43:55  baselineEval.src.loading  INFO     Grouped into 102 video/subject IDs:
17:43:55  baselineEval.src.loading  INFO       7797_T1a_ADOS1: 6 segment(s)
17:43:55  baselineEval.src.loading  INFO       7892_T2a_ADOS: 34 segment(s)
17:43:55  baselineEval.src.loading  INFO       7947_T1a_ADOS: 18 segment(s)
17:43:55  baselineEval.src.loading  INFO       7953_T1a_ADOS: 18 segment(s)
17:43:55  baselineEval.src.loading  INFO       7954_T2a_ADOS: 19 segment(s)
17:43:55  baselineEval.src.loading  INFO       7965_T2a_ADOS: 33 segment(s)
17:43:55  baselineEval.src.loading  INFO       7978_T1a_ADOS: 33 segment(s)
17:43:55  baselineEval.src.loading  INFO       8002_T3_ADOS_scaled: 3 segment(s)
17:43:55  baselineEval.src.loading  INFO       8017_BB_12_15m_ADOS: 28 segment(s)
17:43:55  baselineEval.src.loading  INFO       8018_T1a_ADOS: 20 segment(s)
17:43:55  baselineEval.src.loading  INFO       8019_T1a_ADOS: 16 segment(s)
17:43:55  baselineEval.src.loading  INFO       8031_T1a_ADOS_noncompressed: 34 segment(s)
17:43:55  baselineEval.src.loading  INFO       8042_T2a_ADOS: 35 segment(s)
17:43:55  baselineEval.src.loading  INFO       8046_T2a_ADOS_compressed: 25 segment(s)
17:43:55  baselineEval.src.loading  INFO       8054_ADOS_T2a: 33 segment(s)
17:43:55  baselineEval.src.loading  INFO       8072_T1a_ADOS: 21 segment(s)
17:43:55  baselineEval.src.loading  INFO       8073_T1a_ADOS_compressed: 22 segment(s)
17:43:55  baselineEval.src.loading  INFO       8090_T2a_ADOS: 27 segment(s)
17:43:55  baselineEval.src.loading  INFO       8100_T2a_ADOS: 12 segment(s)
17:43:55  baselineEval.src.loading  INFO       8101_T2a_ADOS: 31 segment(s)
17:43:55  baselineEval.src.loading  INFO       8104_T2a_ADOS: 33 segment(s)
17:43:55  baselineEval.src.loading  INFO       8121_T2a_ADOS_M1_compressed: 45 segment(s)
17:43:55  baselineEval.src.loading  INFO       8137_T2a_ADOS_compressed: 31 segment(s)
17:43:55  baselineEval.src.loading  INFO       8141_T1a_ADOS: 44 segment(s)
17:43:55  baselineEval.src.loading  INFO       8149_T1a_ADOS_noncompressed: 24 segment(s)
17:43:55  baselineEval.src.loading  INFO       8154_T1a_ADOS: 41 segment(s)
17:43:55  baselineEval.src.loading  INFO       8156_T1a_ADOS: 26 segment(s)
17:43:55  baselineEval.src.loading  INFO       8157_T1a_ADOS: 25 segment(s)
17:43:55  baselineEval.src.loading  INFO       8158_T1a_ADOS_compressed: 54 segment(s)
17:43:55  baselineEval.src.loading  INFO       8165_BB_18-21m_ADOS_compressed: 38 segment(s)
17:43:55  baselineEval.src.loading  INFO       8183_T2a_ADOS: 35 segment(s)
17:43:55  baselineEval.src.loading  INFO       8185_T1a_ADOS: 17 segment(s)
17:43:55  baselineEval.src.loading  INFO       8188_T1a_ADOS: 30 segment(s)
17:43:55  baselineEval.src.loading  INFO       8200_T1a_ADOS_compressed_2: 34 segment(s)
17:43:55  baselineEval.src.loading  INFO       8204_T1a_ADOS_noncompressed: 22 segment(s)
17:43:55  baselineEval.src.loading  INFO       8207_T1a_ADOS: 20 segment(s)
17:43:55  baselineEval.src.loading  INFO       8212_T1a_ADOS: 8 segment(s)
17:43:55  baselineEval.src.loading  INFO       8216_T1a_ADOS_uncompressed: 28 segment(s)
17:43:55  baselineEval.src.loading  INFO       8222_T1a_ADOS_compressed: 35 segment(s)
17:43:55  baselineEval.src.loading  INFO       8244_T1a_ADOS: 25 segment(s)
17:43:55  baselineEval.src.loading  INFO       8252_BB_18-21m_ADOS_Compressed: 29 segment(s)
17:43:55  baselineEval.src.loading  INFO       8264_T1a_ADOS_MT: 14 segment(s)
17:43:55  baselineEval.src.loading  INFO       8288_BB_18-21m_ADOS_compressed: 8 segment(s)
17:43:55  baselineEval.src.loading  INFO       8294_T1a_CCSA_ADOS: 19 segment(s)
17:43:55  baselineEval.src.loading  INFO       8295_T1a_ADOS_compressed: 40 segment(s)
17:43:55  baselineEval.src.loading  INFO       8296_BB_15-18m: 32 segment(s)
17:43:55  baselineEval.src.loading  INFO       8297_T1a_ADOS: 43 segment(s)
17:43:55  baselineEval.src.loading  INFO       8298_T2a_ADOS: 15 segment(s)
17:43:55  baselineEval.src.loading  INFO       8299_T1a_ADOS: 31 segment(s)
17:43:55  baselineEval.src.loading  INFO       8300_T1a_ADOS_compressed: 18 segment(s)
17:43:55  baselineEval.src.loading  INFO       8301_T1a_ADOS_Incomplete: 26 segment(s)
17:43:55  baselineEval.src.loading  INFO       8306_T1a_ADOS_CCSA: 44 segment(s)
17:43:55  baselineEval.src.loading  INFO       8307_T1a_ADOS_compressed: 36 segment(s)
17:43:55  baselineEval.src.loading  INFO       8310_T1a_ADOS_noncompressed: 33 segment(s)
17:43:55  baselineEval.src.loading  INFO       8324_T2a_ADOS_Noncompressed: 11 segment(s)
17:43:55  baselineEval.src.loading  INFO       8334_T1a_ADOS: 40 segment(s)
17:43:55  baselineEval.src.loading  INFO       8350_T1a_ADOS: 29 segment(s)
17:43:55  baselineEval.src.loading  INFO       8355_T1a_ADOS: 20 segment(s)
17:43:55  baselineEval.src.loading  INFO       8359_T1a_ADOS: 25 segment(s)
17:43:55  baselineEval.src.loading  INFO       8360_T1a_ADOS: 21 segment(s)
17:43:55  baselineEval.src.loading  INFO       8372_T1a_ADOS_compressed: 29 segment(s)
17:43:55  baselineEval.src.loading  INFO       8385_T1a_ADOS_noncompressed: 14 segment(s)
17:43:55  baselineEval.src.loading  INFO       8387_T1a_ADOS: 27 segment(s)
17:43:55  baselineEval.src.loading  INFO       8404_T1a_ADOS_NotCompressed: 35 segment(s)
17:43:55  baselineEval.src.loading  INFO       8420_T1a_ADOS: 40 segment(s)
17:43:55  baselineEval.src.loading  INFO       8434_T1a_ADOS: 58 segment(s)
17:43:55  baselineEval.src.loading  INFO       8454_T1a_ADOS_NonCompressed: 30 segment(s)
17:43:55  baselineEval.src.loading  INFO       8455_T1a_ADOS_Noncompressed: 26 segment(s)
17:43:55  baselineEval.src.loading  INFO       8462_T1a_ADOS: 25 segment(s)
17:43:55  baselineEval.src.loading  INFO       8488_T1a_ADOS: 23 segment(s)
17:43:55  baselineEval.src.loading  INFO       8492_T1a_ADOS_NonCompressed: 20 segment(s)
17:43:55  baselineEval.src.loading  INFO       8529_T1a_ADOS_Noncompressed: 37 segment(s)
17:43:55  baselineEval.src.loading  INFO       8561_T1a_ADOS: 26 segment(s)
17:43:55  baselineEval.src.loading  INFO       8577_T1a_ADOS: 30 segment(s)
17:43:55  baselineEval.src.loading  INFO       V001: 30 segment(s)
17:43:55  baselineEval.src.loading  INFO       V002: 34 segment(s)
17:43:55  baselineEval.src.loading  INFO       V003: 23 segment(s)
17:43:55  baselineEval.src.loading  INFO       V004: 22 segment(s)
17:43:55  baselineEval.src.loading  INFO       V005: 24 segment(s)
17:43:55  baselineEval.src.loading  INFO       V007: 28 segment(s)
17:43:55  baselineEval.src.loading  INFO       V008: 35 segment(s)
17:43:55  baselineEval.src.loading  INFO       V009: 22 segment(s)
17:43:55  baselineEval.src.loading  INFO       V010: 30 segment(s)
17:43:55  baselineEval.src.loading  INFO       V011: 46 segment(s)
17:43:55  baselineEval.src.loading  INFO       V012: 37 segment(s)
17:43:55  baselineEval.src.loading  INFO       V013: 35 segment(s)
17:43:55  baselineEval.src.loading  INFO       V014: 34 segment(s)
17:43:55  baselineEval.src.loading  INFO       V015: 14 segment(s)
17:43:55  baselineEval.src.loading  INFO       V016: 35 segment(s)
17:43:55  baselineEval.src.loading  INFO       V017: 25 segment(s)
17:43:55  baselineEval.src.loading  INFO       V018: 51 segment(s)
17:43:55  baselineEval.src.loading  INFO       V019: 38 segment(s)
17:43:55  baselineEval.src.loading  INFO       V020: 39 segment(s)
17:43:55  baselineEval.src.loading  INFO       V021: 51 segment(s)
17:43:55  baselineEval.src.loading  INFO       V022: 37 segment(s)
17:43:55  baselineEval.src.loading  INFO       V023: 41 segment(s)
17:43:55  baselineEval.src.loading  INFO       V024: 19 segment(s)
17:43:55  baselineEval.src.loading  INFO       V025: 35 segment(s)
17:43:55  baselineEval.src.loading  INFO       V026: 44 segment(s)
17:43:55  baselineEval.src.loading  INFO       V027: 34 segment(s)
17:43:55  baselineEval.src.loading  INFO       V028: 34 segment(s)
17:43:55  baselineEval.src.loading  INFO       V029: 40 segment(s)
17:43:55  baselineEval.src.loading  INFO     Computing features for 102 subjects (n_jobs=16) …
Computing features:   0%|          | 0/102 [00:00<?, ?it/s]Computing features:  31%|███▏      | 32/102 [00:14<00:31,  2.22it/s]/srv/beegfs/scratch/shares/schaerm/schaer2/video_sam2_pose/humanLISBET-paper/baselineEval/src/loading.py:115: RuntimeWarning: Precision loss occurred in moment calculation due to catastrophic cancellation. This occurs when the data are nearly identical. Results may be unreliable.
  skewness = float(scipy_stats.skew(valid_wins, bias=False))
/srv/beegfs/scratch/shares/schaerm/schaer2/video_sam2_pose/humanLISBET-paper/baselineEval/src/loading.py:116: RuntimeWarning: Precision loss occurred in moment calculation due to catastrophic cancellation. This occurs when the data are nearly identical. Results may be unreliable.
  kurtosis = float(scipy_stats.kurtosis(valid_wins, bias=False))
Computing features:  47%|████▋     | 48/102 [01:08<01:30,  1.68s/it]Computing features:  63%|██████▎   | 64/102 [01:43<01:11,  1.87s/it]/srv/beegfs/scratch/shares/schaerm/schaer2/video_sam2_pose/humanLISBET-paper/baselineEval/src/loading.py:115: RuntimeWarning: Precision loss occurred in moment calculation due to catastrophic cancellation. This occurs when the data are nearly identical. Results may be unreliable.
  skewness = float(scipy_stats.skew(valid_wins, bias=False))
/srv/beegfs/scratch/shares/schaerm/schaer2/video_sam2_pose/humanLISBET-paper/baselineEval/src/loading.py:116: RuntimeWarning: Precision loss occurred in moment calculation due to catastrophic cancellation. This occurs when the data are nearly identical. Results may be unreliable.
  kurtosis = float(scipy_stats.kurtosis(valid_wins, bias=False))
Computing features:  78%|███████▊  | 80/102 [02:19<00:43,  2.00s/it]Computing features:  94%|█████████▍| 96/102 [02:44<00:11,  1.84s/it]Computing features: 100%|██████████| 102/102 [02:44<00:00,  1.61s/it]
17:48:05  baselineEval.src.loading  INFO     Tukey clipping summary (kinematic): mean=4.06%, max=29.84% across 51 metrics
17:48:05  baselineEval.src.loading  INFO     Feature matrix: 102 subjects × 206 feature columns (+36 meta = 242 total)
17:48:05  baselineEval.src.loading  INFO     Clinical CSV: 119 subjects with ASD/TD diagnosis
17:48:06  baselineEval.src.loading  INFO     Found 452 segment directories in /srv/beegfs/scratch/shares/schaerm/schaer2/video_sam2_pose/humanLISBET-paper/dataset/pose_ready/test
17:48:06  baselineEval.src.loading  INFO     Grouped into 17 video/subject IDs:
17:48:06  baselineEval.src.loading  INFO       7772_T2a_ADOS: 27 segment(s)
17:48:06  baselineEval.src.loading  INFO       8029_T1a_ADOS: 35 segment(s)
17:48:06  baselineEval.src.loading  INFO       8075_T2a_ADOS: 29 segment(s)
17:48:06  baselineEval.src.loading  INFO       8117_T2a_ADOS: 21 segment(s)
17:48:06  baselineEval.src.loading  INFO       8127_T1a_ADOS: 41 segment(s)
17:48:06  baselineEval.src.loading  INFO       8146_T1a_ADOS: 6 segment(s)
17:48:06  baselineEval.src.loading  INFO       8187_T2a_ADOS_M1: 25 segment(s)
17:48:06  baselineEval.src.loading  INFO       8211_T1a_ADOS_compressed: 22 segment(s)
17:48:06  baselineEval.src.loading  INFO       8225_T1a_ADOS: 22 segment(s)
17:48:06  baselineEval.src.loading  INFO       8234_BB_18-21m_ADOS_compressed: 26 segment(s)
17:48:06  baselineEval.src.loading  INFO       8249_T1a_ADOS: 12 segment(s)
17:48:06  baselineEval.src.loading  INFO       8253_T1a_ADOS: 24 segment(s)
17:48:06  baselineEval.src.loading  INFO       8256_T1a_ADOS: 33 segment(s)
17:48:06  baselineEval.src.loading  INFO       8279_T1a_ADOS: 32 segment(s)
17:48:06  baselineEval.src.loading  INFO       8311_T2a_ADOS: 30 segment(s)
17:48:06  baselineEval.src.loading  INFO       8318_T1a_ADOS: 41 segment(s)
17:48:06  baselineEval.src.loading  INFO       8378_T1a_ADOS: 26 segment(s)
17:48:06  baselineEval.src.loading  INFO     Computing features for 17 subjects (n_jobs=16) …
Computing features:   0%|          | 0/17 [00:00<?, ?it/s]Computing features: 100%|██████████| 17/17 [00:00<00:00, 23142.87it/s]
/srv/beegfs/scratch/shares/schaerm/schaer2/video_sam2_pose/humanLISBET-paper/baselineEval/src/loading.py:115: RuntimeWarning: Precision loss occurred in moment calculation due to catastrophic cancellation. This occurs when the data are nearly identical. Results may be unreliable.
  skewness = float(scipy_stats.skew(valid_wins, bias=False))
/srv/beegfs/scratch/shares/schaerm/schaer2/video_sam2_pose/humanLISBET-paper/baselineEval/src/loading.py:116: RuntimeWarning: Precision loss occurred in moment calculation due to catastrophic cancellation. This occurs when the data are nearly identical. Results may be unreliable.
  kurtosis = float(scipy_stats.kurtosis(valid_wins, bias=False))
17:49:12  baselineEval.src.loading  INFO     Tukey clipping summary (kinematic): mean=4.17%, max=40.74% across 51 metrics
17:49:12  baselineEval.src.loading  INFO     Feature matrix: 17 subjects × 206 feature columns (+36 meta = 242 total)
17:49:12  ccnEvaluation         INFO       Train (kinematic): 102 subjects × 242 total columns
17:49:12  ccnEvaluation         INFO       Test  (kinematic): 17 subjects × 242 total columns
17:49:12  ccnEvaluation         INFO     ═══ Step 1b: Embedding feature extraction ═══
17:53:25  baselineEval.src.loading  INFO     Tukey clipping summary (embedding): mean=0.02%, max=7.86% across 128 dims
17:53:25  baselineEval.src.loading  INFO     Embedding DataFrame: 102 subjects × 256 embedding features (+36 meta = 292 total)
17:54:06  baselineEval.src.loading  INFO     Tukey clipping summary (embedding): mean=0.03%, max=6.27% across 128 dims
17:54:06  baselineEval.src.loading  INFO     Embedding DataFrame: 17 subjects × 256 embedding features (+36 meta = 292 total)
17:54:06  ccnEvaluation         INFO       Train (embedding): 102 subjects × 292 total columns
17:54:06  ccnEvaluation         INFO       Test  (embedding): 17 subjects × 292 total columns
17:54:06  ccnEvaluation         WARNING  Skipping target 'MSEL_GM_DQ': 72 non-null samples (< 90 minimum).
17:54:06  ccnEvaluation         INFO     ═══ Representation: motor_only ═══
17:54:06  ccnEvaluation         INFO       Features for motor_only: 186 columns
17:54:06  ccnEvaluation         INFO     ═══ Step 2: Preprocessing report ═══
17:54:06  baselineEval.src.preprocessing  INFO     Feature selection (full dataset): 186 features → 131 kept (0 missingness, 0 near-zero-var, 55 correlated)
17:54:06  baselineEval.src.preprocessing  INFO     Feature selection report → /srv/beegfs/scratch/shares/schaerm/schaer2/video_sam2_pose/humanLISBET-paper/baselineEval/results_stats_extended_target/motor_only/feature_selection_report.csv
17:54:07  baselineEval.src.preprocessing  INFO     PCA explained-variance data → /srv/beegfs/scratch/shares/schaerm/schaer2/video_sam2_pose/humanLISBET-paper/baselineEval/results_stats_extended_target/motor_only/pca_explained_variance.csv
17:54:08  baselineEval.src.preprocessing  INFO     PCA explained-variance plot → /srv/beegfs/scratch/shares/schaerm/schaer2/video_sam2_pose/humanLISBET-paper/baselineEval/results_stats_extended_target/motor_only/pca_explained_variance.png
17:54:08  ccnEvaluation         INFO     ── CV for diagnosis (classification) ──
17:54:08  ccnEvaluation         INFO       X: (102, 186), y: (102,) (classes: [0 1])
17:54:12  baselineEval.src.cross_validation  INFO     Classification CV: 2 models, 5×10 nested CV (50 total outer folds)
17:55:50  baselineEval.src.cross_validation  INFO       Saved: predictions_per_subject.csv
17:55:50  baselineEval.src.cross_validation  INFO       CV results: 100 rows → /srv/beegfs/scratch/shares/schaerm/schaer2/video_sam2_pose/humanLISBET-paper/baselineEval/results_stats_extended_target/motor_only/classification/diagnosis/cv_results.csv
17:55:50  baselineEval.src.cross_validation  INFO     
── Classification AUC-ROC summary (diagnosis) ──
model  auc_roc_mean  auc_roc_std
lasso      0.793069     0.081266
 lgbm      0.792541     0.096305
17:55:50  ccnEvaluation         INFO     ── Held-out for diagnosis (classification | motor_only) ──
17:55:50  baselineEval.src.held_out  INFO     Best classification model: lasso (AUC=0.7931 ± 0.0813)
17:55:50  baselineEval.src.held_out  INFO     Held-out classification (motor_only | diagnosis): model=lasso AUC=0.800 BAcc=0.757 Acc=0.765 [0.501, 0.932]
17:56:03  baselineEval.src.plotting  INFO       Saved: shap_bar_top20.png and shap_beeswarm_top20.png
17:56:03  baselineEval.src.held_out  INFO     SHAP saved → /srv/beegfs/scratch/shares/schaerm/schaer2/video_sam2_pose/humanLISBET-paper/baselineEval/results_stats_extended_target/motor_only/held_out/classification/diagnosis/shap
17:56:03  ccnEvaluation         INFO     ── CV for ADOS_2_ADOS_G_revised_RRB_level_of_symptoms (classification) ──
17:56:03  ccnEvaluation         INFO       X: (102, 186), y: (102,) (classes: [0 1 2])
17:56:03  baselineEval.src.cross_validation  INFO     Classification CV: 2 models, 5×10 nested CV (50 total outer folds)
17:58:09  baselineEval.src.cross_validation  INFO       Saved: predictions_per_subject.csv
17:58:09  baselineEval.src.cross_validation  INFO       CV results: 100 rows → /srv/beegfs/scratch/shares/schaerm/schaer2/video_sam2_pose/humanLISBET-paper/baselineEval/results_stats_extended_target/motor_only/classification/ADOS_2_ADOS_G_revised_RRB_level_of_symptoms/cv_results.csv
17:58:09  baselineEval.src.cross_validation  INFO     
── Classification F1-macro summary (ADOS_2_ADOS_G_revised_RRB_level_of_symptoms) ──
model  f1_macro_mean  f1_macro_std
lasso       0.585429      0.135446
 lgbm       0.545032      0.118897
17:58:09  ccnEvaluation         INFO     ── Held-out for ADOS_2_ADOS_G_revised_RRB_level_of_symptoms (classification | motor_only) ──
17:58:09  baselineEval.src.held_out  INFO     Best classification model: lasso (F1-macro=0.5854 ± 0.1354)
17:58:10  baselineEval.src.held_out  INFO     Held-out classification (motor_only | ADOS_2_ADOS_G_revised_RRB_level_of_symptoms): model=lasso F1-macro=0.428 BAcc=0.428 Acc=0.529 [0.278, 0.770]
17:58:13  baselineEval.src.plotting  INFO       Saved: shap_bar_top20.png and shap_beeswarm_top20.png
17:58:13  baselineEval.src.held_out  INFO     SHAP saved → /srv/beegfs/scratch/shares/schaerm/schaer2/video_sam2_pose/humanLISBET-paper/baselineEval/results_stats_extended_target/motor_only/held_out/classification/ADOS_2_ADOS_G_revised_RRB_level_of_symptoms/shap
17:58:13  ccnEvaluation         INFO     ── CV for ADOS_2_ADOS_G_REVISED_SA_LEVEL_OF_SYMPTOMS (classification) ──
17:58:13  ccnEvaluation         INFO       X: (102, 186), y: (102,) (classes: [0 1 2 3])
17:58:13  baselineEval.src.cross_validation  INFO     Classification CV: 2 models, 5×10 nested CV (50 total outer folds)
18:00:41  baselineEval.src.cross_validation  INFO       Saved: predictions_per_subject.csv
18:00:41  baselineEval.src.cross_validation  INFO       CV results: 100 rows → /srv/beegfs/scratch/shares/schaerm/schaer2/video_sam2_pose/humanLISBET-paper/baselineEval/results_stats_extended_target/motor_only/classification/ADOS_2_ADOS_G_REVISED_SA_LEVEL_OF_SYMPTOMS/cv_results.csv
18:00:41  baselineEval.src.cross_validation  INFO     
── Classification F1-macro summary (ADOS_2_ADOS_G_REVISED_SA_LEVEL_OF_SYMPTOMS) ──
model  f1_macro_mean  f1_macro_std
lasso       0.395573      0.110206
 lgbm       0.402359      0.088541
18:00:41  ccnEvaluation         INFO     ── Held-out for ADOS_2_ADOS_G_REVISED_SA_LEVEL_OF_SYMPTOMS (classification | motor_only) ──
18:00:41  baselineEval.src.held_out  INFO     Best classification model: lgbm (F1-macro=0.4024 ± 0.0885)
18:00:42  baselineEval.src.held_out  INFO     Held-out classification (motor_only | ADOS_2_ADOS_G_REVISED_SA_LEVEL_OF_SYMPTOMS): model=lgbm F1-macro=0.163 BAcc=0.190 Acc=0.235 [0.068, 0.499]
18:00:45  baselineEval.src.plotting  INFO       Saved: shap_bar_top20.png and shap_beeswarm_top20.png
18:00:45  baselineEval.src.held_out  INFO     SHAP saved → /srv/beegfs/scratch/shares/schaerm/schaer2/video_sam2_pose/humanLISBET-paper/baselineEval/results_stats_extended_target/motor_only/held_out/classification/ADOS_2_ADOS_G_REVISED_SA_LEVEL_OF_SYMPTOMS/shap
18:00:45  ccnEvaluation         INFO     ── CV for ADOS_G_ADOS_2_TOTAL_score_de_severite (regression) ──
18:00:45  ccnEvaluation         INFO       X: (102, 186), y: (102,) (classes: [ 1.  2.  3.  4.  5.  6.  7.  8.  9. 10.])
18:00:45  baselineEval.src.cross_validation  INFO     Regression CV: 2 models, 5×10 nested CV (50 total outer folds)
18:01:39  baselineEval.src.cross_validation  INFO       Saved: predictions_per_subject.csv
18:01:39  baselineEval.src.cross_validation  INFO       CV results: 100 rows → /srv/beegfs/scratch/shares/schaerm/schaer2/video_sam2_pose/humanLISBET-paper/baselineEval/results_stats_extended_target/motor_only/regression/ADOS_G_ADOS_2_TOTAL_score_de_severite/cv_results.csv
18:01:39  baselineEval.src.cross_validation  INFO     
── Regression summary (ADOS_G_ADOS_2_TOTAL_score_de_severite) ──
model     rmse       r2  spearman_r
lasso 2.827040 0.278863    0.581779
 lgbm 2.804141 0.280987    0.557046
18:01:39  ccnEvaluation         INFO     ── Held-out for ADOS_G_ADOS_2_TOTAL_score_de_severite (regression | motor_only) ──
18:01:39  baselineEval.src.held_out  INFO     Best regression model: lgbm (RMSE=2.8041 ± 0.4017)
18:01:40  baselineEval.src.held_out  INFO     Held-out regression (motor_only | ADOS_G_ADOS_2_TOTAL_score_de_severite): model=lgbm RMSE=3.155 [2.016, 4.201] R²=0.190 [-0.528, 0.624] ρ=0.459
18:01:44  baselineEval.src.plotting  INFO       Saved: shap_bar_top20.png and shap_beeswarm_top20.png
18:01:44  baselineEval.src.held_out  INFO     SHAP saved → /srv/beegfs/scratch/shares/schaerm/schaer2/video_sam2_pose/humanLISBET-paper/baselineEval/results_stats_extended_target/motor_only/held_out/regression/ADOS_G_ADOS_2_TOTAL_score_de_severite/shap
18:01:44  ccnEvaluation         INFO     ── CV for ADOS_2_ADOS_G_REVISED_SA_SEVERITY_SCORE (regression) ──
18:01:44  ccnEvaluation         INFO       X: (102, 186), y: (102,) (classes: [ 1.  2.  3.  4.  5.  6.  7.  9. 10.])
18:01:44  baselineEval.src.cross_validation  INFO     Regression CV: 2 models, 5×10 nested CV (50 total outer folds)
18:02:38  baselineEval.src.cross_validation  INFO       Saved: predictions_per_subject.csv
18:02:38  baselineEval.src.cross_validation  INFO       CV results: 100 rows → /srv/beegfs/scratch/shares/schaerm/schaer2/video_sam2_pose/humanLISBET-paper/baselineEval/results_stats_extended_target/motor_only/regression/ADOS_2_ADOS_G_REVISED_SA_SEVERITY_SCORE/cv_results.csv
18:02:38  baselineEval.src.cross_validation  INFO     
── Regression summary (ADOS_2_ADOS_G_REVISED_SA_SEVERITY_SCORE) ──
model     rmse       r2  spearman_r
lasso 2.498342 0.329590    0.591861
 lgbm 2.621372 0.252179    0.516822
18:02:38  ccnEvaluation         INFO     ── Held-out for ADOS_2_ADOS_G_REVISED_SA_SEVERITY_SCORE (regression | motor_only) ──
18:02:38  baselineEval.src.held_out  INFO     Best regression model: lasso (RMSE=2.4983 ± 0.3201)
18:02:38  baselineEval.src.held_out  INFO     Held-out regression (motor_only | ADOS_2_ADOS_G_REVISED_SA_SEVERITY_SCORE): model=lasso RMSE=2.627 [1.401, 3.807] R²=0.162 [-0.657, 0.724] ρ=0.530
18:02:42  baselineEval.src.plotting  INFO       Saved: shap_bar_top20.png and shap_beeswarm_top20.png
18:02:42  baselineEval.src.held_out  INFO     SHAP saved → /srv/beegfs/scratch/shares/schaerm/schaer2/video_sam2_pose/humanLISBET-paper/baselineEval/results_stats_extended_target/motor_only/held_out/regression/ADOS_2_ADOS_G_REVISED_SA_SEVERITY_SCORE/shap
18:02:42  ccnEvaluation         INFO     ── CV for ADOS_2_ADOS_G_REVISED_RRB_SEVERITY_SCORE_new (regression) ──
18:02:42  ccnEvaluation         INFO       X: (102, 186), y: (102,) (classes: [ 1.  5.  6.  7.  8.  9. 10.])
18:02:42  baselineEval.src.cross_validation  INFO     Regression CV: 2 models, 5×10 nested CV (50 total outer folds)
18:03:37  baselineEval.src.cross_validation  INFO       Saved: predictions_per_subject.csv
18:03:37  baselineEval.src.cross_validation  INFO       CV results: 100 rows → /srv/beegfs/scratch/shares/schaerm/schaer2/video_sam2_pose/humanLISBET-paper/baselineEval/results_stats_extended_target/motor_only/regression/ADOS_2_ADOS_G_REVISED_RRB_SEVERITY_SCORE_new/cv_results.csv
18:03:37  baselineEval.src.cross_validation  INFO     
── Regression summary (ADOS_2_ADOS_G_REVISED_RRB_SEVERITY_SCORE_new) ──
model     rmse       r2  spearman_r
lasso 2.929841 0.126683    0.457123
 lgbm 2.823920 0.176374    0.503509
18:03:37  ccnEvaluation         INFO     ── Held-out for ADOS_2_ADOS_G_REVISED_RRB_SEVERITY_SCORE_new (regression | motor_only) ──
18:03:37  baselineEval.src.held_out  INFO     Best regression model: lgbm (RMSE=2.8239 ± 0.3843)
18:03:38  baselineEval.src.held_out  INFO     Held-out regression (motor_only | ADOS_2_ADOS_G_REVISED_RRB_SEVERITY_SCORE_new): model=lgbm RMSE=2.586 [1.760, 3.319] R²=0.528 [0.085, 0.754] ρ=0.843
18:03:41  baselineEval.src.plotting  INFO       Saved: shap_bar_top20.png and shap_beeswarm_top20.png
18:03:41  baselineEval.src.held_out  INFO     SHAP saved → /srv/beegfs/scratch/shares/schaerm/schaer2/video_sam2_pose/humanLISBET-paper/baselineEval/results_stats_extended_target/motor_only/held_out/regression/ADOS_2_ADOS_G_REVISED_RRB_SEVERITY_SCORE_new/shap
18:03:41  ccnEvaluation         INFO     ── CV for VLDII_AdSS (regression) ──
18:03:41  ccnEvaluation         INFO       X: (95, 186), y: (95,) (classes: [ 51.  63.  64.  65.  66.  68.  69.  70.  71.  72.  73.  74.  75.  76.
  77.  78.  79.  80.  81.  83.  84.  85.  86.  87.  88.  89.  90.  91.
  92.  93.  94.  95.  96.  97.  99. 100. 102. 103. 104. 105. 107. 108.
 109. 110. 113. 115. 117.])
18:03:41  baselineEval.src.cross_validation  INFO     Regression CV: 2 models, 5×10 nested CV (50 total outer folds)
18:04:34  baselineEval.src.cross_validation  INFO       Saved: predictions_per_subject.csv
18:04:34  baselineEval.src.cross_validation  INFO       CV results: 100 rows → /srv/beegfs/scratch/shares/schaerm/schaer2/video_sam2_pose/humanLISBET-paper/baselineEval/results_stats_extended_target/motor_only/regression/VLDII_AdSS/cv_results.csv
18:04:34  baselineEval.src.cross_validation  INFO     
── Regression summary (VLDII_AdSS) ──
model      rmse       r2  spearman_r
lasso 13.678278 0.117173    0.405784
 lgbm 13.995779 0.073967    0.349140
18:04:34  ccnEvaluation         INFO     ── Held-out for VLDII_AdSS (regression | motor_only) ──
18:04:34  baselineEval.src.held_out  INFO     Best regression model: lasso (RMSE=13.6783 ± 1.4921)
18:04:35  baselineEval.src.held_out  INFO     Held-out regression (motor_only | VLDII_AdSS): model=lasso RMSE=11.896 [9.253, 14.204] R²=0.435 [0.155, 0.549] ρ=0.749
18:04:38  baselineEval.src.plotting  INFO       Saved: shap_bar_top20.png and shap_beeswarm_top20.png
18:04:38  baselineEval.src.held_out  INFO     SHAP saved → /srv/beegfs/scratch/shares/schaerm/schaer2/video_sam2_pose/humanLISBET-paper/baselineEval/results_stats_extended_target/motor_only/held_out/regression/VLDII_AdSS/shap
18:04:38  ccnEvaluation         INFO     ── CV for VLDII_MotorSS (regression) ──
18:04:38  ccnEvaluation         INFO       X: (95, 186), y: (95,) (classes: [ 56.  67.  69.  70.  72.  75.  79.  81.  82.  84.  85.  88.  90.  93.
  94.  95.  96.  97. 100. 102. 104. 105. 106. 108. 111. 114. 121. 131.])
18:04:38  baselineEval.src.cross_validation  INFO     Regression CV: 2 models, 5×10 nested CV (50 total outer folds)
18:05:31  baselineEval.src.cross_validation  INFO       Saved: predictions_per_subject.csv
18:05:31  baselineEval.src.cross_validation  INFO       CV results: 100 rows → /srv/beegfs/scratch/shares/schaerm/schaer2/video_sam2_pose/humanLISBET-paper/baselineEval/results_stats_extended_target/motor_only/regression/VLDII_MotorSS/cv_results.csv
18:05:31  baselineEval.src.cross_validation  INFO     
── Regression summary (VLDII_MotorSS) ──
model      rmse        r2  spearman_r
lasso 12.481750 -0.028611   -0.091847
 lgbm 12.846648 -0.097030    0.063045
18:05:31  ccnEvaluation         INFO     ── Held-out for VLDII_MotorSS (regression | motor_only) ──
18:05:31  baselineEval.src.held_out  INFO     Best regression model: lasso (RMSE=12.4817 ± 1.4037)
/srv/beegfs/scratch/shares/schaerm/schaer2/video_sam2_pose/humanLISBET-paper/baselineEval/src/held_out.py:422: ConstantInputWarning: An input array is constant; the correlation coefficient is not defined.
  sp_r, _ = spearmanr(y_test, y_pred)
/srv/beegfs/scratch/shares/schaerm/schaer2/video_sam2_pose/humanLISBET-paper/baselineEval/src/held_out.py:423: ConstantInputWarning: An input array is constant; the correlation coefficient is not defined.
  pe_r, _ = pearsonr(y_test, y_pred)
18:05:32  baselineEval.src.held_out  INFO     Held-out regression (motor_only | VLDII_MotorSS): model=lasso RMSE=12.713 [9.358, 16.144] R²=-0.009 [-0.572, -0.000] ρ=nan
18:05:36  baselineEval.src.plotting  INFO       Saved: shap_bar_top20.png and shap_beeswarm_top20.png
18:05:36  baselineEval.src.held_out  INFO     SHAP saved → /srv/beegfs/scratch/shares/schaerm/schaer2/video_sam2_pose/humanLISBET-paper/baselineEval/results_stats_extended_target/motor_only/held_out/regression/VLDII_MotorSS/shap
18:05:36  ccnEvaluation         INFO     ── CV for VLDII_gmsVS (regression) ──
18:05:36  ccnEvaluation         INFO       X: (95, 186), y: (95,) (classes: [ 8.  9. 10. 11. 12. 13. 14. 15. 16. 17. 18. 22.])
18:05:36  baselineEval.src.cross_validation  INFO     Regression CV: 2 models, 5×10 nested CV (50 total outer folds)
18:06:29  baselineEval.src.cross_validation  INFO       Saved: predictions_per_subject.csv
18:06:29  baselineEval.src.cross_validation  INFO       CV results: 100 rows → /srv/beegfs/scratch/shares/schaerm/schaer2/video_sam2_pose/humanLISBET-paper/baselineEval/results_stats_extended_target/motor_only/regression/VLDII_gmsVS/cv_results.csv
18:06:29  baselineEval.src.cross_validation  INFO     
── Regression summary (VLDII_gmsVS) ──
model     rmse        r2  spearman_r
lasso 2.124833 -0.023052   -0.378994
 lgbm 2.188772 -0.102252    0.101837
18:06:29  ccnEvaluation         INFO     ── Held-out for VLDII_gmsVS (regression | motor_only) ──
18:06:29  baselineEval.src.held_out  INFO     Best regression model: lasso (RMSE=2.1248 ± 0.3509)
/srv/beegfs/scratch/shares/schaerm/schaer2/video_sam2_pose/humanLISBET-paper/baselineEval/src/held_out.py:422: ConstantInputWarning: An input array is constant; the correlation coefficient is not defined.
  sp_r, _ = spearmanr(y_test, y_pred)
/srv/beegfs/scratch/shares/schaerm/schaer2/video_sam2_pose/humanLISBET-paper/baselineEval/src/held_out.py:423: ConstantInputWarning: An input array is constant; the correlation coefficient is not defined.
  pe_r, _ = pearsonr(y_test, y_pred)
18:06:30  baselineEval.src.held_out  INFO     Held-out regression (motor_only | VLDII_gmsVS): model=lasso RMSE=1.893 [1.289, 2.418] R²=-0.014 [-0.494, -0.000] ρ=nan
18:06:33  baselineEval.src.plotting  INFO       Saved: shap_bar_top20.png and shap_beeswarm_top20.png
18:06:33  baselineEval.src.held_out  INFO     SHAP saved → /srv/beegfs/scratch/shares/schaerm/schaer2/video_sam2_pose/humanLISBET-paper/baselineEval/results_stats_extended_target/motor_only/held_out/regression/VLDII_gmsVS/shap
18:06:33  ccnEvaluation         INFO     ── CV for VLDII_fmsVS (regression) ──
18:06:33  ccnEvaluation         INFO       X: (95, 186), y: (95,) (classes: [ 7.  8.  9. 10. 11. 12. 13. 14. 15. 16. 17. 18.])
18:06:33  baselineEval.src.cross_validation  INFO     Regression CV: 2 models, 5×10 nested CV (50 total outer folds)
18:07:25  baselineEval.src.cross_validation  INFO       Saved: predictions_per_subject.csv
18:07:25  baselineEval.src.cross_validation  INFO       CV results: 100 rows → /srv/beegfs/scratch/shares/schaerm/schaer2/video_sam2_pose/humanLISBET-paper/baselineEval/results_stats_extended_target/motor_only/regression/VLDII_fmsVS/cv_results.csv
18:07:25  baselineEval.src.cross_validation  INFO     
── Regression summary (VLDII_fmsVS) ──
model    rmse        r2  spearman_r
lasso 2.46322 -0.021579    0.020722
 lgbm 2.61557 -0.163411   -0.021694
18:07:25  ccnEvaluation         INFO     ── Held-out for VLDII_fmsVS (regression | motor_only) ──
18:07:25  baselineEval.src.held_out  INFO     Best regression model: lasso (RMSE=2.4632 ± 0.2499)
/srv/beegfs/scratch/shares/schaerm/schaer2/video_sam2_pose/humanLISBET-paper/baselineEval/src/held_out.py:422: ConstantInputWarning: An input array is constant; the correlation coefficient is not defined.
  sp_r, _ = spearmanr(y_test, y_pred)
/srv/beegfs/scratch/shares/schaerm/schaer2/video_sam2_pose/humanLISBET-paper/baselineEval/src/held_out.py:423: ConstantInputWarning: An input array is constant; the correlation coefficient is not defined.
  pe_r, _ = pearsonr(y_test, y_pred)
18:07:26  baselineEval.src.held_out  INFO     Held-out regression (motor_only | VLDII_fmsVS): model=lasso RMSE=2.495 [1.826, 3.138] R²=-0.013 [-0.555, -0.000] ρ=nan
18:07:30  baselineEval.src.plotting  INFO       Saved: shap_bar_top20.png and shap_beeswarm_top20.png
18:07:30  baselineEval.src.held_out  INFO     SHAP saved → /srv/beegfs/scratch/shares/schaerm/schaer2/video_sam2_pose/humanLISBET-paper/baselineEval/results_stats_extended_target/motor_only/held_out/regression/VLDII_fmsVS/shap
18:07:30  ccnEvaluation         INFO     ── CV for VLDII_SocSS (regression) ──
18:07:30  ccnEvaluation         INFO       X: (95, 186), y: (95,) (classes: [ 59.  65.  66.  68.  70.  72.  74.  75.  76.  78.  79.  80.  81.  82.
  84.  86.  88.  89.  90.  91.  92.  94.  95.  96.  98. 100. 101. 102.
 105. 109. 111. 112. 114.])
18:07:30  baselineEval.src.cross_validation  INFO     Regression CV: 2 models, 5×10 nested CV (50 total outer folds)
18:08:23  baselineEval.src.cross_validation  INFO       Saved: predictions_per_subject.csv
18:08:23  baselineEval.src.cross_validation  INFO       CV results: 100 rows → /srv/beegfs/scratch/shares/schaerm/schaer2/video_sam2_pose/humanLISBET-paper/baselineEval/results_stats_extended_target/motor_only/regression/VLDII_SocSS/cv_results.csv
18:08:23  baselineEval.src.cross_validation  INFO     
── Regression summary (VLDII_SocSS) ──
model      rmse       r2  spearman_r
lasso 11.325395 0.122884    0.445063
 lgbm 11.173084 0.145442    0.457020
18:08:23  ccnEvaluation         INFO     ── Held-out for VLDII_SocSS (regression | motor_only) ──
18:08:23  baselineEval.src.held_out  INFO     Best regression model: lgbm (RMSE=11.1731 ± 1.4421)
18:08:23  baselineEval.src.held_out  INFO     Held-out regression (motor_only | VLDII_SocSS): model=lgbm RMSE=10.448 [8.214, 12.343] R²=0.282 [-0.189, 0.455] ρ=0.497
18:08:27  baselineEval.src.plotting  INFO       Saved: shap_bar_top20.png and shap_beeswarm_top20.png
18:08:27  baselineEval.src.held_out  INFO     SHAP saved → /srv/beegfs/scratch/shares/schaerm/schaer2/video_sam2_pose/humanLISBET-paper/baselineEval/results_stats_extended_target/motor_only/held_out/regression/VLDII_SocSS/shap
18:08:27  ccnEvaluation         INFO     ── CV for VLDII_intVS (regression) ──
18:08:27  ccnEvaluation         INFO       X: (95, 186), y: (95,) (classes: [ 6.  8.  9. 10. 11. 12. 13. 14. 15. 16. 17. 18. 19. 20.])
18:08:27  baselineEval.src.cross_validation  INFO     Regression CV: 2 models, 5×10 nested CV (50 total outer folds)
18:09:19  baselineEval.src.cross_validation  INFO       Saved: predictions_per_subject.csv
18:09:19  baselineEval.src.cross_validation  INFO       CV results: 100 rows → /srv/beegfs/scratch/shares/schaerm/schaer2/video_sam2_pose/humanLISBET-paper/baselineEval/results_stats_extended_target/motor_only/regression/VLDII_intVS/cv_results.csv
18:09:19  baselineEval.src.cross_validation  INFO     
── Regression summary (VLDII_intVS) ──
model     rmse      r2  spearman_r
lasso 2.519810 0.11557    0.458231
 lgbm 2.460187 0.15187    0.491469
18:09:19  ccnEvaluation         INFO     ── Held-out for VLDII_intVS (regression | motor_only) ──
18:09:19  baselineEval.src.held_out  INFO     Best regression model: lgbm (RMSE=2.4602 ± 0.3392)
18:09:20  baselineEval.src.held_out  INFO     Held-out regression (motor_only | VLDII_intVS): model=lgbm RMSE=2.563 [2.036, 3.030] R²=0.267 [-0.250, 0.475] ρ=0.518
18:09:24  baselineEval.src.plotting  INFO       Saved: shap_bar_top20.png and shap_beeswarm_top20.png
18:09:24  baselineEval.src.held_out  INFO     SHAP saved → /srv/beegfs/scratch/shares/schaerm/schaer2/video_sam2_pose/humanLISBET-paper/baselineEval/results_stats_extended_target/motor_only/held_out/regression/VLDII_intVS/shap
18:09:24  ccnEvaluation         INFO     ── CV for VLDII_plaVS (regression) ──
18:09:24  ccnEvaluation         INFO       X: (95, 186), y: (95,) (classes: [ 7.  8.  9. 10. 11. 12. 13. 14. 15. 16. 17. 18. 19.])
18:09:24  baselineEval.src.cross_validation  INFO     Regression CV: 2 models, 5×10 nested CV (50 total outer folds)
18:10:17  baselineEval.src.cross_validation  INFO       Saved: predictions_per_subject.csv
18:10:17  baselineEval.src.cross_validation  INFO       CV results: 100 rows → /srv/beegfs/scratch/shares/schaerm/schaer2/video_sam2_pose/humanLISBET-paper/baselineEval/results_stats_extended_target/motor_only/regression/VLDII_plaVS/cv_results.csv
18:10:17  baselineEval.src.cross_validation  INFO     
── Regression summary (VLDII_plaVS) ──
model     rmse       r2  spearman_r
lasso 2.376049 0.127559    0.394869
 lgbm 2.492352 0.039572    0.344813
18:10:17  ccnEvaluation         INFO     ── Held-out for VLDII_plaVS (regression | motor_only) ──
18:10:17  baselineEval.src.held_out  INFO     Best regression model: lasso (RMSE=2.3760 ± 0.2931)
18:10:17  baselineEval.src.held_out  INFO     Held-out regression (motor_only | VLDII_plaVS): model=lasso RMSE=1.735 [1.306, 2.127] R²=0.530 [0.260, 0.638] ρ=0.772
18:10:21  baselineEval.src.plotting  INFO       Saved: shap_bar_top20.png and shap_beeswarm_top20.png
18:10:21  baselineEval.src.held_out  INFO     SHAP saved → /srv/beegfs/scratch/shares/schaerm/schaer2/video_sam2_pose/humanLISBET-paper/baselineEval/results_stats_extended_target/motor_only/held_out/regression/VLDII_plaVS/shap
18:10:21  ccnEvaluation         INFO     ── CV for VLDII_copVS (regression) ──
18:10:21  ccnEvaluation         INFO       X: (95, 186), y: (95,) (classes: [ 9. 10. 11. 12. 13. 14. 15. 16. 17.])
18:10:21  baselineEval.src.cross_validation  INFO     Regression CV: 2 models, 5×10 nested CV (50 total outer folds)
18:11:14  baselineEval.src.cross_validation  INFO       Saved: predictions_per_subject.csv
18:11:14  baselineEval.src.cross_validation  INFO       CV results: 100 rows → /srv/beegfs/scratch/shares/schaerm/schaer2/video_sam2_pose/humanLISBET-paper/baselineEval/results_stats_extended_target/motor_only/regression/VLDII_copVS/cv_results.csv
18:11:14  baselineEval.src.cross_validation  INFO     
── Regression summary (VLDII_copVS) ──
model     rmse       r2  spearman_r
lasso 2.032355 0.005031    0.310735
 lgbm 2.025505 0.011874    0.297097
18:11:14  ccnEvaluation         INFO     ── Held-out for VLDII_copVS (regression | motor_only) ──
18:11:14  baselineEval.src.held_out  INFO     Best regression model: lgbm (RMSE=2.0255 ± 0.2129)
18:11:15  baselineEval.src.held_out  INFO     Held-out regression (motor_only | VLDII_copVS): model=lgbm RMSE=1.768 [1.194, 2.358] R²=-0.129 [-1.312, 0.331] ρ=0.212
18:11:19  baselineEval.src.plotting  INFO       Saved: shap_bar_top20.png and shap_beeswarm_top20.png
18:11:19  baselineEval.src.held_out  INFO     SHAP saved → /srv/beegfs/scratch/shares/schaerm/schaer2/video_sam2_pose/humanLISBET-paper/baselineEval/results_stats_extended_target/motor_only/held_out/regression/VLDII_copVS/shap
18:11:19  ccnEvaluation         INFO     ── CV for VLDII_DaiSS (regression) ──
18:11:19  ccnEvaluation         INFO       X: (95, 186), y: (95,) (classes: [ 53.  62.  65.  67.  69.  71.  73.  75.  77.  78.  80.  81.  82.  83.
  86.  87.  89.  91.  93.  95.  96.  98. 100. 101. 102. 103. 104. 105.
 107. 109. 111. 113. 115. 118. 121.])
18:11:19  baselineEval.src.cross_validation  INFO     Regression CV: 2 models, 5×10 nested CV (50 total outer folds)
18:12:12  baselineEval.src.cross_validation  INFO       Saved: predictions_per_subject.csv
18:12:12  baselineEval.src.cross_validation  INFO       CV results: 100 rows → /srv/beegfs/scratch/shares/schaerm/schaer2/video_sam2_pose/humanLISBET-paper/baselineEval/results_stats_extended_target/motor_only/regression/VLDII_DaiSS/cv_results.csv
18:12:12  baselineEval.src.cross_validation  INFO     
── Regression summary (VLDII_DaiSS) ──
model      rmse       r2  spearman_r
lasso 12.896171 0.095314    0.386726
 lgbm 13.378943 0.016761    0.309900
18:12:12  ccnEvaluation         INFO     ── Held-out for VLDII_DaiSS (regression | motor_only) ──
18:12:12  baselineEval.src.held_out  INFO     Best regression model: lasso (RMSE=12.8962 ± 1.2310)
18:12:13  baselineEval.src.held_out  INFO     Held-out regression (motor_only | VLDII_DaiSS): model=lasso RMSE=10.076 [7.325, 12.386] R²=0.517 [0.161, 0.671] ρ=0.745
18:12:16  baselineEval.src.plotting  INFO       Saved: shap_bar_top20.png and shap_beeswarm_top20.png
18:12:16  baselineEval.src.held_out  INFO     SHAP saved → /srv/beegfs/scratch/shares/schaerm/schaer2/video_sam2_pose/humanLISBET-paper/baselineEval/results_stats_extended_target/motor_only/held_out/regression/VLDII_DaiSS/shap
18:12:16  ccnEvaluation         INFO     ── CV for VLDII_perVS (regression) ──
18:12:16  ccnEvaluation         INFO       X: (95, 186), y: (95,) (classes: [ 7.  8.  9. 10. 11. 12. 13. 14. 15. 16. 17. 18.])
18:12:16  baselineEval.src.cross_validation  INFO     Regression CV: 2 models, 5×10 nested CV (50 total outer folds)
18:13:09  baselineEval.src.cross_validation  INFO       Saved: predictions_per_subject.csv
18:13:09  baselineEval.src.cross_validation  INFO       CV results: 100 rows → /srv/beegfs/scratch/shares/schaerm/schaer2/video_sam2_pose/humanLISBET-paper/baselineEval/results_stats_extended_target/motor_only/regression/VLDII_perVS/cv_results.csv
18:13:09  baselineEval.src.cross_validation  INFO     
── Regression summary (VLDII_perVS) ──
model     rmse        r2  spearman_r
lasso 2.703459 -0.008864    0.230983
 lgbm 2.717914 -0.029358    0.237352
18:13:09  ccnEvaluation         INFO     ── Held-out for VLDII_perVS (regression | motor_only) ──
18:13:09  baselineEval.src.held_out  INFO     Best regression model: lasso (RMSE=2.7035 ± 0.2890)
18:13:10  baselineEval.src.held_out  INFO     Held-out regression (motor_only | VLDII_perVS): model=lasso RMSE=2.182 [1.757, 2.571] R²=0.176 [-0.276, 0.242] ρ=0.610
18:13:13  baselineEval.src.plotting  INFO       Saved: shap_bar_top20.png and shap_beeswarm_top20.png
18:13:13  baselineEval.src.held_out  INFO     SHAP saved → /srv/beegfs/scratch/shares/schaerm/schaer2/video_sam2_pose/humanLISBET-paper/baselineEval/results_stats_extended_target/motor_only/held_out/regression/VLDII_perVS/shap
18:13:13  ccnEvaluation         INFO     ── CV for VLDII_comVS (regression) ──
18:13:13  ccnEvaluation         INFO       X: (95, 186), y: (95,) (classes: [ 7. 10. 11. 12. 13. 14. 15. 16. 17. 18. 20.])
18:13:13  baselineEval.src.cross_validation  INFO     Regression CV: 2 models, 5×10 nested CV (50 total outer folds)
18:14:06  baselineEval.src.cross_validation  INFO       Saved: predictions_per_subject.csv
18:14:06  baselineEval.src.cross_validation  INFO       CV results: 100 rows → /srv/beegfs/scratch/shares/schaerm/schaer2/video_sam2_pose/humanLISBET-paper/baselineEval/results_stats_extended_target/motor_only/regression/VLDII_comVS/cv_results.csv
18:14:06  baselineEval.src.cross_validation  INFO     
── Regression summary (VLDII_comVS) ──
model     rmse        r2  spearman_r
lasso 2.285854 -0.027218    0.150776
 lgbm 2.311774 -0.061148    0.195284
18:14:06  ccnEvaluation         INFO     ── Held-out for VLDII_comVS (regression | motor_only) ──
18:14:06  baselineEval.src.held_out  INFO     Best regression model: lasso (RMSE=2.2859 ± 0.2349)
18:14:07  baselineEval.src.held_out  INFO     Held-out regression (motor_only | VLDII_comVS): model=lasso RMSE=2.587 [1.672, 3.459] R²=0.200 [-0.223, 0.440] ρ=0.460
18:14:10  baselineEval.src.plotting  INFO       Saved: shap_bar_top20.png and shap_beeswarm_top20.png
18:14:10  baselineEval.src.held_out  INFO     SHAP saved → /srv/beegfs/scratch/shares/schaerm/schaer2/video_sam2_pose/humanLISBET-paper/baselineEval/results_stats_extended_target/motor_only/held_out/regression/VLDII_comVS/shap
18:14:10  ccnEvaluation         INFO     ── CV for VLDII_domVS (regression) ──
18:14:10  ccnEvaluation         INFO       X: (95, 186), y: (95,) (classes: [ 9. 10. 11. 12. 13. 14. 15. 16. 17. 18. 19. 20. 22.])
18:14:10  baselineEval.src.cross_validation  INFO     Regression CV: 2 models, 5×10 nested CV (50 total outer folds)
18:15:03  baselineEval.src.cross_validation  INFO       Saved: predictions_per_subject.csv
18:15:03  baselineEval.src.cross_validation  INFO       CV results: 100 rows → /srv/beegfs/scratch/shares/schaerm/schaer2/video_sam2_pose/humanLISBET-paper/baselineEval/results_stats_extended_target/motor_only/regression/VLDII_domVS/cv_results.csv
18:15:03  baselineEval.src.cross_validation  INFO     
── Regression summary (VLDII_domVS) ──
model     rmse       r2  spearman_r
lasso 2.537497 0.149982    0.432973
 lgbm 2.636856 0.078240    0.373743
18:15:03  ccnEvaluation         INFO     ── Held-out for VLDII_domVS (regression | motor_only) ──
18:15:03  baselineEval.src.held_out  INFO     Best regression model: lasso (RMSE=2.5375 ± 0.2320)
18:15:04  baselineEval.src.held_out  INFO     Held-out regression (motor_only | VLDII_domVS): model=lasso RMSE=2.176 [1.485, 2.777] R²=0.463 [-0.141, 0.649] ρ=0.737
18:15:07  baselineEval.src.plotting  INFO       Saved: shap_bar_top20.png and shap_beeswarm_top20.png
18:15:07  baselineEval.src.held_out  INFO     SHAP saved → /srv/beegfs/scratch/shares/schaerm/schaer2/video_sam2_pose/humanLISBET-paper/baselineEval/results_stats_extended_target/motor_only/held_out/regression/VLDII_domVS/shap
18:15:07  ccnEvaluation         INFO     ── CV for VLDII_ComSS (regression) ──
18:15:07  ccnEvaluation         INFO       X: (95, 186), y: (95,) (classes: [ 44.  52.  54.  58.  59.  61.  63.  64.  65.  66.  69.  71.  72.  73.
  74.  76.  79.  80.  81.  84.  85.  86.  89.  90.  91.  93.  95.  97.
 100. 101. 102. 103. 104. 105. 107. 108. 110. 112. 113. 116. 118. 121.
 122. 125.])
18:15:07  baselineEval.src.cross_validation  INFO     Regression CV: 2 models, 5×10 nested CV (50 total outer folds)
18:16:00  baselineEval.src.cross_validation  INFO       Saved: predictions_per_subject.csv
18:16:00  baselineEval.src.cross_validation  INFO       CV results: 100 rows → /srv/beegfs/scratch/shares/schaerm/schaer2/video_sam2_pose/humanLISBET-paper/baselineEval/results_stats_extended_target/motor_only/regression/VLDII_ComSS/cv_results.csv
18:16:00  baselineEval.src.cross_validation  INFO     
── Regression summary (VLDII_ComSS) ──
model      rmse       r2  spearman_r
lasso 17.467111 0.169162    0.474582
 lgbm 17.987762 0.110682    0.396026
18:16:00  ccnEvaluation         INFO     ── Held-out for VLDII_ComSS (regression | motor_only) ──
18:16:00  baselineEval.src.held_out  INFO     Best regression model: lasso (RMSE=17.4671 ± 1.6066)
18:16:01  baselineEval.src.held_out  INFO     Held-out regression (motor_only | VLDII_ComSS): model=lasso RMSE=16.542 [13.153, 19.557] R²=0.422 [0.044, 0.558] ρ=0.633
18:16:05  baselineEval.src.plotting  INFO       Saved: shap_bar_top20.png and shap_beeswarm_top20.png
18:16:05  baselineEval.src.held_out  INFO     SHAP saved → /srv/beegfs/scratch/shares/schaerm/schaer2/video_sam2_pose/humanLISBET-paper/baselineEval/results_stats_extended_target/motor_only/held_out/regression/VLDII_ComSS/shap
18:16:05  ccnEvaluation         INFO     ── CV for VLDII_expVS (regression) ──
18:16:05  ccnEvaluation         INFO       X: (95, 186), y: (95,) (classes: [ 6.  7.  8.  9. 10. 11. 12. 13. 14. 15. 16. 17. 18. 19. 20.])
18:16:05  baselineEval.src.cross_validation  INFO     Regression CV: 2 models, 5×10 nested CV (50 total outer folds)
18:16:57  baselineEval.src.cross_validation  INFO       Saved: predictions_per_subject.csv
18:16:57  baselineEval.src.cross_validation  INFO       CV results: 100 rows → /srv/beegfs/scratch/shares/schaerm/schaer2/video_sam2_pose/humanLISBET-paper/baselineEval/results_stats_extended_target/motor_only/regression/VLDII_expVS/cv_results.csv
18:16:57  baselineEval.src.cross_validation  INFO     
── Regression summary (VLDII_expVS) ──
model     rmse       r2  spearman_r
lasso 3.289775 0.179386    0.491263
 lgbm 3.289067 0.173262    0.451126
18:16:57  ccnEvaluation         INFO     ── Held-out for VLDII_expVS (regression | motor_only) ──
18:16:57  baselineEval.src.held_out  INFO     Best regression model: lgbm (RMSE=3.2891 ± 0.3937)
18:16:58  baselineEval.src.held_out  INFO     Held-out regression (motor_only | VLDII_expVS): model=lgbm RMSE=2.634 [1.925, 3.324] R²=0.478 [0.009, 0.706] ρ=0.573
18:17:02  baselineEval.src.plotting  INFO       Saved: shap_bar_top20.png and shap_beeswarm_top20.png
18:17:02  baselineEval.src.held_out  INFO     SHAP saved → /srv/beegfs/scratch/shares/schaerm/schaer2/video_sam2_pose/humanLISBET-paper/baselineEval/results_stats_extended_target/motor_only/held_out/regression/VLDII_expVS/shap
18:17:02  ccnEvaluation         INFO     ── CV for VLDII_recVS (regression) ──
18:17:02  ccnEvaluation         INFO       X: (95, 186), y: (95,) (classes: [ 3.  5.  6.  7.  8.  9. 10. 11. 12. 13. 14. 15. 16. 17. 18. 19. 20. 21.])
18:17:02  baselineEval.src.cross_validation  INFO     Regression CV: 2 models, 5×10 nested CV (50 total outer folds)
18:17:55  baselineEval.src.cross_validation  INFO       Saved: predictions_per_subject.csv
18:17:55  baselineEval.src.cross_validation  INFO       CV results: 100 rows → /srv/beegfs/scratch/shares/schaerm/schaer2/video_sam2_pose/humanLISBET-paper/baselineEval/results_stats_extended_target/motor_only/regression/VLDII_recVS/cv_results.csv
18:17:55  baselineEval.src.cross_validation  INFO     
── Regression summary (VLDII_recVS) ──
model     rmse       r2  spearman_r
lasso 3.577304 0.197132    0.515025
 lgbm 3.723502 0.121962    0.441994
18:17:55  ccnEvaluation         INFO     ── Held-out for VLDII_recVS (regression | motor_only) ──
18:17:55  baselineEval.src.held_out  INFO     Best regression model: lasso (RMSE=3.5773 ± 0.4065)
18:17:55  baselineEval.src.held_out  INFO     Held-out regression (motor_only | VLDII_recVS): model=lasso RMSE=3.443 [2.625, 4.222] R²=0.442 [0.080, 0.599] ρ=0.694
18:17:59  baselineEval.src.plotting  INFO       Saved: shap_bar_top20.png and shap_beeswarm_top20.png
18:17:59  baselineEval.src.held_out  INFO     SHAP saved → /srv/beegfs/scratch/shares/schaerm/schaer2/video_sam2_pose/humanLISBET-paper/baselineEval/results_stats_extended_target/motor_only/held_out/regression/VLDII_recVS/shap
18:17:59  ccnEvaluation         INFO     ── CV for MSEL_TOTAL_DQ (regression) ──
18:17:59  ccnEvaluation         INFO       X: (100, 186), y: (100,) (classes: [ 18.02469136  32.43483412  34.59785415  38.08884914  38.95032984
  40.09469697  40.66399287  41.7597914   48.35352006  48.38185274
  48.56808071  49.32034527  52.60163835  52.78815173  53.41769972
  54.6043883   54.66514664  55.9129902   57.80945419  58.00856827
  58.01880411  58.49358974  60.55385401  60.73988735  61.21267952
  61.65540541  62.6717033   64.54699612  64.58014537  65.85307734
  66.03346902  66.56582561  67.46408956  68.67474001  69.12878788
  69.58887965  70.42091476  70.5832302   71.22161779  72.65127389
  72.74744284  73.39929215  73.55044202  73.63718709  74.37652068
  76.23385285  77.89159198  78.63298081  79.93217054  79.97485632
  80.39067013  81.47321429  82.45481928  83.44764518  83.72463299
  88.69235986  88.94106636  91.04190422  91.67078393  92.86194316
  92.9187448   93.08301946  94.84225533  95.62583836  96.63388805
  97.48931624  98.02617856 102.9518543  103.811149   107.0353937
 107.8029726  108.1764296  108.385181   108.6309524  108.7338226
 109.0520026  109.52137    111.8651489  112.1257819  112.192623
 112.5198886  112.8090659  112.8284389  113.5791843  115.0573568
 116.0376082  116.1326915  118.2653171  119.351962   120.5538618
 121.574912   125.622437   128.0608788  130.5093403  130.8806655
 132.3244751  135.4820159  139.7760116  149.1013072  149.4299051 ])
18:17:59  baselineEval.src.cross_validation  INFO     Regression CV: 2 models, 5×10 nested CV (50 total outer folds)
18:18:54  baselineEval.src.cross_validation  INFO       Saved: predictions_per_subject.csv
18:18:55  baselineEval.src.cross_validation  INFO       CV results: 100 rows → /srv/beegfs/scratch/shares/schaerm/schaer2/video_sam2_pose/humanLISBET-paper/baselineEval/results_stats_extended_target/motor_only/regression/MSEL_TOTAL_DQ/cv_results.csv
18:18:55  baselineEval.src.cross_validation  INFO     
── Regression summary (MSEL_TOTAL_DQ) ──
model      rmse       r2  spearman_r
lasso 25.109643 0.241009    0.537985
 lgbm 25.226277 0.225426    0.501955
18:18:55  ccnEvaluation         INFO     ── Held-out for MSEL_TOTAL_DQ (regression | motor_only) ──
18:18:55  baselineEval.src.held_out  INFO     Best regression model: lasso (RMSE=25.1096 ± 2.9718)
18:18:55  baselineEval.src.held_out  INFO     Held-out regression (motor_only | MSEL_TOTAL_DQ): model=lasso RMSE=22.997 [17.630, 27.723] R²=0.513 [0.243, 0.609] ρ=0.855
18:18:59  baselineEval.src.plotting  INFO       Saved: shap_bar_top20.png and shap_beeswarm_top20.png
18:18:59  baselineEval.src.held_out  INFO     SHAP saved → /srv/beegfs/scratch/shares/schaerm/schaer2/video_sam2_pose/humanLISBET-paper/baselineEval/results_stats_extended_target/motor_only/held_out/regression/MSEL_TOTAL_DQ/shap
18:18:59  ccnEvaluation         INFO     ── CV for MSEL_FM_DQ (regression) ──
18:18:59  ccnEvaluation         INFO       X: (100, 186), y: (100,) (classes: [ 18.02469136  46.4649432   48.97137746  50.05646983  54.38484461
  55.25934702  55.26116578  55.3030303   59.06148867  60.89132507
  63.6627907   63.73690338  64.77896096  65.16194848  65.41218638
  65.72629052  69.06338694  69.12878788  69.33210784  70.91968912
  73.53479853  75.06258941  75.18022657  75.486618    75.66334992
  75.86923658  75.90612002  75.91514143  77.07927225  77.89159198
  78.29257829  79.43695591  79.91242474  80.18453427  80.89539007
  80.95690748  82.62072435  82.81765677  83.43724023  83.84379786
  83.94209957  85.6233244   85.79059829  85.92278719  87.62002743
  87.84596871  87.86462758  87.98209366  89.15229885  90.64569536
  90.75497288  90.7960199   92.60343482  92.99363057  93.43003413
  93.95109395  95.05208333  95.38327526  96.20155039  96.63388805
  96.66313559  97.1113645   97.65160523  97.76785714  98.45857418
  98.95429899  98.97788903  99.40087146  99.64898596 102.1903821
 102.8432377  103.6931818  103.811149   104.7045324  105.1267281
 105.4303871  106.1046512  106.538237   107.1589883  108.1764296
 108.201581   108.6309524  109.939759   111.4163614  111.6891065
 112.258348   112.5198886  113.5687229  114.1644325  115.1790314
 119.8555166  120.5538618  121.1819389  121.197515   121.574912
 122.124634   122.1456693  122.8956229  123.8687783  143.1372549 ])
18:18:59  baselineEval.src.cross_validation  INFO     Regression CV: 2 models, 5×10 nested CV (50 total outer folds)
18:19:55  baselineEval.src.cross_validation  INFO       Saved: predictions_per_subject.csv
18:19:55  baselineEval.src.cross_validation  INFO       CV results: 100 rows → /srv/beegfs/scratch/shares/schaerm/schaer2/video_sam2_pose/humanLISBET-paper/baselineEval/results_stats_extended_target/motor_only/regression/MSEL_FM_DQ/cv_results.csv
18:19:55  baselineEval.src.cross_validation  INFO     
── Regression summary (MSEL_FM_DQ) ──
model      rmse       r2  spearman_r
lasso 20.601069 0.044776    0.309085
 lgbm 20.276991 0.062741    0.373985
18:19:55  ccnEvaluation         INFO     ── Held-out for MSEL_FM_DQ (regression | motor_only) ──
18:19:55  baselineEval.src.held_out  INFO     Best regression model: lgbm (RMSE=20.2770 ± 2.6392)
18:19:55  baselineEval.src.held_out  INFO     Held-out regression (motor_only | MSEL_FM_DQ): model=lgbm RMSE=17.036 [11.377, 22.745] R²=0.392 [-0.199, 0.616] ρ=0.620
18:19:59  baselineEval.src.plotting  INFO       Saved: shap_bar_top20.png and shap_beeswarm_top20.png
18:19:59  baselineEval.src.held_out  INFO     SHAP saved → /srv/beegfs/scratch/shares/schaerm/schaer2/video_sam2_pose/humanLISBET-paper/baselineEval/results_stats_extended_target/motor_only/held_out/regression/MSEL_FM_DQ/shap
18:19:59  ccnEvaluation         INFO     ── CV for MSEL_VR_DQ (regression) ──
18:19:59  ccnEvaluation         INFO       X: (100, 186), y: (100,) (classes: [ 24.78395062  38.27847693  40.84386519  44.24242424  48.97137746
  55.48645661  56.65502522  56.92959002  62.16881151  62.75283172
  64.71631206  65.27181688  65.72629052  66.12318841  66.69049889
  67.74833589  69.92337165  70.46332046  70.66795741  71.15009747
  72.16608084  73.80514706  73.80800341  75.41322314  76.86522262
  77.69631031  77.99145299  78.31273601  78.41474446  78.6637931
  79.18580909  79.31783825  80.21978022  83.77964805  84.0389186
  84.56192081  84.81797057  84.88372093  85.28037383  87.43066062
  88.66708914  89.11889597  89.35566001  89.46078431  89.57533077
  89.615829    90.15860634  92.33630952  93.50512357  93.81764069
  94.1109736   94.6140553   96.17918314  96.20155039  97.93244949
  98.97788903 100.5796275  102.1289538  103.2884465  104.0746873
 104.3095565  106.0098302  106.3795337  108.127254   109.5515537
 110.1055807  110.1609658  110.297536   111.6891065  113.7780549
 114.2017705  114.5637163  115.3090847  116.9871795  118.5064935
 121.4642263  123.6822289  124.5733788  125.1905488  125.2213369
 129.0167095  130.7503771  133.1727963  133.6408905  133.8188664
 134.9544937  135.1851852  136.0094851  136.515748   146.7828418
 147.3675711  148.8166269  148.8393977  151.821572   153.0708874
 158.9721254  159.8073555  175.8188825  192.7226814 ])
18:19:59  baselineEval.src.cross_validation  INFO     Regression CV: 2 models, 5×10 nested CV (50 total outer folds)
18:20:55  baselineEval.src.cross_validation  INFO       Saved: predictions_per_subject.csv
18:20:55  baselineEval.src.cross_validation  INFO       CV results: 100 rows → /srv/beegfs/scratch/shares/schaerm/schaer2/video_sam2_pose/humanLISBET-paper/baselineEval/results_stats_extended_target/motor_only/regression/MSEL_VR_DQ/cv_results.csv
18:20:55  baselineEval.src.cross_validation  INFO     
── Regression summary (MSEL_VR_DQ) ──
model      rmse       r2  spearman_r
lasso 29.550112 0.103973    0.393034
 lgbm 30.176618 0.061017    0.381474
18:20:55  ccnEvaluation         INFO     ── Held-out for MSEL_VR_DQ (regression | motor_only) ──
18:20:55  baselineEval.src.held_out  INFO     Best regression model: lasso (RMSE=29.5501 ± 3.6265)
18:20:55  baselineEval.src.held_out  INFO     Held-out regression (motor_only | MSEL_VR_DQ): model=lasso RMSE=26.459 [20.691, 32.031] R²=0.380 [0.108, 0.460] ρ=0.760
18:20:59  baselineEval.src.plotting  INFO       Saved: shap_bar_top20.png and shap_beeswarm_top20.png
18:20:59  baselineEval.src.held_out  INFO     SHAP saved → /srv/beegfs/scratch/shares/schaerm/schaer2/video_sam2_pose/humanLISBET-paper/baselineEval/results_stats_extended_target/motor_only/held_out/regression/MSEL_VR_DQ/shap
18:20:59  ccnEvaluation         INFO     ── CV for MSEL_LR_DQ (regression) ──
18:20:59  ccnEvaluation         INFO       X: (100, 186), y: (100,) (classes: [  3.88463176   4.06639929   6.75925926   9.87554113  12.01290153
  16.59090909  18.70972466  20.22384752  20.94811754  21.24563446
  25.56022409  26.50048403  28.99586908  29.92695289  32.38948048
  32.63590844  35.30956329  37.26391016  38.9957265   40.25735294
  40.48807543  43.06091806  44.2961165   44.83182162  46.05097149
  46.79487179  47.45189808  48.93770627  50.11618082  50.37154989
  52.84749035  53.52588625  53.65219358  54.90373045  59.29174789
  59.55070281  62.02209006  62.16545012  62.65018881  63.07603687
  64.61056645  64.9288451   66.12318841  66.75811614  70.61011905
  70.91968912  71.94102807  73.19518717  74.25406872  76.30178639
  76.39534884  77.74980635  77.81007752  77.89159198  78.6637931
  79.07279029  79.43695591  80.19460138  82.52583979  83.43724023
  83.56227106  84.15678524  87.60560676  91.80080483  96.34238311
  96.50411281 102.7847309  104.0746873  105.9596995  107.2715207
 108.1764296  108.8902148  110.0871314  115.4120767  115.9171748
 116.9871795  117.5351288  118.5064935  119.2178672  119.8802164
 120.1122726  120.9753788  121.1819389  122.3190349  122.5189726
 124.5733788  126.9356955  127.766486   128.1288156  130.2021403
 130.5093403  132.9263068  138.2575758  142.6500252  144.1714836
 144.3321617  147.1132898  148.8393977  153.6195286  157.0567986 ])
18:20:59  baselineEval.src.cross_validation  INFO     Regression CV: 2 models, 5×10 nested CV (50 total outer folds)
18:21:54  baselineEval.src.cross_validation  INFO       Saved: predictions_per_subject.csv
18:21:54  baselineEval.src.cross_validation  INFO       CV results: 100 rows → /srv/beegfs/scratch/shares/schaerm/schaer2/video_sam2_pose/humanLISBET-paper/baselineEval/results_stats_extended_target/motor_only/regression/MSEL_LR_DQ/cv_results.csv
18:21:54  baselineEval.src.cross_validation  INFO     
── Regression summary (MSEL_LR_DQ) ──
model      rmse       r2  spearman_r
lasso 33.519746 0.295625    0.588872
 lgbm 34.036094 0.272154    0.542947
18:21:54  ccnEvaluation         INFO     ── Held-out for MSEL_LR_DQ (regression | motor_only) ──
18:21:54  baselineEval.src.held_out  INFO     Best regression model: lasso (RMSE=33.5197 ± 3.4772)
18:21:55  baselineEval.src.held_out  INFO     Held-out regression (motor_only | MSEL_LR_DQ): model=lasso RMSE=27.782 [20.094, 33.877] R²=0.625 [0.346, 0.749] ρ=0.799
18:21:59  baselineEval.src.plotting  INFO       Saved: shap_bar_top20.png and shap_beeswarm_top20.png
18:21:59  baselineEval.src.held_out  INFO     SHAP saved → /srv/beegfs/scratch/shares/schaerm/schaer2/video_sam2_pose/humanLISBET-paper/baselineEval/results_stats_extended_target/motor_only/held_out/regression/MSEL_LR_DQ/shap
18:21:59  ccnEvaluation         INFO     ── CV for MSEL_LE_DQ (regression) ──
18:21:59  ccnEvaluation         INFO       X: (100, 186), y: (100,) (classes: [  9.94008715  14.16375631  17.66698935  21.62322275  22.5308642
  23.71669916  24.48568873  29.32736455  29.93313147  31.1965812
  31.83139535  32.5311943   34.96168582  35.3339787   36.51460584
  36.64658635  37.69462981  40.09226714  40.25735294  40.48807543
  41.27091814  41.92189893  43.37492573  44.24242424  44.2961165
  44.43993506  44.83182162  45.69027182  46.51656754  46.72299027
  47.44367418  50.11618082  50.12015105  50.13736264  50.93023256
  52.58200355  54.8048048   55.8530987   56.46658416  56.94227769
  57.72506083  58.12101911  59.82097832  59.93431856  60.11198946
  61.49957877  65.17857143  65.57490326  66.18574582  66.20785318
  69.12878788  69.55030488  71.37484958  72.66780432  73.41954023
  75.10288066  76.33526384  77.99145299  78.1455863   79.85282418
  80.57395143  81.54602324  82.20720721  83.94209957  84.10138249
  85.23058961  86.67962003  89.35128519  89.92073693  90.17483846
  91.02244389  91.36420526  91.65097301  93.77792672  94.24218952
  96.25527426  96.94555113  97.92085848 100.2099483  100.2747253
 103.2239819  106.0553231  108.127254   109.939759   111.2804878
 111.8651489  112.258348   114.1922639  115.7352358  116.9871795
 120.9753788  122.124634   124.6584699  128.4817876  128.8841808
 137.775842   140.655106   143.7007874  170.9694989 ])
18:21:59  baselineEval.src.cross_validation  INFO     Regression CV: 2 models, 5×10 nested CV (50 total outer folds)
18:22:55  baselineEval.src.cross_validation  INFO       Saved: predictions_per_subject.csv
18:22:55  baselineEval.src.cross_validation  INFO       CV results: 100 rows → /srv/beegfs/scratch/shares/schaerm/schaer2/video_sam2_pose/humanLISBET-paper/baselineEval/results_stats_extended_target/motor_only/regression/MSEL_LE_DQ/cv_results.csv
18:22:55  baselineEval.src.cross_validation  INFO     
── Regression summary (MSEL_LE_DQ) ──
model      rmse       r2  spearman_r
lasso 30.659030 0.161287    0.460983
 lgbm 29.782622 0.207789    0.451688
18:22:55  ccnEvaluation         INFO     ── Held-out for MSEL_LE_DQ (regression | motor_only) ──
18:22:55  baselineEval.src.held_out  INFO     Best regression model: lgbm (RMSE=29.7826 ± 4.1938)
18:22:56  baselineEval.src.held_out  INFO     Held-out regression (motor_only | MSEL_LE_DQ): model=lgbm RMSE=27.276 [21.232, 32.255] R²=0.468 [0.085, 0.592] ρ=0.708
18:22:59  baselineEval.src.plotting  INFO       Saved: shap_bar_top20.png and shap_beeswarm_top20.png
18:22:59  baselineEval.src.held_out  INFO     SHAP saved → /srv/beegfs/scratch/shares/schaerm/schaer2/video_sam2_pose/humanLISBET-paper/baselineEval/results_stats_extended_target/motor_only/held_out/regression/MSEL_LE_DQ/shap
18:22:59  ccnEvaluation         INFO     ── CV for MSEL_NV_DQ (regression) ──
18:22:59  ccnEvaluation         INFO       X: (100, 186), y: (100,) (classes: [ 21.40432099  44.16747338  48.05160611  48.97137746  49.77272727
  58.71498864  60.1959643   60.90716019  63.02918895  63.79091198
  64.09642401  65.57490326  65.72629052  66.58026114  67.72345918
  67.91030161  70.16720315  71.56862745  72.80585106  73.37984863
  74.11468486  74.27325581  74.37794938  74.47079827  74.91789819
  76.17530756  76.74648129  76.87728938  77.59353741  79.97251931
  81.51480347  81.6976584   81.89102564  81.99943836  82.20720721
  82.35559567  83.73346137  83.90804598  84.15678524  84.60538218
  84.81199831  86.57250071  88.46431518  88.6496114   88.80778589
  88.87987013  91.05626327  91.88613478  92.03227433  92.13004822
  94.43082789  94.90379615  95.05208333  95.96479195  96.20155039
  96.39084507  96.49226641  97.36019132  97.52310803  97.94594067
  98.60764755  98.68968386  98.84549601  98.97788903  99.87039171
 100.2432517  102.1903821  103.1073446  109.0017065  109.0761612
 109.2369828  110.0871314  111.4163614  111.6531427  111.6891065
 114.2017705  115.7352358  116.0376082  116.2030831  116.810994
 116.9871795  119.3828214  119.8555166  121.5842367  122.8722053
 122.9496192  123.2016379  125.1071123  126.1626445  126.7361111
 127.1777003  128.2630522  128.3820346  129.3307087  130.6682578
 135.4820159  137.1387283  139.16122    139.8314361  157.8091521 ])
18:22:59  baselineEval.src.cross_validation  INFO     Regression CV: 2 models, 5×10 nested CV (50 total outer folds)
18:23:55  baselineEval.src.cross_validation  INFO       Saved: predictions_per_subject.csv
18:23:55  baselineEval.src.cross_validation  INFO       CV results: 100 rows → /srv/beegfs/scratch/shares/schaerm/schaer2/video_sam2_pose/humanLISBET-paper/baselineEval/results_stats_extended_target/motor_only/regression/MSEL_NV_DQ/cv_results.csv
18:23:55  baselineEval.src.cross_validation  INFO     
── Regression summary (MSEL_NV_DQ) ──
model      rmse       r2  spearman_r
lasso 22.991442 0.120612    0.447338
 lgbm 22.471218 0.152012    0.482977
18:23:55  ccnEvaluation         INFO     ── Held-out for MSEL_NV_DQ (regression | motor_only) ──
18:23:55  baselineEval.src.held_out  INFO     Best regression model: lgbm (RMSE=22.4712 ± 2.9806)
18:23:56  baselineEval.src.held_out  INFO     Held-out regression (motor_only | MSEL_NV_DQ): model=lgbm RMSE=19.719 [14.123, 25.578] R²=0.424 [-0.069, 0.688] ρ=0.635
18:23:59  baselineEval.src.plotting  INFO       Saved: shap_bar_top20.png and shap_beeswarm_top20.png
18:23:59  baselineEval.src.held_out  INFO     SHAP saved → /srv/beegfs/scratch/shares/schaerm/schaer2/video_sam2_pose/humanLISBET-paper/baselineEval/results_stats_extended_target/motor_only/held_out/regression/MSEL_NV_DQ/shap
18:23:59  ccnEvaluation         INFO     ── CV for MSEL_V_DQ (regression) ──
18:23:59  ccnEvaluation         INFO       X: (100, 186), y: (100,) (classes: [ 14.64506173  16.81806214  17.70469538  18.29879679  19.42315879
  25.02823491  25.13774105  27.1577381   27.20632081  29.4009959
  30.41666667  30.91723136  31.03741497  33.34524944  35.09615385
  36.40292553  37.2753268   37.99205148  39.16309013  39.59290454
  40.25735294  40.48807543  41.50422352  44.2961165   44.83182162
  47.46155586  48.09864458  48.46611722  48.93286143  50.11618082
  50.44223328  52.19708788  52.70214521  54.2462845   54.2693288
  54.68949248  54.82073643  54.89951357  56.38516993  58.28505645
  59.94525547  62.43158183  63.11758893  63.13929001  63.25823224
  63.6627907   64.59137709  67.89434524  69.06338694  70.46826734
  70.9304984   72.04972258  76.04166667  78.79965458  80.77686203
  81.15118577  83.23831243  85.25467149  85.85349462  85.92278719
  85.99599793  87.22984206  89.35566001  91.36789406  92.32431935
  92.73373984  94.37151949  94.86083166  95.8165773   97.07446809
  98.62059158  99.7831825  101.2242965  101.2355018  102.3816809
 103.6931818  103.8747811  107.1158763  108.0484808  109.063745
 110.7318923  111.4235219  114.0037352  114.2017705  115.3090847
 116.9871795  119.5234869  120.9753788  121.0967994  121.1872446
 122.9686881  124.051024   128.2952548  128.9440573  133.4982788
 135.3182415  135.4820159  141.0506581  142.4132948  159.0413943 ])
18:23:59  baselineEval.src.cross_validation  INFO     Regression CV: 2 models, 5×10 nested CV (50 total outer folds)
18:24:55  baselineEval.src.cross_validation  INFO       Saved: predictions_per_subject.csv
18:24:55  baselineEval.src.cross_validation  INFO       CV results: 100 rows → /srv/beegfs/scratch/shares/schaerm/schaer2/video_sam2_pose/humanLISBET-paper/baselineEval/results_stats_extended_target/motor_only/regression/MSEL_V_DQ/cv_results.csv
18:24:55  baselineEval.src.cross_validation  INFO     
── Regression summary (MSEL_V_DQ) ──
model      rmse       r2  spearman_r
lasso 29.844745 0.279587    0.584180
 lgbm 29.845981 0.272486    0.551128
18:24:55  ccnEvaluation         INFO     ── Held-out for MSEL_V_DQ (regression | motor_only) ──
18:24:55  baselineEval.src.held_out  INFO     Best regression model: lasso (RMSE=29.8447 ± 3.5012)
18:24:56  baselineEval.src.held_out  INFO     Held-out regression (motor_only | MSEL_V_DQ): model=lasso RMSE=26.187 [19.928, 32.574] R²=0.588 [0.301, 0.700] ρ=0.882
18:24:59  baselineEval.src.plotting  INFO       Saved: shap_bar_top20.png and shap_beeswarm_top20.png
18:24:59  baselineEval.src.held_out  INFO     SHAP saved → /srv/beegfs/scratch/shares/schaerm/schaer2/video_sam2_pose/humanLISBET-paper/baselineEval/results_stats_extended_target/motor_only/held_out/regression/MSEL_V_DQ/shap
18:24:59  ccnEvaluation         INFO     ═══ Representation: full_kinematic ═══
18:24:59  ccnEvaluation         INFO       Features for full_kinematic: 206 columns
18:24:59  ccnEvaluation         INFO     ═══ Step 2: Preprocessing report ═══
18:24:59  baselineEval.src.preprocessing  INFO     Feature selection (full dataset): 206 features → 150 kept (0 missingness, 0 near-zero-var, 56 correlated)
18:24:59  baselineEval.src.preprocessing  INFO     Feature selection report → /srv/beegfs/scratch/shares/schaerm/schaer2/video_sam2_pose/humanLISBET-paper/baselineEval/results_stats_extended_target/full_kinematic/feature_selection_report.csv
18:25:00  baselineEval.src.preprocessing  INFO     PCA explained-variance data → /srv/beegfs/scratch/shares/schaerm/schaer2/video_sam2_pose/humanLISBET-paper/baselineEval/results_stats_extended_target/full_kinematic/pca_explained_variance.csv
18:25:00  baselineEval.src.preprocessing  INFO     PCA explained-variance plot → /srv/beegfs/scratch/shares/schaerm/schaer2/video_sam2_pose/humanLISBET-paper/baselineEval/results_stats_extended_target/full_kinematic/pca_explained_variance.png
18:25:00  ccnEvaluation         INFO     ── CV for diagnosis (classification) ──
18:25:00  ccnEvaluation         INFO       X: (102, 206), y: (102,) (classes: [0 1])
18:25:00  baselineEval.src.cross_validation  INFO     Classification CV: 2 models, 5×10 nested CV (50 total outer folds)
18:26:18  baselineEval.src.cross_validation  INFO       Saved: predictions_per_subject.csv
18:26:18  baselineEval.src.cross_validation  INFO       CV results: 100 rows → /srv/beegfs/scratch/shares/schaerm/schaer2/video_sam2_pose/humanLISBET-paper/baselineEval/results_stats_extended_target/full_kinematic/classification/diagnosis/cv_results.csv
18:26:18  baselineEval.src.cross_validation  INFO     
── Classification AUC-ROC summary (diagnosis) ──
model  auc_roc_mean  auc_roc_std
lasso      0.777920     0.098101
 lgbm      0.801748     0.101865
18:26:18  ccnEvaluation         INFO     ── Held-out for diagnosis (classification | full_kinematic) ──
18:26:18  baselineEval.src.held_out  INFO     Best classification model: lgbm (AUC=0.8017 ± 0.1019)
18:26:18  baselineEval.src.held_out  INFO     Held-out classification (full_kinematic | diagnosis): model=lgbm AUC=0.843 BAcc=0.664 Acc=0.706 [0.440, 0.897]
18:26:21  baselineEval.src.plotting  INFO       Saved: shap_bar_top20.png and shap_beeswarm_top20.png
18:26:21  baselineEval.src.held_out  INFO     SHAP saved → /srv/beegfs/scratch/shares/schaerm/schaer2/video_sam2_pose/humanLISBET-paper/baselineEval/results_stats_extended_target/full_kinematic/held_out/classification/diagnosis/shap
18:26:21  ccnEvaluation         INFO     ── CV for ADOS_2_ADOS_G_revised_RRB_level_of_symptoms (classification) ──
18:26:21  ccnEvaluation         INFO       X: (102, 206), y: (102,) (classes: [0 1 2])
18:26:21  baselineEval.src.cross_validation  INFO     Classification CV: 2 models, 5×10 nested CV (50 total outer folds)
18:28:39  baselineEval.src.cross_validation  INFO       Saved: predictions_per_subject.csv
18:28:39  baselineEval.src.cross_validation  INFO       CV results: 100 rows → /srv/beegfs/scratch/shares/schaerm/schaer2/video_sam2_pose/humanLISBET-paper/baselineEval/results_stats_extended_target/full_kinematic/classification/ADOS_2_ADOS_G_revised_RRB_level_of_symptoms/cv_results.csv
18:28:39  baselineEval.src.cross_validation  INFO     
── Classification F1-macro summary (ADOS_2_ADOS_G_revised_RRB_level_of_symptoms) ──
model  f1_macro_mean  f1_macro_std
lasso       0.597898      0.119189
 lgbm       0.542459      0.131082
18:28:39  ccnEvaluation         INFO     ── Held-out for ADOS_2_ADOS_G_revised_RRB_level_of_symptoms (classification | full_kinematic) ──
18:28:39  baselineEval.src.held_out  INFO     Best classification model: lasso (F1-macro=0.5979 ± 0.1192)
18:28:40  baselineEval.src.held_out  INFO     Held-out classification (full_kinematic | ADOS_2_ADOS_G_revised_RRB_level_of_symptoms): model=lasso F1-macro=0.552 BAcc=0.544 Acc=0.647 [0.383, 0.858]
18:28:44  baselineEval.src.plotting  INFO       Saved: shap_bar_top20.png and shap_beeswarm_top20.png
18:28:44  baselineEval.src.held_out  INFO     SHAP saved → /srv/beegfs/scratch/shares/schaerm/schaer2/video_sam2_pose/humanLISBET-paper/baselineEval/results_stats_extended_target/full_kinematic/held_out/classification/ADOS_2_ADOS_G_revised_RRB_level_of_symptoms/shap
18:28:44  ccnEvaluation         INFO     ── CV for ADOS_2_ADOS_G_REVISED_SA_LEVEL_OF_SYMPTOMS (classification) ──
18:28:44  ccnEvaluation         INFO       X: (102, 206), y: (102,) (classes: [0 1 2 3])
18:28:44  baselineEval.src.cross_validation  INFO     Classification CV: 2 models, 5×10 nested CV (50 total outer folds)
18:31:25  baselineEval.src.cross_validation  INFO       Saved: predictions_per_subject.csv
18:31:25  baselineEval.src.cross_validation  INFO       CV results: 100 rows → /srv/beegfs/scratch/shares/schaerm/schaer2/video_sam2_pose/humanLISBET-paper/baselineEval/results_stats_extended_target/full_kinematic/classification/ADOS_2_ADOS_G_REVISED_SA_LEVEL_OF_SYMPTOMS/cv_results.csv
18:31:25  baselineEval.src.cross_validation  INFO     
── Classification F1-macro summary (ADOS_2_ADOS_G_REVISED_SA_LEVEL_OF_SYMPTOMS) ──
model  f1_macro_mean  f1_macro_std
lasso       0.415432      0.093263
 lgbm       0.420837      0.087552
18:31:25  ccnEvaluation         INFO     ── Held-out for ADOS_2_ADOS_G_REVISED_SA_LEVEL_OF_SYMPTOMS (classification | full_kinematic) ──
18:31:25  baselineEval.src.held_out  INFO     Best classification model: lgbm (F1-macro=0.4208 ± 0.0876)
18:31:25  baselineEval.src.held_out  INFO     Held-out classification (full_kinematic | ADOS_2_ADOS_G_REVISED_SA_LEVEL_OF_SYMPTOMS): model=lgbm F1-macro=0.299 BAcc=0.381 Acc=0.471 [0.230, 0.722]
18:31:28  baselineEval.src.plotting  INFO       Saved: shap_bar_top20.png and shap_beeswarm_top20.png
18:31:28  baselineEval.src.held_out  INFO     SHAP saved → /srv/beegfs/scratch/shares/schaerm/schaer2/video_sam2_pose/humanLISBET-paper/baselineEval/results_stats_extended_target/full_kinematic/held_out/classification/ADOS_2_ADOS_G_REVISED_SA_LEVEL_OF_SYMPTOMS/shap
18:31:28  ccnEvaluation         INFO     ── CV for ADOS_G_ADOS_2_TOTAL_score_de_severite (regression) ──
18:31:28  ccnEvaluation         INFO       X: (102, 206), y: (102,) (classes: [ 1.  2.  3.  4.  5.  6.  7.  8.  9. 10.])
18:31:28  baselineEval.src.cross_validation  INFO     Regression CV: 2 models, 5×10 nested CV (50 total outer folds)
18:32:27  baselineEval.src.cross_validation  INFO       Saved: predictions_per_subject.csv
18:32:27  baselineEval.src.cross_validation  INFO       CV results: 100 rows → /srv/beegfs/scratch/shares/schaerm/schaer2/video_sam2_pose/humanLISBET-paper/baselineEval/results_stats_extended_target/full_kinematic/regression/ADOS_G_ADOS_2_TOTAL_score_de_severite/cv_results.csv
18:32:27  baselineEval.src.cross_validation  INFO     
── Regression summary (ADOS_G_ADOS_2_TOTAL_score_de_severite) ──
model     rmse       r2  spearman_r
lasso 2.805407 0.286121    0.617685
 lgbm 2.751433 0.309509    0.583431
18:32:27  ccnEvaluation         INFO     ── Held-out for ADOS_G_ADOS_2_TOTAL_score_de_severite (regression | full_kinematic) ──
18:32:27  baselineEval.src.held_out  INFO     Best regression model: lgbm (RMSE=2.7514 ± 0.3642)
18:32:28  baselineEval.src.held_out  INFO     Held-out regression (full_kinematic | ADOS_G_ADOS_2_TOTAL_score_de_severite): model=lgbm RMSE=3.031 [2.036, 3.996] R²=0.252 [-0.419, 0.637] ρ=0.490
18:32:31  baselineEval.src.plotting  INFO       Saved: shap_bar_top20.png and shap_beeswarm_top20.png
18:32:31  baselineEval.src.held_out  INFO     SHAP saved → /srv/beegfs/scratch/shares/schaerm/schaer2/video_sam2_pose/humanLISBET-paper/baselineEval/results_stats_extended_target/full_kinematic/held_out/regression/ADOS_G_ADOS_2_TOTAL_score_de_severite/shap
18:32:31  ccnEvaluation         INFO     ── CV for ADOS_2_ADOS_G_REVISED_SA_SEVERITY_SCORE (regression) ──
18:32:31  ccnEvaluation         INFO       X: (102, 206), y: (102,) (classes: [ 1.  2.  3.  4.  5.  6.  7.  9. 10.])
18:32:31  baselineEval.src.cross_validation  INFO     Regression CV: 2 models, 5×10 nested CV (50 total outer folds)
18:33:30  baselineEval.src.cross_validation  INFO       Saved: predictions_per_subject.csv
18:33:30  baselineEval.src.cross_validation  INFO       CV results: 100 rows → /srv/beegfs/scratch/shares/schaerm/schaer2/video_sam2_pose/humanLISBET-paper/baselineEval/results_stats_extended_target/full_kinematic/regression/ADOS_2_ADOS_G_REVISED_SA_SEVERITY_SCORE/cv_results.csv
18:33:30  baselineEval.src.cross_validation  INFO     
── Regression summary (ADOS_2_ADOS_G_REVISED_SA_SEVERITY_SCORE) ──
model     rmse       r2  spearman_r
lasso 2.520882 0.316094    0.583396
 lgbm 2.576405 0.278616    0.547051
18:33:30  ccnEvaluation         INFO     ── Held-out for ADOS_2_ADOS_G_REVISED_SA_SEVERITY_SCORE (regression | full_kinematic) ──
18:33:30  baselineEval.src.held_out  INFO     Best regression model: lasso (RMSE=2.5209 ± 0.2936)
18:33:31  baselineEval.src.held_out  INFO     Held-out regression (full_kinematic | ADOS_2_ADOS_G_REVISED_SA_SEVERITY_SCORE): model=lasso RMSE=2.267 [1.223, 3.191] R²=0.376 [-0.184, 0.773] ρ=0.621
18:33:35  baselineEval.src.plotting  INFO       Saved: shap_bar_top20.png and shap_beeswarm_top20.png
18:33:35  baselineEval.src.held_out  INFO     SHAP saved → /srv/beegfs/scratch/shares/schaerm/schaer2/video_sam2_pose/humanLISBET-paper/baselineEval/results_stats_extended_target/full_kinematic/held_out/regression/ADOS_2_ADOS_G_REVISED_SA_SEVERITY_SCORE/shap
18:33:35  ccnEvaluation         INFO     ── CV for ADOS_2_ADOS_G_REVISED_RRB_SEVERITY_SCORE_new (regression) ──
18:33:35  ccnEvaluation         INFO       X: (102, 206), y: (102,) (classes: [ 1.  5.  6.  7.  8.  9. 10.])
18:33:35  baselineEval.src.cross_validation  INFO     Regression CV: 2 models, 5×10 nested CV (50 total outer folds)
18:34:34  baselineEval.src.cross_validation  INFO       Saved: predictions_per_subject.csv
18:34:34  baselineEval.src.cross_validation  INFO       CV results: 100 rows → /srv/beegfs/scratch/shares/schaerm/schaer2/video_sam2_pose/humanLISBET-paper/baselineEval/results_stats_extended_target/full_kinematic/regression/ADOS_2_ADOS_G_REVISED_RRB_SEVERITY_SCORE_new/cv_results.csv
18:34:34  baselineEval.src.cross_validation  INFO     
── Regression summary (ADOS_2_ADOS_G_REVISED_RRB_SEVERITY_SCORE_new) ──
model     rmse       r2  spearman_r
lasso 2.923411 0.131681    0.476249
 lgbm 2.797759 0.194078    0.533983
18:34:34  ccnEvaluation         INFO     ── Held-out for ADOS_2_ADOS_G_REVISED_RRB_SEVERITY_SCORE_new (regression | full_kinematic) ──
18:34:34  baselineEval.src.held_out  INFO     Best regression model: lgbm (RMSE=2.7978 ± 0.3373)
18:34:35  baselineEval.src.held_out  INFO     Held-out regression (full_kinematic | ADOS_2_ADOS_G_REVISED_RRB_SEVERITY_SCORE_new): model=lgbm RMSE=2.574 [1.865, 3.202] R²=0.532 [0.028, 0.704] ρ=0.767
18:34:38  baselineEval.src.plotting  INFO       Saved: shap_bar_top20.png and shap_beeswarm_top20.png
18:34:38  baselineEval.src.held_out  INFO     SHAP saved → /srv/beegfs/scratch/shares/schaerm/schaer2/video_sam2_pose/humanLISBET-paper/baselineEval/results_stats_extended_target/full_kinematic/held_out/regression/ADOS_2_ADOS_G_REVISED_RRB_SEVERITY_SCORE_new/shap
18:34:38  ccnEvaluation         INFO     ── CV for VLDII_AdSS (regression) ──
18:34:38  ccnEvaluation         INFO       X: (95, 206), y: (95,) (classes: [ 51.  63.  64.  65.  66.  68.  69.  70.  71.  72.  73.  74.  75.  76.
  77.  78.  79.  80.  81.  83.  84.  85.  86.  87.  88.  89.  90.  91.
  92.  93.  94.  95.  96.  97.  99. 100. 102. 103. 104. 105. 107. 108.
 109. 110. 113. 115. 117.])
18:34:38  baselineEval.src.cross_validation  INFO     Regression CV: 2 models, 5×10 nested CV (50 total outer folds)
18:35:35  baselineEval.src.cross_validation  INFO       Saved: predictions_per_subject.csv
18:35:35  baselineEval.src.cross_validation  INFO       CV results: 100 rows → /srv/beegfs/scratch/shares/schaerm/schaer2/video_sam2_pose/humanLISBET-paper/baselineEval/results_stats_extended_target/full_kinematic/regression/VLDII_AdSS/cv_results.csv
18:35:35  baselineEval.src.cross_validation  INFO     
── Regression summary (VLDII_AdSS) ──
model      rmse       r2  spearman_r
lasso 13.420864 0.154732    0.437432
 lgbm 13.568999 0.128989    0.411176
18:35:35  ccnEvaluation         INFO     ── Held-out for VLDII_AdSS (regression | full_kinematic) ──
18:35:35  baselineEval.src.held_out  INFO     Best regression model: lasso (RMSE=13.4209 ± 1.2986)
18:35:36  baselineEval.src.held_out  INFO     Held-out regression (full_kinematic | VLDII_AdSS): model=lasso RMSE=11.763 [9.005, 14.223] R²=0.447 [0.159, 0.591] ρ=0.744
18:35:39  baselineEval.src.plotting  INFO       Saved: shap_bar_top20.png and shap_beeswarm_top20.png
18:35:39  baselineEval.src.held_out  INFO     SHAP saved → /srv/beegfs/scratch/shares/schaerm/schaer2/video_sam2_pose/humanLISBET-paper/baselineEval/results_stats_extended_target/full_kinematic/held_out/regression/VLDII_AdSS/shap
18:35:39  ccnEvaluation         INFO     ── CV for VLDII_MotorSS (regression) ──
18:35:39  ccnEvaluation         INFO       X: (95, 206), y: (95,) (classes: [ 56.  67.  69.  70.  72.  75.  79.  81.  82.  84.  85.  88.  90.  93.
  94.  95.  96.  97. 100. 102. 104. 105. 106. 108. 111. 114. 121. 131.])
18:35:39  baselineEval.src.cross_validation  INFO     Regression CV: 2 models, 5×10 nested CV (50 total outer folds)
18:36:37  baselineEval.src.cross_validation  INFO       Saved: predictions_per_subject.csv
18:36:37  baselineEval.src.cross_validation  INFO       CV results: 100 rows → /srv/beegfs/scratch/shares/schaerm/schaer2/video_sam2_pose/humanLISBET-paper/baselineEval/results_stats_extended_target/full_kinematic/regression/VLDII_MotorSS/cv_results.csv
18:36:37  baselineEval.src.cross_validation  INFO     
── Regression summary (VLDII_MotorSS) ──
model      rmse        r2  spearman_r
lasso 12.495983 -0.031451   -0.085417
 lgbm 12.727237 -0.079744    0.097109
18:36:37  ccnEvaluation         INFO     ── Held-out for VLDII_MotorSS (regression | full_kinematic) ──
18:36:37  baselineEval.src.held_out  INFO     Best regression model: lasso (RMSE=12.4960 ± 1.3968)
/srv/beegfs/scratch/shares/schaerm/schaer2/video_sam2_pose/humanLISBET-paper/baselineEval/src/held_out.py:422: ConstantInputWarning: An input array is constant; the correlation coefficient is not defined.
  sp_r, _ = spearmanr(y_test, y_pred)
/srv/beegfs/scratch/shares/schaerm/schaer2/video_sam2_pose/humanLISBET-paper/baselineEval/src/held_out.py:423: ConstantInputWarning: An input array is constant; the correlation coefficient is not defined.
  pe_r, _ = pearsonr(y_test, y_pred)
18:36:37  baselineEval.src.held_out  INFO     Held-out regression (full_kinematic | VLDII_MotorSS): model=lasso RMSE=12.713 [9.358, 16.144] R²=-0.009 [-0.572, -0.000] ρ=nan
18:36:40  baselineEval.src.plotting  INFO       Saved: shap_bar_top20.png and shap_beeswarm_top20.png
18:36:40  baselineEval.src.held_out  INFO     SHAP saved → /srv/beegfs/scratch/shares/schaerm/schaer2/video_sam2_pose/humanLISBET-paper/baselineEval/results_stats_extended_target/full_kinematic/held_out/regression/VLDII_MotorSS/shap
18:36:40  ccnEvaluation         INFO     ── CV for VLDII_gmsVS (regression) ──
18:36:40  ccnEvaluation         INFO       X: (95, 206), y: (95,) (classes: [ 8.  9. 10. 11. 12. 13. 14. 15. 16. 17. 18. 22.])
18:36:40  baselineEval.src.cross_validation  INFO     Regression CV: 2 models, 5×10 nested CV (50 total outer folds)
18:37:37  baselineEval.src.cross_validation  INFO       Saved: predictions_per_subject.csv
18:37:37  baselineEval.src.cross_validation  INFO       CV results: 100 rows → /srv/beegfs/scratch/shares/schaerm/schaer2/video_sam2_pose/humanLISBET-paper/baselineEval/results_stats_extended_target/full_kinematic/regression/VLDII_gmsVS/cv_results.csv
18:37:37  baselineEval.src.cross_validation  INFO     
── Regression summary (VLDII_gmsVS) ──
model     rmse        r2  spearman_r
lasso 2.137806 -0.035926   -0.252335
 lgbm 2.155355 -0.058143    0.129261
18:37:37  ccnEvaluation         INFO     ── Held-out for VLDII_gmsVS (regression | full_kinematic) ──
18:37:37  baselineEval.src.held_out  INFO     Best regression model: lasso (RMSE=2.1378 ± 0.3574)
/srv/beegfs/scratch/shares/schaerm/schaer2/video_sam2_pose/humanLISBET-paper/baselineEval/src/held_out.py:422: ConstantInputWarning: An input array is constant; the correlation coefficient is not defined.
  sp_r, _ = spearmanr(y_test, y_pred)
/srv/beegfs/scratch/shares/schaerm/schaer2/video_sam2_pose/humanLISBET-paper/baselineEval/src/held_out.py:423: ConstantInputWarning: An input array is constant; the correlation coefficient is not defined.
  pe_r, _ = pearsonr(y_test, y_pred)
18:37:38  baselineEval.src.held_out  INFO     Held-out regression (full_kinematic | VLDII_gmsVS): model=lasso RMSE=1.893 [1.289, 2.418] R²=-0.014 [-0.494, -0.000] ρ=nan
18:37:41  baselineEval.src.plotting  INFO       Saved: shap_bar_top20.png and shap_beeswarm_top20.png
18:37:41  baselineEval.src.held_out  INFO     SHAP saved → /srv/beegfs/scratch/shares/schaerm/schaer2/video_sam2_pose/humanLISBET-paper/baselineEval/results_stats_extended_target/full_kinematic/held_out/regression/VLDII_gmsVS/shap
18:37:41  ccnEvaluation         INFO     ── CV for VLDII_fmsVS (regression) ──
18:37:41  ccnEvaluation         INFO       X: (95, 206), y: (95,) (classes: [ 7.  8.  9. 10. 11. 12. 13. 14. 15. 16. 17. 18.])
18:37:41  baselineEval.src.cross_validation  INFO     Regression CV: 2 models, 5×10 nested CV (50 total outer folds)
18:38:37  baselineEval.src.cross_validation  INFO       Saved: predictions_per_subject.csv
18:38:37  baselineEval.src.cross_validation  INFO       CV results: 100 rows → /srv/beegfs/scratch/shares/schaerm/schaer2/video_sam2_pose/humanLISBET-paper/baselineEval/results_stats_extended_target/full_kinematic/regression/VLDII_fmsVS/cv_results.csv
18:38:37  baselineEval.src.cross_validation  INFO     
── Regression summary (VLDII_fmsVS) ──
model     rmse        r2  spearman_r
lasso 2.473876 -0.033901    0.142941
 lgbm 2.557014 -0.115970    0.081588
18:38:37  ccnEvaluation         INFO     ── Held-out for VLDII_fmsVS (regression | full_kinematic) ──
18:38:37  baselineEval.src.held_out  INFO     Best regression model: lasso (RMSE=2.4739 ± 0.2417)
/srv/beegfs/scratch/shares/schaerm/schaer2/video_sam2_pose/humanLISBET-paper/baselineEval/src/held_out.py:422: ConstantInputWarning: An input array is constant; the correlation coefficient is not defined.
  sp_r, _ = spearmanr(y_test, y_pred)
/srv/beegfs/scratch/shares/schaerm/schaer2/video_sam2_pose/humanLISBET-paper/baselineEval/src/held_out.py:423: ConstantInputWarning: An input array is constant; the correlation coefficient is not defined.
  pe_r, _ = pearsonr(y_test, y_pred)
18:38:38  baselineEval.src.held_out  INFO     Held-out regression (full_kinematic | VLDII_fmsVS): model=lasso RMSE=2.495 [1.826, 3.138] R²=-0.013 [-0.555, -0.000] ρ=nan
18:38:41  baselineEval.src.plotting  INFO       Saved: shap_bar_top20.png and shap_beeswarm_top20.png
18:38:41  baselineEval.src.held_out  INFO     SHAP saved → /srv/beegfs/scratch/shares/schaerm/schaer2/video_sam2_pose/humanLISBET-paper/baselineEval/results_stats_extended_target/full_kinematic/held_out/regression/VLDII_fmsVS/shap
18:38:41  ccnEvaluation         INFO     ── CV for VLDII_SocSS (regression) ──
18:38:41  ccnEvaluation         INFO       X: (95, 206), y: (95,) (classes: [ 59.  65.  66.  68.  70.  72.  74.  75.  76.  78.  79.  80.  81.  82.
  84.  86.  88.  89.  90.  91.  92.  94.  95.  96.  98. 100. 101. 102.
 105. 109. 111. 112. 114.])
18:38:41  baselineEval.src.cross_validation  INFO     Regression CV: 2 models, 5×10 nested CV (50 total outer folds)
18:39:38  baselineEval.src.cross_validation  INFO       Saved: predictions_per_subject.csv
18:39:38  baselineEval.src.cross_validation  INFO       CV results: 100 rows → /srv/beegfs/scratch/shares/schaerm/schaer2/video_sam2_pose/humanLISBET-paper/baselineEval/results_stats_extended_target/full_kinematic/regression/VLDII_SocSS/cv_results.csv
18:39:38  baselineEval.src.cross_validation  INFO     
── Regression summary (VLDII_SocSS) ──
model      rmse       r2  spearman_r
lasso 11.478326 0.101924    0.445865
 lgbm 11.218352 0.136555    0.448901
18:39:38  ccnEvaluation         INFO     ── Held-out for VLDII_SocSS (regression | full_kinematic) ──
18:39:38  baselineEval.src.held_out  INFO     Best regression model: lgbm (RMSE=11.2184 ± 1.2788)
18:39:39  baselineEval.src.held_out  INFO     Held-out regression (full_kinematic | VLDII_SocSS): model=lgbm RMSE=10.285 [8.327, 11.980] R²=0.305 [-0.129, 0.430] ρ=0.506
18:39:43  baselineEval.src.plotting  INFO       Saved: shap_bar_top20.png and shap_beeswarm_top20.png
18:39:43  baselineEval.src.held_out  INFO     SHAP saved → /srv/beegfs/scratch/shares/schaerm/schaer2/video_sam2_pose/humanLISBET-paper/baselineEval/results_stats_extended_target/full_kinematic/held_out/regression/VLDII_SocSS/shap
18:39:43  ccnEvaluation         INFO     ── CV for VLDII_intVS (regression) ──
18:39:43  ccnEvaluation         INFO       X: (95, 206), y: (95,) (classes: [ 6.  8.  9. 10. 11. 12. 13. 14. 15. 16. 17. 18. 19. 20.])
18:39:43  baselineEval.src.cross_validation  INFO     Regression CV: 2 models, 5×10 nested CV (50 total outer folds)
18:40:39  baselineEval.src.cross_validation  INFO       Saved: predictions_per_subject.csv
18:40:39  baselineEval.src.cross_validation  INFO       CV results: 100 rows → /srv/beegfs/scratch/shares/schaerm/schaer2/video_sam2_pose/humanLISBET-paper/baselineEval/results_stats_extended_target/full_kinematic/regression/VLDII_intVS/cv_results.csv
18:40:39  baselineEval.src.cross_validation  INFO     
── Regression summary (VLDII_intVS) ──
model     rmse       r2  spearman_r
lasso 2.522090 0.116178    0.444589
 lgbm 2.441775 0.165733    0.511845
18:40:39  ccnEvaluation         INFO     ── Held-out for VLDII_intVS (regression | full_kinematic) ──
18:40:39  baselineEval.src.held_out  INFO     Best regression model: lgbm (RMSE=2.4418 ± 0.3497)
18:40:40  baselineEval.src.held_out  INFO     Held-out regression (full_kinematic | VLDII_intVS): model=lgbm RMSE=2.239 [1.702, 2.738] R²=0.441 [-0.080, 0.651] ρ=0.666
18:40:43  baselineEval.src.plotting  INFO       Saved: shap_bar_top20.png and shap_beeswarm_top20.png
18:40:43  baselineEval.src.held_out  INFO     SHAP saved → /srv/beegfs/scratch/shares/schaerm/schaer2/video_sam2_pose/humanLISBET-paper/baselineEval/results_stats_extended_target/full_kinematic/held_out/regression/VLDII_intVS/shap
18:40:43  ccnEvaluation         INFO     ── CV for VLDII_plaVS (regression) ──
18:40:43  ccnEvaluation         INFO       X: (95, 206), y: (95,) (classes: [ 7.  8.  9. 10. 11. 12. 13. 14. 15. 16. 17. 18. 19.])
18:40:43  baselineEval.src.cross_validation  INFO     Regression CV: 2 models, 5×10 nested CV (50 total outer folds)
18:41:40  baselineEval.src.cross_validation  INFO       Saved: predictions_per_subject.csv
18:41:40  baselineEval.src.cross_validation  INFO       CV results: 100 rows → /srv/beegfs/scratch/shares/schaerm/schaer2/video_sam2_pose/humanLISBET-paper/baselineEval/results_stats_extended_target/full_kinematic/regression/VLDII_plaVS/cv_results.csv
18:41:40  baselineEval.src.cross_validation  INFO     
── Regression summary (VLDII_plaVS) ──
model     rmse       r2  spearman_r
lasso 2.400397 0.113371    0.376348
 lgbm 2.523570 0.014050    0.341143
18:41:40  ccnEvaluation         INFO     ── Held-out for VLDII_plaVS (regression | full_kinematic) ──
18:41:40  baselineEval.src.held_out  INFO     Best regression model: lasso (RMSE=2.4004 ± 0.2873)
18:41:40  baselineEval.src.held_out  INFO     Held-out regression (full_kinematic | VLDII_plaVS): model=lasso RMSE=1.670 [1.253, 2.033] R²=0.565 [0.263, 0.684] ρ=0.810
18:41:44  baselineEval.src.plotting  INFO       Saved: shap_bar_top20.png and shap_beeswarm_top20.png
18:41:44  baselineEval.src.held_out  INFO     SHAP saved → /srv/beegfs/scratch/shares/schaerm/schaer2/video_sam2_pose/humanLISBET-paper/baselineEval/results_stats_extended_target/full_kinematic/held_out/regression/VLDII_plaVS/shap
18:41:44  ccnEvaluation         INFO     ── CV for VLDII_copVS (regression) ──
18:41:44  ccnEvaluation         INFO       X: (95, 206), y: (95,) (classes: [ 9. 10. 11. 12. 13. 14. 15. 16. 17.])
18:41:44  baselineEval.src.cross_validation  INFO     Regression CV: 2 models, 5×10 nested CV (50 total outer folds)
18:42:40  baselineEval.src.cross_validation  INFO       Saved: predictions_per_subject.csv
18:42:40  baselineEval.src.cross_validation  INFO       CV results: 100 rows → /srv/beegfs/scratch/shares/schaerm/schaer2/video_sam2_pose/humanLISBET-paper/baselineEval/results_stats_extended_target/full_kinematic/regression/VLDII_copVS/cv_results.csv
18:42:40  baselineEval.src.cross_validation  INFO     
── Regression summary (VLDII_copVS) ──
model     rmse        r2  spearman_r
lasso 2.032167  0.008360    0.313184
 lgbm 2.050693 -0.008556    0.252092
18:42:40  ccnEvaluation         INFO     ── Held-out for VLDII_copVS (regression | full_kinematic) ──
18:42:40  baselineEval.src.held_out  INFO     Best regression model: lasso (RMSE=2.0322 ± 0.1542)
18:42:41  baselineEval.src.held_out  INFO     Held-out regression (full_kinematic | VLDII_copVS): model=lasso RMSE=1.632 [1.155, 2.135] R²=0.038 [-1.056, 0.392] ρ=0.355
18:42:44  baselineEval.src.plotting  INFO       Saved: shap_bar_top20.png and shap_beeswarm_top20.png
18:42:44  baselineEval.src.held_out  INFO     SHAP saved → /srv/beegfs/scratch/shares/schaerm/schaer2/video_sam2_pose/humanLISBET-paper/baselineEval/results_stats_extended_target/full_kinematic/held_out/regression/VLDII_copVS/shap
18:42:44  ccnEvaluation         INFO     ── CV for VLDII_DaiSS (regression) ──
18:42:44  ccnEvaluation         INFO       X: (95, 206), y: (95,) (classes: [ 53.  62.  65.  67.  69.  71.  73.  75.  77.  78.  80.  81.  82.  83.
  86.  87.  89.  91.  93.  95.  96.  98. 100. 101. 102. 103. 104. 105.
 107. 109. 111. 113. 115. 118. 121.])
18:42:44  baselineEval.src.cross_validation  INFO     Regression CV: 2 models, 5×10 nested CV (50 total outer folds)
18:43:41  baselineEval.src.cross_validation  INFO       Saved: predictions_per_subject.csv
18:43:41  baselineEval.src.cross_validation  INFO       CV results: 100 rows → /srv/beegfs/scratch/shares/schaerm/schaer2/video_sam2_pose/humanLISBET-paper/baselineEval/results_stats_extended_target/full_kinematic/regression/VLDII_DaiSS/cv_results.csv
18:43:41  baselineEval.src.cross_validation  INFO     
── Regression summary (VLDII_DaiSS) ──
model      rmse       r2  spearman_r
lasso 12.956970 0.089895    0.404452
 lgbm 12.856697 0.097901    0.407664
18:43:41  ccnEvaluation         INFO     ── Held-out for VLDII_DaiSS (regression | full_kinematic) ──
18:43:41  baselineEval.src.held_out  INFO     Best regression model: lgbm (RMSE=12.8567 ± 1.3381)
18:43:42  baselineEval.src.held_out  INFO     Held-out regression (full_kinematic | VLDII_DaiSS): model=lgbm RMSE=10.652 [7.732, 13.255] R²=0.460 [0.112, 0.592] ρ=0.755
18:43:45  baselineEval.src.plotting  INFO       Saved: shap_bar_top20.png and shap_beeswarm_top20.png
18:43:45  baselineEval.src.held_out  INFO     SHAP saved → /srv/beegfs/scratch/shares/schaerm/schaer2/video_sam2_pose/humanLISBET-paper/baselineEval/results_stats_extended_target/full_kinematic/held_out/regression/VLDII_DaiSS/shap
18:43:45  ccnEvaluation         INFO     ── CV for VLDII_perVS (regression) ──
18:43:45  ccnEvaluation         INFO       X: (95, 206), y: (95,) (classes: [ 7.  8.  9. 10. 11. 12. 13. 14. 15. 16. 17. 18.])
18:43:45  baselineEval.src.cross_validation  INFO     Regression CV: 2 models, 5×10 nested CV (50 total outer folds)
18:44:42  baselineEval.src.cross_validation  INFO       Saved: predictions_per_subject.csv
18:44:42  baselineEval.src.cross_validation  INFO       CV results: 100 rows → /srv/beegfs/scratch/shares/schaerm/schaer2/video_sam2_pose/humanLISBET-paper/baselineEval/results_stats_extended_target/full_kinematic/regression/VLDII_perVS/cv_results.csv
18:44:42  baselineEval.src.cross_validation  INFO     
── Regression summary (VLDII_perVS) ──
model     rmse        r2  spearman_r
lasso 2.673704  0.013796    0.331536
 lgbm 2.724565 -0.035354    0.249084
18:44:42  ccnEvaluation         INFO     ── Held-out for VLDII_perVS (regression | full_kinematic) ──
18:44:42  baselineEval.src.held_out  INFO     Best regression model: lasso (RMSE=2.6737 ± 0.3008)
18:44:43  baselineEval.src.held_out  INFO     Held-out regression (full_kinematic | VLDII_perVS): model=lasso RMSE=2.042 [1.599, 2.467] R²=0.279 [-0.116, 0.417] ρ=0.751
18:44:45  baselineEval.src.plotting  INFO       Saved: shap_bar_top20.png and shap_beeswarm_top20.png
18:44:45  baselineEval.src.held_out  INFO     SHAP saved → /srv/beegfs/scratch/shares/schaerm/schaer2/video_sam2_pose/humanLISBET-paper/baselineEval/results_stats_extended_target/full_kinematic/held_out/regression/VLDII_perVS/shap
18:44:45  ccnEvaluation         INFO     ── CV for VLDII_comVS (regression) ──
18:44:45  ccnEvaluation         INFO       X: (95, 206), y: (95,) (classes: [ 7. 10. 11. 12. 13. 14. 15. 16. 17. 18. 20.])
18:44:45  baselineEval.src.cross_validation  INFO     Regression CV: 2 models, 5×10 nested CV (50 total outer folds)
18:45:42  baselineEval.src.cross_validation  INFO       Saved: predictions_per_subject.csv
18:45:42  baselineEval.src.cross_validation  INFO       CV results: 100 rows → /srv/beegfs/scratch/shares/schaerm/schaer2/video_sam2_pose/humanLISBET-paper/baselineEval/results_stats_extended_target/full_kinematic/regression/VLDII_comVS/cv_results.csv
18:45:42  baselineEval.src.cross_validation  INFO     
── Regression summary (VLDII_comVS) ──
model     rmse        r2  spearman_r
lasso 2.295974 -0.036241    0.167826
 lgbm 2.303145 -0.054018    0.244426
18:45:42  ccnEvaluation         INFO     ── Held-out for VLDII_comVS (regression | full_kinematic) ──
18:45:42  baselineEval.src.held_out  INFO     Best regression model: lasso (RMSE=2.2960 ± 0.2463)
18:45:43  baselineEval.src.held_out  INFO     Held-out regression (full_kinematic | VLDII_comVS): model=lasso RMSE=2.574 [1.677, 3.443] R²=0.208 [-0.232, 0.454] ρ=0.471
18:45:46  baselineEval.src.plotting  INFO       Saved: shap_bar_top20.png and shap_beeswarm_top20.png
18:45:46  baselineEval.src.held_out  INFO     SHAP saved → /srv/beegfs/scratch/shares/schaerm/schaer2/video_sam2_pose/humanLISBET-paper/baselineEval/results_stats_extended_target/full_kinematic/held_out/regression/VLDII_comVS/shap
18:45:46  ccnEvaluation         INFO     ── CV for VLDII_domVS (regression) ──
18:45:46  ccnEvaluation         INFO       X: (95, 206), y: (95,) (classes: [ 9. 10. 11. 12. 13. 14. 15. 16. 17. 18. 19. 20. 22.])
18:45:46  baselineEval.src.cross_validation  INFO     Regression CV: 2 models, 5×10 nested CV (50 total outer folds)
18:46:42  baselineEval.src.cross_validation  INFO       Saved: predictions_per_subject.csv
18:46:42  baselineEval.src.cross_validation  INFO       CV results: 100 rows → /srv/beegfs/scratch/shares/schaerm/schaer2/video_sam2_pose/humanLISBET-paper/baselineEval/results_stats_extended_target/full_kinematic/regression/VLDII_domVS/cv_results.csv
18:46:42  baselineEval.src.cross_validation  INFO     
── Regression summary (VLDII_domVS) ──
model     rmse       r2  spearman_r
lasso 2.542906 0.148618    0.428348
 lgbm 2.585547 0.116987    0.406054
18:46:42  ccnEvaluation         INFO     ── Held-out for VLDII_domVS (regression | full_kinematic) ──
18:46:42  baselineEval.src.held_out  INFO     Best regression model: lasso (RMSE=2.5429 ± 0.2020)
18:46:43  baselineEval.src.held_out  INFO     Held-out regression (full_kinematic | VLDII_domVS): model=lasso RMSE=2.193 [1.468, 2.823] R²=0.455 [-0.161, 0.648] ρ=0.744
18:46:46  baselineEval.src.plotting  INFO       Saved: shap_bar_top20.png and shap_beeswarm_top20.png
18:46:46  baselineEval.src.held_out  INFO     SHAP saved → /srv/beegfs/scratch/shares/schaerm/schaer2/video_sam2_pose/humanLISBET-paper/baselineEval/results_stats_extended_target/full_kinematic/held_out/regression/VLDII_domVS/shap
18:46:46  ccnEvaluation         INFO     ── CV for VLDII_ComSS (regression) ──
18:46:46  ccnEvaluation         INFO       X: (95, 206), y: (95,) (classes: [ 44.  52.  54.  58.  59.  61.  63.  64.  65.  66.  69.  71.  72.  73.
  74.  76.  79.  80.  81.  84.  85.  86.  89.  90.  91.  93.  95.  97.
 100. 101. 102. 103. 104. 105. 107. 108. 110. 112. 113. 116. 118. 121.
 122. 125.])
18:46:46  baselineEval.src.cross_validation  INFO     Regression CV: 2 models, 5×10 nested CV (50 total outer folds)
18:47:43  baselineEval.src.cross_validation  INFO       Saved: predictions_per_subject.csv
18:47:43  baselineEval.src.cross_validation  INFO       CV results: 100 rows → /srv/beegfs/scratch/shares/schaerm/schaer2/video_sam2_pose/humanLISBET-paper/baselineEval/results_stats_extended_target/full_kinematic/regression/VLDII_ComSS/cv_results.csv
18:47:43  baselineEval.src.cross_validation  INFO     
── Regression summary (VLDII_ComSS) ──
model      rmse       r2  spearman_r
lasso 17.555379 0.161335    0.456011
 lgbm 17.964647 0.110314    0.396465
18:47:43  ccnEvaluation         INFO     ── Held-out for VLDII_ComSS (regression | full_kinematic) ──
18:47:43  baselineEval.src.held_out  INFO     Best regression model: lasso (RMSE=17.5554 ± 1.4166)
18:47:44  baselineEval.src.held_out  INFO     Held-out regression (full_kinematic | VLDII_ComSS): model=lasso RMSE=16.771 [13.039, 20.469] R²=0.405 [-0.034, 0.568] ρ=0.620
18:47:47  baselineEval.src.plotting  INFO       Saved: shap_bar_top20.png and shap_beeswarm_top20.png
18:47:47  baselineEval.src.held_out  INFO     SHAP saved → /srv/beegfs/scratch/shares/schaerm/schaer2/video_sam2_pose/humanLISBET-paper/baselineEval/results_stats_extended_target/full_kinematic/held_out/regression/VLDII_ComSS/shap
18:47:47  ccnEvaluation         INFO     ── CV for VLDII_expVS (regression) ──
18:47:47  ccnEvaluation         INFO       X: (95, 206), y: (95,) (classes: [ 6.  7.  8.  9. 10. 11. 12. 13. 14. 15. 16. 17. 18. 19. 20.])
18:47:47  baselineEval.src.cross_validation  INFO     Regression CV: 2 models, 5×10 nested CV (50 total outer folds)
18:48:43  baselineEval.src.cross_validation  INFO       Saved: predictions_per_subject.csv
18:48:43  baselineEval.src.cross_validation  INFO       CV results: 100 rows → /srv/beegfs/scratch/shares/schaerm/schaer2/video_sam2_pose/humanLISBET-paper/baselineEval/results_stats_extended_target/full_kinematic/regression/VLDII_expVS/cv_results.csv
18:48:43  baselineEval.src.cross_validation  INFO     
── Regression summary (VLDII_expVS) ──
model     rmse       r2  spearman_r
lasso 3.330319 0.159051    0.447627
 lgbm 3.323591 0.156622    0.431026
18:48:43  ccnEvaluation         INFO     ── Held-out for VLDII_expVS (regression | full_kinematic) ──
18:48:43  baselineEval.src.held_out  INFO     Best regression model: lgbm (RMSE=3.3236 ± 0.3788)
18:48:44  baselineEval.src.held_out  INFO     Held-out regression (full_kinematic | VLDII_expVS): model=lgbm RMSE=2.777 [1.936, 3.659] R²=0.419 [-0.220, 0.684] ρ=0.555
18:48:48  baselineEval.src.plotting  INFO       Saved: shap_bar_top20.png and shap_beeswarm_top20.png
18:48:48  baselineEval.src.held_out  INFO     SHAP saved → /srv/beegfs/scratch/shares/schaerm/schaer2/video_sam2_pose/humanLISBET-paper/baselineEval/results_stats_extended_target/full_kinematic/held_out/regression/VLDII_expVS/shap
18:48:48  ccnEvaluation         INFO     ── CV for VLDII_recVS (regression) ──
18:48:48  ccnEvaluation         INFO       X: (95, 206), y: (95,) (classes: [ 3.  5.  6.  7.  8.  9. 10. 11. 12. 13. 14. 15. 16. 17. 18. 19. 20. 21.])
18:48:48  baselineEval.src.cross_validation  INFO     Regression CV: 2 models, 5×10 nested CV (50 total outer folds)
18:49:44  baselineEval.src.cross_validation  INFO       Saved: predictions_per_subject.csv
18:49:44  baselineEval.src.cross_validation  INFO       CV results: 100 rows → /srv/beegfs/scratch/shares/schaerm/schaer2/video_sam2_pose/humanLISBET-paper/baselineEval/results_stats_extended_target/full_kinematic/regression/VLDII_recVS/cv_results.csv
18:49:44  baselineEval.src.cross_validation  INFO     
── Regression summary (VLDII_recVS) ──
model     rmse       r2  spearman_r
lasso 3.574178 0.198331    0.508594
 lgbm 3.666942 0.150297    0.460990
18:49:44  ccnEvaluation         INFO     ── Held-out for VLDII_recVS (regression | full_kinematic) ──
18:49:44  baselineEval.src.held_out  INFO     Best regression model: lasso (RMSE=3.5742 ± 0.4444)
18:49:45  baselineEval.src.held_out  INFO     Held-out regression (full_kinematic | VLDII_recVS): model=lasso RMSE=3.502 [2.654, 4.375] R²=0.422 [-0.009, 0.605] ρ=0.666
18:49:48  baselineEval.src.plotting  INFO       Saved: shap_bar_top20.png and shap_beeswarm_top20.png
18:49:48  baselineEval.src.held_out  INFO     SHAP saved → /srv/beegfs/scratch/shares/schaerm/schaer2/video_sam2_pose/humanLISBET-paper/baselineEval/results_stats_extended_target/full_kinematic/held_out/regression/VLDII_recVS/shap
18:49:48  ccnEvaluation         INFO     ── CV for MSEL_TOTAL_DQ (regression) ──
18:49:48  ccnEvaluation         INFO       X: (100, 206), y: (100,) (classes: [ 18.02469136  32.43483412  34.59785415  38.08884914  38.95032984
  40.09469697  40.66399287  41.7597914   48.35352006  48.38185274
  48.56808071  49.32034527  52.60163835  52.78815173  53.41769972
  54.6043883   54.66514664  55.9129902   57.80945419  58.00856827
  58.01880411  58.49358974  60.55385401  60.73988735  61.21267952
  61.65540541  62.6717033   64.54699612  64.58014537  65.85307734
  66.03346902  66.56582561  67.46408956  68.67474001  69.12878788
  69.58887965  70.42091476  70.5832302   71.22161779  72.65127389
  72.74744284  73.39929215  73.55044202  73.63718709  74.37652068
  76.23385285  77.89159198  78.63298081  79.93217054  79.97485632
  80.39067013  81.47321429  82.45481928  83.44764518  83.72463299
  88.69235986  88.94106636  91.04190422  91.67078393  92.86194316
  92.9187448   93.08301946  94.84225533  95.62583836  96.63388805
  97.48931624  98.02617856 102.9518543  103.811149   107.0353937
 107.8029726  108.1764296  108.385181   108.6309524  108.7338226
 109.0520026  109.52137    111.8651489  112.1257819  112.192623
 112.5198886  112.8090659  112.8284389  113.5791843  115.0573568
 116.0376082  116.1326915  118.2653171  119.351962   120.5538618
 121.574912   125.622437   128.0608788  130.5093403  130.8806655
 132.3244751  135.4820159  139.7760116  149.1013072  149.4299051 ])
18:49:48  baselineEval.src.cross_validation  INFO     Regression CV: 2 models, 5×10 nested CV (50 total outer folds)
18:50:48  baselineEval.src.cross_validation  INFO       Saved: predictions_per_subject.csv
18:50:48  baselineEval.src.cross_validation  INFO       CV results: 100 rows → /srv/beegfs/scratch/shares/schaerm/schaer2/video_sam2_pose/humanLISBET-paper/baselineEval/results_stats_extended_target/full_kinematic/regression/MSEL_TOTAL_DQ/cv_results.csv
18:50:48  baselineEval.src.cross_validation  INFO     
── Regression summary (MSEL_TOTAL_DQ) ──
model      rmse       r2  spearman_r
lasso 25.106685 0.241586    0.532000
 lgbm 25.725193 0.193299    0.470075
18:50:48  ccnEvaluation         INFO     ── Held-out for MSEL_TOTAL_DQ (regression | full_kinematic) ──
18:50:48  baselineEval.src.held_out  INFO     Best regression model: lasso (RMSE=25.1067 ± 3.0105)
18:50:49  baselineEval.src.held_out  INFO     Held-out regression (full_kinematic | MSEL_TOTAL_DQ): model=lasso RMSE=22.380 [17.326, 27.012] R²=0.539 [0.285, 0.631] ρ=0.887
18:50:52  baselineEval.src.plotting  INFO       Saved: shap_bar_top20.png and shap_beeswarm_top20.png
18:50:52  baselineEval.src.held_out  INFO     SHAP saved → /srv/beegfs/scratch/shares/schaerm/schaer2/video_sam2_pose/humanLISBET-paper/baselineEval/results_stats_extended_target/full_kinematic/held_out/regression/MSEL_TOTAL_DQ/shap
18:50:52  ccnEvaluation         INFO     ── CV for MSEL_FM_DQ (regression) ──
18:50:52  ccnEvaluation         INFO       X: (100, 206), y: (100,) (classes: [ 18.02469136  46.4649432   48.97137746  50.05646983  54.38484461
  55.25934702  55.26116578  55.3030303   59.06148867  60.89132507
  63.6627907   63.73690338  64.77896096  65.16194848  65.41218638
  65.72629052  69.06338694  69.12878788  69.33210784  70.91968912
  73.53479853  75.06258941  75.18022657  75.486618    75.66334992
  75.86923658  75.90612002  75.91514143  77.07927225  77.89159198
  78.29257829  79.43695591  79.91242474  80.18453427  80.89539007
  80.95690748  82.62072435  82.81765677  83.43724023  83.84379786
  83.94209957  85.6233244   85.79059829  85.92278719  87.62002743
  87.84596871  87.86462758  87.98209366  89.15229885  90.64569536
  90.75497288  90.7960199   92.60343482  92.99363057  93.43003413
  93.95109395  95.05208333  95.38327526  96.20155039  96.63388805
  96.66313559  97.1113645   97.65160523  97.76785714  98.45857418
  98.95429899  98.97788903  99.40087146  99.64898596 102.1903821
 102.8432377  103.6931818  103.811149   104.7045324  105.1267281
 105.4303871  106.1046512  106.538237   107.1589883  108.1764296
 108.201581   108.6309524  109.939759   111.4163614  111.6891065
 112.258348   112.5198886  113.5687229  114.1644325  115.1790314
 119.8555166  120.5538618  121.1819389  121.197515   121.574912
 122.124634   122.1456693  122.8956229  123.8687783  143.1372549 ])
18:50:52  baselineEval.src.cross_validation  INFO     Regression CV: 2 models, 5×10 nested CV (50 total outer folds)
18:51:52  baselineEval.src.cross_validation  INFO       Saved: predictions_per_subject.csv
18:51:52  baselineEval.src.cross_validation  INFO       CV results: 100 rows → /srv/beegfs/scratch/shares/schaerm/schaer2/video_sam2_pose/humanLISBET-paper/baselineEval/results_stats_extended_target/full_kinematic/regression/MSEL_FM_DQ/cv_results.csv
18:51:52  baselineEval.src.cross_validation  INFO     
── Regression summary (MSEL_FM_DQ) ──
model      rmse       r2  spearman_r
lasso 20.348827 0.069616    0.385594
 lgbm 19.737338 0.115786    0.418316
18:51:52  ccnEvaluation         INFO     ── Held-out for MSEL_FM_DQ (regression | full_kinematic) ──
18:51:52  baselineEval.src.held_out  INFO     Best regression model: lgbm (RMSE=19.7373 ± 2.8723)
18:51:53  baselineEval.src.held_out  INFO     Held-out regression (full_kinematic | MSEL_FM_DQ): model=lgbm RMSE=18.494 [12.889, 23.511] R²=0.283 [-0.255, 0.462] ρ=0.623
18:51:57  baselineEval.src.plotting  INFO       Saved: shap_bar_top20.png and shap_beeswarm_top20.png
18:51:57  baselineEval.src.held_out  INFO     SHAP saved → /srv/beegfs/scratch/shares/schaerm/schaer2/video_sam2_pose/humanLISBET-paper/baselineEval/results_stats_extended_target/full_kinematic/held_out/regression/MSEL_FM_DQ/shap
18:51:57  ccnEvaluation         INFO     ── CV for MSEL_VR_DQ (regression) ──
18:51:57  ccnEvaluation         INFO       X: (100, 206), y: (100,) (classes: [ 24.78395062  38.27847693  40.84386519  44.24242424  48.97137746
  55.48645661  56.65502522  56.92959002  62.16881151  62.75283172
  64.71631206  65.27181688  65.72629052  66.12318841  66.69049889
  67.74833589  69.92337165  70.46332046  70.66795741  71.15009747
  72.16608084  73.80514706  73.80800341  75.41322314  76.86522262
  77.69631031  77.99145299  78.31273601  78.41474446  78.6637931
  79.18580909  79.31783825  80.21978022  83.77964805  84.0389186
  84.56192081  84.81797057  84.88372093  85.28037383  87.43066062
  88.66708914  89.11889597  89.35566001  89.46078431  89.57533077
  89.615829    90.15860634  92.33630952  93.50512357  93.81764069
  94.1109736   94.6140553   96.17918314  96.20155039  97.93244949
  98.97788903 100.5796275  102.1289538  103.2884465  104.0746873
 104.3095565  106.0098302  106.3795337  108.127254   109.5515537
 110.1055807  110.1609658  110.297536   111.6891065  113.7780549
 114.2017705  114.5637163  115.3090847  116.9871795  118.5064935
 121.4642263  123.6822289  124.5733788  125.1905488  125.2213369
 129.0167095  130.7503771  133.1727963  133.6408905  133.8188664
 134.9544937  135.1851852  136.0094851  136.515748   146.7828418
 147.3675711  148.8166269  148.8393977  151.821572   153.0708874
 158.9721254  159.8073555  175.8188825  192.7226814 ])
18:51:57  baselineEval.src.cross_validation  INFO     Regression CV: 2 models, 5×10 nested CV (50 total outer folds)
18:52:57  baselineEval.src.cross_validation  INFO       Saved: predictions_per_subject.csv
18:52:58  baselineEval.src.cross_validation  INFO       CV results: 100 rows → /srv/beegfs/scratch/shares/schaerm/schaer2/video_sam2_pose/humanLISBET-paper/baselineEval/results_stats_extended_target/full_kinematic/regression/MSEL_VR_DQ/cv_results.csv
18:52:58  baselineEval.src.cross_validation  INFO     
── Regression summary (MSEL_VR_DQ) ──
model     rmse       r2  spearman_r
lasso 29.71445 0.092374    0.388101
 lgbm 30.59596 0.034705    0.304557
18:52:58  ccnEvaluation         INFO     ── Held-out for MSEL_VR_DQ (regression | full_kinematic) ──
18:52:58  baselineEval.src.held_out  INFO     Best regression model: lasso (RMSE=29.7145 ± 3.7200)
18:52:58  baselineEval.src.held_out  INFO     Held-out regression (full_kinematic | MSEL_VR_DQ): model=lasso RMSE=26.231 [20.413, 31.792] R²=0.391 [0.128, 0.470] ρ=0.770
18:53:01  baselineEval.src.plotting  INFO       Saved: shap_bar_top20.png and shap_beeswarm_top20.png
18:53:01  baselineEval.src.held_out  INFO     SHAP saved → /srv/beegfs/scratch/shares/schaerm/schaer2/video_sam2_pose/humanLISBET-paper/baselineEval/results_stats_extended_target/full_kinematic/held_out/regression/MSEL_VR_DQ/shap
18:53:01  ccnEvaluation         INFO     ── CV for MSEL_LR_DQ (regression) ──
18:53:01  ccnEvaluation         INFO       X: (100, 206), y: (100,) (classes: [  3.88463176   4.06639929   6.75925926   9.87554113  12.01290153
  16.59090909  18.70972466  20.22384752  20.94811754  21.24563446
  25.56022409  26.50048403  28.99586908  29.92695289  32.38948048
  32.63590844  35.30956329  37.26391016  38.9957265   40.25735294
  40.48807543  43.06091806  44.2961165   44.83182162  46.05097149
  46.79487179  47.45189808  48.93770627  50.11618082  50.37154989
  52.84749035  53.52588625  53.65219358  54.90373045  59.29174789
  59.55070281  62.02209006  62.16545012  62.65018881  63.07603687
  64.61056645  64.9288451   66.12318841  66.75811614  70.61011905
  70.91968912  71.94102807  73.19518717  74.25406872  76.30178639
  76.39534884  77.74980635  77.81007752  77.89159198  78.6637931
  79.07279029  79.43695591  80.19460138  82.52583979  83.43724023
  83.56227106  84.15678524  87.60560676  91.80080483  96.34238311
  96.50411281 102.7847309  104.0746873  105.9596995  107.2715207
 108.1764296  108.8902148  110.0871314  115.4120767  115.9171748
 116.9871795  117.5351288  118.5064935  119.2178672  119.8802164
 120.1122726  120.9753788  121.1819389  122.3190349  122.5189726
 124.5733788  126.9356955  127.766486   128.1288156  130.2021403
 130.5093403  132.9263068  138.2575758  142.6500252  144.1714836
 144.3321617  147.1132898  148.8393977  153.6195286  157.0567986 ])
18:53:01  baselineEval.src.cross_validation  INFO     Regression CV: 2 models, 5×10 nested CV (50 total outer folds)
18:54:02  baselineEval.src.cross_validation  INFO       Saved: predictions_per_subject.csv
18:54:02  baselineEval.src.cross_validation  INFO       CV results: 100 rows → /srv/beegfs/scratch/shares/schaerm/schaer2/video_sam2_pose/humanLISBET-paper/baselineEval/results_stats_extended_target/full_kinematic/regression/MSEL_LR_DQ/cv_results.csv
18:54:02  baselineEval.src.cross_validation  INFO     
── Regression summary (MSEL_LR_DQ) ──
model      rmse       r2  spearman_r
lasso 33.891707 0.279701    0.583489
 lgbm 35.296943 0.214867    0.493624
18:54:02  ccnEvaluation         INFO     ── Held-out for MSEL_LR_DQ (regression | full_kinematic) ──
18:54:02  baselineEval.src.held_out  INFO     Best regression model: lasso (RMSE=33.8917 ± 3.4550)
18:54:03  baselineEval.src.held_out  INFO     Held-out regression (full_kinematic | MSEL_LR_DQ): model=lasso RMSE=27.389 [19.670, 33.344] R²=0.635 [0.360, 0.755] ρ=0.799
18:54:06  baselineEval.src.plotting  INFO       Saved: shap_bar_top20.png and shap_beeswarm_top20.png
18:54:06  baselineEval.src.held_out  INFO     SHAP saved → /srv/beegfs/scratch/shares/schaerm/schaer2/video_sam2_pose/humanLISBET-paper/baselineEval/results_stats_extended_target/full_kinematic/held_out/regression/MSEL_LR_DQ/shap
18:54:06  ccnEvaluation         INFO     ── CV for MSEL_LE_DQ (regression) ──
18:54:06  ccnEvaluation         INFO       X: (100, 206), y: (100,) (classes: [  9.94008715  14.16375631  17.66698935  21.62322275  22.5308642
  23.71669916  24.48568873  29.32736455  29.93313147  31.1965812
  31.83139535  32.5311943   34.96168582  35.3339787   36.51460584
  36.64658635  37.69462981  40.09226714  40.25735294  40.48807543
  41.27091814  41.92189893  43.37492573  44.24242424  44.2961165
  44.43993506  44.83182162  45.69027182  46.51656754  46.72299027
  47.44367418  50.11618082  50.12015105  50.13736264  50.93023256
  52.58200355  54.8048048   55.8530987   56.46658416  56.94227769
  57.72506083  58.12101911  59.82097832  59.93431856  60.11198946
  61.49957877  65.17857143  65.57490326  66.18574582  66.20785318
  69.12878788  69.55030488  71.37484958  72.66780432  73.41954023
  75.10288066  76.33526384  77.99145299  78.1455863   79.85282418
  80.57395143  81.54602324  82.20720721  83.94209957  84.10138249
  85.23058961  86.67962003  89.35128519  89.92073693  90.17483846
  91.02244389  91.36420526  91.65097301  93.77792672  94.24218952
  96.25527426  96.94555113  97.92085848 100.2099483  100.2747253
 103.2239819  106.0553231  108.127254   109.939759   111.2804878
 111.8651489  112.258348   114.1922639  115.7352358  116.9871795
 120.9753788  122.124634   124.6584699  128.4817876  128.8841808
 137.775842   140.655106   143.7007874  170.9694989 ])
18:54:06  baselineEval.src.cross_validation  INFO     Regression CV: 2 models, 5×10 nested CV (50 total outer folds)
18:55:06  baselineEval.src.cross_validation  INFO       Saved: predictions_per_subject.csv
18:55:06  baselineEval.src.cross_validation  INFO       CV results: 100 rows → /srv/beegfs/scratch/shares/schaerm/schaer2/video_sam2_pose/humanLISBET-paper/baselineEval/results_stats_extended_target/full_kinematic/regression/MSEL_LE_DQ/cv_results.csv
18:55:06  baselineEval.src.cross_validation  INFO     
── Regression summary (MSEL_LE_DQ) ──
model      rmse       r2  spearman_r
lasso 30.239893 0.187246    0.464651
 lgbm 30.647369 0.161857    0.418711
18:55:06  ccnEvaluation         INFO     ── Held-out for MSEL_LE_DQ (regression | full_kinematic) ──
18:55:06  baselineEval.src.held_out  INFO     Best regression model: lasso (RMSE=30.2399 ± 3.9159)
18:55:07  baselineEval.src.held_out  INFO     Held-out regression (full_kinematic | MSEL_LE_DQ): model=lasso RMSE=25.558 [19.192, 31.321] R²=0.533 [0.126, 0.672] ρ=0.863
18:55:10  baselineEval.src.plotting  INFO       Saved: shap_bar_top20.png and shap_beeswarm_top20.png
18:55:10  baselineEval.src.held_out  INFO     SHAP saved → /srv/beegfs/scratch/shares/schaerm/schaer2/video_sam2_pose/humanLISBET-paper/baselineEval/results_stats_extended_target/full_kinematic/held_out/regression/MSEL_LE_DQ/shap
18:55:10  ccnEvaluation         INFO     ── CV for MSEL_NV_DQ (regression) ──
18:55:10  ccnEvaluation         INFO       X: (100, 206), y: (100,) (classes: [ 21.40432099  44.16747338  48.05160611  48.97137746  49.77272727
  58.71498864  60.1959643   60.90716019  63.02918895  63.79091198
  64.09642401  65.57490326  65.72629052  66.58026114  67.72345918
  67.91030161  70.16720315  71.56862745  72.80585106  73.37984863
  74.11468486  74.27325581  74.37794938  74.47079827  74.91789819
  76.17530756  76.74648129  76.87728938  77.59353741  79.97251931
  81.51480347  81.6976584   81.89102564  81.99943836  82.20720721
  82.35559567  83.73346137  83.90804598  84.15678524  84.60538218
  84.81199831  86.57250071  88.46431518  88.6496114   88.80778589
  88.87987013  91.05626327  91.88613478  92.03227433  92.13004822
  94.43082789  94.90379615  95.05208333  95.96479195  96.20155039
  96.39084507  96.49226641  97.36019132  97.52310803  97.94594067
  98.60764755  98.68968386  98.84549601  98.97788903  99.87039171
 100.2432517  102.1903821  103.1073446  109.0017065  109.0761612
 109.2369828  110.0871314  111.4163614  111.6531427  111.6891065
 114.2017705  115.7352358  116.0376082  116.2030831  116.810994
 116.9871795  119.3828214  119.8555166  121.5842367  122.8722053
 122.9496192  123.2016379  125.1071123  126.1626445  126.7361111
 127.1777003  128.2630522  128.3820346  129.3307087  130.6682578
 135.4820159  137.1387283  139.16122    139.8314361  157.8091521 ])
18:55:10  baselineEval.src.cross_validation  INFO     Regression CV: 2 models, 5×10 nested CV (50 total outer folds)
18:56:10  baselineEval.src.cross_validation  INFO       Saved: predictions_per_subject.csv
18:56:10  baselineEval.src.cross_validation  INFO       CV results: 100 rows → /srv/beegfs/scratch/shares/schaerm/schaer2/video_sam2_pose/humanLISBET-paper/baselineEval/results_stats_extended_target/full_kinematic/regression/MSEL_NV_DQ/cv_results.csv
18:56:10  baselineEval.src.cross_validation  INFO     
── Regression summary (MSEL_NV_DQ) ──
model      rmse       r2  spearman_r
lasso 23.397656 0.089855    0.411759
 lgbm 23.176787 0.095391    0.428571
18:56:10  ccnEvaluation         INFO     ── Held-out for MSEL_NV_DQ (regression | full_kinematic) ──
18:56:10  baselineEval.src.held_out  INFO     Best regression model: lgbm (RMSE=23.1768 ± 3.1287)
18:56:11  baselineEval.src.held_out  INFO     Held-out regression (full_kinematic | MSEL_NV_DQ): model=lgbm RMSE=19.961 [14.846, 25.247] R²=0.410 [-0.058, 0.652] ρ=0.605
18:56:14  baselineEval.src.plotting  INFO       Saved: shap_bar_top20.png and shap_beeswarm_top20.png
18:56:14  baselineEval.src.held_out  INFO     SHAP saved → /srv/beegfs/scratch/shares/schaerm/schaer2/video_sam2_pose/humanLISBET-paper/baselineEval/results_stats_extended_target/full_kinematic/held_out/regression/MSEL_NV_DQ/shap
18:56:14  ccnEvaluation         INFO     ── CV for MSEL_V_DQ (regression) ──
18:56:14  ccnEvaluation         INFO       X: (100, 206), y: (100,) (classes: [ 14.64506173  16.81806214  17.70469538  18.29879679  19.42315879
  25.02823491  25.13774105  27.1577381   27.20632081  29.4009959
  30.41666667  30.91723136  31.03741497  33.34524944  35.09615385
  36.40292553  37.2753268   37.99205148  39.16309013  39.59290454
  40.25735294  40.48807543  41.50422352  44.2961165   44.83182162
  47.46155586  48.09864458  48.46611722  48.93286143  50.11618082
  50.44223328  52.19708788  52.70214521  54.2462845   54.2693288
  54.68949248  54.82073643  54.89951357  56.38516993  58.28505645
  59.94525547  62.43158183  63.11758893  63.13929001  63.25823224
  63.6627907   64.59137709  67.89434524  69.06338694  70.46826734
  70.9304984   72.04972258  76.04166667  78.79965458  80.77686203
  81.15118577  83.23831243  85.25467149  85.85349462  85.92278719
  85.99599793  87.22984206  89.35566001  91.36789406  92.32431935
  92.73373984  94.37151949  94.86083166  95.8165773   97.07446809
  98.62059158  99.7831825  101.2242965  101.2355018  102.3816809
 103.6931818  103.8747811  107.1158763  108.0484808  109.063745
 110.7318923  111.4235219  114.0037352  114.2017705  115.3090847
 116.9871795  119.5234869  120.9753788  121.0967994  121.1872446
 122.9686881  124.051024   128.2952548  128.9440573  133.4982788
 135.3182415  135.4820159  141.0506581  142.4132948  159.0413943 ])
18:56:14  baselineEval.src.cross_validation  INFO     Regression CV: 2 models, 5×10 nested CV (50 total outer folds)
18:57:14  baselineEval.src.cross_validation  INFO       Saved: predictions_per_subject.csv
18:57:14  baselineEval.src.cross_validation  INFO       CV results: 100 rows → /srv/beegfs/scratch/shares/schaerm/schaer2/video_sam2_pose/humanLISBET-paper/baselineEval/results_stats_extended_target/full_kinematic/regression/MSEL_V_DQ/cv_results.csv
18:57:14  baselineEval.src.cross_validation  INFO     
── Regression summary (MSEL_V_DQ) ──
model      rmse       r2  spearman_r
lasso 29.768308 0.283823    0.577233
 lgbm 30.899375 0.222430    0.508812
18:57:14  ccnEvaluation         INFO     ── Held-out for MSEL_V_DQ (regression | full_kinematic) ──
18:57:14  baselineEval.src.held_out  INFO     Best regression model: lasso (RMSE=29.7683 ± 3.3725)
18:57:15  baselineEval.src.held_out  INFO     Held-out regression (full_kinematic | MSEL_V_DQ): model=lasso RMSE=25.656 [19.569, 31.572] R²=0.605 [0.305, 0.710] ρ=0.904
18:57:18  baselineEval.src.plotting  INFO       Saved: shap_bar_top20.png and shap_beeswarm_top20.png
18:57:18  baselineEval.src.held_out  INFO     SHAP saved → /srv/beegfs/scratch/shares/schaerm/schaer2/video_sam2_pose/humanLISBET-paper/baselineEval/results_stats_extended_target/full_kinematic/held_out/regression/MSEL_V_DQ/shap
18:57:18  ccnEvaluation         INFO     ═══ Representation: embedding ═══
18:57:18  ccnEvaluation         INFO       Features for embedding: 256 columns
18:57:18  ccnEvaluation         INFO     ═══ Step 2: Preprocessing report ═══
18:57:18  baselineEval.src.preprocessing  INFO     Feature selection (full dataset): 256 features → 256 kept (0 missingness, 0 near-zero-var, 0 correlated)
18:57:18  baselineEval.src.preprocessing  INFO     Feature selection report → /srv/beegfs/scratch/shares/schaerm/schaer2/video_sam2_pose/humanLISBET-paper/baselineEval/results_stats_extended_target/embedding/feature_selection_report.csv
18:57:18  baselineEval.src.preprocessing  INFO     PCA explained-variance data → /srv/beegfs/scratch/shares/schaerm/schaer2/video_sam2_pose/humanLISBET-paper/baselineEval/results_stats_extended_target/embedding/pca_explained_variance.csv
18:57:18  baselineEval.src.preprocessing  INFO     PCA explained-variance plot → /srv/beegfs/scratch/shares/schaerm/schaer2/video_sam2_pose/humanLISBET-paper/baselineEval/results_stats_extended_target/embedding/pca_explained_variance.png
18:57:18  ccnEvaluation         INFO     ── CV for diagnosis (classification) ──
18:57:18  ccnEvaluation         INFO       X: (102, 256), y: (102,) (classes: [0 1])
18:57:18  baselineEval.src.cross_validation  INFO     Classification CV: 2 models, 5×10 nested CV (50 total outer folds)
18:58:53  baselineEval.src.cross_validation  INFO       Saved: predictions_per_subject.csv
18:58:53  baselineEval.src.cross_validation  INFO       CV results: 100 rows → /srv/beegfs/scratch/shares/schaerm/schaer2/video_sam2_pose/humanLISBET-paper/baselineEval/results_stats_extended_target/embedding/classification/diagnosis/cv_results.csv
18:58:53  baselineEval.src.cross_validation  INFO     
── Classification AUC-ROC summary (diagnosis) ──
model  auc_roc_mean  auc_roc_std
lasso      0.744500     0.105950
 lgbm      0.766928     0.095047
18:58:53  ccnEvaluation         INFO     ── Held-out for diagnosis (classification | embedding) ──
18:58:53  baselineEval.src.held_out  INFO     Best classification model: lgbm (AUC=0.7669 ± 0.0950)
18:58:53  baselineEval.src.held_out  INFO     Held-out classification (embedding | diagnosis): model=lgbm AUC=0.657 BAcc=0.564 Acc=0.588 [0.329, 0.816]
18:58:53  ccnEvaluation         INFO     ── CV for ADOS_2_ADOS_G_revised_RRB_level_of_symptoms (classification) ──
18:58:53  ccnEvaluation         INFO       X: (102, 256), y: (102,) (classes: [0 1 2])
18:58:53  baselineEval.src.cross_validation  INFO     Classification CV: 2 models, 5×10 nested CV (50 total outer folds)
19:01:41  baselineEval.src.cross_validation  INFO       Saved: predictions_per_subject.csv
19:01:41  baselineEval.src.cross_validation  INFO       CV results: 100 rows → /srv/beegfs/scratch/shares/schaerm/schaer2/video_sam2_pose/humanLISBET-paper/baselineEval/results_stats_extended_target/embedding/classification/ADOS_2_ADOS_G_revised_RRB_level_of_symptoms/cv_results.csv
19:01:41  baselineEval.src.cross_validation  INFO     
── Classification F1-macro summary (ADOS_2_ADOS_G_revised_RRB_level_of_symptoms) ──
model  f1_macro_mean  f1_macro_std
lasso       0.520395      0.121092
 lgbm       0.453761      0.095446
19:01:41  ccnEvaluation         INFO     ── Held-out for ADOS_2_ADOS_G_revised_RRB_level_of_symptoms (classification | embedding) ──
19:01:41  baselineEval.src.held_out  INFO     Best classification model: lasso (F1-macro=0.5204 ± 0.1211)
19:01:42  baselineEval.src.held_out  INFO     Held-out classification (embedding | ADOS_2_ADOS_G_revised_RRB_level_of_symptoms): model=lasso F1-macro=0.515 BAcc=0.511 Acc=0.588 [0.329, 0.816]
19:01:42  ccnEvaluation         INFO     ── CV for ADOS_2_ADOS_G_REVISED_SA_LEVEL_OF_SYMPTOMS (classification) ──
19:01:42  ccnEvaluation         INFO       X: (102, 256), y: (102,) (classes: [0 1 2 3])
19:01:42  baselineEval.src.cross_validation  INFO     Classification CV: 2 models, 5×10 nested CV (50 total outer folds)
19:04:57  baselineEval.src.cross_validation  INFO       Saved: predictions_per_subject.csv
19:04:57  baselineEval.src.cross_validation  INFO       CV results: 100 rows → /srv/beegfs/scratch/shares/schaerm/schaer2/video_sam2_pose/humanLISBET-paper/baselineEval/results_stats_extended_target/embedding/classification/ADOS_2_ADOS_G_REVISED_SA_LEVEL_OF_SYMPTOMS/cv_results.csv
19:04:57  baselineEval.src.cross_validation  INFO     
── Classification F1-macro summary (ADOS_2_ADOS_G_REVISED_SA_LEVEL_OF_SYMPTOMS) ──
model  f1_macro_mean  f1_macro_std
lasso       0.302824      0.094030
 lgbm       0.326584      0.067729
19:04:57  ccnEvaluation         INFO     ── Held-out for ADOS_2_ADOS_G_REVISED_SA_LEVEL_OF_SYMPTOMS (classification | embedding) ──
19:04:57  baselineEval.src.held_out  INFO     Best classification model: lgbm (F1-macro=0.3266 ± 0.0677)
19:04:58  baselineEval.src.held_out  INFO     Held-out classification (embedding | ADOS_2_ADOS_G_REVISED_SA_LEVEL_OF_SYMPTOMS): model=lgbm F1-macro=0.317 BAcc=0.324 Acc=0.412 [0.184, 0.671]
19:04:58  ccnEvaluation         INFO     ── CV for ADOS_G_ADOS_2_TOTAL_score_de_severite (regression) ──
19:04:58  ccnEvaluation         INFO       X: (102, 256), y: (102,) (classes: [ 1.  2.  3.  4.  5.  6.  7.  8.  9. 10.])
19:04:58  baselineEval.src.cross_validation  INFO     Regression CV: 2 models, 5×10 nested CV (50 total outer folds)
19:06:08  baselineEval.src.cross_validation  INFO       Saved: predictions_per_subject.csv
19:06:08  baselineEval.src.cross_validation  INFO       CV results: 100 rows → /srv/beegfs/scratch/shares/schaerm/schaer2/video_sam2_pose/humanLISBET-paper/baselineEval/results_stats_extended_target/embedding/regression/ADOS_G_ADOS_2_TOTAL_score_de_severite/cv_results.csv
19:06:08  baselineEval.src.cross_validation  INFO     
── Regression summary (ADOS_G_ADOS_2_TOTAL_score_de_severite) ──
model     rmse       r2  spearman_r
lasso 2.997136 0.192319    0.518350
 lgbm 3.021329 0.175934    0.477019
19:06:08  ccnEvaluation         INFO     ── Held-out for ADOS_G_ADOS_2_TOTAL_score_de_severite (regression | embedding) ──
19:06:08  baselineEval.src.held_out  INFO     Best regression model: lasso (RMSE=2.9971 ± 0.2526)
19:06:08  baselineEval.src.held_out  INFO     Held-out regression (embedding | ADOS_G_ADOS_2_TOTAL_score_de_severite): model=lasso RMSE=3.221 [2.428, 3.919] R²=0.156 [-0.227, 0.367] ρ=0.323
19:06:08  ccnEvaluation         INFO     ── CV for ADOS_2_ADOS_G_REVISED_SA_SEVERITY_SCORE (regression) ──
19:06:08  ccnEvaluation         INFO       X: (102, 256), y: (102,) (classes: [ 1.  2.  3.  4.  5.  6.  7.  9. 10.])
19:06:08  baselineEval.src.cross_validation  INFO     Regression CV: 2 models, 5×10 nested CV (50 total outer folds)
19:07:18  baselineEval.src.cross_validation  INFO       Saved: predictions_per_subject.csv
19:07:18  baselineEval.src.cross_validation  INFO       CV results: 100 rows → /srv/beegfs/scratch/shares/schaerm/schaer2/video_sam2_pose/humanLISBET-paper/baselineEval/results_stats_extended_target/embedding/regression/ADOS_2_ADOS_G_REVISED_SA_SEVERITY_SCORE/cv_results.csv
19:07:18  baselineEval.src.cross_validation  INFO     
── Regression summary (ADOS_2_ADOS_G_REVISED_SA_SEVERITY_SCORE) ──
model     rmse       r2  spearman_r
lasso 2.875877 0.120539    0.421305
 lgbm 2.866912 0.119535    0.390262
19:07:18  ccnEvaluation         INFO     ── Held-out for ADOS_2_ADOS_G_REVISED_SA_SEVERITY_SCORE (regression | embedding) ──
19:07:18  baselineEval.src.held_out  INFO     Best regression model: lgbm (RMSE=2.8669 ± 0.2759)
19:07:19  baselineEval.src.held_out  INFO     Held-out regression (embedding | ADOS_2_ADOS_G_REVISED_SA_SEVERITY_SCORE): model=lgbm RMSE=2.620 [1.805, 3.310] R²=0.166 [-0.335, 0.455] ρ=0.489
19:07:19  ccnEvaluation         INFO     ── CV for ADOS_2_ADOS_G_REVISED_RRB_SEVERITY_SCORE_new (regression) ──
19:07:19  ccnEvaluation         INFO       X: (102, 256), y: (102,) (classes: [ 1.  5.  6.  7.  8.  9. 10.])
19:07:19  baselineEval.src.cross_validation  INFO     Regression CV: 2 models, 5×10 nested CV (50 total outer folds)
19:08:29  baselineEval.src.cross_validation  INFO       Saved: predictions_per_subject.csv
19:08:29  baselineEval.src.cross_validation  INFO       CV results: 100 rows → /srv/beegfs/scratch/shares/schaerm/schaer2/video_sam2_pose/humanLISBET-paper/baselineEval/results_stats_extended_target/embedding/regression/ADOS_2_ADOS_G_REVISED_RRB_SEVERITY_SCORE_new/cv_results.csv
19:08:29  baselineEval.src.cross_validation  INFO     
── Regression summary (ADOS_2_ADOS_G_REVISED_RRB_SEVERITY_SCORE_new) ──
model     rmse       r2  spearman_r
lasso 2.939801 0.119177    0.562372
 lgbm 2.945124 0.119237    0.488556
19:08:29  ccnEvaluation         INFO     ── Held-out for ADOS_2_ADOS_G_REVISED_RRB_SEVERITY_SCORE_new (regression | embedding) ──
19:08:29  baselineEval.src.held_out  INFO     Best regression model: lasso (RMSE=2.9398 ± 0.3649)
19:08:30  baselineEval.src.held_out  INFO     Held-out regression (embedding | ADOS_2_ADOS_G_REVISED_RRB_SEVERITY_SCORE_new): model=lasso RMSE=3.434 [2.723, 4.108] R²=0.168 [-0.217, 0.297] ρ=0.469
19:08:30  ccnEvaluation         INFO     ── CV for VLDII_AdSS (regression) ──
19:08:30  ccnEvaluation         INFO       X: (95, 256), y: (95,) (classes: [ 51.  63.  64.  65.  66.  68.  69.  70.  71.  72.  73.  74.  75.  76.
  77.  78.  79.  80.  81.  83.  84.  85.  86.  87.  88.  89.  90.  91.
  92.  93.  94.  95.  96.  97.  99. 100. 102. 103. 104. 105. 107. 108.
 109. 110. 113. 115. 117.])
19:08:30  baselineEval.src.cross_validation  INFO     Regression CV: 2 models, 5×10 nested CV (50 total outer folds)
19:09:39  baselineEval.src.cross_validation  INFO       Saved: predictions_per_subject.csv
19:09:39  baselineEval.src.cross_validation  INFO       CV results: 100 rows → /srv/beegfs/scratch/shares/schaerm/schaer2/video_sam2_pose/humanLISBET-paper/baselineEval/results_stats_extended_target/embedding/regression/VLDII_AdSS/cv_results.csv
19:09:39  baselineEval.src.cross_validation  INFO     
── Regression summary (VLDII_AdSS) ──
model      rmse       r2  spearman_r
lasso 13.260926 0.173701    0.486557
 lgbm 13.964580 0.078820    0.334233
19:09:39  ccnEvaluation         INFO     ── Held-out for VLDII_AdSS (regression | embedding) ──
19:09:39  baselineEval.src.held_out  INFO     Best regression model: lasso (RMSE=13.2609 ± 1.1125)
19:09:39  baselineEval.src.held_out  INFO     Held-out regression (embedding | VLDII_AdSS): model=lasso RMSE=14.554 [11.659, 17.061] R²=0.154 [-0.232, 0.281] ρ=0.398
19:09:39  ccnEvaluation         INFO     ── CV for VLDII_MotorSS (regression) ──
19:09:39  ccnEvaluation         INFO       X: (95, 256), y: (95,) (classes: [ 56.  67.  69.  70.  72.  75.  79.  81.  82.  84.  85.  88.  90.  93.
  94.  95.  96.  97. 100. 102. 104. 105. 106. 108. 111. 114. 121. 131.])
19:09:39  baselineEval.src.cross_validation  INFO     Regression CV: 2 models, 5×10 nested CV (50 total outer folds)
19:10:48  baselineEval.src.cross_validation  INFO       Saved: predictions_per_subject.csv
19:10:48  baselineEval.src.cross_validation  INFO       CV results: 100 rows → /srv/beegfs/scratch/shares/schaerm/schaer2/video_sam2_pose/humanLISBET-paper/baselineEval/results_stats_extended_target/embedding/regression/VLDII_MotorSS/cv_results.csv
19:10:48  baselineEval.src.cross_validation  INFO     
── Regression summary (VLDII_MotorSS) ──
model      rmse        r2  spearman_r
lasso 12.367604 -0.009367    0.069326
 lgbm 13.075486 -0.135144   -0.022395
19:10:48  ccnEvaluation         INFO     ── Held-out for VLDII_MotorSS (regression | embedding) ──
19:10:48  baselineEval.src.held_out  INFO     Best regression model: lasso (RMSE=12.3676 ± 1.4178)
19:10:49  baselineEval.src.held_out  INFO     Held-out regression (embedding | VLDII_MotorSS): model=lasso RMSE=12.942 [9.410, 16.369] R²=-0.045 [-0.599, 0.044] ρ=-0.036
19:10:49  ccnEvaluation         INFO     ── CV for VLDII_gmsVS (regression) ──
19:10:49  ccnEvaluation         INFO       X: (95, 256), y: (95,) (classes: [ 8.  9. 10. 11. 12. 13. 14. 15. 16. 17. 18. 22.])
19:10:49  baselineEval.src.cross_validation  INFO     Regression CV: 2 models, 5×10 nested CV (50 total outer folds)
19:11:56  baselineEval.src.cross_validation  INFO       Saved: predictions_per_subject.csv
19:11:56  baselineEval.src.cross_validation  INFO       CV results: 100 rows → /srv/beegfs/scratch/shares/schaerm/schaer2/video_sam2_pose/humanLISBET-paper/baselineEval/results_stats_extended_target/embedding/regression/VLDII_gmsVS/cv_results.csv
19:11:56  baselineEval.src.cross_validation  INFO     
── Regression summary (VLDII_gmsVS) ──
model     rmse        r2  spearman_r
lasso 2.125767 -0.024615    0.033156
 lgbm 2.224176 -0.130042   -0.073891
19:11:56  ccnEvaluation         INFO     ── Held-out for VLDII_gmsVS (regression | embedding) ──
19:11:56  baselineEval.src.held_out  INFO     Best regression model: lasso (RMSE=2.1258 ± 0.3446)
/srv/beegfs/scratch/shares/schaerm/schaer2/video_sam2_pose/humanLISBET-paper/baselineEval/src/held_out.py:422: ConstantInputWarning: An input array is constant; the correlation coefficient is not defined.
  sp_r, _ = spearmanr(y_test, y_pred)
/srv/beegfs/scratch/shares/schaerm/schaer2/video_sam2_pose/humanLISBET-paper/baselineEval/src/held_out.py:423: ConstantInputWarning: An input array is constant; the correlation coefficient is not defined.
  pe_r, _ = pearsonr(y_test, y_pred)
19:11:57  baselineEval.src.held_out  INFO     Held-out regression (embedding | VLDII_gmsVS): model=lasso RMSE=1.893 [1.289, 2.418] R²=-0.014 [-0.494, -0.000] ρ=nan
19:11:57  ccnEvaluation         INFO     ── CV for VLDII_fmsVS (regression) ──
19:11:57  ccnEvaluation         INFO       X: (95, 256), y: (95,) (classes: [ 7.  8.  9. 10. 11. 12. 13. 14. 15. 16. 17. 18.])
19:11:57  baselineEval.src.cross_validation  INFO     Regression CV: 2 models, 5×10 nested CV (50 total outer folds)
19:13:04  baselineEval.src.cross_validation  INFO       Saved: predictions_per_subject.csv
19:13:04  baselineEval.src.cross_validation  INFO       CV results: 100 rows → /srv/beegfs/scratch/shares/schaerm/schaer2/video_sam2_pose/humanLISBET-paper/baselineEval/results_stats_extended_target/embedding/regression/VLDII_fmsVS/cv_results.csv
19:13:04  baselineEval.src.cross_validation  INFO     
── Regression summary (VLDII_fmsVS) ──
model     rmse        r2  spearman_r
lasso 2.472007 -0.033527   -0.067935
 lgbm 2.568500 -0.117987    0.020634
19:13:04  ccnEvaluation         INFO     ── Held-out for VLDII_fmsVS (regression | embedding) ──
19:13:04  baselineEval.src.held_out  INFO     Best regression model: lasso (RMSE=2.4720 ± 0.2478)
/srv/beegfs/scratch/shares/schaerm/schaer2/video_sam2_pose/humanLISBET-paper/baselineEval/src/held_out.py:422: ConstantInputWarning: An input array is constant; the correlation coefficient is not defined.
  sp_r, _ = spearmanr(y_test, y_pred)
/srv/beegfs/scratch/shares/schaerm/schaer2/video_sam2_pose/humanLISBET-paper/baselineEval/src/held_out.py:423: ConstantInputWarning: An input array is constant; the correlation coefficient is not defined.
  pe_r, _ = pearsonr(y_test, y_pred)
19:13:05  baselineEval.src.held_out  INFO     Held-out regression (embedding | VLDII_fmsVS): model=lasso RMSE=2.495 [1.826, 3.138] R²=-0.013 [-0.555, -0.000] ρ=nan
19:13:05  ccnEvaluation         INFO     ── CV for VLDII_SocSS (regression) ──
19:13:05  ccnEvaluation         INFO       X: (95, 256), y: (95,) (classes: [ 59.  65.  66.  68.  70.  72.  74.  75.  76.  78.  79.  80.  81.  82.
  84.  86.  88.  89.  90.  91.  92.  94.  95.  96.  98. 100. 101. 102.
 105. 109. 111. 112. 114.])
19:13:05  baselineEval.src.cross_validation  INFO     Regression CV: 2 models, 5×10 nested CV (50 total outer folds)
19:14:14  baselineEval.src.cross_validation  INFO       Saved: predictions_per_subject.csv
19:14:14  baselineEval.src.cross_validation  INFO       CV results: 100 rows → /srv/beegfs/scratch/shares/schaerm/schaer2/video_sam2_pose/humanLISBET-paper/baselineEval/results_stats_extended_target/embedding/regression/VLDII_SocSS/cv_results.csv
19:14:14  baselineEval.src.cross_validation  INFO     
── Regression summary (VLDII_SocSS) ──
model      rmse       r2  spearman_r
lasso 11.004743 0.176730    0.493257
 lgbm 11.426769 0.099361    0.400567
19:14:14  ccnEvaluation         INFO     ── Held-out for VLDII_SocSS (regression | embedding) ──
19:14:14  baselineEval.src.held_out  INFO     Best regression model: lasso (RMSE=11.0047 ± 1.2122)
19:14:14  baselineEval.src.held_out  INFO     Held-out regression (embedding | VLDII_SocSS): model=lasso RMSE=11.538 [8.688, 14.196] R²=0.125 [-0.256, 0.251] ρ=0.293
19:14:14  ccnEvaluation         INFO     ── CV for VLDII_intVS (regression) ──
19:14:14  ccnEvaluation         INFO       X: (95, 256), y: (95,) (classes: [ 6.  8.  9. 10. 11. 12. 13. 14. 15. 16. 17. 18. 19. 20.])
19:14:14  baselineEval.src.cross_validation  INFO     Regression CV: 2 models, 5×10 nested CV (50 total outer folds)
19:15:22  baselineEval.src.cross_validation  INFO       Saved: predictions_per_subject.csv
19:15:22  baselineEval.src.cross_validation  INFO       CV results: 100 rows → /srv/beegfs/scratch/shares/schaerm/schaer2/video_sam2_pose/humanLISBET-paper/baselineEval/results_stats_extended_target/embedding/regression/VLDII_intVS/cv_results.csv
19:15:22  baselineEval.src.cross_validation  INFO     
── Regression summary (VLDII_intVS) ──
model     rmse       r2  spearman_r
lasso 2.423114 0.179583    0.527781
 lgbm 2.535632 0.098844    0.411079
19:15:22  ccnEvaluation         INFO     ── Held-out for VLDII_intVS (regression | embedding) ──
19:15:22  baselineEval.src.held_out  INFO     Best regression model: lasso (RMSE=2.4231 ± 0.2537)
19:15:23  baselineEval.src.held_out  INFO     Held-out regression (embedding | VLDII_intVS): model=lasso RMSE=2.892 [2.276, 3.480] R²=0.068 [-0.472, 0.302] ρ=0.175
19:15:23  ccnEvaluation         INFO     ── CV for VLDII_plaVS (regression) ──
19:15:23  ccnEvaluation         INFO       X: (95, 256), y: (95,) (classes: [ 7.  8.  9. 10. 11. 12. 13. 14. 15. 16. 17. 18. 19.])
19:15:23  baselineEval.src.cross_validation  INFO     Regression CV: 2 models, 5×10 nested CV (50 total outer folds)
19:16:30  baselineEval.src.cross_validation  INFO       Saved: predictions_per_subject.csv
19:16:30  baselineEval.src.cross_validation  INFO       CV results: 100 rows → /srv/beegfs/scratch/shares/schaerm/schaer2/video_sam2_pose/humanLISBET-paper/baselineEval/results_stats_extended_target/embedding/regression/VLDII_plaVS/cv_results.csv
19:16:30  baselineEval.src.cross_validation  INFO     
── Regression summary (VLDII_plaVS) ──
model     rmse       r2  spearman_r
lasso 2.432185 0.091236    0.393137
 lgbm 2.435396 0.078415    0.390619
19:16:30  ccnEvaluation         INFO     ── Held-out for VLDII_plaVS (regression | embedding) ──
19:16:30  baselineEval.src.held_out  INFO     Best regression model: lasso (RMSE=2.4322 ± 0.2049)
19:16:31  baselineEval.src.held_out  INFO     Held-out regression (embedding | VLDII_plaVS): model=lasso RMSE=2.102 [1.485, 2.665] R²=0.310 [-0.032, 0.458] ρ=0.619
19:16:31  ccnEvaluation         INFO     ── CV for VLDII_copVS (regression) ──
19:16:31  ccnEvaluation         INFO       X: (95, 256), y: (95,) (classes: [ 9. 10. 11. 12. 13. 14. 15. 16. 17.])
19:16:31  baselineEval.src.cross_validation  INFO     Regression CV: 2 models, 5×10 nested CV (50 total outer folds)
19:17:38  baselineEval.src.cross_validation  INFO       Saved: predictions_per_subject.csv
19:17:38  baselineEval.src.cross_validation  INFO       CV results: 100 rows → /srv/beegfs/scratch/shares/schaerm/schaer2/video_sam2_pose/humanLISBET-paper/baselineEval/results_stats_extended_target/embedding/regression/VLDII_copVS/cv_results.csv
19:17:38  baselineEval.src.cross_validation  INFO     
── Regression summary (VLDII_copVS) ──
model     rmse       r2  spearman_r
lasso 2.009542 0.033246    0.271421
 lgbm 2.028573 0.003419    0.250208
19:17:38  ccnEvaluation         INFO     ── Held-out for VLDII_copVS (regression | embedding) ──
19:17:38  baselineEval.src.held_out  INFO     Best regression model: lasso (RMSE=2.0095 ± 0.1627)
19:17:39  baselineEval.src.held_out  INFO     Held-out regression (embedding | VLDII_copVS): model=lasso RMSE=1.740 [1.340, 2.145] R²=-0.094 [-1.077, 0.205] ρ=0.123
19:17:39  ccnEvaluation         INFO     ── CV for VLDII_DaiSS (regression) ──
19:17:39  ccnEvaluation         INFO       X: (95, 256), y: (95,) (classes: [ 53.  62.  65.  67.  69.  71.  73.  75.  77.  78.  80.  81.  82.  83.
  86.  87.  89.  91.  93.  95.  96.  98. 100. 101. 102. 103. 104. 105.
 107. 109. 111. 113. 115. 118. 121.])
19:17:39  baselineEval.src.cross_validation  INFO     Regression CV: 2 models, 5×10 nested CV (50 total outer folds)
19:18:48  baselineEval.src.cross_validation  INFO       Saved: predictions_per_subject.csv
19:18:48  baselineEval.src.cross_validation  INFO       CV results: 100 rows → /srv/beegfs/scratch/shares/schaerm/schaer2/video_sam2_pose/humanLISBET-paper/baselineEval/results_stats_extended_target/embedding/regression/VLDII_DaiSS/cv_results.csv
19:18:48  baselineEval.src.cross_validation  INFO     
── Regression summary (VLDII_DaiSS) ──
model      rmse       r2  spearman_r
lasso 12.689002 0.128629    0.451999
 lgbm 13.103744 0.066764    0.364162
19:18:48  ccnEvaluation         INFO     ── Held-out for VLDII_DaiSS (regression | embedding) ──
19:18:48  baselineEval.src.held_out  INFO     Best regression model: lasso (RMSE=12.6890 ± 1.4034)
19:18:49  baselineEval.src.held_out  INFO     Held-out regression (embedding | VLDII_DaiSS): model=lasso RMSE=13.795 [10.017, 17.043] R²=0.095 [-0.333, 0.250] ρ=0.343
19:18:49  ccnEvaluation         INFO     ── CV for VLDII_perVS (regression) ──
19:18:49  ccnEvaluation         INFO       X: (95, 256), y: (95,) (classes: [ 7.  8.  9. 10. 11. 12. 13. 14. 15. 16. 17. 18.])
19:18:49  baselineEval.src.cross_validation  INFO     Regression CV: 2 models, 5×10 nested CV (50 total outer folds)
19:19:56  baselineEval.src.cross_validation  INFO       Saved: predictions_per_subject.csv
19:19:56  baselineEval.src.cross_validation  INFO       CV results: 100 rows → /srv/beegfs/scratch/shares/schaerm/schaer2/video_sam2_pose/humanLISBET-paper/baselineEval/results_stats_extended_target/embedding/regression/VLDII_perVS/cv_results.csv
19:19:56  baselineEval.src.cross_validation  INFO     
── Regression summary (VLDII_perVS) ──
model     rmse       r2  spearman_r
lasso 2.532836 0.114625    0.443705
 lgbm 2.542766 0.102417    0.355006
19:19:56  ccnEvaluation         INFO     ── Held-out for VLDII_perVS (regression | embedding) ──
19:19:56  baselineEval.src.held_out  INFO     Best regression model: lasso (RMSE=2.5328 ± 0.2424)
19:19:57  baselineEval.src.held_out  INFO     Held-out regression (embedding | VLDII_perVS): model=lasso RMSE=2.355 [1.814, 2.833] R²=0.040 [-0.423, 0.224] ρ=0.271
19:19:57  ccnEvaluation         INFO     ── CV for VLDII_comVS (regression) ──
19:19:57  ccnEvaluation         INFO       X: (95, 256), y: (95,) (classes: [ 7. 10. 11. 12. 13. 14. 15. 16. 17. 18. 20.])
19:19:57  baselineEval.src.cross_validation  INFO     Regression CV: 2 models, 5×10 nested CV (50 total outer folds)
19:21:04  baselineEval.src.cross_validation  INFO       Saved: predictions_per_subject.csv
19:21:04  baselineEval.src.cross_validation  INFO       CV results: 100 rows → /srv/beegfs/scratch/shares/schaerm/schaer2/video_sam2_pose/humanLISBET-paper/baselineEval/results_stats_extended_target/embedding/regression/VLDII_comVS/cv_results.csv
19:21:04  baselineEval.src.cross_validation  INFO     
── Regression summary (VLDII_comVS) ──
model     rmse       r2  spearman_r
lasso 2.101883 0.131803    0.447086
 lgbm 2.213038 0.033733    0.326007
19:21:04  ccnEvaluation         INFO     ── Held-out for VLDII_comVS (regression | embedding) ──
19:21:04  baselineEval.src.held_out  INFO     Best regression model: lasso (RMSE=2.1019 ± 0.2405)
19:21:05  baselineEval.src.held_out  INFO     Held-out regression (embedding | VLDII_comVS): model=lasso RMSE=3.054 [2.049, 3.985] R²=-0.115 [-0.687, 0.066] ρ=-0.025
19:21:05  ccnEvaluation         INFO     ── CV for VLDII_domVS (regression) ──
19:21:05  ccnEvaluation         INFO       X: (95, 256), y: (95,) (classes: [ 9. 10. 11. 12. 13. 14. 15. 16. 17. 18. 19. 20. 22.])
19:21:05  baselineEval.src.cross_validation  INFO     Regression CV: 2 models, 5×10 nested CV (50 total outer folds)
19:22:12  baselineEval.src.cross_validation  INFO       Saved: predictions_per_subject.csv
19:22:13  baselineEval.src.cross_validation  INFO       CV results: 100 rows → /srv/beegfs/scratch/shares/schaerm/schaer2/video_sam2_pose/humanLISBET-paper/baselineEval/results_stats_extended_target/embedding/regression/VLDII_domVS/cv_results.csv
19:22:13  baselineEval.src.cross_validation  INFO     
── Regression summary (VLDII_domVS) ──
model     rmse       r2  spearman_r
lasso 2.685833 0.054931    0.286586
 lgbm 2.701642 0.036816    0.298238
19:22:13  ccnEvaluation         INFO     ── Held-out for VLDII_domVS (regression | embedding) ──
19:22:13  baselineEval.src.held_out  INFO     Best regression model: lasso (RMSE=2.6858 ± 0.2289)
19:22:14  baselineEval.src.held_out  INFO     Held-out regression (embedding | VLDII_domVS): model=lasso RMSE=2.809 [1.815, 3.677] R²=0.106 [-0.306, 0.219] ρ=0.417
19:22:14  ccnEvaluation         INFO     ── CV for VLDII_ComSS (regression) ──
19:22:14  ccnEvaluation         INFO       X: (95, 256), y: (95,) (classes: [ 44.  52.  54.  58.  59.  61.  63.  64.  65.  66.  69.  71.  72.  73.
  74.  76.  79.  80.  81.  84.  85.  86.  89.  90.  91.  93.  95.  97.
 100. 101. 102. 103. 104. 105. 107. 108. 110. 112. 113. 116. 118. 121.
 122. 125.])
19:22:14  baselineEval.src.cross_validation  INFO     Regression CV: 2 models, 5×10 nested CV (50 total outer folds)
19:23:22  baselineEval.src.cross_validation  INFO       Saved: predictions_per_subject.csv
19:23:22  baselineEval.src.cross_validation  INFO       CV results: 100 rows → /srv/beegfs/scratch/shares/schaerm/schaer2/video_sam2_pose/humanLISBET-paper/baselineEval/results_stats_extended_target/embedding/regression/VLDII_ComSS/cv_results.csv
19:23:22  baselineEval.src.cross_validation  INFO     
── Regression summary (VLDII_ComSS) ──
model      rmse       r2  spearman_r
lasso 17.300073 0.185017    0.476600
 lgbm 18.879676 0.025001    0.316283
19:23:22  ccnEvaluation         INFO     ── Held-out for VLDII_ComSS (regression | embedding) ──
19:23:22  baselineEval.src.held_out  INFO     Best regression model: lasso (RMSE=17.3001 ± 1.6620)
19:23:23  baselineEval.src.held_out  INFO     Held-out regression (embedding | VLDII_ComSS): model=lasso RMSE=20.519 [15.833, 24.619] R²=0.110 [-0.401, 0.327] ρ=0.400
19:23:23  ccnEvaluation         INFO     ── CV for VLDII_expVS (regression) ──
19:23:23  ccnEvaluation         INFO       X: (95, 256), y: (95,) (classes: [ 6.  7.  8.  9. 10. 11. 12. 13. 14. 15. 16. 17. 18. 19. 20.])
19:23:23  baselineEval.src.cross_validation  INFO     Regression CV: 2 models, 5×10 nested CV (50 total outer folds)
19:24:31  baselineEval.src.cross_validation  INFO       Saved: predictions_per_subject.csv
19:24:31  baselineEval.src.cross_validation  INFO       CV results: 100 rows → /srv/beegfs/scratch/shares/schaerm/schaer2/video_sam2_pose/humanLISBET-paper/baselineEval/results_stats_extended_target/embedding/regression/VLDII_expVS/cv_results.csv
19:24:31  baselineEval.src.cross_validation  INFO     
── Regression summary (VLDII_expVS) ──
model     rmse       r2  spearman_r
lasso 3.380244 0.129143    0.448381
 lgbm 3.535545 0.046305    0.317317
19:24:31  ccnEvaluation         INFO     ── Held-out for VLDII_expVS (regression | embedding) ──
19:24:31  baselineEval.src.held_out  INFO     Best regression model: lasso (RMSE=3.3802 ± 0.3350)
19:24:31  baselineEval.src.held_out  INFO     Held-out regression (embedding | VLDII_expVS): model=lasso RMSE=3.466 [2.708, 4.253] R²=0.096 [-0.420, 0.297] ρ=0.313
19:24:31  ccnEvaluation         INFO     ── CV for VLDII_recVS (regression) ──
19:24:31  ccnEvaluation         INFO       X: (95, 256), y: (95,) (classes: [ 3.  5.  6.  7.  8.  9. 10. 11. 12. 13. 14. 15. 16. 17. 18. 19. 20. 21.])
19:24:31  baselineEval.src.cross_validation  INFO     Regression CV: 2 models, 5×10 nested CV (50 total outer folds)
19:25:39  baselineEval.src.cross_validation  INFO       Saved: predictions_per_subject.csv
19:25:39  baselineEval.src.cross_validation  INFO       CV results: 100 rows → /srv/beegfs/scratch/shares/schaerm/schaer2/video_sam2_pose/humanLISBET-paper/baselineEval/results_stats_extended_target/embedding/regression/VLDII_recVS/cv_results.csv
19:25:39  baselineEval.src.cross_validation  INFO     
── Regression summary (VLDII_recVS) ──
model     rmse       r2  spearman_r
lasso 3.476110 0.240001    0.574866
 lgbm 3.812985 0.083025    0.405266
19:25:39  ccnEvaluation         INFO     ── Held-out for VLDII_recVS (regression | embedding) ──
19:25:39  baselineEval.src.held_out  INFO     Best regression model: lasso (RMSE=3.4761 ± 0.4671)
19:25:40  baselineEval.src.held_out  INFO     Held-out regression (embedding | VLDII_recVS): model=lasso RMSE=4.393 [3.574, 5.092] R²=0.091 [-0.411, 0.282] ρ=0.421
19:25:40  ccnEvaluation         INFO     ── CV for MSEL_TOTAL_DQ (regression) ──
19:25:40  ccnEvaluation         INFO       X: (100, 256), y: (100,) (classes: [ 18.02469136  32.43483412  34.59785415  38.08884914  38.95032984
  40.09469697  40.66399287  41.7597914   48.35352006  48.38185274
  48.56808071  49.32034527  52.60163835  52.78815173  53.41769972
  54.6043883   54.66514664  55.9129902   57.80945419  58.00856827
  58.01880411  58.49358974  60.55385401  60.73988735  61.21267952
  61.65540541  62.6717033   64.54699612  64.58014537  65.85307734
  66.03346902  66.56582561  67.46408956  68.67474001  69.12878788
  69.58887965  70.42091476  70.5832302   71.22161779  72.65127389
  72.74744284  73.39929215  73.55044202  73.63718709  74.37652068
  76.23385285  77.89159198  78.63298081  79.93217054  79.97485632
  80.39067013  81.47321429  82.45481928  83.44764518  83.72463299
  88.69235986  88.94106636  91.04190422  91.67078393  92.86194316
  92.9187448   93.08301946  94.84225533  95.62583836  96.63388805
  97.48931624  98.02617856 102.9518543  103.811149   107.0353937
 107.8029726  108.1764296  108.385181   108.6309524  108.7338226
 109.0520026  109.52137    111.8651489  112.1257819  112.192623
 112.5198886  112.8090659  112.8284389  113.5791843  115.0573568
 116.0376082  116.1326915  118.2653171  119.351962   120.5538618
 121.574912   125.622437   128.0608788  130.5093403  130.8806655
 132.3244751  135.4820159  139.7760116  149.1013072  149.4299051 ])
19:25:40  baselineEval.src.cross_validation  INFO     Regression CV: 2 models, 5×10 nested CV (50 total outer folds)
19:26:52  baselineEval.src.cross_validation  INFO       Saved: predictions_per_subject.csv
19:26:52  baselineEval.src.cross_validation  INFO       CV results: 100 rows → /srv/beegfs/scratch/shares/schaerm/schaer2/video_sam2_pose/humanLISBET-paper/baselineEval/results_stats_extended_target/embedding/regression/MSEL_TOTAL_DQ/cv_results.csv
19:26:52  baselineEval.src.cross_validation  INFO     
── Regression summary (MSEL_TOTAL_DQ) ──
model      rmse       r2  spearman_r
lasso 25.028490 0.247147    0.572481
 lgbm 26.930889 0.123644    0.426797
19:26:52  ccnEvaluation         INFO     ── Held-out for MSEL_TOTAL_DQ (regression | embedding) ──
19:26:52  baselineEval.src.held_out  INFO     Best regression model: lasso (RMSE=25.0285 ± 2.7954)
19:26:53  baselineEval.src.held_out  INFO     Held-out regression (embedding | MSEL_TOTAL_DQ): model=lasso RMSE=29.725 [22.833, 36.455] R²=0.186 [-0.314, 0.367] ρ=0.458
19:26:53  ccnEvaluation         INFO     ── CV for MSEL_FM_DQ (regression) ──
19:26:53  ccnEvaluation         INFO       X: (100, 256), y: (100,) (classes: [ 18.02469136  46.4649432   48.97137746  50.05646983  54.38484461
  55.25934702  55.26116578  55.3030303   59.06148867  60.89132507
  63.6627907   63.73690338  64.77896096  65.16194848  65.41218638
  65.72629052  69.06338694  69.12878788  69.33210784  70.91968912
  73.53479853  75.06258941  75.18022657  75.486618    75.66334992
  75.86923658  75.90612002  75.91514143  77.07927225  77.89159198
  78.29257829  79.43695591  79.91242474  80.18453427  80.89539007
  80.95690748  82.62072435  82.81765677  83.43724023  83.84379786
  83.94209957  85.6233244   85.79059829  85.92278719  87.62002743
  87.84596871  87.86462758  87.98209366  89.15229885  90.64569536
  90.75497288  90.7960199   92.60343482  92.99363057  93.43003413
  93.95109395  95.05208333  95.38327526  96.20155039  96.63388805
  96.66313559  97.1113645   97.65160523  97.76785714  98.45857418
  98.95429899  98.97788903  99.40087146  99.64898596 102.1903821
 102.8432377  103.6931818  103.811149   104.7045324  105.1267281
 105.4303871  106.1046512  106.538237   107.1589883  108.1764296
 108.201581   108.6309524  109.939759   111.4163614  111.6891065
 112.258348   112.5198886  113.5687229  114.1644325  115.1790314
 119.8555166  120.5538618  121.1819389  121.197515   121.574912
 122.124634   122.1456693  122.8956229  123.8687783  143.1372549 ])
19:26:53  baselineEval.src.cross_validation  INFO     Regression CV: 2 models, 5×10 nested CV (50 total outer folds)
19:28:04  baselineEval.src.cross_validation  INFO       Saved: predictions_per_subject.csv
19:28:04  baselineEval.src.cross_validation  INFO       CV results: 100 rows → /srv/beegfs/scratch/shares/schaerm/schaer2/video_sam2_pose/humanLISBET-paper/baselineEval/results_stats_extended_target/embedding/regression/MSEL_FM_DQ/cv_results.csv
19:28:04  baselineEval.src.cross_validation  INFO     
── Regression summary (MSEL_FM_DQ) ──
model      rmse        r2  spearman_r
lasso 20.499081  0.059104    0.374904
 lgbm 21.210083 -0.009162    0.227338
19:28:04  ccnEvaluation         INFO     ── Held-out for MSEL_FM_DQ (regression | embedding) ──
19:28:04  baselineEval.src.held_out  INFO     Best regression model: lasso (RMSE=20.4991 ± 2.9516)
19:28:05  baselineEval.src.held_out  INFO     Held-out regression (embedding | MSEL_FM_DQ): model=lasso RMSE=21.308 [14.957, 26.758] R²=0.048 [-0.425, 0.157] ρ=0.311
19:28:05  ccnEvaluation         INFO     ── CV for MSEL_VR_DQ (regression) ──
19:28:05  ccnEvaluation         INFO       X: (100, 256), y: (100,) (classes: [ 24.78395062  38.27847693  40.84386519  44.24242424  48.97137746
  55.48645661  56.65502522  56.92959002  62.16881151  62.75283172
  64.71631206  65.27181688  65.72629052  66.12318841  66.69049889
  67.74833589  69.92337165  70.46332046  70.66795741  71.15009747
  72.16608084  73.80514706  73.80800341  75.41322314  76.86522262
  77.69631031  77.99145299  78.31273601  78.41474446  78.6637931
  79.18580909  79.31783825  80.21978022  83.77964805  84.0389186
  84.56192081  84.81797057  84.88372093  85.28037383  87.43066062
  88.66708914  89.11889597  89.35566001  89.46078431  89.57533077
  89.615829    90.15860634  92.33630952  93.50512357  93.81764069
  94.1109736   94.6140553   96.17918314  96.20155039  97.93244949
  98.97788903 100.5796275  102.1289538  103.2884465  104.0746873
 104.3095565  106.0098302  106.3795337  108.127254   109.5515537
 110.1055807  110.1609658  110.297536   111.6891065  113.7780549
 114.2017705  114.5637163  115.3090847  116.9871795  118.5064935
 121.4642263  123.6822289  124.5733788  125.1905488  125.2213369
 129.0167095  130.7503771  133.1727963  133.6408905  133.8188664
 134.9544937  135.1851852  136.0094851  136.515748   146.7828418
 147.3675711  148.8166269  148.8393977  151.821572   153.0708874
 158.9721254  159.8073555  175.8188825  192.7226814 ])
19:28:05  baselineEval.src.cross_validation  INFO     Regression CV: 2 models, 5×10 nested CV (50 total outer folds)
19:29:17  baselineEval.src.cross_validation  INFO       Saved: predictions_per_subject.csv
19:29:17  baselineEval.src.cross_validation  INFO       CV results: 100 rows → /srv/beegfs/scratch/shares/schaerm/schaer2/video_sam2_pose/humanLISBET-paper/baselineEval/results_stats_extended_target/embedding/regression/MSEL_VR_DQ/cv_results.csv
19:29:17  baselineEval.src.cross_validation  INFO     
── Regression summary (MSEL_VR_DQ) ──
model      rmse       r2  spearman_r
lasso 29.642275 0.099221    0.421388
 lgbm 29.896249 0.075945    0.347774
19:29:17  ccnEvaluation         INFO     ── Held-out for MSEL_VR_DQ (regression | embedding) ──
19:29:17  baselineEval.src.held_out  INFO     Best regression model: lasso (RMSE=29.6423 ± 3.8366)
19:29:18  baselineEval.src.held_out  INFO     Held-out regression (embedding | MSEL_VR_DQ): model=lasso RMSE=28.866 [22.470, 34.488] R²=0.262 [-0.058, 0.348] ρ=0.632
19:29:18  ccnEvaluation         INFO     ── CV for MSEL_LR_DQ (regression) ──
19:29:18  ccnEvaluation         INFO       X: (100, 256), y: (100,) (classes: [  3.88463176   4.06639929   6.75925926   9.87554113  12.01290153
  16.59090909  18.70972466  20.22384752  20.94811754  21.24563446
  25.56022409  26.50048403  28.99586908  29.92695289  32.38948048
  32.63590844  35.30956329  37.26391016  38.9957265   40.25735294
  40.48807543  43.06091806  44.2961165   44.83182162  46.05097149
  46.79487179  47.45189808  48.93770627  50.11618082  50.37154989
  52.84749035  53.52588625  53.65219358  54.90373045  59.29174789
  59.55070281  62.02209006  62.16545012  62.65018881  63.07603687
  64.61056645  64.9288451   66.12318841  66.75811614  70.61011905
  70.91968912  71.94102807  73.19518717  74.25406872  76.30178639
  76.39534884  77.74980635  77.81007752  77.89159198  78.6637931
  79.07279029  79.43695591  80.19460138  82.52583979  83.43724023
  83.56227106  84.15678524  87.60560676  91.80080483  96.34238311
  96.50411281 102.7847309  104.0746873  105.9596995  107.2715207
 108.1764296  108.8902148  110.0871314  115.4120767  115.9171748
 116.9871795  117.5351288  118.5064935  119.2178672  119.8802164
 120.1122726  120.9753788  121.1819389  122.3190349  122.5189726
 124.5733788  126.9356955  127.766486   128.1288156  130.2021403
 130.5093403  132.9263068  138.2575758  142.6500252  144.1714836
 144.3321617  147.1132898  148.8393977  153.6195286  157.0567986 ])
19:29:18  baselineEval.src.cross_validation  INFO     Regression CV: 2 models, 5×10 nested CV (50 total outer folds)
19:30:29  baselineEval.src.cross_validation  INFO       Saved: predictions_per_subject.csv
19:30:29  baselineEval.src.cross_validation  INFO       CV results: 100 rows → /srv/beegfs/scratch/shares/schaerm/schaer2/video_sam2_pose/humanLISBET-paper/baselineEval/results_stats_extended_target/embedding/regression/MSEL_LR_DQ/cv_results.csv
19:30:29  baselineEval.src.cross_validation  INFO     
── Regression summary (MSEL_LR_DQ) ──
model      rmse       r2  spearman_r
lasso 34.286041 0.260878    0.584120
 lgbm 36.695649 0.154388    0.458436
19:30:29  ccnEvaluation         INFO     ── Held-out for MSEL_LR_DQ (regression | embedding) ──
19:30:29  baselineEval.src.held_out  INFO     Best regression model: lasso (RMSE=34.2860 ± 3.2020)
19:30:30  baselineEval.src.held_out  INFO     Held-out regression (embedding | MSEL_LR_DQ): model=lasso RMSE=40.567 [30.019, 51.093] R²=0.200 [-0.304, 0.423] ρ=0.380
19:30:30  ccnEvaluation         INFO     ── CV for MSEL_LE_DQ (regression) ──
19:30:30  ccnEvaluation         INFO       X: (100, 256), y: (100,) (classes: [  9.94008715  14.16375631  17.66698935  21.62322275  22.5308642
  23.71669916  24.48568873  29.32736455  29.93313147  31.1965812
  31.83139535  32.5311943   34.96168582  35.3339787   36.51460584
  36.64658635  37.69462981  40.09226714  40.25735294  40.48807543
  41.27091814  41.92189893  43.37492573  44.24242424  44.2961165
  44.43993506  44.83182162  45.69027182  46.51656754  46.72299027
  47.44367418  50.11618082  50.12015105  50.13736264  50.93023256
  52.58200355  54.8048048   55.8530987   56.46658416  56.94227769
  57.72506083  58.12101911  59.82097832  59.93431856  60.11198946
  61.49957877  65.17857143  65.57490326  66.18574582  66.20785318
  69.12878788  69.55030488  71.37484958  72.66780432  73.41954023
  75.10288066  76.33526384  77.99145299  78.1455863   79.85282418
  80.57395143  81.54602324  82.20720721  83.94209957  84.10138249
  85.23058961  86.67962003  89.35128519  89.92073693  90.17483846
  91.02244389  91.36420526  91.65097301  93.77792672  94.24218952
  96.25527426  96.94555113  97.92085848 100.2099483  100.2747253
 103.2239819  106.0553231  108.127254   109.939759   111.2804878
 111.8651489  112.258348   114.1922639  115.7352358  116.9871795
 120.9753788  122.124634   124.6584699  128.4817876  128.8841808
 137.775842   140.655106   143.7007874  170.9694989 ])
19:30:30  baselineEval.src.cross_validation  INFO     Regression CV: 2 models, 5×10 nested CV (50 total outer folds)
19:31:41  baselineEval.src.cross_validation  INFO       Saved: predictions_per_subject.csv
19:31:41  baselineEval.src.cross_validation  INFO       CV results: 100 rows → /srv/beegfs/scratch/shares/schaerm/schaer2/video_sam2_pose/humanLISBET-paper/baselineEval/results_stats_extended_target/embedding/regression/MSEL_LE_DQ/cv_results.csv
19:31:41  baselineEval.src.cross_validation  INFO     
── Regression summary (MSEL_LE_DQ) ──
model      rmse       r2  spearman_r
lasso 29.746408 0.215167    0.550199
 lgbm 30.537093 0.167315    0.488935
19:31:41  ccnEvaluation         INFO     ── Held-out for MSEL_LE_DQ (regression | embedding) ──
19:31:41  baselineEval.src.held_out  INFO     Best regression model: lasso (RMSE=29.7464 ± 3.3592)
19:31:42  baselineEval.src.held_out  INFO     Held-out regression (embedding | MSEL_LE_DQ): model=lasso RMSE=33.749 [25.229, 42.084] R²=0.186 [-0.491, 0.419] ρ=0.392
19:31:42  ccnEvaluation         INFO     ── CV for MSEL_NV_DQ (regression) ──
19:31:42  ccnEvaluation         INFO       X: (100, 256), y: (100,) (classes: [ 21.40432099  44.16747338  48.05160611  48.97137746  49.77272727
  58.71498864  60.1959643   60.90716019  63.02918895  63.79091198
  64.09642401  65.57490326  65.72629052  66.58026114  67.72345918
  67.91030161  70.16720315  71.56862745  72.80585106  73.37984863
  74.11468486  74.27325581  74.37794938  74.47079827  74.91789819
  76.17530756  76.74648129  76.87728938  77.59353741  79.97251931
  81.51480347  81.6976584   81.89102564  81.99943836  82.20720721
  82.35559567  83.73346137  83.90804598  84.15678524  84.60538218
  84.81199831  86.57250071  88.46431518  88.6496114   88.80778589
  88.87987013  91.05626327  91.88613478  92.03227433  92.13004822
  94.43082789  94.90379615  95.05208333  95.96479195  96.20155039
  96.39084507  96.49226641  97.36019132  97.52310803  97.94594067
  98.60764755  98.68968386  98.84549601  98.97788903  99.87039171
 100.2432517  102.1903821  103.1073446  109.0017065  109.0761612
 109.2369828  110.0871314  111.4163614  111.6531427  111.6891065
 114.2017705  115.7352358  116.0376082  116.2030831  116.810994
 116.9871795  119.3828214  119.8555166  121.5842367  122.8722053
 122.9496192  123.2016379  125.1071123  126.1626445  126.7361111
 127.1777003  128.2630522  128.3820346  129.3307087  130.6682578
 135.4820159  137.1387283  139.16122    139.8314361  157.8091521 ])
19:31:42  baselineEval.src.cross_validation  INFO     Regression CV: 2 models, 5×10 nested CV (50 total outer folds)
19:32:54  baselineEval.src.cross_validation  INFO       Saved: predictions_per_subject.csv
19:32:54  baselineEval.src.cross_validation  INFO       CV results: 100 rows → /srv/beegfs/scratch/shares/schaerm/schaer2/video_sam2_pose/humanLISBET-paper/baselineEval/results_stats_extended_target/embedding/regression/MSEL_NV_DQ/cv_results.csv
19:32:54  baselineEval.src.cross_validation  INFO     
── Regression summary (MSEL_NV_DQ) ──
model      rmse       r2  spearman_r
lasso 23.467521 0.085605    0.438738
 lgbm 23.597526 0.067859    0.314526
19:32:54  ccnEvaluation         INFO     ── Held-out for MSEL_NV_DQ (regression | embedding) ──
19:32:54  baselineEval.src.held_out  INFO     Best regression model: lasso (RMSE=23.4675 ± 3.2157)
19:32:54  baselineEval.src.held_out  INFO     Held-out regression (embedding | MSEL_NV_DQ): model=lasso RMSE=24.025 [19.647, 28.072] R²=0.145 [-0.267, 0.261] ρ=0.547
19:32:54  ccnEvaluation         INFO     ── CV for MSEL_V_DQ (regression) ──
19:32:54  ccnEvaluation         INFO       X: (100, 256), y: (100,) (classes: [ 14.64506173  16.81806214  17.70469538  18.29879679  19.42315879
  25.02823491  25.13774105  27.1577381   27.20632081  29.4009959
  30.41666667  30.91723136  31.03741497  33.34524944  35.09615385
  36.40292553  37.2753268   37.99205148  39.16309013  39.59290454
  40.25735294  40.48807543  41.50422352  44.2961165   44.83182162
  47.46155586  48.09864458  48.46611722  48.93286143  50.11618082
  50.44223328  52.19708788  52.70214521  54.2462845   54.2693288
  54.68949248  54.82073643  54.89951357  56.38516993  58.28505645
  59.94525547  62.43158183  63.11758893  63.13929001  63.25823224
  63.6627907   64.59137709  67.89434524  69.06338694  70.46826734
  70.9304984   72.04972258  76.04166667  78.79965458  80.77686203
  81.15118577  83.23831243  85.25467149  85.85349462  85.92278719
  85.99599793  87.22984206  89.35566001  91.36789406  92.32431935
  92.73373984  94.37151949  94.86083166  95.8165773   97.07446809
  98.62059158  99.7831825  101.2242965  101.2355018  102.3816809
 103.6931818  103.8747811  107.1158763  108.0484808  109.063745
 110.7318923  111.4235219  114.0037352  114.2017705  115.3090847
 116.9871795  119.5234869  120.9753788  121.0967994  121.1872446
 122.9686881  124.051024   128.2952548  128.9440573  133.4982788
 135.3182415  135.4820159  141.0506581  142.4132948  159.0413943 ])
19:32:54  baselineEval.src.cross_validation  INFO     Regression CV: 2 models, 5×10 nested CV (50 total outer folds)
19:34:05  baselineEval.src.cross_validation  INFO       Saved: predictions_per_subject.csv
19:34:05  baselineEval.src.cross_validation  INFO       CV results: 100 rows → /srv/beegfs/scratch/shares/schaerm/schaer2/video_sam2_pose/humanLISBET-paper/baselineEval/results_stats_extended_target/embedding/regression/MSEL_V_DQ/cv_results.csv
19:34:05  baselineEval.src.cross_validation  INFO     
── Regression summary (MSEL_V_DQ) ──
model      rmse       r2  spearman_r
lasso 29.549884 0.294146    0.602677
 lgbm 32.420357 0.148237    0.449744
19:34:05  ccnEvaluation         INFO     ── Held-out for MSEL_V_DQ (regression | embedding) ──
19:34:05  baselineEval.src.held_out  INFO     Best regression model: lasso (RMSE=29.5499 ± 2.8683)
19:34:06  baselineEval.src.held_out  INFO     Held-out regression (embedding | MSEL_V_DQ): model=lasso RMSE=37.325 [28.470, 47.045] R²=0.163 [-0.453, 0.397] ρ=0.456
19:34:06  ccnEvaluation         INFO     ═══ Representation: full_kinematic_embedding ═══
19:34:06  baselineEval.src.loading  INFO     Merged kinematic (102) + embedding (102) → 102 subjects
19:34:06  baselineEval.src.loading  INFO     Merged kinematic (17) + embedding (17) → 17 subjects
19:34:06  ccnEvaluation         INFO       Features for full_kinematic_embedding: 462 columns
19:34:06  ccnEvaluation         INFO     ═══ Step 2: Preprocessing report ═══
19:34:06  baselineEval.src.preprocessing  INFO     Feature selection (full dataset): 462 features → 406 kept (0 missingness, 0 near-zero-var, 56 correlated)
19:34:06  baselineEval.src.preprocessing  INFO     Feature selection report → /srv/beegfs/scratch/shares/schaerm/schaer2/video_sam2_pose/humanLISBET-paper/baselineEval/results_stats_extended_target/full_kinematic_embedding/feature_selection_report.csv
19:34:07  baselineEval.src.preprocessing  INFO     PCA explained-variance data → /srv/beegfs/scratch/shares/schaerm/schaer2/video_sam2_pose/humanLISBET-paper/baselineEval/results_stats_extended_target/full_kinematic_embedding/pca_explained_variance.csv
19:34:07  baselineEval.src.preprocessing  INFO     PCA explained-variance plot → /srv/beegfs/scratch/shares/schaerm/schaer2/video_sam2_pose/humanLISBET-paper/baselineEval/results_stats_extended_target/full_kinematic_embedding/pca_explained_variance.png
19:34:07  ccnEvaluation         INFO     ── CV for diagnosis (classification) ──
19:34:07  ccnEvaluation         INFO       X: (102, 462), y: (102,) (classes: [0 1])
19:34:07  baselineEval.src.cross_validation  INFO     Classification CV: 2 models, 5×10 nested CV (50 total outer folds)
19:36:53  baselineEval.src.cross_validation  INFO       Saved: predictions_per_subject.csv
19:36:53  baselineEval.src.cross_validation  INFO       CV results: 100 rows → /srv/beegfs/scratch/shares/schaerm/schaer2/video_sam2_pose/humanLISBET-paper/baselineEval/results_stats_extended_target/full_kinematic_embedding/classification/diagnosis/cv_results.csv
19:36:53  baselineEval.src.cross_validation  INFO     
── Classification AUC-ROC summary (diagnosis) ──
model  auc_roc_mean  auc_roc_std
lasso      0.773182     0.096573
 lgbm      0.788833     0.093496
19:36:53  ccnEvaluation         INFO     ── Held-out for diagnosis (classification | full_kinematic_embedding) ──
19:36:53  baselineEval.src.held_out  INFO     Best classification model: lgbm (AUC=0.7888 ± 0.0935)
19:36:53  baselineEval.src.held_out  INFO     Held-out classification (full_kinematic_embedding | diagnosis): model=lgbm AUC=0.857 BAcc=0.686 Acc=0.706 [0.440, 0.897]
19:36:56  baselineEval.src.plotting  INFO       Saved: shap_bar_top20.png and shap_beeswarm_top20.png
19:36:56  baselineEval.src.held_out  INFO     SHAP saved → /srv/beegfs/scratch/shares/schaerm/schaer2/video_sam2_pose/humanLISBET-paper/baselineEval/results_stats_extended_target/full_kinematic_embedding/held_out/classification/diagnosis/shap
19:36:56  ccnEvaluation         INFO     ── CV for ADOS_2_ADOS_G_revised_RRB_level_of_symptoms (classification) ──
19:36:56  ccnEvaluation         INFO       X: (102, 462), y: (102,) (classes: [0 1 2])
19:36:56  baselineEval.src.cross_validation  INFO     Classification CV: 2 models, 5×10 nested CV (50 total outer folds)
19:41:52  baselineEval.src.cross_validation  INFO       Saved: predictions_per_subject.csv
19:41:53  baselineEval.src.cross_validation  INFO       CV results: 100 rows → /srv/beegfs/scratch/shares/schaerm/schaer2/video_sam2_pose/humanLISBET-paper/baselineEval/results_stats_extended_target/full_kinematic_embedding/classification/ADOS_2_ADOS_G_revised_RRB_level_of_symptoms/cv_results.csv
19:41:53  baselineEval.src.cross_validation  INFO     
── Classification F1-macro summary (ADOS_2_ADOS_G_revised_RRB_level_of_symptoms) ──
model  f1_macro_mean  f1_macro_std
lasso       0.582142      0.125048
 lgbm       0.521326      0.117451
19:41:53  ccnEvaluation         INFO     ── Held-out for ADOS_2_ADOS_G_revised_RRB_level_of_symptoms (classification | full_kinematic_embedding) ──
19:41:53  baselineEval.src.held_out  INFO     Best classification model: lasso (F1-macro=0.5821 ± 0.1250)
19:41:55  baselineEval.src.held_out  INFO     Held-out classification (full_kinematic_embedding | ADOS_2_ADOS_G_revised_RRB_level_of_symptoms): model=lasso F1-macro=0.598 BAcc=0.622 Acc=0.647 [0.383, 0.858]
19:41:57  baselineEval.src.plotting  INFO       Saved: shap_bar_top20.png and shap_beeswarm_top20.png
19:41:57  baselineEval.src.held_out  INFO     SHAP saved → /srv/beegfs/scratch/shares/schaerm/schaer2/video_sam2_pose/humanLISBET-paper/baselineEval/results_stats_extended_target/full_kinematic_embedding/held_out/classification/ADOS_2_ADOS_G_revised_RRB_level_of_symptoms/shap
19:41:57  ccnEvaluation         INFO     ── CV for ADOS_2_ADOS_G_REVISED_SA_LEVEL_OF_SYMPTOMS (classification) ──
19:41:57  ccnEvaluation         INFO       X: (102, 462), y: (102,) (classes: [0 1 2 3])
19:41:57  baselineEval.src.cross_validation  INFO     Classification CV: 2 models, 5×10 nested CV (50 total outer folds)
19:47:42  baselineEval.src.cross_validation  INFO       Saved: predictions_per_subject.csv
19:47:42  baselineEval.src.cross_validation  INFO       CV results: 100 rows → /srv/beegfs/scratch/shares/schaerm/schaer2/video_sam2_pose/humanLISBET-paper/baselineEval/results_stats_extended_target/full_kinematic_embedding/classification/ADOS_2_ADOS_G_REVISED_SA_LEVEL_OF_SYMPTOMS/cv_results.csv
19:47:42  baselineEval.src.cross_validation  INFO     
── Classification F1-macro summary (ADOS_2_ADOS_G_REVISED_SA_LEVEL_OF_SYMPTOMS) ──
model  f1_macro_mean  f1_macro_std
lasso       0.388046      0.112320
 lgbm       0.387563      0.100103
19:47:42  ccnEvaluation         INFO     ── Held-out for ADOS_2_ADOS_G_REVISED_SA_LEVEL_OF_SYMPTOMS (classification | full_kinematic_embedding) ──
19:47:42  baselineEval.src.held_out  INFO     Best classification model: lasso (F1-macro=0.3880 ± 0.1123)
19:47:44  baselineEval.src.held_out  INFO     Held-out classification (full_kinematic_embedding | ADOS_2_ADOS_G_REVISED_SA_LEVEL_OF_SYMPTOMS): model=lasso F1-macro=0.341 BAcc=0.372 Acc=0.412 [0.184, 0.671]
19:47:46  baselineEval.src.plotting  INFO       Saved: shap_bar_top20.png and shap_beeswarm_top20.png
19:47:46  baselineEval.src.held_out  INFO     SHAP saved → /srv/beegfs/scratch/shares/schaerm/schaer2/video_sam2_pose/humanLISBET-paper/baselineEval/results_stats_extended_target/full_kinematic_embedding/held_out/classification/ADOS_2_ADOS_G_REVISED_SA_LEVEL_OF_SYMPTOMS/shap
19:47:46  ccnEvaluation         INFO     ── CV for ADOS_G_ADOS_2_TOTAL_score_de_severite (regression) ──
19:47:46  ccnEvaluation         INFO       X: (102, 462), y: (102,) (classes: [ 1.  2.  3.  4.  5.  6.  7.  8.  9. 10.])
19:47:46  baselineEval.src.cross_validation  INFO     Regression CV: 2 models, 5×10 nested CV (50 total outer folds)
19:49:46  baselineEval.src.cross_validation  INFO       Saved: predictions_per_subject.csv
19:49:46  baselineEval.src.cross_validation  INFO       CV results: 100 rows → /srv/beegfs/scratch/shares/schaerm/schaer2/video_sam2_pose/humanLISBET-paper/baselineEval/results_stats_extended_target/full_kinematic_embedding/regression/ADOS_G_ADOS_2_TOTAL_score_de_severite/cv_results.csv
19:49:46  baselineEval.src.cross_validation  INFO     
── Regression summary (ADOS_G_ADOS_2_TOTAL_score_de_severite) ──
model     rmse       r2  spearman_r
lasso 2.854336 0.260085    0.595384
 lgbm 2.904933 0.234440    0.517366
19:49:46  ccnEvaluation         INFO     ── Held-out for ADOS_G_ADOS_2_TOTAL_score_de_severite (regression | full_kinematic_embedding) ──
19:49:46  baselineEval.src.held_out  INFO     Best regression model: lasso (RMSE=2.8543 ± 0.4066)
19:49:46  baselineEval.src.held_out  INFO     Held-out regression (full_kinematic_embedding | ADOS_G_ADOS_2_TOTAL_score_de_severite): model=lasso RMSE=2.684 [1.709, 3.573] R²=0.414 [-0.044, 0.723] ρ=0.651
19:49:49  baselineEval.src.plotting  INFO       Saved: shap_bar_top20.png and shap_beeswarm_top20.png
19:49:49  baselineEval.src.held_out  INFO     SHAP saved → /srv/beegfs/scratch/shares/schaerm/schaer2/video_sam2_pose/humanLISBET-paper/baselineEval/results_stats_extended_target/full_kinematic_embedding/held_out/regression/ADOS_G_ADOS_2_TOTAL_score_de_severite/shap
19:49:49  ccnEvaluation         INFO     ── CV for ADOS_2_ADOS_G_REVISED_SA_SEVERITY_SCORE (regression) ──
19:49:49  ccnEvaluation         INFO       X: (102, 462), y: (102,) (classes: [ 1.  2.  3.  4.  5.  6.  7.  9. 10.])
19:49:49  baselineEval.src.cross_validation  INFO     Regression CV: 2 models, 5×10 nested CV (50 total outer folds)
19:51:48  baselineEval.src.cross_validation  INFO       Saved: predictions_per_subject.csv
19:51:48  baselineEval.src.cross_validation  INFO       CV results: 100 rows → /srv/beegfs/scratch/shares/schaerm/schaer2/video_sam2_pose/humanLISBET-paper/baselineEval/results_stats_extended_target/full_kinematic_embedding/regression/ADOS_2_ADOS_G_REVISED_SA_SEVERITY_SCORE/cv_results.csv
19:51:48  baselineEval.src.cross_validation  INFO     
── Regression summary (ADOS_2_ADOS_G_REVISED_SA_SEVERITY_SCORE) ──
model     rmse       r2  spearman_r
lasso 2.529735 0.311690    0.584371
 lgbm 2.663124 0.234652    0.489706
19:51:48  ccnEvaluation         INFO     ── Held-out for ADOS_2_ADOS_G_REVISED_SA_SEVERITY_SCORE (regression | full_kinematic_embedding) ──
19:51:48  baselineEval.src.held_out  INFO     Best regression model: lasso (RMSE=2.5297 ± 0.2946)
19:51:49  baselineEval.src.held_out  INFO     Held-out regression (full_kinematic_embedding | ADOS_2_ADOS_G_REVISED_SA_SEVERITY_SCORE): model=lasso RMSE=2.305 [1.281, 3.272] R²=0.355 [-0.193, 0.758] ρ=0.638
19:51:51  baselineEval.src.plotting  INFO       Saved: shap_bar_top20.png and shap_beeswarm_top20.png
19:51:51  baselineEval.src.held_out  INFO     SHAP saved → /srv/beegfs/scratch/shares/schaerm/schaer2/video_sam2_pose/humanLISBET-paper/baselineEval/results_stats_extended_target/full_kinematic_embedding/held_out/regression/ADOS_2_ADOS_G_REVISED_SA_SEVERITY_SCORE/shap
19:51:51  ccnEvaluation         INFO     ── CV for ADOS_2_ADOS_G_REVISED_RRB_SEVERITY_SCORE_new (regression) ──
19:51:51  ccnEvaluation         INFO       X: (102, 462), y: (102,) (classes: [ 1.  5.  6.  7.  8.  9. 10.])
19:51:51  baselineEval.src.cross_validation  INFO     Regression CV: 2 models, 5×10 nested CV (50 total outer folds)
19:53:53  baselineEval.src.cross_validation  INFO       Saved: predictions_per_subject.csv
19:53:53  baselineEval.src.cross_validation  INFO       CV results: 100 rows → /srv/beegfs/scratch/shares/schaerm/schaer2/video_sam2_pose/humanLISBET-paper/baselineEval/results_stats_extended_target/full_kinematic_embedding/regression/ADOS_2_ADOS_G_REVISED_RRB_SEVERITY_SCORE_new/cv_results.csv
19:53:53  baselineEval.src.cross_validation  INFO     
── Regression summary (ADOS_2_ADOS_G_REVISED_RRB_SEVERITY_SCORE_new) ──
model     rmse       r2  spearman_r
lasso 2.934211 0.118685    0.511811
 lgbm 2.856244 0.166463    0.523757
19:53:53  ccnEvaluation         INFO     ── Held-out for ADOS_2_ADOS_G_REVISED_RRB_SEVERITY_SCORE_new (regression | full_kinematic_embedding) ──
19:53:53  baselineEval.src.held_out  INFO     Best regression model: lgbm (RMSE=2.8562 ± 0.3886)
19:53:54  baselineEval.src.held_out  INFO     Held-out regression (full_kinematic_embedding | ADOS_2_ADOS_G_REVISED_RRB_SEVERITY_SCORE_new): model=lgbm RMSE=3.265 [2.336, 3.949] R²=0.248 [-0.364, 0.508] ρ=0.488
19:53:56  baselineEval.src.plotting  INFO       Saved: shap_bar_top20.png and shap_beeswarm_top20.png
19:53:56  baselineEval.src.held_out  INFO     SHAP saved → /srv/beegfs/scratch/shares/schaerm/schaer2/video_sam2_pose/humanLISBET-paper/baselineEval/results_stats_extended_target/full_kinematic_embedding/held_out/regression/ADOS_2_ADOS_G_REVISED_RRB_SEVERITY_SCORE_new/shap
19:53:56  ccnEvaluation         INFO     ── CV for VLDII_AdSS (regression) ──
19:53:56  ccnEvaluation         INFO       X: (95, 462), y: (95,) (classes: [ 51.  63.  64.  65.  66.  68.  69.  70.  71.  72.  73.  74.  75.  76.
  77.  78.  79.  80.  81.  83.  84.  85.  86.  87.  88.  89.  90.  91.
  92.  93.  94.  95.  96.  97.  99. 100. 102. 103. 104. 105. 107. 108.
 109. 110. 113. 115. 117.])
19:53:56  baselineEval.src.cross_validation  INFO     Regression CV: 2 models, 5×10 nested CV (50 total outer folds)
19:55:51  baselineEval.src.cross_validation  INFO       Saved: predictions_per_subject.csv
19:55:52  baselineEval.src.cross_validation  INFO       CV results: 100 rows → /srv/beegfs/scratch/shares/schaerm/schaer2/video_sam2_pose/humanLISBET-paper/baselineEval/results_stats_extended_target/full_kinematic_embedding/regression/VLDII_AdSS/cv_results.csv
19:55:52  baselineEval.src.cross_validation  INFO     
── Regression summary (VLDII_AdSS) ──
model      rmse       r2  spearman_r
lasso 13.196462 0.180380    0.458038
 lgbm 13.691014 0.116212    0.390914
19:55:52  ccnEvaluation         INFO     ── Held-out for VLDII_AdSS (regression | full_kinematic_embedding) ──
19:55:52  baselineEval.src.held_out  INFO     Best regression model: lasso (RMSE=13.1965 ± 1.2326)
19:55:53  baselineEval.src.held_out  INFO     Held-out regression (full_kinematic_embedding | VLDII_AdSS): model=lasso RMSE=12.449 [10.056, 14.675] R²=0.381 [0.084, 0.491] ρ=0.725
19:55:56  baselineEval.src.plotting  INFO       Saved: shap_bar_top20.png and shap_beeswarm_top20.png
19:55:56  baselineEval.src.held_out  INFO     SHAP saved → /srv/beegfs/scratch/shares/schaerm/schaer2/video_sam2_pose/humanLISBET-paper/baselineEval/results_stats_extended_target/full_kinematic_embedding/held_out/regression/VLDII_AdSS/shap
19:55:56  ccnEvaluation         INFO     ── CV for VLDII_MotorSS (regression) ──
19:55:56  ccnEvaluation         INFO       X: (95, 462), y: (95,) (classes: [ 56.  67.  69.  70.  72.  75.  79.  81.  82.  84.  85.  88.  90.  93.
  94.  95.  96.  97. 100. 102. 104. 105. 106. 108. 111. 114. 121. 131.])
19:55:56  baselineEval.src.cross_validation  INFO     Regression CV: 2 models, 5×10 nested CV (50 total outer folds)
19:57:52  baselineEval.src.cross_validation  INFO       Saved: predictions_per_subject.csv
19:57:53  baselineEval.src.cross_validation  INFO       CV results: 100 rows → /srv/beegfs/scratch/shares/schaerm/schaer2/video_sam2_pose/humanLISBET-paper/baselineEval/results_stats_extended_target/full_kinematic_embedding/regression/VLDII_MotorSS/cv_results.csv
19:57:53  baselineEval.src.cross_validation  INFO     
── Regression summary (VLDII_MotorSS) ──
model      rmse        r2  spearman_r
lasso 12.483582 -0.030901    0.010916
 lgbm 13.161190 -0.151002   -0.031209
19:57:53  ccnEvaluation         INFO     ── Held-out for VLDII_MotorSS (regression | full_kinematic_embedding) ──
19:57:53  baselineEval.src.held_out  INFO     Best regression model: lasso (RMSE=12.4836 ± 1.4275)
/srv/beegfs/scratch/shares/schaerm/schaer2/video_sam2_pose/humanLISBET-paper/baselineEval/src/held_out.py:422: ConstantInputWarning: An input array is constant; the correlation coefficient is not defined.
  sp_r, _ = spearmanr(y_test, y_pred)
/srv/beegfs/scratch/shares/schaerm/schaer2/video_sam2_pose/humanLISBET-paper/baselineEval/src/held_out.py:423: ConstantInputWarning: An input array is constant; the correlation coefficient is not defined.
  pe_r, _ = pearsonr(y_test, y_pred)
19:57:53  baselineEval.src.held_out  INFO     Held-out regression (full_kinematic_embedding | VLDII_MotorSS): model=lasso RMSE=12.713 [9.358, 16.144] R²=-0.009 [-0.572, -0.000] ρ=nan
19:57:55  baselineEval.src.plotting  INFO       Saved: shap_bar_top20.png and shap_beeswarm_top20.png
19:57:55  baselineEval.src.held_out  INFO     SHAP saved → /srv/beegfs/scratch/shares/schaerm/schaer2/video_sam2_pose/humanLISBET-paper/baselineEval/results_stats_extended_target/full_kinematic_embedding/held_out/regression/VLDII_MotorSS/shap
19:57:55  ccnEvaluation         INFO     ── CV for VLDII_gmsVS (regression) ──
19:57:55  ccnEvaluation         INFO       X: (95, 462), y: (95,) (classes: [ 8.  9. 10. 11. 12. 13. 14. 15. 16. 17. 18. 22.])
19:57:55  baselineEval.src.cross_validation  INFO     Regression CV: 2 models, 5×10 nested CV (50 total outer folds)
19:59:50  baselineEval.src.cross_validation  INFO       Saved: predictions_per_subject.csv
19:59:50  baselineEval.src.cross_validation  INFO       CV results: 100 rows → /srv/beegfs/scratch/shares/schaerm/schaer2/video_sam2_pose/humanLISBET-paper/baselineEval/results_stats_extended_target/full_kinematic_embedding/regression/VLDII_gmsVS/cv_results.csv
19:59:50  baselineEval.src.cross_validation  INFO     
── Regression summary (VLDII_gmsVS) ──
model     rmse        r2  spearman_r
lasso 2.144257 -0.044613   -0.038249
 lgbm 2.223667 -0.132526   -0.067130
19:59:50  ccnEvaluation         INFO     ── Held-out for VLDII_gmsVS (regression | full_kinematic_embedding) ──
19:59:50  baselineEval.src.held_out  INFO     Best regression model: lasso (RMSE=2.1443 ± 0.3436)
/srv/beegfs/scratch/shares/schaerm/schaer2/video_sam2_pose/humanLISBET-paper/baselineEval/src/held_out.py:422: ConstantInputWarning: An input array is constant; the correlation coefficient is not defined.
  sp_r, _ = spearmanr(y_test, y_pred)
/srv/beegfs/scratch/shares/schaerm/schaer2/video_sam2_pose/humanLISBET-paper/baselineEval/src/held_out.py:423: ConstantInputWarning: An input array is constant; the correlation coefficient is not defined.
  pe_r, _ = pearsonr(y_test, y_pred)
19:59:50  baselineEval.src.held_out  INFO     Held-out regression (full_kinematic_embedding | VLDII_gmsVS): model=lasso RMSE=1.893 [1.289, 2.418] R²=-0.014 [-0.494, -0.000] ρ=nan
19:59:52  baselineEval.src.plotting  INFO       Saved: shap_bar_top20.png and shap_beeswarm_top20.png
19:59:52  baselineEval.src.held_out  INFO     SHAP saved → /srv/beegfs/scratch/shares/schaerm/schaer2/video_sam2_pose/humanLISBET-paper/baselineEval/results_stats_extended_target/full_kinematic_embedding/held_out/regression/VLDII_gmsVS/shap
19:59:52  ccnEvaluation         INFO     ── CV for VLDII_fmsVS (regression) ──
19:59:52  ccnEvaluation         INFO       X: (95, 462), y: (95,) (classes: [ 7.  8.  9. 10. 11. 12. 13. 14. 15. 16. 17. 18.])
19:59:52  baselineEval.src.cross_validation  INFO     Regression CV: 2 models, 5×10 nested CV (50 total outer folds)
20:01:46  baselineEval.src.cross_validation  INFO       Saved: predictions_per_subject.csv
20:01:46  baselineEval.src.cross_validation  INFO       CV results: 100 rows → /srv/beegfs/scratch/shares/schaerm/schaer2/video_sam2_pose/humanLISBET-paper/baselineEval/results_stats_extended_target/full_kinematic_embedding/regression/VLDII_fmsVS/cv_results.csv
20:01:46  baselineEval.src.cross_validation  INFO     
── Regression summary (VLDII_fmsVS) ──
model     rmse        r2  spearman_r
lasso 2.466097 -0.024248   -0.025662
 lgbm 2.565423 -0.115810    0.009761
20:01:46  ccnEvaluation         INFO     ── Held-out for VLDII_fmsVS (regression | full_kinematic_embedding) ──
20:01:46  baselineEval.src.held_out  INFO     Best regression model: lasso (RMSE=2.4661 ± 0.2511)
/srv/beegfs/scratch/shares/schaerm/schaer2/video_sam2_pose/humanLISBET-paper/baselineEval/src/held_out.py:422: ConstantInputWarning: An input array is constant; the correlation coefficient is not defined.
  sp_r, _ = spearmanr(y_test, y_pred)
/srv/beegfs/scratch/shares/schaerm/schaer2/video_sam2_pose/humanLISBET-paper/baselineEval/src/held_out.py:423: ConstantInputWarning: An input array is constant; the correlation coefficient is not defined.
  pe_r, _ = pearsonr(y_test, y_pred)
20:01:47  baselineEval.src.held_out  INFO     Held-out regression (full_kinematic_embedding | VLDII_fmsVS): model=lasso RMSE=2.495 [1.826, 3.138] R²=-0.013 [-0.555, -0.000] ρ=nan
20:01:49  baselineEval.src.plotting  INFO       Saved: shap_bar_top20.png and shap_beeswarm_top20.png
20:01:49  baselineEval.src.held_out  INFO     SHAP saved → /srv/beegfs/scratch/shares/schaerm/schaer2/video_sam2_pose/humanLISBET-paper/baselineEval/results_stats_extended_target/full_kinematic_embedding/held_out/regression/VLDII_fmsVS/shap
20:01:49  ccnEvaluation         INFO     ── CV for VLDII_SocSS (regression) ──
20:01:49  ccnEvaluation         INFO       X: (95, 462), y: (95,) (classes: [ 59.  65.  66.  68.  70.  72.  74.  75.  76.  78.  79.  80.  81.  82.
  84.  86.  88.  89.  90.  91.  92.  94.  95.  96.  98. 100. 101. 102.
 105. 109. 111. 112. 114.])
20:01:49  baselineEval.src.cross_validation  INFO     Regression CV: 2 models, 5×10 nested CV (50 total outer folds)
20:03:44  baselineEval.src.cross_validation  INFO       Saved: predictions_per_subject.csv
20:03:44  baselineEval.src.cross_validation  INFO       CV results: 100 rows → /srv/beegfs/scratch/shares/schaerm/schaer2/video_sam2_pose/humanLISBET-paper/baselineEval/results_stats_extended_target/full_kinematic_embedding/regression/VLDII_SocSS/cv_results.csv
20:03:44  baselineEval.src.cross_validation  INFO     
── Regression summary (VLDII_SocSS) ──
model      rmse       r2  spearman_r
lasso 11.027630 0.170660    0.492329
 lgbm 11.173142 0.142886    0.435605
20:03:44  ccnEvaluation         INFO     ── Held-out for VLDII_SocSS (regression | full_kinematic_embedding) ──
20:03:44  baselineEval.src.held_out  INFO     Best regression model: lasso (RMSE=11.0276 ± 1.2586)
20:03:45  baselineEval.src.held_out  INFO     Held-out regression (full_kinematic_embedding | VLDII_SocSS): model=lasso RMSE=10.393 [7.856, 12.784] R²=0.290 [-0.049, 0.415] ρ=0.600
20:03:48  baselineEval.src.plotting  INFO       Saved: shap_bar_top20.png and shap_beeswarm_top20.png
20:03:48  baselineEval.src.held_out  INFO     SHAP saved → /srv/beegfs/scratch/shares/schaerm/schaer2/video_sam2_pose/humanLISBET-paper/baselineEval/results_stats_extended_target/full_kinematic_embedding/held_out/regression/VLDII_SocSS/shap
20:03:48  ccnEvaluation         INFO     ── CV for VLDII_intVS (regression) ──
20:03:48  ccnEvaluation         INFO       X: (95, 462), y: (95,) (classes: [ 6.  8.  9. 10. 11. 12. 13. 14. 15. 16. 17. 18. 19. 20.])
20:03:48  baselineEval.src.cross_validation  INFO     Regression CV: 2 models, 5×10 nested CV (50 total outer folds)
20:05:43  baselineEval.src.cross_validation  INFO       Saved: predictions_per_subject.csv
20:05:43  baselineEval.src.cross_validation  INFO       CV results: 100 rows → /srv/beegfs/scratch/shares/schaerm/schaer2/video_sam2_pose/humanLISBET-paper/baselineEval/results_stats_extended_target/full_kinematic_embedding/regression/VLDII_intVS/cv_results.csv
20:05:43  baselineEval.src.cross_validation  INFO     
── Regression summary (VLDII_intVS) ──
model     rmse       r2  spearman_r
lasso 2.443831 0.166482    0.488829
 lgbm 2.486291 0.134685    0.461616
20:05:43  ccnEvaluation         INFO     ── Held-out for VLDII_intVS (regression | full_kinematic_embedding) ──
20:05:43  baselineEval.src.held_out  INFO     Best regression model: lasso (RMSE=2.4438 ± 0.2467)
20:05:44  baselineEval.src.held_out  INFO     Held-out regression (full_kinematic_embedding | VLDII_intVS): model=lasso RMSE=2.467 [1.938, 2.949] R²=0.322 [-0.112, 0.511] ρ=0.557
20:05:46  baselineEval.src.plotting  INFO       Saved: shap_bar_top20.png and shap_beeswarm_top20.png
20:05:46  baselineEval.src.held_out  INFO     SHAP saved → /srv/beegfs/scratch/shares/schaerm/schaer2/video_sam2_pose/humanLISBET-paper/baselineEval/results_stats_extended_target/full_kinematic_embedding/held_out/regression/VLDII_intVS/shap
20:05:46  ccnEvaluation         INFO     ── CV for VLDII_plaVS (regression) ──
20:05:46  ccnEvaluation         INFO       X: (95, 462), y: (95,) (classes: [ 7.  8.  9. 10. 11. 12. 13. 14. 15. 16. 17. 18. 19.])
20:05:46  baselineEval.src.cross_validation  INFO     Regression CV: 2 models, 5×10 nested CV (50 total outer folds)
20:07:40  baselineEval.src.cross_validation  INFO       Saved: predictions_per_subject.csv
20:07:40  baselineEval.src.cross_validation  INFO       CV results: 100 rows → /srv/beegfs/scratch/shares/schaerm/schaer2/video_sam2_pose/humanLISBET-paper/baselineEval/results_stats_extended_target/full_kinematic_embedding/regression/VLDII_plaVS/cv_results.csv
20:07:40  baselineEval.src.cross_validation  INFO     
── Regression summary (VLDII_plaVS) ──
model     rmse       r2  spearman_r
lasso 2.456581 0.073582    0.356627
 lgbm 2.467499 0.059595    0.346617
20:07:40  ccnEvaluation         INFO     ── Held-out for VLDII_plaVS (regression | full_kinematic_embedding) ──
20:07:40  baselineEval.src.held_out  INFO     Best regression model: lasso (RMSE=2.4566 ± 0.2205)
20:07:41  baselineEval.src.held_out  INFO     Held-out regression (full_kinematic_embedding | VLDII_plaVS): model=lasso RMSE=1.768 [1.238, 2.251] R²=0.512 [0.261, 0.630] ρ=0.809
20:07:44  baselineEval.src.plotting  INFO       Saved: shap_bar_top20.png and shap_beeswarm_top20.png
20:07:44  baselineEval.src.held_out  INFO     SHAP saved → /srv/beegfs/scratch/shares/schaerm/schaer2/video_sam2_pose/humanLISBET-paper/baselineEval/results_stats_extended_target/full_kinematic_embedding/held_out/regression/VLDII_plaVS/shap
20:07:44  ccnEvaluation         INFO     ── CV for VLDII_copVS (regression) ──
20:07:44  ccnEvaluation         INFO       X: (95, 462), y: (95,) (classes: [ 9. 10. 11. 12. 13. 14. 15. 16. 17.])
20:07:44  baselineEval.src.cross_validation  INFO     Regression CV: 2 models, 5×10 nested CV (50 total outer folds)
20:09:38  baselineEval.src.cross_validation  INFO       Saved: predictions_per_subject.csv
20:09:38  baselineEval.src.cross_validation  INFO       CV results: 100 rows → /srv/beegfs/scratch/shares/schaerm/schaer2/video_sam2_pose/humanLISBET-paper/baselineEval/results_stats_extended_target/full_kinematic_embedding/regression/VLDII_copVS/cv_results.csv
20:09:38  baselineEval.src.cross_validation  INFO     
── Regression summary (VLDII_copVS) ──
model     rmse        r2  spearman_r
lasso 2.051155 -0.010744    0.230893
 lgbm 2.012530  0.026956    0.272400
20:09:38  ccnEvaluation         INFO     ── Held-out for VLDII_copVS (regression | full_kinematic_embedding) ──
20:09:38  baselineEval.src.held_out  INFO     Best regression model: lgbm (RMSE=2.0125 ± 0.1953)
20:09:39  baselineEval.src.held_out  INFO     Held-out regression (full_kinematic_embedding | VLDII_copVS): model=lgbm RMSE=1.922 [1.420, 2.481] R²=-0.334 [-1.700, 0.177] ρ=0.089
20:09:41  baselineEval.src.plotting  INFO       Saved: shap_bar_top20.png and shap_beeswarm_top20.png
20:09:41  baselineEval.src.held_out  INFO     SHAP saved → /srv/beegfs/scratch/shares/schaerm/schaer2/video_sam2_pose/humanLISBET-paper/baselineEval/results_stats_extended_target/full_kinematic_embedding/held_out/regression/VLDII_copVS/shap
20:09:41  ccnEvaluation         INFO     ── CV for VLDII_DaiSS (regression) ──
20:09:41  ccnEvaluation         INFO       X: (95, 462), y: (95,) (classes: [ 53.  62.  65.  67.  69.  71.  73.  75.  77.  78.  80.  81.  82.  83.
  86.  87.  89.  91.  93.  95.  96.  98. 100. 101. 102. 103. 104. 105.
 107. 109. 111. 113. 115. 118. 121.])
20:09:41  baselineEval.src.cross_validation  INFO     Regression CV: 2 models, 5×10 nested CV (50 total outer folds)
20:11:37  baselineEval.src.cross_validation  INFO       Saved: predictions_per_subject.csv
20:11:37  baselineEval.src.cross_validation  INFO       CV results: 100 rows → /srv/beegfs/scratch/shares/schaerm/schaer2/video_sam2_pose/humanLISBET-paper/baselineEval/results_stats_extended_target/full_kinematic_embedding/regression/VLDII_DaiSS/cv_results.csv
20:11:37  baselineEval.src.cross_validation  INFO     
── Regression summary (VLDII_DaiSS) ──
model      rmse       r2  spearman_r
lasso 12.602244 0.135844    0.481245
 lgbm 12.706670 0.119415    0.404936
20:11:37  ccnEvaluation         INFO     ── Held-out for VLDII_DaiSS (regression | full_kinematic_embedding) ──
20:11:37  baselineEval.src.held_out  INFO     Best regression model: lasso (RMSE=12.6022 ± 1.3595)
20:11:38  baselineEval.src.held_out  INFO     Held-out regression (full_kinematic_embedding | VLDII_DaiSS): model=lasso RMSE=11.896 [8.882, 14.791] R²=0.327 [0.033, 0.422] ρ=0.696
20:11:41  baselineEval.src.plotting  INFO       Saved: shap_bar_top20.png and shap_beeswarm_top20.png
20:11:41  baselineEval.src.held_out  INFO     SHAP saved → /srv/beegfs/scratch/shares/schaerm/schaer2/video_sam2_pose/humanLISBET-paper/baselineEval/results_stats_extended_target/full_kinematic_embedding/held_out/regression/VLDII_DaiSS/shap
20:11:41  ccnEvaluation         INFO     ── CV for VLDII_perVS (regression) ──
20:11:41  ccnEvaluation         INFO       X: (95, 462), y: (95,) (classes: [ 7.  8.  9. 10. 11. 12. 13. 14. 15. 16. 17. 18.])
20:11:41  baselineEval.src.cross_validation  INFO     Regression CV: 2 models, 5×10 nested CV (50 total outer folds)
20:13:34  baselineEval.src.cross_validation  INFO       Saved: predictions_per_subject.csv
20:13:35  baselineEval.src.cross_validation  INFO       CV results: 100 rows → /srv/beegfs/scratch/shares/schaerm/schaer2/video_sam2_pose/humanLISBET-paper/baselineEval/results_stats_extended_target/full_kinematic_embedding/regression/VLDII_perVS/cv_results.csv
20:13:35  baselineEval.src.cross_validation  INFO     
── Regression summary (VLDII_perVS) ──
model     rmse       r2  spearman_r
lasso 2.559604 0.093718    0.412592
 lgbm 2.578015 0.070828    0.332708
20:13:35  ccnEvaluation         INFO     ── Held-out for VLDII_perVS (regression | full_kinematic_embedding) ──
20:13:35  baselineEval.src.held_out  INFO     Best regression model: lasso (RMSE=2.5596 ± 0.2672)
20:13:35  baselineEval.src.held_out  INFO     Held-out regression (full_kinematic_embedding | VLDII_perVS): model=lasso RMSE=2.167 [1.666, 2.618] R²=0.188 [-0.221, 0.335] ρ=0.522
20:13:39  baselineEval.src.plotting  INFO       Saved: shap_bar_top20.png and shap_beeswarm_top20.png
20:13:39  baselineEval.src.held_out  INFO     SHAP saved → /srv/beegfs/scratch/shares/schaerm/schaer2/video_sam2_pose/humanLISBET-paper/baselineEval/results_stats_extended_target/full_kinematic_embedding/held_out/regression/VLDII_perVS/shap
20:13:39  ccnEvaluation         INFO     ── CV for VLDII_comVS (regression) ──
20:13:39  ccnEvaluation         INFO       X: (95, 462), y: (95,) (classes: [ 7. 10. 11. 12. 13. 14. 15. 16. 17. 18. 20.])
20:13:39  baselineEval.src.cross_validation  INFO     Regression CV: 2 models, 5×10 nested CV (50 total outer folds)
20:15:33  baselineEval.src.cross_validation  INFO       Saved: predictions_per_subject.csv
20:15:33  baselineEval.src.cross_validation  INFO       CV results: 100 rows → /srv/beegfs/scratch/shares/schaerm/schaer2/video_sam2_pose/humanLISBET-paper/baselineEval/results_stats_extended_target/full_kinematic_embedding/regression/VLDII_comVS/cv_results.csv
20:15:33  baselineEval.src.cross_validation  INFO     
── Regression summary (VLDII_comVS) ──
model     rmse       r2  spearman_r
lasso 2.143428 0.098719    0.384497
 lgbm 2.192299 0.043427    0.347567
20:15:33  ccnEvaluation         INFO     ── Held-out for VLDII_comVS (regression | full_kinematic_embedding) ──
20:15:33  baselineEval.src.held_out  INFO     Best regression model: lasso (RMSE=2.1434 ± 0.2529)
20:15:33  baselineEval.src.held_out  INFO     Held-out regression (full_kinematic_embedding | VLDII_comVS): model=lasso RMSE=2.942 [1.943, 3.929] R²=-0.035 [-0.470, 0.062] ρ=0.001
20:15:37  baselineEval.src.plotting  INFO       Saved: shap_bar_top20.png and shap_beeswarm_top20.png
20:15:37  baselineEval.src.held_out  INFO     SHAP saved → /srv/beegfs/scratch/shares/schaerm/schaer2/video_sam2_pose/humanLISBET-paper/baselineEval/results_stats_extended_target/full_kinematic_embedding/held_out/regression/VLDII_comVS/shap
20:15:37  ccnEvaluation         INFO     ── CV for VLDII_domVS (regression) ──
20:15:37  ccnEvaluation         INFO       X: (95, 462), y: (95,) (classes: [ 9. 10. 11. 12. 13. 14. 15. 16. 17. 18. 19. 20. 22.])
20:15:37  baselineEval.src.cross_validation  INFO     Regression CV: 2 models, 5×10 nested CV (50 total outer folds)
20:17:30  baselineEval.src.cross_validation  INFO       Saved: predictions_per_subject.csv
20:17:30  baselineEval.src.cross_validation  INFO       CV results: 100 rows → /srv/beegfs/scratch/shares/schaerm/schaer2/video_sam2_pose/humanLISBET-paper/baselineEval/results_stats_extended_target/full_kinematic_embedding/regression/VLDII_domVS/cv_results.csv
20:17:30  baselineEval.src.cross_validation  INFO     
── Regression summary (VLDII_domVS) ──
model     rmse       r2  spearman_r
lasso 2.641301 0.084410    0.377450
 lgbm 2.611574 0.101533    0.381219
20:17:30  ccnEvaluation         INFO     ── Held-out for VLDII_domVS (regression | full_kinematic_embedding) ──
20:17:30  baselineEval.src.held_out  INFO     Best regression model: lgbm (RMSE=2.6116 ± 0.2600)
20:17:31  baselineEval.src.held_out  INFO     Held-out regression (full_kinematic_embedding | VLDII_domVS): model=lgbm RMSE=2.319 [1.713, 2.902] R²=0.391 [-0.055, 0.524] ρ=0.672
20:17:34  baselineEval.src.plotting  INFO       Saved: shap_bar_top20.png and shap_beeswarm_top20.png
20:17:34  baselineEval.src.held_out  INFO     SHAP saved → /srv/beegfs/scratch/shares/schaerm/schaer2/video_sam2_pose/humanLISBET-paper/baselineEval/results_stats_extended_target/full_kinematic_embedding/held_out/regression/VLDII_domVS/shap
20:17:34  ccnEvaluation         INFO     ── CV for VLDII_ComSS (regression) ──
20:17:34  ccnEvaluation         INFO       X: (95, 462), y: (95,) (classes: [ 44.  52.  54.  58.  59.  61.  63.  64.  65.  66.  69.  71.  72.  73.
  74.  76.  79.  80.  81.  84.  85.  86.  89.  90.  91.  93.  95.  97.
 100. 101. 102. 103. 104. 105. 107. 108. 110. 112. 113. 116. 118. 121.
 122. 125.])
20:17:34  baselineEval.src.cross_validation  INFO     Regression CV: 2 models, 5×10 nested CV (50 total outer folds)
20:19:29  baselineEval.src.cross_validation  INFO       Saved: predictions_per_subject.csv
20:19:29  baselineEval.src.cross_validation  INFO       CV results: 100 rows → /srv/beegfs/scratch/shares/schaerm/schaer2/video_sam2_pose/humanLISBET-paper/baselineEval/results_stats_extended_target/full_kinematic_embedding/regression/VLDII_ComSS/cv_results.csv
20:19:29  baselineEval.src.cross_validation  INFO     
── Regression summary (VLDII_ComSS) ──
model      rmse       r2  spearman_r
lasso 17.707764 0.142985    0.441704
 lgbm 18.135478 0.092396    0.387878
20:19:29  ccnEvaluation         INFO     ── Held-out for VLDII_ComSS (regression | full_kinematic_embedding) ──
20:19:29  baselineEval.src.held_out  INFO     Best regression model: lasso (RMSE=17.7078 ± 1.7359)
20:19:30  baselineEval.src.held_out  INFO     Held-out regression (full_kinematic_embedding | VLDII_ComSS): model=lasso RMSE=17.609 [13.625, 21.035] R²=0.345 [-0.039, 0.522] ρ=0.591
20:19:33  baselineEval.src.plotting  INFO       Saved: shap_bar_top20.png and shap_beeswarm_top20.png
20:19:33  baselineEval.src.held_out  INFO     SHAP saved → /srv/beegfs/scratch/shares/schaerm/schaer2/video_sam2_pose/humanLISBET-paper/baselineEval/results_stats_extended_target/full_kinematic_embedding/held_out/regression/VLDII_ComSS/shap
20:19:33  ccnEvaluation         INFO     ── CV for VLDII_expVS (regression) ──
20:19:33  ccnEvaluation         INFO       X: (95, 462), y: (95,) (classes: [ 6.  7.  8.  9. 10. 11. 12. 13. 14. 15. 16. 17. 18. 19. 20.])
20:19:33  baselineEval.src.cross_validation  INFO     Regression CV: 2 models, 5×10 nested CV (50 total outer folds)
20:21:27  baselineEval.src.cross_validation  INFO       Saved: predictions_per_subject.csv
20:21:27  baselineEval.src.cross_validation  INFO       CV results: 100 rows → /srv/beegfs/scratch/shares/schaerm/schaer2/video_sam2_pose/humanLISBET-paper/baselineEval/results_stats_extended_target/full_kinematic_embedding/regression/VLDII_expVS/cv_results.csv
20:21:27  baselineEval.src.cross_validation  INFO     
── Regression summary (VLDII_expVS) ──
model     rmse       r2  spearman_r
lasso 3.433376 0.097098    0.427567
 lgbm 3.416366 0.106898    0.379605
20:21:27  ccnEvaluation         INFO     ── Held-out for VLDII_expVS (regression | full_kinematic_embedding) ──
20:21:27  baselineEval.src.held_out  INFO     Best regression model: lgbm (RMSE=3.4164 ± 0.3820)
20:21:28  baselineEval.src.held_out  INFO     Held-out regression (full_kinematic_embedding | VLDII_expVS): model=lgbm RMSE=3.273 [2.568, 3.977] R²=0.193 [-0.329, 0.411] ρ=0.408
20:21:30  baselineEval.src.plotting  INFO       Saved: shap_bar_top20.png and shap_beeswarm_top20.png
20:21:30  baselineEval.src.held_out  INFO     SHAP saved → /srv/beegfs/scratch/shares/schaerm/schaer2/video_sam2_pose/humanLISBET-paper/baselineEval/results_stats_extended_target/full_kinematic_embedding/held_out/regression/VLDII_expVS/shap
20:21:30  ccnEvaluation         INFO     ── CV for VLDII_recVS (regression) ──
20:21:30  ccnEvaluation         INFO       X: (95, 462), y: (95,) (classes: [ 3.  5.  6.  7.  8.  9. 10. 11. 12. 13. 14. 15. 16. 17. 18. 19. 20. 21.])
20:21:30  baselineEval.src.cross_validation  INFO     Regression CV: 2 models, 5×10 nested CV (50 total outer folds)
20:23:25  baselineEval.src.cross_validation  INFO       Saved: predictions_per_subject.csv
20:23:25  baselineEval.src.cross_validation  INFO       CV results: 100 rows → /srv/beegfs/scratch/shares/schaerm/schaer2/video_sam2_pose/humanLISBET-paper/baselineEval/results_stats_extended_target/full_kinematic_embedding/regression/VLDII_recVS/cv_results.csv
20:23:25  baselineEval.src.cross_validation  INFO     
── Regression summary (VLDII_recVS) ──
model     rmse       r2  spearman_r
lasso 3.531405 0.214888    0.528660
 lgbm 3.752288 0.111904    0.428497
20:23:25  ccnEvaluation         INFO     ── Held-out for VLDII_recVS (regression | full_kinematic_embedding) ──
20:23:25  baselineEval.src.held_out  INFO     Best regression model: lasso (RMSE=3.5314 ± 0.4487)
20:23:26  baselineEval.src.held_out  INFO     Held-out regression (full_kinematic_embedding | VLDII_recVS): model=lasso RMSE=3.705 [2.902, 4.384] R²=0.353 [-0.006, 0.511] ρ=0.681
20:23:29  baselineEval.src.plotting  INFO       Saved: shap_bar_top20.png and shap_beeswarm_top20.png
20:23:29  baselineEval.src.held_out  INFO     SHAP saved → /srv/beegfs/scratch/shares/schaerm/schaer2/video_sam2_pose/humanLISBET-paper/baselineEval/results_stats_extended_target/full_kinematic_embedding/held_out/regression/VLDII_recVS/shap
20:23:29  ccnEvaluation         INFO     ── CV for MSEL_TOTAL_DQ (regression) ──
20:23:29  ccnEvaluation         INFO       X: (100, 462), y: (100,) (classes: [ 18.02469136  32.43483412  34.59785415  38.08884914  38.95032984
  40.09469697  40.66399287  41.7597914   48.35352006  48.38185274
  48.56808071  49.32034527  52.60163835  52.78815173  53.41769972
  54.6043883   54.66514664  55.9129902   57.80945419  58.00856827
  58.01880411  58.49358974  60.55385401  60.73988735  61.21267952
  61.65540541  62.6717033   64.54699612  64.58014537  65.85307734
  66.03346902  66.56582561  67.46408956  68.67474001  69.12878788
  69.58887965  70.42091476  70.5832302   71.22161779  72.65127389
  72.74744284  73.39929215  73.55044202  73.63718709  74.37652068
  76.23385285  77.89159198  78.63298081  79.93217054  79.97485632
  80.39067013  81.47321429  82.45481928  83.44764518  83.72463299
  88.69235986  88.94106636  91.04190422  91.67078393  92.86194316
  92.9187448   93.08301946  94.84225533  95.62583836  96.63388805
  97.48931624  98.02617856 102.9518543  103.811149   107.0353937
 107.8029726  108.1764296  108.385181   108.6309524  108.7338226
 109.0520026  109.52137    111.8651489  112.1257819  112.192623
 112.5198886  112.8090659  112.8284389  113.5791843  115.0573568
 116.0376082  116.1326915  118.2653171  119.351962   120.5538618
 121.574912   125.622437   128.0608788  130.5093403  130.8806655
 132.3244751  135.4820159  139.7760116  149.1013072  149.4299051 ])
20:23:29  baselineEval.src.cross_validation  INFO     Regression CV: 2 models, 5×10 nested CV (50 total outer folds)
20:25:30  baselineEval.src.cross_validation  INFO       Saved: predictions_per_subject.csv
20:25:30  baselineEval.src.cross_validation  INFO       CV results: 100 rows → /srv/beegfs/scratch/shares/schaerm/schaer2/video_sam2_pose/humanLISBET-paper/baselineEval/results_stats_extended_target/full_kinematic_embedding/regression/MSEL_TOTAL_DQ/cv_results.csv
20:25:30  baselineEval.src.cross_validation  INFO     
── Regression summary (MSEL_TOTAL_DQ) ──
model      rmse       r2  spearman_r
lasso 25.153794 0.238172    0.545444
 lgbm 26.019531 0.178301    0.469895
20:25:30  ccnEvaluation         INFO     ── Held-out for MSEL_TOTAL_DQ (regression | full_kinematic_embedding) ──
20:25:30  baselineEval.src.held_out  INFO     Best regression model: lasso (RMSE=25.1538 ± 2.9117)
20:25:31  baselineEval.src.held_out  INFO     Held-out regression (full_kinematic_embedding | MSEL_TOTAL_DQ): model=lasso RMSE=25.412 [19.768, 30.811] R²=0.405 [0.066, 0.532] ρ=0.799
20:25:34  baselineEval.src.plotting  INFO       Saved: shap_bar_top20.png and shap_beeswarm_top20.png
20:25:34  baselineEval.src.held_out  INFO     SHAP saved → /srv/beegfs/scratch/shares/schaerm/schaer2/video_sam2_pose/humanLISBET-paper/baselineEval/results_stats_extended_target/full_kinematic_embedding/held_out/regression/MSEL_TOTAL_DQ/shap
20:25:34  ccnEvaluation         INFO     ── CV for MSEL_FM_DQ (regression) ──
20:25:34  ccnEvaluation         INFO       X: (100, 462), y: (100,) (classes: [ 18.02469136  46.4649432   48.97137746  50.05646983  54.38484461
  55.25934702  55.26116578  55.3030303   59.06148867  60.89132507
  63.6627907   63.73690338  64.77896096  65.16194848  65.41218638
  65.72629052  69.06338694  69.12878788  69.33210784  70.91968912
  73.53479853  75.06258941  75.18022657  75.486618    75.66334992
  75.86923658  75.90612002  75.91514143  77.07927225  77.89159198
  78.29257829  79.43695591  79.91242474  80.18453427  80.89539007
  80.95690748  82.62072435  82.81765677  83.43724023  83.84379786
  83.94209957  85.6233244   85.79059829  85.92278719  87.62002743
  87.84596871  87.86462758  87.98209366  89.15229885  90.64569536
  90.75497288  90.7960199   92.60343482  92.99363057  93.43003413
  93.95109395  95.05208333  95.38327526  96.20155039  96.63388805
  96.66313559  97.1113645   97.65160523  97.76785714  98.45857418
  98.95429899  98.97788903  99.40087146  99.64898596 102.1903821
 102.8432377  103.6931818  103.811149   104.7045324  105.1267281
 105.4303871  106.1046512  106.538237   107.1589883  108.1764296
 108.201581   108.6309524  109.939759   111.4163614  111.6891065
 112.258348   112.5198886  113.5687229  114.1644325  115.1790314
 119.8555166  120.5538618  121.1819389  121.197515   121.574912
 122.124634   122.1456693  122.8956229  123.8687783  143.1372549 ])
20:25:34  baselineEval.src.cross_validation  INFO     Regression CV: 2 models, 5×10 nested CV (50 total outer folds)
20:27:35  baselineEval.src.cross_validation  INFO       Saved: predictions_per_subject.csv
20:27:35  baselineEval.src.cross_validation  INFO       CV results: 100 rows → /srv/beegfs/scratch/shares/schaerm/schaer2/video_sam2_pose/humanLISBET-paper/baselineEval/results_stats_extended_target/full_kinematic_embedding/regression/MSEL_FM_DQ/cv_results.csv
20:27:35  baselineEval.src.cross_validation  INFO     
── Regression summary (MSEL_FM_DQ) ──
model      rmse       r2  spearman_r
lasso 20.512676 0.054322    0.381922
 lgbm 20.479794 0.053085    0.331068
20:27:35  ccnEvaluation         INFO     ── Held-out for MSEL_FM_DQ (regression | full_kinematic_embedding) ──
20:27:35  baselineEval.src.held_out  INFO     Best regression model: lgbm (RMSE=20.4798 ± 3.1101)
20:27:36  baselineEval.src.held_out  INFO     Held-out regression (full_kinematic_embedding | MSEL_FM_DQ): model=lgbm RMSE=20.051 [13.169, 25.967] R²=0.157 [-0.298, 0.331] ρ=0.564
20:27:38  baselineEval.src.plotting  INFO       Saved: shap_bar_top20.png and shap_beeswarm_top20.png
20:27:38  baselineEval.src.held_out  INFO     SHAP saved → /srv/beegfs/scratch/shares/schaerm/schaer2/video_sam2_pose/humanLISBET-paper/baselineEval/results_stats_extended_target/full_kinematic_embedding/held_out/regression/MSEL_FM_DQ/shap
20:27:38  ccnEvaluation         INFO     ── CV for MSEL_VR_DQ (regression) ──
20:27:38  ccnEvaluation         INFO       X: (100, 462), y: (100,) (classes: [ 24.78395062  38.27847693  40.84386519  44.24242424  48.97137746
  55.48645661  56.65502522  56.92959002  62.16881151  62.75283172
  64.71631206  65.27181688  65.72629052  66.12318841  66.69049889
  67.74833589  69.92337165  70.46332046  70.66795741  71.15009747
  72.16608084  73.80514706  73.80800341  75.41322314  76.86522262
  77.69631031  77.99145299  78.31273601  78.41474446  78.6637931
  79.18580909  79.31783825  80.21978022  83.77964805  84.0389186
  84.56192081  84.81797057  84.88372093  85.28037383  87.43066062
  88.66708914  89.11889597  89.35566001  89.46078431  89.57533077
  89.615829    90.15860634  92.33630952  93.50512357  93.81764069
  94.1109736   94.6140553   96.17918314  96.20155039  97.93244949
  98.97788903 100.5796275  102.1289538  103.2884465  104.0746873
 104.3095565  106.0098302  106.3795337  108.127254   109.5515537
 110.1055807  110.1609658  110.297536   111.6891065  113.7780549
 114.2017705  114.5637163  115.3090847  116.9871795  118.5064935
 121.4642263  123.6822289  124.5733788  125.1905488  125.2213369
 129.0167095  130.7503771  133.1727963  133.6408905  133.8188664
 134.9544937  135.1851852  136.0094851  136.515748   146.7828418
 147.3675711  148.8166269  148.8393977  151.821572   153.0708874
 158.9721254  159.8073555  175.8188825  192.7226814 ])
20:27:38  baselineEval.src.cross_validation  INFO     Regression CV: 2 models, 5×10 nested CV (50 total outer folds)
20:29:39  baselineEval.src.cross_validation  INFO       Saved: predictions_per_subject.csv
20:29:39  baselineEval.src.cross_validation  INFO       CV results: 100 rows → /srv/beegfs/scratch/shares/schaerm/schaer2/video_sam2_pose/humanLISBET-paper/baselineEval/results_stats_extended_target/full_kinematic_embedding/regression/MSEL_VR_DQ/cv_results.csv
20:29:39  baselineEval.src.cross_validation  INFO     
── Regression summary (MSEL_VR_DQ) ──
model      rmse       r2  spearman_r
lasso 29.896814 0.084127    0.381822
 lgbm 29.678592 0.092853    0.373535
20:29:39  ccnEvaluation         INFO     ── Held-out for MSEL_VR_DQ (regression | full_kinematic_embedding) ──
20:29:39  baselineEval.src.held_out  INFO     Best regression model: lgbm (RMSE=29.6786 ± 4.0131)
20:29:40  baselineEval.src.held_out  INFO     Held-out regression (full_kinematic_embedding | MSEL_VR_DQ): model=lgbm RMSE=28.603 [22.060, 34.551] R²=0.276 [-0.402, 0.548] ρ=0.532
20:29:43  baselineEval.src.plotting  INFO       Saved: shap_bar_top20.png and shap_beeswarm_top20.png
20:29:43  baselineEval.src.held_out  INFO     SHAP saved → /srv/beegfs/scratch/shares/schaerm/schaer2/video_sam2_pose/humanLISBET-paper/baselineEval/results_stats_extended_target/full_kinematic_embedding/held_out/regression/MSEL_VR_DQ/shap
20:29:43  ccnEvaluation         INFO     ── CV for MSEL_LR_DQ (regression) ──
20:29:43  ccnEvaluation         INFO       X: (100, 462), y: (100,) (classes: [  3.88463176   4.06639929   6.75925926   9.87554113  12.01290153
  16.59090909  18.70972466  20.22384752  20.94811754  21.24563446
  25.56022409  26.50048403  28.99586908  29.92695289  32.38948048
  32.63590844  35.30956329  37.26391016  38.9957265   40.25735294
  40.48807543  43.06091806  44.2961165   44.83182162  46.05097149
  46.79487179  47.45189808  48.93770627  50.11618082  50.37154989
  52.84749035  53.52588625  53.65219358  54.90373045  59.29174789
  59.55070281  62.02209006  62.16545012  62.65018881  63.07603687
  64.61056645  64.9288451   66.12318841  66.75811614  70.61011905
  70.91968912  71.94102807  73.19518717  74.25406872  76.30178639
  76.39534884  77.74980635  77.81007752  77.89159198  78.6637931
  79.07279029  79.43695591  80.19460138  82.52583979  83.43724023
  83.56227106  84.15678524  87.60560676  91.80080483  96.34238311
  96.50411281 102.7847309  104.0746873  105.9596995  107.2715207
 108.1764296  108.8902148  110.0871314  115.4120767  115.9171748
 116.9871795  117.5351288  118.5064935  119.2178672  119.8802164
 120.1122726  120.9753788  121.1819389  122.3190349  122.5189726
 124.5733788  126.9356955  127.766486   128.1288156  130.2021403
 130.5093403  132.9263068  138.2575758  142.6500252  144.1714836
 144.3321617  147.1132898  148.8393977  153.6195286  157.0567986 ])
20:29:43  baselineEval.src.cross_validation  INFO     Regression CV: 2 models, 5×10 nested CV (50 total outer folds)
20:31:44  baselineEval.src.cross_validation  INFO       Saved: predictions_per_subject.csv
20:31:44  baselineEval.src.cross_validation  INFO       CV results: 100 rows → /srv/beegfs/scratch/shares/schaerm/schaer2/video_sam2_pose/humanLISBET-paper/baselineEval/results_stats_extended_target/full_kinematic_embedding/regression/MSEL_LR_DQ/cv_results.csv
20:31:44  baselineEval.src.cross_validation  INFO     
── Regression summary (MSEL_LR_DQ) ──
model      rmse       r2  spearman_r
lasso 33.955848 0.275843    0.594556
 lgbm 34.863853 0.234590    0.521353
20:31:44  ccnEvaluation         INFO     ── Held-out for MSEL_LR_DQ (regression | full_kinematic_embedding) ──
20:31:44  baselineEval.src.held_out  INFO     Best regression model: lasso (RMSE=33.9558 ± 3.1931)
20:31:45  baselineEval.src.held_out  INFO     Held-out regression (full_kinematic_embedding | MSEL_LR_DQ): model=lasso RMSE=32.066 [22.806, 39.820] R²=0.500 [0.161, 0.671] ρ=0.745
20:31:48  baselineEval.src.plotting  INFO       Saved: shap_bar_top20.png and shap_beeswarm_top20.png
20:31:48  baselineEval.src.held_out  INFO     SHAP saved → /srv/beegfs/scratch/shares/schaerm/schaer2/video_sam2_pose/humanLISBET-paper/baselineEval/results_stats_extended_target/full_kinematic_embedding/held_out/regression/MSEL_LR_DQ/shap
20:31:48  ccnEvaluation         INFO     ── CV for MSEL_LE_DQ (regression) ──
20:31:48  ccnEvaluation         INFO       X: (100, 462), y: (100,) (classes: [  9.94008715  14.16375631  17.66698935  21.62322275  22.5308642
  23.71669916  24.48568873  29.32736455  29.93313147  31.1965812
  31.83139535  32.5311943   34.96168582  35.3339787   36.51460584
  36.64658635  37.69462981  40.09226714  40.25735294  40.48807543
  41.27091814  41.92189893  43.37492573  44.24242424  44.2961165
  44.43993506  44.83182162  45.69027182  46.51656754  46.72299027
  47.44367418  50.11618082  50.12015105  50.13736264  50.93023256
  52.58200355  54.8048048   55.8530987   56.46658416  56.94227769
  57.72506083  58.12101911  59.82097832  59.93431856  60.11198946
  61.49957877  65.17857143  65.57490326  66.18574582  66.20785318
  69.12878788  69.55030488  71.37484958  72.66780432  73.41954023
  75.10288066  76.33526384  77.99145299  78.1455863   79.85282418
  80.57395143  81.54602324  82.20720721  83.94209957  84.10138249
  85.23058961  86.67962003  89.35128519  89.92073693  90.17483846
  91.02244389  91.36420526  91.65097301  93.77792672  94.24218952
  96.25527426  96.94555113  97.92085848 100.2099483  100.2747253
 103.2239819  106.0553231  108.127254   109.939759   111.2804878
 111.8651489  112.258348   114.1922639  115.7352358  116.9871795
 120.9753788  122.124634   124.6584699  128.4817876  128.8841808
 137.775842   140.655106   143.7007874  170.9694989 ])
20:31:48  baselineEval.src.cross_validation  INFO     Regression CV: 2 models, 5×10 nested CV (50 total outer folds)
20:33:49  baselineEval.src.cross_validation  INFO       Saved: predictions_per_subject.csv
20:33:49  baselineEval.src.cross_validation  INFO       CV results: 100 rows → /srv/beegfs/scratch/shares/schaerm/schaer2/video_sam2_pose/humanLISBET-paper/baselineEval/results_stats_extended_target/full_kinematic_embedding/regression/MSEL_LE_DQ/cv_results.csv
20:33:49  baselineEval.src.cross_validation  INFO     
── Regression summary (MSEL_LE_DQ) ──
model      rmse       r2  spearman_r
lasso 30.282449 0.186550    0.493358
 lgbm 29.740825 0.210414    0.513581
20:33:49  ccnEvaluation         INFO     ── Held-out for MSEL_LE_DQ (regression | full_kinematic_embedding) ──
20:33:49  baselineEval.src.held_out  INFO     Best regression model: lgbm (RMSE=29.7408 ± 4.2308)
20:33:50  baselineEval.src.held_out  INFO     Held-out regression (full_kinematic_embedding | MSEL_LE_DQ): model=lgbm RMSE=32.308 [23.623, 40.435] R²=0.254 [-0.403, 0.501] ρ=0.493
20:33:53  baselineEval.src.plotting  INFO       Saved: shap_bar_top20.png and shap_beeswarm_top20.png
20:33:53  baselineEval.src.held_out  INFO     SHAP saved → /srv/beegfs/scratch/shares/schaerm/schaer2/video_sam2_pose/humanLISBET-paper/baselineEval/results_stats_extended_target/full_kinematic_embedding/held_out/regression/MSEL_LE_DQ/shap
20:33:53  ccnEvaluation         INFO     ── CV for MSEL_NV_DQ (regression) ──
20:33:53  ccnEvaluation         INFO       X: (100, 462), y: (100,) (classes: [ 21.40432099  44.16747338  48.05160611  48.97137746  49.77272727
  58.71498864  60.1959643   60.90716019  63.02918895  63.79091198
  64.09642401  65.57490326  65.72629052  66.58026114  67.72345918
  67.91030161  70.16720315  71.56862745  72.80585106  73.37984863
  74.11468486  74.27325581  74.37794938  74.47079827  74.91789819
  76.17530756  76.74648129  76.87728938  77.59353741  79.97251931
  81.51480347  81.6976584   81.89102564  81.99943836  82.20720721
  82.35559567  83.73346137  83.90804598  84.15678524  84.60538218
  84.81199831  86.57250071  88.46431518  88.6496114   88.80778589
  88.87987013  91.05626327  91.88613478  92.03227433  92.13004822
  94.43082789  94.90379615  95.05208333  95.96479195  96.20155039
  96.39084507  96.49226641  97.36019132  97.52310803  97.94594067
  98.60764755  98.68968386  98.84549601  98.97788903  99.87039171
 100.2432517  102.1903821  103.1073446  109.0017065  109.0761612
 109.2369828  110.0871314  111.4163614  111.6531427  111.6891065
 114.2017705  115.7352358  116.0376082  116.2030831  116.810994
 116.9871795  119.3828214  119.8555166  121.5842367  122.8722053
 122.9496192  123.2016379  125.1071123  126.1626445  126.7361111
 127.1777003  128.2630522  128.3820346  129.3307087  130.6682578
 135.4820159  137.1387283  139.16122    139.8314361  157.8091521 ])
20:33:53  baselineEval.src.cross_validation  INFO     Regression CV: 2 models, 5×10 nested CV (50 total outer folds)
20:35:53  baselineEval.src.cross_validation  INFO       Saved: predictions_per_subject.csv
20:35:53  baselineEval.src.cross_validation  INFO       CV results: 100 rows → /srv/beegfs/scratch/shares/schaerm/schaer2/video_sam2_pose/humanLISBET-paper/baselineEval/results_stats_extended_target/full_kinematic_embedding/regression/MSEL_NV_DQ/cv_results.csv
20:35:53  baselineEval.src.cross_validation  INFO     
── Regression summary (MSEL_NV_DQ) ──
model      rmse       r2  spearman_r
lasso 23.573288 0.074598    0.424499
 lgbm 23.153071 0.100116    0.398647
20:35:53  ccnEvaluation         INFO     ── Held-out for MSEL_NV_DQ (regression | full_kinematic_embedding) ──
20:35:53  baselineEval.src.held_out  INFO     Best regression model: lgbm (RMSE=23.1531 ± 2.7500)
20:35:54  baselineEval.src.held_out  INFO     Held-out regression (full_kinematic_embedding | MSEL_NV_DQ): model=lgbm RMSE=21.495 [16.397, 26.134] R²=0.316 [-0.116, 0.545] ρ=0.507
20:35:57  baselineEval.src.plotting  INFO       Saved: shap_bar_top20.png and shap_beeswarm_top20.png
20:35:57  baselineEval.src.held_out  INFO     SHAP saved → /srv/beegfs/scratch/shares/schaerm/schaer2/video_sam2_pose/humanLISBET-paper/baselineEval/results_stats_extended_target/full_kinematic_embedding/held_out/regression/MSEL_NV_DQ/shap
20:35:57  ccnEvaluation         INFO     ── CV for MSEL_V_DQ (regression) ──
20:35:57  ccnEvaluation         INFO       X: (100, 462), y: (100,) (classes: [ 14.64506173  16.81806214  17.70469538  18.29879679  19.42315879
  25.02823491  25.13774105  27.1577381   27.20632081  29.4009959
  30.41666667  30.91723136  31.03741497  33.34524944  35.09615385
  36.40292553  37.2753268   37.99205148  39.16309013  39.59290454
  40.25735294  40.48807543  41.50422352  44.2961165   44.83182162
  47.46155586  48.09864458  48.46611722  48.93286143  50.11618082
  50.44223328  52.19708788  52.70214521  54.2462845   54.2693288
  54.68949248  54.82073643  54.89951357  56.38516993  58.28505645
  59.94525547  62.43158183  63.11758893  63.13929001  63.25823224
  63.6627907   64.59137709  67.89434524  69.06338694  70.46826734
  70.9304984   72.04972258  76.04166667  78.79965458  80.77686203
  81.15118577  83.23831243  85.25467149  85.85349462  85.92278719
  85.99599793  87.22984206  89.35566001  91.36789406  92.32431935
  92.73373984  94.37151949  94.86083166  95.8165773   97.07446809
  98.62059158  99.7831825  101.2242965  101.2355018  102.3816809
 103.6931818  103.8747811  107.1158763  108.0484808  109.063745
 110.7318923  111.4235219  114.0037352  114.2017705  115.3090847
 116.9871795  119.5234869  120.9753788  121.0967994  121.1872446
 122.9686881  124.051024   128.2952548  128.9440573  133.4982788
 135.3182415  135.4820159  141.0506581  142.4132948  159.0413943 ])
20:35:57  baselineEval.src.cross_validation  INFO     Regression CV: 2 models, 5×10 nested CV (50 total outer folds)
20:37:59  baselineEval.src.cross_validation  INFO       Saved: predictions_per_subject.csv
20:37:59  baselineEval.src.cross_validation  INFO       CV results: 100 rows → /srv/beegfs/scratch/shares/schaerm/schaer2/video_sam2_pose/humanLISBET-paper/baselineEval/results_stats_extended_target/full_kinematic_embedding/regression/MSEL_V_DQ/cv_results.csv
20:37:59  baselineEval.src.cross_validation  INFO     
── Regression summary (MSEL_V_DQ) ──
model      rmse       r2  spearman_r
lasso 29.165013 0.312263    0.613925
 lgbm 30.443762 0.245132    0.529684
20:37:59  ccnEvaluation         INFO     ── Held-out for MSEL_V_DQ (regression | full_kinematic_embedding) ──
20:37:59  baselineEval.src.held_out  INFO     Best regression model: lasso (RMSE=29.1650 ± 3.3384)
20:38:00  baselineEval.src.held_out  INFO     Held-out regression (full_kinematic_embedding | MSEL_V_DQ): model=lasso RMSE=30.479 [23.343, 38.146] R²=0.442 [0.002, 0.617] ρ=0.799
20:38:03  baselineEval.src.plotting  INFO       Saved: shap_bar_top20.png and shap_beeswarm_top20.png
20:38:03  baselineEval.src.held_out  INFO     SHAP saved → /srv/beegfs/scratch/shares/schaerm/schaer2/video_sam2_pose/humanLISBET-paper/baselineEval/results_stats_extended_target/full_kinematic_embedding/held_out/regression/MSEL_V_DQ/shap
20:38:03  ccnEvaluation         INFO     ═══ Step 5: Statistical comparison ═══
20:38:03  baselineEval.src.comparison  INFO       embedding vs full_kinematic (diagnosis, auc_roc): W=430.0, p=0.0695 (p_corr=0.4167), r=0.298 
20:38:03  baselineEval.src.comparison  INFO       embedding vs full_kinematic_embedding (diagnosis, auc_roc): W=422.0, p=0.0581 (p_corr=0.3485), r=0.311 
20:38:03  baselineEval.src.comparison  INFO       embedding vs motor_only (diagnosis, auc_roc): W=439.0, p=0.1264 (p_corr=0.7586), r=0.253 
20:38:03  baselineEval.src.comparison  INFO       full_kinematic vs full_kinematic_embedding (diagnosis, auc_roc): W=511.5, p=0.3150 (p_corr=1.0000), r=0.165 
20:38:03  baselineEval.src.comparison  INFO       full_kinematic vs motor_only (diagnosis, auc_roc): W=458.0, p=0.2619 (p_corr=1.0000), r=0.188 
20:38:03  baselineEval.src.comparison  INFO       full_kinematic_embedding vs motor_only (diagnosis, auc_roc): W=561.0, p=0.7818 (p_corr=1.0000), r=0.046 
20:38:03  baselineEval.src.comparison  INFO       Saved: /srv/beegfs/scratch/shares/schaerm/schaer2/video_sam2_pose/humanLISBET-paper/baselineEval/results_stats_extended_target/comparison/diagnosis/comparison_results.csv
/srv/beegfs/scratch/shares/schaerm/schaer2/video_sam2_pose/humanLISBET-paper/baselineEval/src/comparison.py:86: FutureWarning: The behavior of Series.idxmax with all-NA values, or any-NA and skipna=False, is deprecated. In a future version this will raise ValueError
  chosen = agg.idxmax()
/srv/beegfs/scratch/shares/schaerm/schaer2/video_sam2_pose/humanLISBET-paper/baselineEval/src/comparison.py:86: FutureWarning: The behavior of Series.idxmax with all-NA values, or any-NA and skipna=False, is deprecated. In a future version this will raise ValueError
  chosen = agg.idxmax()
/srv/beegfs/scratch/shares/schaerm/schaer2/video_sam2_pose/humanLISBET-paper/baselineEval/src/comparison.py:86: FutureWarning: The behavior of Series.idxmax with all-NA values, or any-NA and skipna=False, is deprecated. In a future version this will raise ValueError
  chosen = agg.idxmax()
/srv/beegfs/scratch/shares/schaerm/schaer2/video_sam2_pose/humanLISBET-paper/baselineEval/src/comparison.py:86: FutureWarning: The behavior of Series.idxmax with all-NA values, or any-NA and skipna=False, is deprecated. In a future version this will raise ValueError
  chosen = agg.idxmax()
/home/shares/schaerm/schaer2/thibaut/humanlisbet/lisbet_venv/lib/python3.12/site-packages/numpy/_core/fromnumeric.py:3596: RuntimeWarning: Mean of empty slice.
  return _methods._mean(a, axis=axis, dtype=dtype,
/home/shares/schaerm/schaer2/thibaut/humanlisbet/lisbet_venv/lib/python3.12/site-packages/numpy/_core/_methods.py:138: RuntimeWarning: invalid value encountered in scalar divide
  ret = ret.dtype.type(ret / rcount)
20:38:03  baselineEval.src.comparison  INFO       Saved: /srv/beegfs/scratch/shares/schaerm/schaer2/video_sam2_pose/humanLISBET-paper/baselineEval/results_stats_extended_target/comparison/ADOS_2_ADOS_G_revised_RRB_level_of_symptoms/comparison_results.csv
/srv/beegfs/scratch/shares/schaerm/schaer2/video_sam2_pose/humanLISBET-paper/baselineEval/src/comparison.py:86: FutureWarning: The behavior of Series.idxmax with all-NA values, or any-NA and skipna=False, is deprecated. In a future version this will raise ValueError
  chosen = agg.idxmax()
/srv/beegfs/scratch/shares/schaerm/schaer2/video_sam2_pose/humanLISBET-paper/baselineEval/src/comparison.py:86: FutureWarning: The behavior of Series.idxmax with all-NA values, or any-NA and skipna=False, is deprecated. In a future version this will raise ValueError
  chosen = agg.idxmax()
/srv/beegfs/scratch/shares/schaerm/schaer2/video_sam2_pose/humanLISBET-paper/baselineEval/src/comparison.py:86: FutureWarning: The behavior of Series.idxmax with all-NA values, or any-NA and skipna=False, is deprecated. In a future version this will raise ValueError
  chosen = agg.idxmax()
/srv/beegfs/scratch/shares/schaerm/schaer2/video_sam2_pose/humanLISBET-paper/baselineEval/src/comparison.py:86: FutureWarning: The behavior of Series.idxmax with all-NA values, or any-NA and skipna=False, is deprecated. In a future version this will raise ValueError
  chosen = agg.idxmax()
/home/shares/schaerm/schaer2/thibaut/humanlisbet/lisbet_venv/lib/python3.12/site-packages/numpy/_core/fromnumeric.py:3596: RuntimeWarning: Mean of empty slice.
  return _methods._mean(a, axis=axis, dtype=dtype,
/home/shares/schaerm/schaer2/thibaut/humanlisbet/lisbet_venv/lib/python3.12/site-packages/numpy/_core/_methods.py:138: RuntimeWarning: invalid value encountered in scalar divide
  ret = ret.dtype.type(ret / rcount)
20:38:03  baselineEval.src.comparison  INFO       Saved: /srv/beegfs/scratch/shares/schaerm/schaer2/video_sam2_pose/humanLISBET-paper/baselineEval/results_stats_extended_target/comparison/ADOS_2_ADOS_G_REVISED_SA_LEVEL_OF_SYMPTOMS/comparison_results.csv
20:38:03  baselineEval.src.comparison  INFO       embedding vs full_kinematic (ADOS_G_ADOS_2_TOTAL_score_de_severite, rmse): W=248.0, p=0.0001 (p_corr=0.0006), r=0.611 ***
20:38:03  baselineEval.src.comparison  INFO       embedding vs full_kinematic_embedding (ADOS_G_ADOS_2_TOTAL_score_de_severite, rmse): W=303.0, p=0.0010 (p_corr=0.0057), r=0.525 ***
20:38:03  baselineEval.src.comparison  INFO       embedding vs motor_only (ADOS_G_ADOS_2_TOTAL_score_de_severite, rmse): W=306.0, p=0.0011 (p_corr=0.0064), r=0.520 ***
20:38:03  baselineEval.src.comparison  INFO       full_kinematic vs full_kinematic_embedding (ADOS_G_ADOS_2_TOTAL_score_de_severite, rmse): W=444.0, p=0.0621 (p_corr=0.3724), r=0.304 
20:38:03  baselineEval.src.comparison  INFO       full_kinematic vs motor_only (ADOS_G_ADOS_2_TOTAL_score_de_severite, rmse): W=496.0, p=0.1750 (p_corr=1.0000), r=0.222 
20:38:03  baselineEval.src.comparison  INFO       full_kinematic_embedding vs motor_only (ADOS_G_ADOS_2_TOTAL_score_de_severite, rmse): W=547.0, p=0.3882 (p_corr=1.0000), r=0.142 
20:38:03  baselineEval.src.comparison  INFO       Saved: /srv/beegfs/scratch/shares/schaerm/schaer2/video_sam2_pose/humanLISBET-paper/baselineEval/results_stats_extended_target/comparison/ADOS_G_ADOS_2_TOTAL_score_de_severite/comparison_results.csv
20:38:03  baselineEval.src.comparison  INFO       embedding vs full_kinematic (ADOS_2_ADOS_G_REVISED_SA_SEVERITY_SCORE, rmse): W=79.0, p=0.0000 (p_corr=0.0000), r=0.876 ***
20:38:03  baselineEval.src.comparison  INFO       embedding vs full_kinematic_embedding (ADOS_2_ADOS_G_REVISED_SA_SEVERITY_SCORE, rmse): W=78.0, p=0.0000 (p_corr=0.0000), r=0.878 ***
20:38:03  baselineEval.src.comparison  INFO       embedding vs motor_only (ADOS_2_ADOS_G_REVISED_SA_SEVERITY_SCORE, rmse): W=71.0, p=0.0000 (p_corr=0.0000), r=0.889 ***
20:38:03  baselineEval.src.comparison  INFO       full_kinematic vs full_kinematic_embedding (ADOS_2_ADOS_G_REVISED_SA_SEVERITY_SCORE, rmse): W=621.0, p=0.8783 (p_corr=1.0000), r=0.026 
20:38:03  baselineEval.src.comparison  INFO       full_kinematic vs motor_only (ADOS_2_ADOS_G_REVISED_SA_SEVERITY_SCORE, rmse): W=581.0, p=0.5918 (p_corr=1.0000), r=0.089 
20:38:03  baselineEval.src.comparison  INFO       full_kinematic_embedding vs motor_only (ADOS_2_ADOS_G_REVISED_SA_SEVERITY_SCORE, rmse): W=563.0, p=0.4783 (p_corr=1.0000), r=0.117 
20:38:03  baselineEval.src.comparison  INFO       Saved: /srv/beegfs/scratch/shares/schaerm/schaer2/video_sam2_pose/humanLISBET-paper/baselineEval/results_stats_extended_target/comparison/ADOS_2_ADOS_G_REVISED_SA_SEVERITY_SCORE/comparison_results.csv
20:38:03  baselineEval.src.comparison  INFO       embedding vs full_kinematic (ADOS_2_ADOS_G_REVISED_RRB_SEVERITY_SCORE_new, rmse): W=365.0, p=0.0078 (p_corr=0.0471), r=0.427 ***
20:38:03  baselineEval.src.comparison  INFO       embedding vs full_kinematic_embedding (ADOS_2_ADOS_G_REVISED_RRB_SEVERITY_SCORE_new, rmse): W=442.0, p=0.0594 (p_corr=0.3561), r=0.307 
20:38:03  baselineEval.src.comparison  INFO       embedding vs motor_only (ADOS_2_ADOS_G_REVISED_RRB_SEVERITY_SCORE_new, rmse): W=449.0, p=0.0693 (p_corr=0.4158), r=0.296 
20:38:03  baselineEval.src.comparison  INFO       full_kinematic vs full_kinematic_embedding (ADOS_2_ADOS_G_REVISED_RRB_SEVERITY_SCORE_new, rmse): W=481.0, p=0.1330 (p_corr=0.7978), r=0.245 
20:38:03  baselineEval.src.comparison  INFO       full_kinematic vs motor_only (ADOS_2_ADOS_G_REVISED_RRB_SEVERITY_SCORE_new, rmse): W=499.0, p=0.1844 (p_corr=1.0000), r=0.217 
20:38:03  baselineEval.src.comparison  INFO       full_kinematic_embedding vs motor_only (ADOS_2_ADOS_G_REVISED_RRB_SEVERITY_SCORE_new, rmse): W=590.0, p=0.6528 (p_corr=1.0000), r=0.075 
20:38:03  baselineEval.src.comparison  INFO       Saved: /srv/beegfs/scratch/shares/schaerm/schaer2/video_sam2_pose/humanLISBET-paper/baselineEval/results_stats_extended_target/comparison/ADOS_2_ADOS_G_REVISED_RRB_SEVERITY_SCORE_new/comparison_results.csv
20:38:03  baselineEval.src.comparison  INFO       embedding vs full_kinematic (VLDII_AdSS, rmse): W=510.0, p=0.2223 (p_corr=1.0000), r=0.200 
20:38:03  baselineEval.src.comparison  INFO       embedding vs full_kinematic_embedding (VLDII_AdSS, rmse): W=540.0, p=0.3522 (p_corr=1.0000), r=0.153 
20:38:03  baselineEval.src.comparison  INFO       embedding vs motor_only (VLDII_AdSS, rmse): W=445.0, p=0.0635 (p_corr=0.3808), r=0.302 
20:38:03  baselineEval.src.comparison  INFO       full_kinematic vs full_kinematic_embedding (VLDII_AdSS, rmse): W=381.0, p=0.0213 (p_corr=0.1277), r=0.378 
20:38:03  baselineEval.src.comparison  INFO       full_kinematic vs motor_only (VLDII_AdSS, rmse): W=415.0, p=0.0313 (p_corr=0.1876), r=0.349 
20:38:03  baselineEval.src.comparison  INFO       full_kinematic_embedding vs motor_only (VLDII_AdSS, rmse): W=304.0, p=0.0010 (p_corr=0.0059), r=0.523 ***
20:38:03  baselineEval.src.comparison  INFO       Saved: /srv/beegfs/scratch/shares/schaerm/schaer2/video_sam2_pose/humanLISBET-paper/baselineEval/results_stats_extended_target/comparison/VLDII_AdSS/comparison_results.csv
20:38:03  baselineEval.src.comparison  INFO       embedding vs full_kinematic (VLDII_MotorSS, rmse): W=140.0, p=0.0121 (p_corr=0.0724), r=0.501 
20:38:03  baselineEval.src.comparison  INFO       embedding vs full_kinematic_embedding (VLDII_MotorSS, rmse): W=52.0, p=0.0029 (p_corr=0.0177), r=0.680 ***
20:38:03  baselineEval.src.comparison  INFO       embedding vs motor_only (VLDII_MotorSS, rmse): W=128.0, p=0.0187 (p_corr=0.1122), r=0.484 
20:38:03  baselineEval.src.comparison  INFO       full_kinematic vs full_kinematic_embedding (VLDII_MotorSS, rmse): W=170.0, p=0.4524 (p_corr=1.0000), r=0.163 
20:38:03  baselineEval.src.comparison  INFO       full_kinematic vs motor_only (VLDII_MotorSS, rmse): W=40.0, p=0.2560 (p_corr=1.0000), r=0.333 
20:38:03  baselineEval.src.comparison  INFO       full_kinematic_embedding vs motor_only (VLDII_MotorSS, rmse): W=160.0, p=0.4860 (p_corr=1.0000), r=0.153 
20:38:03  baselineEval.src.comparison  INFO       Saved: /srv/beegfs/scratch/shares/schaerm/schaer2/video_sam2_pose/humanLISBET-paper/baselineEval/results_stats_extended_target/comparison/VLDII_MotorSS/comparison_results.csv
20:38:03  baselineEval.src.comparison  INFO       embedding vs full_kinematic (VLDII_gmsVS, rmse): W=163.0, p=0.7509 (p_corr=1.0000), r=0.071 
20:38:03  baselineEval.src.comparison  INFO       embedding vs full_kinematic_embedding (VLDII_gmsVS, rmse): W=12.0, p=0.0023 (p_corr=0.0136), r=0.843 ***
20:38:03  baselineEval.src.comparison  INFO       embedding vs motor_only (VLDII_gmsVS, rmse): W=142.0, p=0.8192 (p_corr=1.0000), r=0.053 
20:38:03  baselineEval.src.comparison  INFO       full_kinematic vs full_kinematic_embedding (VLDII_gmsVS, rmse): W=77.0, p=0.4688 (p_corr=1.0000), r=0.189 
20:38:03  baselineEval.src.comparison  INFO       full_kinematic vs motor_only (VLDII_gmsVS, rmse): W=3.0, p=0.2249 (p_corr=1.0000), r=0.600 
20:38:03  baselineEval.src.comparison  INFO       full_kinematic_embedding vs motor_only (VLDII_gmsVS, rmse): W=36.0, p=0.0552 (p_corr=0.3313), r=0.529 
20:38:03  baselineEval.src.comparison  INFO       Saved: /srv/beegfs/scratch/shares/schaerm/schaer2/video_sam2_pose/humanLISBET-paper/baselineEval/results_stats_extended_target/comparison/VLDII_gmsVS/comparison_results.csv
20:38:03  baselineEval.src.comparison  INFO       embedding vs full_kinematic (VLDII_fmsVS, rmse): W=311.0, p=0.7296 (p_corr=1.0000), r=0.066 
20:38:03  baselineEval.src.comparison  INFO       embedding vs full_kinematic_embedding (VLDII_fmsVS, rmse): W=80.0, p=0.5461 (p_corr=1.0000), r=0.158 
20:38:03  baselineEval.src.comparison  INFO       embedding vs motor_only (VLDII_fmsVS, rmse): W=199.0, p=0.6891 (p_corr=1.0000), r=0.085 
20:38:03  baselineEval.src.comparison  INFO       full_kinematic vs full_kinematic_embedding (VLDII_fmsVS, rmse): W=201.0, p=0.7213 (p_corr=1.0000), r=0.076 
20:38:03  baselineEval.src.comparison  INFO       full_kinematic vs motor_only (VLDII_fmsVS, rmse): W=145.0, p=0.2905 (p_corr=1.0000), r=0.233 
20:38:03  baselineEval.src.comparison  INFO       full_kinematic_embedding vs motor_only (VLDII_fmsVS, rmse): W=138.0, p=0.5098 (p_corr=1.0000), r=0.151 
20:38:03  baselineEval.src.comparison  INFO       Saved: /srv/beegfs/scratch/shares/schaerm/schaer2/video_sam2_pose/humanLISBET-paper/baselineEval/results_stats_extended_target/comparison/VLDII_fmsVS/comparison_results.csv
20:38:03  baselineEval.src.comparison  INFO       embedding vs full_kinematic (VLDII_SocSS, rmse): W=482.0, p=0.1355 (p_corr=0.8130), r=0.244 
20:38:03  baselineEval.src.comparison  INFO       embedding vs full_kinematic_embedding (VLDII_SocSS, rmse): W=600.0, p=0.7233 (p_corr=1.0000), r=0.059 
20:38:03  baselineEval.src.comparison  INFO       embedding vs motor_only (VLDII_SocSS, rmse): W=491.0, p=0.1600 (p_corr=0.9601), r=0.230 
20:38:03  baselineEval.src.comparison  INFO       full_kinematic vs full_kinematic_embedding (VLDII_SocSS, rmse): W=481.0, p=0.1330 (p_corr=0.7978), r=0.245 
20:38:03  baselineEval.src.comparison  INFO       full_kinematic vs motor_only (VLDII_SocSS, rmse): W=622.0, p=0.8859 (p_corr=1.0000), r=0.024 
20:38:03  baselineEval.src.comparison  INFO       full_kinematic_embedding vs motor_only (VLDII_SocSS, rmse): W=517.0, p=0.2491 (p_corr=1.0000), r=0.189 
20:38:03  baselineEval.src.comparison  INFO       Saved: /srv/beegfs/scratch/shares/schaerm/schaer2/video_sam2_pose/humanLISBET-paper/baselineEval/results_stats_extended_target/comparison/VLDII_SocSS/comparison_results.csv
20:38:03  baselineEval.src.comparison  INFO       embedding vs full_kinematic (VLDII_intVS, rmse): W=551.0, p=0.4097 (p_corr=1.0000), r=0.136 
20:38:03  baselineEval.src.comparison  INFO       embedding vs full_kinematic_embedding (VLDII_intVS, rmse): W=455.0, p=0.0789 (p_corr=0.4731), r=0.286 
20:38:03  baselineEval.src.comparison  INFO       embedding vs motor_only (VLDII_intVS, rmse): W=498.0, p=0.1813 (p_corr=1.0000), r=0.219 
20:38:03  baselineEval.src.comparison  INFO       full_kinematic vs full_kinematic_embedding (VLDII_intVS, rmse): W=620.0, p=0.8708 (p_corr=1.0000), r=0.027 
20:38:03  baselineEval.src.comparison  INFO       full_kinematic vs motor_only (VLDII_intVS, rmse): W=577.0, p=0.5656 (p_corr=1.0000), r=0.095 
20:38:03  baselineEval.src.comparison  INFO       full_kinematic_embedding vs motor_only (VLDII_intVS, rmse): W=591.0, p=0.6597 (p_corr=1.0000), r=0.073 
20:38:03  baselineEval.src.comparison  INFO       Saved: /srv/beegfs/scratch/shares/schaerm/schaer2/video_sam2_pose/humanLISBET-paper/baselineEval/results_stats_extended_target/comparison/VLDII_intVS/comparison_results.csv
20:38:03  baselineEval.src.comparison  INFO       embedding vs full_kinematic (VLDII_plaVS, rmse): W=537.0, p=0.3374 (p_corr=1.0000), r=0.158 
20:38:03  baselineEval.src.comparison  INFO       embedding vs full_kinematic_embedding (VLDII_plaVS, rmse): W=522.0, p=0.3680 (p_corr=1.0000), r=0.148 
20:38:03  baselineEval.src.comparison  INFO       embedding vs motor_only (VLDII_plaVS, rmse): W=483.0, p=0.1381 (p_corr=0.8284), r=0.242 
20:38:03  baselineEval.src.comparison  INFO       full_kinematic vs full_kinematic_embedding (VLDII_plaVS, rmse): W=407.0, p=0.0255 (p_corr=0.1530), r=0.362 
20:38:03  baselineEval.src.comparison  INFO       full_kinematic vs motor_only (VLDII_plaVS, rmse): W=456.0, p=0.0805 (p_corr=0.4833), r=0.285 
20:38:03  baselineEval.src.comparison  INFO       full_kinematic_embedding vs motor_only (VLDII_plaVS, rmse): W=328.0, p=0.0024 (p_corr=0.0141), r=0.485 ***
20:38:03  baselineEval.src.comparison  INFO       Saved: /srv/beegfs/scratch/shares/schaerm/schaer2/video_sam2_pose/humanLISBET-paper/baselineEval/results_stats_extended_target/comparison/VLDII_plaVS/comparison_results.csv
20:38:03  baselineEval.src.comparison  INFO       embedding vs full_kinematic (VLDII_copVS, rmse): W=495.0, p=0.1719 (p_corr=1.0000), r=0.224 
20:38:03  baselineEval.src.comparison  INFO       embedding vs full_kinematic_embedding (VLDII_copVS, rmse): W=609.0, p=0.7888 (p_corr=1.0000), r=0.045 
20:38:03  baselineEval.src.comparison  INFO       embedding vs motor_only (VLDII_copVS, rmse): W=615.0, p=0.8333 (p_corr=1.0000), r=0.035 
20:38:03  baselineEval.src.comparison  INFO       full_kinematic vs full_kinematic_embedding (VLDII_copVS, rmse): W=527.0, p=0.2910 (p_corr=1.0000), r=0.173 
20:38:03  baselineEval.src.comparison  INFO       full_kinematic vs motor_only (VLDII_copVS, rmse): W=526.0, p=0.2866 (p_corr=1.0000), r=0.175 
20:38:03  baselineEval.src.comparison  INFO       full_kinematic_embedding vs motor_only (VLDII_copVS, rmse): W=609.0, p=0.7888 (p_corr=1.0000), r=0.045 
20:38:03  baselineEval.src.comparison  INFO       Saved: /srv/beegfs/scratch/shares/schaerm/schaer2/video_sam2_pose/humanLISBET-paper/baselineEval/results_stats_extended_target/comparison/VLDII_copVS/comparison_results.csv
20:38:03  baselineEval.src.comparison  INFO       embedding vs full_kinematic (VLDII_DaiSS, rmse): W=549.0, p=0.3989 (p_corr=1.0000), r=0.139 
20:38:03  baselineEval.src.comparison  INFO       embedding vs full_kinematic_embedding (VLDII_DaiSS, rmse): W=462.0, p=0.0913 (p_corr=0.5478), r=0.275 
20:38:03  baselineEval.src.comparison  INFO       embedding vs motor_only (VLDII_DaiSS, rmse): W=473.0, p=0.1139 (p_corr=0.6836), r=0.258 
20:38:03  baselineEval.src.comparison  INFO       full_kinematic vs full_kinematic_embedding (VLDII_DaiSS, rmse): W=449.0, p=0.0693 (p_corr=0.4158), r=0.296 
20:38:03  baselineEval.src.comparison  INFO       full_kinematic vs motor_only (VLDII_DaiSS, rmse): W=583.0, p=0.6051 (p_corr=1.0000), r=0.085 
20:38:03  baselineEval.src.comparison  INFO       full_kinematic_embedding vs motor_only (VLDII_DaiSS, rmse): W=360.0, p=0.0067 (p_corr=0.0404), r=0.435 ***
20:38:03  baselineEval.src.comparison  INFO       Saved: /srv/beegfs/scratch/shares/schaerm/schaer2/video_sam2_pose/humanLISBET-paper/baselineEval/results_stats_extended_target/comparison/VLDII_DaiSS/comparison_results.csv
20:38:03  baselineEval.src.comparison  INFO       embedding vs full_kinematic (VLDII_perVS, rmse): W=129.0, p=0.0000 (p_corr=0.0000), r=0.798 ***
20:38:03  baselineEval.src.comparison  INFO       embedding vs full_kinematic_embedding (VLDII_perVS, rmse): W=599.0, p=0.7161 (p_corr=1.0000), r=0.060 
20:38:03  baselineEval.src.comparison  INFO       embedding vs motor_only (VLDII_perVS, rmse): W=74.0, p=0.0000 (p_corr=0.0000), r=0.884 ***
20:38:03  baselineEval.src.comparison  INFO       full_kinematic vs full_kinematic_embedding (VLDII_perVS, rmse): W=104.0, p=0.0000 (p_corr=0.0000), r=0.830 ***
20:38:03  baselineEval.src.comparison  INFO       full_kinematic vs motor_only (VLDII_perVS, rmse): W=338.0, p=0.0168 (p_corr=0.1007), r=0.401 
20:38:03  baselineEval.src.comparison  INFO       full_kinematic_embedding vs motor_only (VLDII_perVS, rmse): W=126.0, p=0.0000 (p_corr=0.0000), r=0.794 ***
20:38:03  baselineEval.src.comparison  INFO       Saved: /srv/beegfs/scratch/shares/schaerm/schaer2/video_sam2_pose/humanLISBET-paper/baselineEval/results_stats_extended_target/comparison/VLDII_perVS/comparison_results.csv
20:38:03  baselineEval.src.comparison  INFO       embedding vs full_kinematic (VLDII_comVS, rmse): W=64.0, p=0.0000 (p_corr=0.0000), r=0.896 ***
20:38:03  baselineEval.src.comparison  INFO       embedding vs full_kinematic_embedding (VLDII_comVS, rmse): W=331.0, p=0.0051 (p_corr=0.0306), r=0.460 ***
20:38:03  baselineEval.src.comparison  INFO       embedding vs motor_only (VLDII_comVS, rmse): W=71.0, p=0.0000 (p_corr=0.0000), r=0.884 ***
20:38:03  baselineEval.src.comparison  INFO       full_kinematic vs full_kinematic_embedding (VLDII_comVS, rmse): W=75.0, p=0.0000 (p_corr=0.0000), r=0.882 ***
20:38:03  baselineEval.src.comparison  INFO       full_kinematic vs motor_only (VLDII_comVS, rmse): W=443.0, p=0.9154 (p_corr=1.0000), r=0.019 
20:38:03  baselineEval.src.comparison  INFO       full_kinematic_embedding vs motor_only (VLDII_comVS, rmse): W=97.0, p=0.0000 (p_corr=0.0000), r=0.848 ***
20:38:03  baselineEval.src.comparison  INFO       Saved: /srv/beegfs/scratch/shares/schaerm/schaer2/video_sam2_pose/humanLISBET-paper/baselineEval/results_stats_extended_target/comparison/VLDII_comVS/comparison_results.csv
20:38:03  baselineEval.src.comparison  INFO       embedding vs full_kinematic (VLDII_domVS, rmse): W=184.0, p=0.0000 (p_corr=0.0000), r=0.711 ***
20:38:03  baselineEval.src.comparison  INFO       embedding vs full_kinematic_embedding (VLDII_domVS, rmse): W=376.0, p=0.0109 (p_corr=0.0653), r=0.410 
20:38:03  baselineEval.src.comparison  INFO       embedding vs motor_only (VLDII_domVS, rmse): W=195.0, p=0.0000 (p_corr=0.0000), r=0.694 ***
20:38:03  baselineEval.src.comparison  INFO       full_kinematic vs full_kinematic_embedding (VLDII_domVS, rmse): W=458.0, p=0.0840 (p_corr=0.5041), r=0.282 
20:38:03  baselineEval.src.comparison  INFO       full_kinematic vs motor_only (VLDII_domVS, rmse): W=610.0, p=0.7961 (p_corr=1.0000), r=0.043 
20:38:03  baselineEval.src.comparison  INFO       full_kinematic_embedding vs motor_only (VLDII_domVS, rmse): W=424.0, p=0.0390 (p_corr=0.2341), r=0.335 
20:38:03  baselineEval.src.comparison  INFO       Saved: /srv/beegfs/scratch/shares/schaerm/schaer2/video_sam2_pose/humanLISBET-paper/baselineEval/results_stats_extended_target/comparison/VLDII_domVS/comparison_results.csv
20:38:03  baselineEval.src.comparison  INFO       embedding vs full_kinematic (VLDII_ComSS, rmse): W=536.0, p=0.3326 (p_corr=1.0000), r=0.159 
20:38:03  baselineEval.src.comparison  INFO       embedding vs full_kinematic_embedding (VLDII_ComSS, rmse): W=389.0, p=0.0157 (p_corr=0.0945), r=0.390 
20:38:03  baselineEval.src.comparison  INFO       embedding vs motor_only (VLDII_ComSS, rmse): W=559.0, p=0.4548 (p_corr=1.0000), r=0.123 
20:38:03  baselineEval.src.comparison  INFO       full_kinematic vs full_kinematic_embedding (VLDII_ComSS, rmse): W=595.0, p=0.6877 (p_corr=1.0000), r=0.067 
20:38:03  baselineEval.src.comparison  INFO       full_kinematic vs motor_only (VLDII_ComSS, rmse): W=596.0, p=0.8696 (p_corr=1.0000), r=0.027 
20:38:03  baselineEval.src.comparison  INFO       full_kinematic_embedding vs motor_only (VLDII_ComSS, rmse): W=539.0, p=0.3472 (p_corr=1.0000), r=0.155 
20:38:03  baselineEval.src.comparison  INFO       Saved: /srv/beegfs/scratch/shares/schaerm/schaer2/video_sam2_pose/humanLISBET-paper/baselineEval/results_stats_extended_target/comparison/VLDII_ComSS/comparison_results.csv
20:38:03  baselineEval.src.comparison  INFO       embedding vs full_kinematic (VLDII_expVS, rmse): W=532.0, p=0.3137 (p_corr=1.0000), r=0.165 
20:38:03  baselineEval.src.comparison  INFO       embedding vs full_kinematic_embedding (VLDII_expVS, rmse): W=562.0, p=0.4724 (p_corr=1.0000), r=0.118 
20:38:03  baselineEval.src.comparison  INFO       embedding vs motor_only (VLDII_expVS, rmse): W=489.0, p=0.1543 (p_corr=0.9258), r=0.233 
20:38:03  baselineEval.src.comparison  INFO       full_kinematic vs full_kinematic_embedding (VLDII_expVS, rmse): W=456.0, p=0.0805 (p_corr=0.4833), r=0.285 
20:38:03  baselineEval.src.comparison  INFO       full_kinematic vs motor_only (VLDII_expVS, rmse): W=553.0, p=0.4207 (p_corr=1.0000), r=0.133 
20:38:03  baselineEval.src.comparison  INFO       full_kinematic_embedding vs motor_only (VLDII_expVS, rmse): W=464.0, p=0.0951 (p_corr=0.5708), r=0.272 
20:38:03  baselineEval.src.comparison  INFO       Saved: /srv/beegfs/scratch/shares/schaerm/schaer2/video_sam2_pose/humanLISBET-paper/baselineEval/results_stats_extended_target/comparison/VLDII_expVS/comparison_results.csv
20:38:03  baselineEval.src.comparison  INFO       embedding vs full_kinematic (VLDII_recVS, rmse): W=448.0, p=0.0678 (p_corr=0.4068), r=0.297 
20:38:03  baselineEval.src.comparison  INFO       embedding vs full_kinematic_embedding (VLDII_recVS, rmse): W=555.0, p=0.4319 (p_corr=1.0000), r=0.129 
20:38:03  baselineEval.src.comparison  INFO       embedding vs motor_only (VLDII_recVS, rmse): W=446.0, p=0.0649 (p_corr=0.3893), r=0.300 
20:38:03  baselineEval.src.comparison  INFO       full_kinematic vs full_kinematic_embedding (VLDII_recVS, rmse): W=495.0, p=0.1719 (p_corr=1.0000), r=0.224 
20:38:03  baselineEval.src.comparison  INFO       full_kinematic vs motor_only (VLDII_recVS, rmse): W=502.0, p=0.1943 (p_corr=1.0000), r=0.213 
20:38:03  baselineEval.src.comparison  INFO       full_kinematic_embedding vs motor_only (VLDII_recVS, rmse): W=504.0, p=0.2010 (p_corr=1.0000), r=0.209 
20:38:03  baselineEval.src.comparison  INFO       Saved: /srv/beegfs/scratch/shares/schaerm/schaer2/video_sam2_pose/humanLISBET-paper/baselineEval/results_stats_extended_target/comparison/VLDII_recVS/comparison_results.csv
20:38:03  baselineEval.src.comparison  INFO       embedding vs full_kinematic (MSEL_TOTAL_DQ, rmse): W=611.0, p=0.8035 (p_corr=1.0000), r=0.042 
20:38:03  baselineEval.src.comparison  INFO       embedding vs full_kinematic_embedding (MSEL_TOTAL_DQ, rmse): W=616.0, p=0.8408 (p_corr=1.0000), r=0.034 
20:38:03  baselineEval.src.comparison  INFO       embedding vs motor_only (MSEL_TOTAL_DQ, rmse): W=573.0, p=0.5399 (p_corr=1.0000), r=0.101 
20:38:03  baselineEval.src.comparison  INFO       full_kinematic vs full_kinematic_embedding (MSEL_TOTAL_DQ, rmse): W=561.0, p=0.4665 (p_corr=1.0000), r=0.120 
20:38:03  baselineEval.src.comparison  INFO       full_kinematic vs motor_only (MSEL_TOTAL_DQ, rmse): W=603.0, p=0.7449 (p_corr=1.0000), r=0.054 
20:38:03  baselineEval.src.comparison  INFO       full_kinematic_embedding vs motor_only (MSEL_TOTAL_DQ, rmse): W=590.0, p=0.6528 (p_corr=1.0000), r=0.075 
20:38:03  baselineEval.src.comparison  INFO       Saved: /srv/beegfs/scratch/shares/schaerm/schaer2/video_sam2_pose/humanLISBET-paper/baselineEval/results_stats_extended_target/comparison/MSEL_TOTAL_DQ/comparison_results.csv
20:38:03  baselineEval.src.comparison  INFO       embedding vs full_kinematic (MSEL_FM_DQ, rmse): W=371.0, p=0.0094 (p_corr=0.0564), r=0.418 
20:38:03  baselineEval.src.comparison  INFO       embedding vs full_kinematic_embedding (MSEL_FM_DQ, rmse): W=600.0, p=0.7233 (p_corr=1.0000), r=0.059 
20:38:03  baselineEval.src.comparison  INFO       embedding vs motor_only (MSEL_FM_DQ, rmse): W=522.0, p=0.2695 (p_corr=1.0000), r=0.181 
20:38:03  baselineEval.src.comparison  INFO       full_kinematic vs full_kinematic_embedding (MSEL_FM_DQ, rmse): W=324.0, p=0.0020 (p_corr=0.0123), r=0.492 ***
20:38:03  baselineEval.src.comparison  INFO       full_kinematic vs motor_only (MSEL_FM_DQ, rmse): W=408.0, p=0.0262 (p_corr=0.1570), r=0.360 
20:38:03  baselineEval.src.comparison  INFO       full_kinematic_embedding vs motor_only (MSEL_FM_DQ, rmse): W=536.0, p=0.3326 (p_corr=1.0000), r=0.159 
20:38:03  baselineEval.src.comparison  INFO       Saved: /srv/beegfs/scratch/shares/schaerm/schaer2/video_sam2_pose/humanLISBET-paper/baselineEval/results_stats_extended_target/comparison/MSEL_FM_DQ/comparison_results.csv
20:38:03  baselineEval.src.comparison  INFO       embedding vs full_kinematic (MSEL_VR_DQ, rmse): W=609.0, p=0.7888 (p_corr=1.0000), r=0.045 
20:38:03  baselineEval.src.comparison  INFO       embedding vs full_kinematic_embedding (MSEL_VR_DQ, rmse): W=608.0, p=0.7814 (p_corr=1.0000), r=0.046 
20:38:03  baselineEval.src.comparison  INFO       embedding vs motor_only (MSEL_VR_DQ, rmse): W=624.0, p=0.9010 (p_corr=1.0000), r=0.021 
20:38:03  baselineEval.src.comparison  INFO       full_kinematic vs full_kinematic_embedding (MSEL_VR_DQ, rmse): W=591.0, p=0.6597 (p_corr=1.0000), r=0.073 
20:38:03  baselineEval.src.comparison  INFO       full_kinematic vs motor_only (MSEL_VR_DQ, rmse): W=247.0, p=0.1767 (p_corr=1.0000), r=0.258 
20:38:03  baselineEval.src.comparison  INFO       full_kinematic_embedding vs motor_only (MSEL_VR_DQ, rmse): W=633.0, p=0.9695 (p_corr=1.0000), r=0.007 
20:38:03  baselineEval.src.comparison  INFO       Saved: /srv/beegfs/scratch/shares/schaerm/schaer2/video_sam2_pose/humanLISBET-paper/baselineEval/results_stats_extended_target/comparison/MSEL_VR_DQ/comparison_results.csv
20:38:03  baselineEval.src.comparison  INFO       embedding vs full_kinematic (MSEL_LR_DQ, rmse): W=582.0, p=0.5985 (p_corr=1.0000), r=0.087 
20:38:03  baselineEval.src.comparison  INFO       embedding vs full_kinematic_embedding (MSEL_LR_DQ, rmse): W=526.0, p=0.2866 (p_corr=1.0000), r=0.175 
20:38:03  baselineEval.src.comparison  INFO       embedding vs motor_only (MSEL_LR_DQ, rmse): W=491.0, p=0.1600 (p_corr=0.9601), r=0.230 
20:38:03  baselineEval.src.comparison  INFO       full_kinematic vs full_kinematic_embedding (MSEL_LR_DQ, rmse): W=604.0, p=0.7522 (p_corr=1.0000), r=0.053 
20:38:03  baselineEval.src.comparison  INFO       full_kinematic vs motor_only (MSEL_LR_DQ, rmse): W=417.0, p=0.1772 (p_corr=1.0000), r=0.228 
20:38:03  baselineEval.src.comparison  INFO       full_kinematic_embedding vs motor_only (MSEL_LR_DQ, rmse): W=601.0, p=0.7304 (p_corr=1.0000), r=0.057 
20:38:03  baselineEval.src.comparison  INFO       Saved: /srv/beegfs/scratch/shares/schaerm/schaer2/video_sam2_pose/humanLISBET-paper/baselineEval/results_stats_extended_target/comparison/MSEL_LR_DQ/comparison_results.csv
20:38:03  baselineEval.src.comparison  INFO       embedding vs full_kinematic (MSEL_LE_DQ, rmse): W=516.0, p=0.2451 (p_corr=1.0000), r=0.191 
20:38:03  baselineEval.src.comparison  INFO       embedding vs full_kinematic_embedding (MSEL_LE_DQ, rmse): W=615.0, p=0.8333 (p_corr=1.0000), r=0.035 
20:38:03  baselineEval.src.comparison  INFO       embedding vs motor_only (MSEL_LE_DQ, rmse): W=635.0, p=0.9847 (p_corr=1.0000), r=0.004 
20:38:03  baselineEval.src.comparison  INFO       full_kinematic vs full_kinematic_embedding (MSEL_LE_DQ, rmse): W=512.0, p=0.2297 (p_corr=1.0000), r=0.197 
20:38:03  baselineEval.src.comparison  INFO       full_kinematic vs motor_only (MSEL_LE_DQ, rmse): W=526.0, p=0.2866 (p_corr=1.0000), r=0.175 
20:38:03  baselineEval.src.comparison  INFO       full_kinematic_embedding vs motor_only (MSEL_LE_DQ, rmse): W=595.0, p=0.6877 (p_corr=1.0000), r=0.067 
20:38:03  baselineEval.src.comparison  INFO       Saved: /srv/beegfs/scratch/shares/schaerm/schaer2/video_sam2_pose/humanLISBET-paper/baselineEval/results_stats_extended_target/comparison/MSEL_LE_DQ/comparison_results.csv
20:38:03  baselineEval.src.comparison  INFO       embedding vs full_kinematic (MSEL_NV_DQ, rmse): W=526.0, p=0.2866 (p_corr=1.0000), r=0.175 
20:38:03  baselineEval.src.comparison  INFO       embedding vs full_kinematic_embedding (MSEL_NV_DQ, rmse): W=464.0, p=0.0951 (p_corr=0.5708), r=0.272 
20:38:03  baselineEval.src.comparison  INFO       embedding vs motor_only (MSEL_NV_DQ, rmse): W=333.0, p=0.0028 (p_corr=0.0168), r=0.478 ***
20:38:03  baselineEval.src.comparison  INFO       full_kinematic vs full_kinematic_embedding (MSEL_NV_DQ, rmse): W=605.0, p=0.7594 (p_corr=1.0000), r=0.051 
20:38:03  baselineEval.src.comparison  INFO       full_kinematic vs motor_only (MSEL_NV_DQ, rmse): W=366.0, p=0.0081 (p_corr=0.0485), r=0.426 ***
20:38:03  baselineEval.src.comparison  INFO       full_kinematic_embedding vs motor_only (MSEL_NV_DQ, rmse): W=378.0, p=0.0115 (p_corr=0.0692), r=0.407 
20:38:03  baselineEval.src.comparison  INFO       Saved: /srv/beegfs/scratch/shares/schaerm/schaer2/video_sam2_pose/humanLISBET-paper/baselineEval/results_stats_extended_target/comparison/MSEL_NV_DQ/comparison_results.csv
20:38:03  baselineEval.src.comparison  INFO       embedding vs full_kinematic (MSEL_V_DQ, rmse): W=574.0, p=0.5463 (p_corr=1.0000), r=0.100 
20:38:03  baselineEval.src.comparison  INFO       embedding vs full_kinematic_embedding (MSEL_V_DQ, rmse): W=441.0, p=0.0580 (p_corr=0.3482), r=0.308 
20:38:03  baselineEval.src.comparison  INFO       embedding vs motor_only (MSEL_V_DQ, rmse): W=552.0, p=0.4152 (p_corr=1.0000), r=0.134 
20:38:03  baselineEval.src.comparison  INFO       full_kinematic vs full_kinematic_embedding (MSEL_V_DQ, rmse): W=368.0, p=0.0086 (p_corr=0.0515), r=0.423 
20:38:03  baselineEval.src.comparison  INFO       full_kinematic vs motor_only (MSEL_V_DQ, rmse): W=529.0, p=0.5451 (p_corr=1.0000), r=0.100 
20:38:03  baselineEval.src.comparison  INFO       full_kinematic_embedding vs motor_only (MSEL_V_DQ, rmse): W=361.0, p=0.0069 (p_corr=0.0416), r=0.434 ***
20:38:03  baselineEval.src.comparison  INFO       Saved: /srv/beegfs/scratch/shares/schaerm/schaer2/video_sam2_pose/humanLISBET-paper/baselineEval/results_stats_extended_target/comparison/MSEL_V_DQ/comparison_results.csv
20:38:03  baselineEval.src.comparison  INFO     All comparisons → /srv/beegfs/scratch/shares/schaerm/schaer2/video_sam2_pose/humanLISBET-paper/baselineEval/results_stats_extended_target/comparison/all_comparison_results.csv
/srv/beegfs/scratch/shares/schaerm/schaer2/video_sam2_pose/humanLISBET-paper/baselineEval/src/comparison.py:243: FutureWarning: The behavior of Series.idxmax with all-NA values, or any-NA and skipna=False, is deprecated. In a future version this will raise ValueError
  best_row = agg.loc[agg["mean"].idxmax()]
Traceback (most recent call last):
  File "<frozen runpy>", line 198, in _run_module_as_main
  File "<frozen runpy>", line 88, in _run_code
  File "/srv/beegfs/scratch/shares/schaerm/schaer2/video_sam2_pose/humanLISBET-paper/baselineEval/src/run_pipeline.py", line 524, in <module>
    main()
  File "/srv/beegfs/scratch/shares/schaerm/schaer2/video_sam2_pose/humanLISBET-paper/baselineEval/src/run_pipeline.py", line 505, in main
    heatmap_tables = build_heatmap_tables(all_cv_results, targets_tasks, args.output_dir)
                     ^^^^^^^^^^^^^^^^^^^^^^^^^^^^^^^^^^^^^^^^^^^^^^^^^^^^^^^^^^^^^^^^^^^^
  File "/srv/beegfs/scratch/shares/schaerm/schaer2/video_sam2_pose/humanLISBET-paper/baselineEval/src/comparison.py", line 243, in build_heatmap_tables
    best_row = agg.loc[agg["mean"].idxmax()]
               ~~~~~~~^^^^^^^^^^^^^^^^^^^^^^
  File "/home/shares/schaerm/schaer2/thibaut/humanlisbet/lisbet_venv/lib/python3.12/site-packages/pandas/core/indexing.py", line 1191, in __getitem__
    return self._getitem_axis(maybe_callable, axis=axis)
           ^^^^^^^^^^^^^^^^^^^^^^^^^^^^^^^^^^^^^^^^^^^^^
  File "/home/shares/schaerm/schaer2/thibaut/humanlisbet/lisbet_venv/lib/python3.12/site-packages/pandas/core/indexing.py", line 1431, in _getitem_axis
    return self._get_label(key, axis=axis)
           ^^^^^^^^^^^^^^^^^^^^^^^^^^^^^^^
  File "/home/shares/schaerm/schaer2/thibaut/humanlisbet/lisbet_venv/lib/python3.12/site-packages/pandas/core/indexing.py", line 1381, in _get_label
    return self.obj.xs(label, axis=axis)
           ^^^^^^^^^^^^^^^^^^^^^^^^^^^^^
  File "/home/shares/schaerm/schaer2/thibaut/humanlisbet/lisbet_venv/lib/python3.12/site-packages/pandas/core/generic.py", line 4301, in xs
    loc = index.get_loc(key)
          ^^^^^^^^^^^^^^^^^^
  File "/home/shares/schaerm/schaer2/thibaut/humanlisbet/lisbet_venv/lib/python3.12/site-packages/pandas/core/indexes/range.py", line 417, in get_loc
    raise KeyError(key)
KeyError: nan
SLURM job 7328055 task  finished with exit code 1
