Output: /srv/beegfs/scratch/shares/schaerm/schaer2/video_sam2_pose/humanLISBET-paper/baselineEval/results_reduce_mean_only
Standard stats: --stats-kin mean,std  --stats-emb mean,std
Temporal pooling: enabled (N_TEMPORAL_SEGMENTS=35)
17:00:40  ccnEvaluation         INFO     ccnEvaluation prediction pipeline started
17:00:40  ccnEvaluation         INFO       CSV:           /srv/beegfs/scratch/shares/schaerm/schaer2/video_sam2_pose/humanLISBET-paper/dataset/info/child_for_humanlisbet_paper_with_paths_020326.csv
17:00:40  ccnEvaluation         INFO       Pose (train):  /srv/beegfs/scratch/shares/schaerm/schaer2/video_sam2_pose/humanLISBET-paper/dataset/pose_ready/train
17:00:40  ccnEvaluation         INFO       Pose (test):   /srv/beegfs/scratch/shares/schaerm/schaer2/video_sam2_pose/humanLISBET-paper/dataset/pose_ready/test
17:00:40  ccnEvaluation         INFO       Output:        /srv/beegfs/scratch/shares/schaerm/schaer2/video_sam2_pose/humanLISBET-paper/baselineEval/results_reduce_mean_only
17:00:40  ccnEvaluation         INFO     ═══ Step 1: Feature extraction ═══
17:00:40  ccnEvaluation         INFO     Selected statistics (kinematic): ['mean', 'std']
17:00:40  ccnEvaluation         INFO     Selected statistics (embedding): ['mean', 'std']
17:00:40  baselineEval.src.loading  INFO     Clinical CSV: 119 subjects with ASD/TD diagnosis
17:00:47  baselineEval.src.loading  INFO     Found 2974 segment directories in /srv/beegfs/scratch/shares/schaerm/schaer2/video_sam2_pose/humanLISBET-paper/dataset/pose_ready/train
17:00:47  baselineEval.src.loading  INFO     Grouped into 102 video/subject IDs:
17:00:47  baselineEval.src.loading  INFO       7797_T1a_ADOS1: 6 segment(s)
17:00:47  baselineEval.src.loading  INFO       7892_T2a_ADOS: 34 segment(s)
17:00:47  baselineEval.src.loading  INFO       7947_T1a_ADOS: 18 segment(s)
17:00:47  baselineEval.src.loading  INFO       7953_T1a_ADOS: 18 segment(s)
17:00:47  baselineEval.src.loading  INFO       7954_T2a_ADOS: 19 segment(s)
17:00:47  baselineEval.src.loading  INFO       7965_T2a_ADOS: 33 segment(s)
17:00:47  baselineEval.src.loading  INFO       7978_T1a_ADOS: 33 segment(s)
17:00:47  baselineEval.src.loading  INFO       8002_T3_ADOS_scaled: 3 segment(s)
17:00:47  baselineEval.src.loading  INFO       8017_BB_12_15m_ADOS: 28 segment(s)
17:00:47  baselineEval.src.loading  INFO       8018_T1a_ADOS: 20 segment(s)
17:00:47  baselineEval.src.loading  INFO       8019_T1a_ADOS: 16 segment(s)
17:00:47  baselineEval.src.loading  INFO       8031_T1a_ADOS_noncompressed: 34 segment(s)
17:00:47  baselineEval.src.loading  INFO       8042_T2a_ADOS: 35 segment(s)
17:00:47  baselineEval.src.loading  INFO       8046_T2a_ADOS_compressed: 25 segment(s)
17:00:47  baselineEval.src.loading  INFO       8054_ADOS_T2a: 33 segment(s)
17:00:47  baselineEval.src.loading  INFO       8072_T1a_ADOS: 21 segment(s)
17:00:47  baselineEval.src.loading  INFO       8073_T1a_ADOS_compressed: 22 segment(s)
17:00:47  baselineEval.src.loading  INFO       8090_T2a_ADOS: 27 segment(s)
17:00:47  baselineEval.src.loading  INFO       8100_T2a_ADOS: 12 segment(s)
17:00:47  baselineEval.src.loading  INFO       8101_T2a_ADOS: 31 segment(s)
17:00:47  baselineEval.src.loading  INFO       8104_T2a_ADOS: 33 segment(s)
17:00:47  baselineEval.src.loading  INFO       8121_T2a_ADOS_M1_compressed: 45 segment(s)
17:00:47  baselineEval.src.loading  INFO       8137_T2a_ADOS_compressed: 31 segment(s)
17:00:47  baselineEval.src.loading  INFO       8141_T1a_ADOS: 44 segment(s)
17:00:47  baselineEval.src.loading  INFO       8149_T1a_ADOS_noncompressed: 24 segment(s)
17:00:47  baselineEval.src.loading  INFO       8154_T1a_ADOS: 41 segment(s)
17:00:47  baselineEval.src.loading  INFO       8156_T1a_ADOS: 26 segment(s)
17:00:47  baselineEval.src.loading  INFO       8157_T1a_ADOS: 25 segment(s)
17:00:47  baselineEval.src.loading  INFO       8158_T1a_ADOS_compressed: 54 segment(s)
17:00:47  baselineEval.src.loading  INFO       8165_BB_18-21m_ADOS_compressed: 38 segment(s)
17:00:47  baselineEval.src.loading  INFO       8183_T2a_ADOS: 35 segment(s)
17:00:47  baselineEval.src.loading  INFO       8185_T1a_ADOS: 17 segment(s)
17:00:47  baselineEval.src.loading  INFO       8188_T1a_ADOS: 30 segment(s)
17:00:47  baselineEval.src.loading  INFO       8200_T1a_ADOS_compressed_2: 34 segment(s)
17:00:47  baselineEval.src.loading  INFO       8204_T1a_ADOS_noncompressed: 22 segment(s)
17:00:47  baselineEval.src.loading  INFO       8207_T1a_ADOS: 20 segment(s)
17:00:47  baselineEval.src.loading  INFO       8212_T1a_ADOS: 8 segment(s)
17:00:47  baselineEval.src.loading  INFO       8216_T1a_ADOS_uncompressed: 28 segment(s)
17:00:47  baselineEval.src.loading  INFO       8222_T1a_ADOS_compressed: 35 segment(s)
17:00:47  baselineEval.src.loading  INFO       8244_T1a_ADOS: 25 segment(s)
17:00:47  baselineEval.src.loading  INFO       8252_BB_18-21m_ADOS_Compressed: 29 segment(s)
17:00:47  baselineEval.src.loading  INFO       8264_T1a_ADOS_MT: 14 segment(s)
17:00:47  baselineEval.src.loading  INFO       8288_BB_18-21m_ADOS_compressed: 8 segment(s)
17:00:47  baselineEval.src.loading  INFO       8294_T1a_CCSA_ADOS: 19 segment(s)
17:00:47  baselineEval.src.loading  INFO       8295_T1a_ADOS_compressed: 40 segment(s)
17:00:47  baselineEval.src.loading  INFO       8296_BB_15-18m: 32 segment(s)
17:00:47  baselineEval.src.loading  INFO       8297_T1a_ADOS: 43 segment(s)
17:00:47  baselineEval.src.loading  INFO       8298_T2a_ADOS: 15 segment(s)
17:00:47  baselineEval.src.loading  INFO       8299_T1a_ADOS: 31 segment(s)
17:00:47  baselineEval.src.loading  INFO       8300_T1a_ADOS_compressed: 18 segment(s)
17:00:47  baselineEval.src.loading  INFO       8301_T1a_ADOS_Incomplete: 26 segment(s)
17:00:47  baselineEval.src.loading  INFO       8306_T1a_ADOS_CCSA: 44 segment(s)
17:00:47  baselineEval.src.loading  INFO       8307_T1a_ADOS_compressed: 36 segment(s)
17:00:47  baselineEval.src.loading  INFO       8310_T1a_ADOS_noncompressed: 33 segment(s)
17:00:47  baselineEval.src.loading  INFO       8324_T2a_ADOS_Noncompressed: 11 segment(s)
17:00:47  baselineEval.src.loading  INFO       8334_T1a_ADOS: 40 segment(s)
17:00:47  baselineEval.src.loading  INFO       8350_T1a_ADOS: 29 segment(s)
17:00:47  baselineEval.src.loading  INFO       8355_T1a_ADOS: 20 segment(s)
17:00:47  baselineEval.src.loading  INFO       8359_T1a_ADOS: 25 segment(s)
17:00:47  baselineEval.src.loading  INFO       8360_T1a_ADOS: 21 segment(s)
17:00:47  baselineEval.src.loading  INFO       8372_T1a_ADOS_compressed: 29 segment(s)
17:00:47  baselineEval.src.loading  INFO       8385_T1a_ADOS_noncompressed: 14 segment(s)
17:00:47  baselineEval.src.loading  INFO       8387_T1a_ADOS: 27 segment(s)
17:00:47  baselineEval.src.loading  INFO       8404_T1a_ADOS_NotCompressed: 35 segment(s)
17:00:47  baselineEval.src.loading  INFO       8420_T1a_ADOS: 40 segment(s)
17:00:47  baselineEval.src.loading  INFO       8434_T1a_ADOS: 58 segment(s)
17:00:47  baselineEval.src.loading  INFO       8454_T1a_ADOS_NonCompressed: 30 segment(s)
17:00:47  baselineEval.src.loading  INFO       8455_T1a_ADOS_Noncompressed: 26 segment(s)
17:00:47  baselineEval.src.loading  INFO       8462_T1a_ADOS: 25 segment(s)
17:00:47  baselineEval.src.loading  INFO       8488_T1a_ADOS: 23 segment(s)
17:00:47  baselineEval.src.loading  INFO       8492_T1a_ADOS_NonCompressed: 20 segment(s)
17:00:47  baselineEval.src.loading  INFO       8529_T1a_ADOS_Noncompressed: 37 segment(s)
17:00:47  baselineEval.src.loading  INFO       8561_T1a_ADOS: 26 segment(s)
17:00:47  baselineEval.src.loading  INFO       8577_T1a_ADOS: 30 segment(s)
17:00:47  baselineEval.src.loading  INFO       V001: 30 segment(s)
17:00:47  baselineEval.src.loading  INFO       V002: 34 segment(s)
17:00:47  baselineEval.src.loading  INFO       V003: 23 segment(s)
17:00:47  baselineEval.src.loading  INFO       V004: 22 segment(s)
17:00:47  baselineEval.src.loading  INFO       V005: 24 segment(s)
17:00:47  baselineEval.src.loading  INFO       V007: 28 segment(s)
17:00:47  baselineEval.src.loading  INFO       V008: 35 segment(s)
17:00:47  baselineEval.src.loading  INFO       V009: 22 segment(s)
17:00:47  baselineEval.src.loading  INFO       V010: 30 segment(s)
17:00:47  baselineEval.src.loading  INFO       V011: 46 segment(s)
17:00:47  baselineEval.src.loading  INFO       V012: 37 segment(s)
17:00:47  baselineEval.src.loading  INFO       V013: 35 segment(s)
17:00:47  baselineEval.src.loading  INFO       V014: 34 segment(s)
17:00:47  baselineEval.src.loading  INFO       V015: 14 segment(s)
17:00:47  baselineEval.src.loading  INFO       V016: 35 segment(s)
17:00:47  baselineEval.src.loading  INFO       V017: 25 segment(s)
17:00:47  baselineEval.src.loading  INFO       V018: 51 segment(s)
17:00:47  baselineEval.src.loading  INFO       V019: 38 segment(s)
17:00:47  baselineEval.src.loading  INFO       V020: 39 segment(s)
17:00:47  baselineEval.src.loading  INFO       V021: 51 segment(s)
17:00:47  baselineEval.src.loading  INFO       V022: 37 segment(s)
17:00:47  baselineEval.src.loading  INFO       V023: 41 segment(s)
17:00:47  baselineEval.src.loading  INFO       V024: 19 segment(s)
17:00:47  baselineEval.src.loading  INFO       V025: 35 segment(s)
17:00:47  baselineEval.src.loading  INFO       V026: 44 segment(s)
17:00:47  baselineEval.src.loading  INFO       V027: 34 segment(s)
17:00:47  baselineEval.src.loading  INFO       V028: 34 segment(s)
17:00:47  baselineEval.src.loading  INFO       V029: 40 segment(s)
17:00:47  baselineEval.src.loading  INFO     Computing features for 102 subjects (n_jobs=16) …
Computing features:   0%|          | 0/102 [00:00<?, ?it/s]Computing features:  31%|███▏      | 32/102 [00:28<01:02,  1.12it/s]/srv/beegfs/scratch/shares/schaerm/schaer2/video_sam2_pose/humanLISBET-paper/baselineEval/src/loading.py:118: RuntimeWarning: Precision loss occurred in moment calculation due to catastrophic cancellation. This occurs when the data are nearly identical. Results may be unreliable.
  skewness = float(scipy_stats.skew(valid_wins, bias=False))
/srv/beegfs/scratch/shares/schaerm/schaer2/video_sam2_pose/humanLISBET-paper/baselineEval/src/loading.py:119: RuntimeWarning: Precision loss occurred in moment calculation due to catastrophic cancellation. This occurs when the data are nearly identical. Results may be unreliable.
  kurtosis = float(scipy_stats.kurtosis(valid_wins, bias=False))
Computing features:  47%|████▋     | 48/102 [01:48<02:21,  2.62s/it]Computing features:  63%|██████▎   | 64/102 [02:43<01:50,  2.91s/it]/srv/beegfs/scratch/shares/schaerm/schaer2/video_sam2_pose/humanLISBET-paper/baselineEval/src/loading.py:118: RuntimeWarning: Precision loss occurred in moment calculation due to catastrophic cancellation. This occurs when the data are nearly identical. Results may be unreliable.
  skewness = float(scipy_stats.skew(valid_wins, bias=False))
/srv/beegfs/scratch/shares/schaerm/schaer2/video_sam2_pose/humanLISBET-paper/baselineEval/src/loading.py:119: RuntimeWarning: Precision loss occurred in moment calculation due to catastrophic cancellation. This occurs when the data are nearly identical. Results may be unreliable.
  kurtosis = float(scipy_stats.kurtosis(valid_wins, bias=False))
Computing features:  78%|███████▊  | 80/102 [03:28<01:03,  2.89s/it]Computing features:  94%|█████████▍| 96/102 [04:11<00:16,  2.80s/it]Computing features: 100%|██████████| 102/102 [04:11<00:00,  2.46s/it]
17:07:05  baselineEval.src.loading  INFO     Tukey clipping summary (kinematic): mean=4.06%, max=29.84% across 51 metrics
17:07:05  baselineEval.src.loading  INFO     Feature matrix: 102 subjects × 104 feature columns (+36 meta = 140 total)
17:07:05  baselineEval.src.loading  INFO     Clinical CSV: 119 subjects with ASD/TD diagnosis
17:07:06  baselineEval.src.loading  INFO     Found 452 segment directories in /srv/beegfs/scratch/shares/schaerm/schaer2/video_sam2_pose/humanLISBET-paper/dataset/pose_ready/test
17:07:06  baselineEval.src.loading  INFO     Grouped into 17 video/subject IDs:
17:07:06  baselineEval.src.loading  INFO       7772_T2a_ADOS: 27 segment(s)
17:07:06  baselineEval.src.loading  INFO       8029_T1a_ADOS: 35 segment(s)
17:07:06  baselineEval.src.loading  INFO       8075_T2a_ADOS: 29 segment(s)
17:07:06  baselineEval.src.loading  INFO       8117_T2a_ADOS: 21 segment(s)
17:07:06  baselineEval.src.loading  INFO       8127_T1a_ADOS: 41 segment(s)
17:07:06  baselineEval.src.loading  INFO       8146_T1a_ADOS: 6 segment(s)
17:07:06  baselineEval.src.loading  INFO       8187_T2a_ADOS_M1: 25 segment(s)
17:07:06  baselineEval.src.loading  INFO       8211_T1a_ADOS_compressed: 22 segment(s)
17:07:06  baselineEval.src.loading  INFO       8225_T1a_ADOS: 22 segment(s)
17:07:06  baselineEval.src.loading  INFO       8234_BB_18-21m_ADOS_compressed: 26 segment(s)
17:07:06  baselineEval.src.loading  INFO       8249_T1a_ADOS: 12 segment(s)
17:07:06  baselineEval.src.loading  INFO       8253_T1a_ADOS: 24 segment(s)
17:07:06  baselineEval.src.loading  INFO       8256_T1a_ADOS: 33 segment(s)
17:07:06  baselineEval.src.loading  INFO       8279_T1a_ADOS: 32 segment(s)
17:07:06  baselineEval.src.loading  INFO       8311_T2a_ADOS: 30 segment(s)
17:07:06  baselineEval.src.loading  INFO       8318_T1a_ADOS: 41 segment(s)
17:07:06  baselineEval.src.loading  INFO       8378_T1a_ADOS: 26 segment(s)
17:07:06  baselineEval.src.loading  INFO     Computing features for 17 subjects (n_jobs=16) …
Computing features:   0%|          | 0/17 [00:00<?, ?it/s]Computing features: 100%|██████████| 17/17 [00:00<00:00, 17710.67it/s]
/srv/beegfs/scratch/shares/schaerm/schaer2/video_sam2_pose/humanLISBET-paper/baselineEval/src/loading.py:118: RuntimeWarning: Precision loss occurred in moment calculation due to catastrophic cancellation. This occurs when the data are nearly identical. Results may be unreliable.
  skewness = float(scipy_stats.skew(valid_wins, bias=False))
/srv/beegfs/scratch/shares/schaerm/schaer2/video_sam2_pose/humanLISBET-paper/baselineEval/src/loading.py:119: RuntimeWarning: Precision loss occurred in moment calculation due to catastrophic cancellation. This occurs when the data are nearly identical. Results may be unreliable.
  kurtosis = float(scipy_stats.kurtosis(valid_wins, bias=False))
17:08:42  baselineEval.src.loading  INFO     Tukey clipping summary (kinematic): mean=4.17%, max=40.74% across 51 metrics
17:08:42  baselineEval.src.loading  INFO     Feature matrix: 17 subjects × 104 feature columns (+36 meta = 140 total)
17:08:42  ccnEvaluation         INFO       Train (kinematic): 102 subjects × 140 total columns
17:08:42  ccnEvaluation         INFO       Test  (kinematic): 17 subjects × 140 total columns
17:08:42  ccnEvaluation         INFO     ═══ Step 1b: Embedding feature extraction ═══
17:13:51  baselineEval.src.loading  INFO     Tukey clipping summary (embedding): mean=0.02%, max=7.86% across 128 dims
17:13:51  baselineEval.src.loading  INFO     Embedding DataFrame: 102 subjects × 256 embedding features (+36 meta = 292 total)
17:14:38  baselineEval.src.loading  INFO     Tukey clipping summary (embedding): mean=0.03%, max=6.27% across 128 dims
17:14:38  baselineEval.src.loading  INFO     Embedding DataFrame: 17 subjects × 256 embedding features (+36 meta = 292 total)
17:14:38  ccnEvaluation         INFO       Train (embedding): 102 subjects × 292 total columns
17:14:38  ccnEvaluation         INFO       Test  (embedding): 17 subjects × 292 total columns
17:14:38  ccnEvaluation         WARNING  Skipping target 'MSEL_GM_DQ': 72 non-null samples (< 90 minimum).
17:14:38  ccnEvaluation         INFO     ═══ Representation: motor_only ═══
17:14:38  ccnEvaluation         INFO       Features for motor_only: 94 columns
17:14:38  ccnEvaluation         INFO     ═══ Step 2: Preprocessing report ═══
17:14:38  baselineEval.src.preprocessing  INFO     Feature selection (full dataset): 94 features → 53 kept (0 missingness, 0 near-zero-var, 41 correlated)
17:14:38  baselineEval.src.preprocessing  INFO     Feature selection report → /srv/beegfs/scratch/shares/schaerm/schaer2/video_sam2_pose/humanLISBET-paper/baselineEval/results_reduce_mean_only/motor_only/feature_selection_report.csv
17:14:38  baselineEval.src.preprocessing  INFO     PCA explained-variance data → /srv/beegfs/scratch/shares/schaerm/schaer2/video_sam2_pose/humanLISBET-paper/baselineEval/results_reduce_mean_only/motor_only/pca_explained_variance.csv
17:14:40  baselineEval.src.preprocessing  INFO     PCA explained-variance plot → /srv/beegfs/scratch/shares/schaerm/schaer2/video_sam2_pose/humanLISBET-paper/baselineEval/results_reduce_mean_only/motor_only/pca_explained_variance.png
17:14:40  ccnEvaluation         INFO     ── CV for diagnosis (classification) ──
17:14:40  ccnEvaluation         INFO       X: (102, 94), y: (102,) (classes: [0 1])
17:14:54  baselineEval.src.cross_validation  INFO     Classification CV: 2 models, 5×10 nested CV (50 total outer folds)
17:16:28  baselineEval.src.cross_validation  INFO       Saved: predictions_per_subject.csv
17:16:28  baselineEval.src.cross_validation  INFO       CV results: 100 rows → /srv/beegfs/scratch/shares/schaerm/schaer2/video_sam2_pose/humanLISBET-paper/baselineEval/results_reduce_mean_only/motor_only/classification/diagnosis/cv_results.csv
17:16:28  baselineEval.src.cross_validation  INFO     
── Classification AUC-ROC summary (diagnosis) ──
model  auc_roc_mean  auc_roc_std
lasso      0.760351     0.116513
 lgbm      0.739003     0.104581
17:16:28  ccnEvaluation         INFO     ── Held-out for diagnosis (classification | motor_only) ──
17:16:28  baselineEval.src.held_out  INFO     Best classification model: lasso (AUC=0.7604 ± 0.1165)
17:16:28  baselineEval.src.held_out  INFO     Held-out classification (motor_only | diagnosis): model=lasso AUC=0.800 BAcc=0.829 Acc=0.824 [0.566, 0.962]
17:16:46  baselineEval.src.plotting  INFO       Saved: shap_bar_top20.png and shap_beeswarm_top20.png
17:16:46  baselineEval.src.held_out  INFO     SHAP saved → /srv/beegfs/scratch/shares/schaerm/schaer2/video_sam2_pose/humanLISBET-paper/baselineEval/results_reduce_mean_only/motor_only/held_out/classification/diagnosis/shap
17:16:46  ccnEvaluation         INFO     ── CV for ADOS_2_ADOS_G_revised_RRB_level_of_symptoms (classification) ──
17:16:46  ccnEvaluation         INFO       X: (102, 94), y: (102,) (classes: [0 1 2])
17:16:46  baselineEval.src.cross_validation  INFO     Classification CV: 2 models, 5×10 nested CV (50 total outer folds)
17:18:32  baselineEval.src.cross_validation  INFO       Saved: predictions_per_subject.csv
17:18:32  baselineEval.src.cross_validation  INFO       CV results: 100 rows → /srv/beegfs/scratch/shares/schaerm/schaer2/video_sam2_pose/humanLISBET-paper/baselineEval/results_reduce_mean_only/motor_only/classification/ADOS_2_ADOS_G_revised_RRB_level_of_symptoms/cv_results.csv
17:18:32  baselineEval.src.cross_validation  INFO     
── Classification F1-macro summary (ADOS_2_ADOS_G_revised_RRB_level_of_symptoms) ──
model  f1_macro_mean  f1_macro_std
lasso       0.529980      0.099935
 lgbm       0.520653      0.111659
17:18:32  ccnEvaluation         INFO     ── Held-out for ADOS_2_ADOS_G_revised_RRB_level_of_symptoms (classification | motor_only) ──
17:18:32  baselineEval.src.held_out  INFO     Best classification model: lasso (F1-macro=0.5300 ± 0.0999)
17:18:33  baselineEval.src.held_out  INFO     Held-out classification (motor_only | ADOS_2_ADOS_G_revised_RRB_level_of_symptoms): model=lasso F1-macro=0.385 BAcc=0.361 Acc=0.412 [0.184, 0.671]
17:18:36  baselineEval.src.plotting  INFO       Saved: shap_bar_top20.png and shap_beeswarm_top20.png
17:18:36  baselineEval.src.held_out  INFO     SHAP saved → /srv/beegfs/scratch/shares/schaerm/schaer2/video_sam2_pose/humanLISBET-paper/baselineEval/results_reduce_mean_only/motor_only/held_out/classification/ADOS_2_ADOS_G_revised_RRB_level_of_symptoms/shap
17:18:36  ccnEvaluation         INFO     ── CV for ADOS_2_ADOS_G_REVISED_SA_LEVEL_OF_SYMPTOMS (classification) ──
17:18:36  ccnEvaluation         INFO       X: (102, 94), y: (102,) (classes: [0 1 2 3])
17:18:36  baselineEval.src.cross_validation  INFO     Classification CV: 2 models, 5×10 nested CV (50 total outer folds)
17:20:42  baselineEval.src.cross_validation  INFO       Saved: predictions_per_subject.csv
17:20:42  baselineEval.src.cross_validation  INFO       CV results: 100 rows → /srv/beegfs/scratch/shares/schaerm/schaer2/video_sam2_pose/humanLISBET-paper/baselineEval/results_reduce_mean_only/motor_only/classification/ADOS_2_ADOS_G_REVISED_SA_LEVEL_OF_SYMPTOMS/cv_results.csv
17:20:42  baselineEval.src.cross_validation  INFO     
── Classification F1-macro summary (ADOS_2_ADOS_G_REVISED_SA_LEVEL_OF_SYMPTOMS) ──
model  f1_macro_mean  f1_macro_std
lasso       0.387220      0.111005
 lgbm       0.407654      0.098327
17:20:42  ccnEvaluation         INFO     ── Held-out for ADOS_2_ADOS_G_REVISED_SA_LEVEL_OF_SYMPTOMS (classification | motor_only) ──
17:20:42  baselineEval.src.held_out  INFO     Best classification model: lgbm (F1-macro=0.4077 ± 0.0983)
17:20:42  baselineEval.src.held_out  INFO     Held-out classification (motor_only | ADOS_2_ADOS_G_REVISED_SA_LEVEL_OF_SYMPTOMS): model=lgbm F1-macro=0.384 BAcc=0.423 Acc=0.529 [0.278, 0.770]
17:20:46  baselineEval.src.plotting  INFO       Saved: shap_bar_top20.png and shap_beeswarm_top20.png
17:20:46  baselineEval.src.held_out  INFO     SHAP saved → /srv/beegfs/scratch/shares/schaerm/schaer2/video_sam2_pose/humanLISBET-paper/baselineEval/results_reduce_mean_only/motor_only/held_out/classification/ADOS_2_ADOS_G_REVISED_SA_LEVEL_OF_SYMPTOMS/shap
17:20:46  ccnEvaluation         INFO     ── CV for ADOS_G_ADOS_2_TOTAL_score_de_severite (regression) ──
17:20:46  ccnEvaluation         INFO       X: (102, 94), y: (102,) (classes: [ 1.  2.  3.  4.  5.  6.  7.  8.  9. 10.])
17:20:46  baselineEval.src.cross_validation  INFO     Regression CV: 2 models, 5×10 nested CV (50 total outer folds)
17:21:33  baselineEval.src.cross_validation  INFO       Saved: predictions_per_subject.csv
17:21:33  baselineEval.src.cross_validation  INFO       CV results: 100 rows → /srv/beegfs/scratch/shares/schaerm/schaer2/video_sam2_pose/humanLISBET-paper/baselineEval/results_reduce_mean_only/motor_only/regression/ADOS_G_ADOS_2_TOTAL_score_de_severite/cv_results.csv
17:21:33  baselineEval.src.cross_validation  INFO     
── Regression summary (ADOS_G_ADOS_2_TOTAL_score_de_severite) ──
model     rmse       r2  spearman_r
lasso 2.957623 0.206042     0.54089
 lgbm 2.944359 0.209807     0.51075
17:21:33  ccnEvaluation         INFO     ── Held-out for ADOS_G_ADOS_2_TOTAL_score_de_severite (regression | motor_only) ──
17:21:33  baselineEval.src.held_out  INFO     Best regression model: lgbm (RMSE=2.9444 ± 0.3908)
17:21:34  baselineEval.src.held_out  INFO     Held-out regression (motor_only | ADOS_G_ADOS_2_TOTAL_score_de_severite): model=lgbm RMSE=3.153 [2.171, 4.040] R²=0.191 [-0.379, 0.562] ρ=0.442
17:21:38  baselineEval.src.plotting  INFO       Saved: shap_bar_top20.png and shap_beeswarm_top20.png
17:21:38  baselineEval.src.held_out  INFO     SHAP saved → /srv/beegfs/scratch/shares/schaerm/schaer2/video_sam2_pose/humanLISBET-paper/baselineEval/results_reduce_mean_only/motor_only/held_out/regression/ADOS_G_ADOS_2_TOTAL_score_de_severite/shap
17:21:38  ccnEvaluation         INFO     ── CV for ADOS_2_ADOS_G_REVISED_SA_SEVERITY_SCORE (regression) ──
17:21:38  ccnEvaluation         INFO       X: (102, 94), y: (102,) (classes: [ 1.  2.  3.  4.  5.  6.  7.  9. 10.])
17:21:38  baselineEval.src.cross_validation  INFO     Regression CV: 2 models, 5×10 nested CV (50 total outer folds)
17:22:25  baselineEval.src.cross_validation  INFO       Saved: predictions_per_subject.csv
17:22:25  baselineEval.src.cross_validation  INFO       CV results: 100 rows → /srv/beegfs/scratch/shares/schaerm/schaer2/video_sam2_pose/humanLISBET-paper/baselineEval/results_reduce_mean_only/motor_only/regression/ADOS_2_ADOS_G_REVISED_SA_SEVERITY_SCORE/cv_results.csv
17:22:25  baselineEval.src.cross_validation  INFO     
── Regression summary (ADOS_2_ADOS_G_REVISED_SA_SEVERITY_SCORE) ──
model     rmse       r2  spearman_r
lasso 2.769261 0.178902    0.481618
 lgbm 2.738022 0.192825    0.448176
17:22:25  ccnEvaluation         INFO     ── Held-out for ADOS_2_ADOS_G_REVISED_SA_SEVERITY_SCORE (regression | motor_only) ──
17:22:25  baselineEval.src.held_out  INFO     Best regression model: lgbm (RMSE=2.7380 ± 0.3649)
17:22:26  baselineEval.src.held_out  INFO     Held-out regression (motor_only | ADOS_2_ADOS_G_REVISED_SA_SEVERITY_SCORE): model=lgbm RMSE=3.152 [1.944, 4.171] R²=-0.206 [-1.524, 0.452] ρ=0.235
17:22:30  baselineEval.src.plotting  INFO       Saved: shap_bar_top20.png and shap_beeswarm_top20.png
17:22:30  baselineEval.src.held_out  INFO     SHAP saved → /srv/beegfs/scratch/shares/schaerm/schaer2/video_sam2_pose/humanLISBET-paper/baselineEval/results_reduce_mean_only/motor_only/held_out/regression/ADOS_2_ADOS_G_REVISED_SA_SEVERITY_SCORE/shap
17:22:30  ccnEvaluation         INFO     ── CV for ADOS_2_ADOS_G_REVISED_RRB_SEVERITY_SCORE_new (regression) ──
17:22:30  ccnEvaluation         INFO       X: (102, 94), y: (102,) (classes: [ 1.  5.  6.  7.  8.  9. 10.])
17:22:30  baselineEval.src.cross_validation  INFO     Regression CV: 2 models, 5×10 nested CV (50 total outer folds)
17:23:17  baselineEval.src.cross_validation  INFO       Saved: predictions_per_subject.csv
17:23:17  baselineEval.src.cross_validation  INFO       CV results: 100 rows → /srv/beegfs/scratch/shares/schaerm/schaer2/video_sam2_pose/humanLISBET-paper/baselineEval/results_reduce_mean_only/motor_only/regression/ADOS_2_ADOS_G_REVISED_RRB_SEVERITY_SCORE_new/cv_results.csv
17:23:17  baselineEval.src.cross_validation  INFO     
── Regression summary (ADOS_2_ADOS_G_REVISED_RRB_SEVERITY_SCORE_new) ──
model     rmse       r2  spearman_r
lasso 2.746256 0.230264    0.558371
 lgbm 3.048785 0.051903    0.415939
17:23:17  ccnEvaluation         INFO     ── Held-out for ADOS_2_ADOS_G_REVISED_RRB_SEVERITY_SCORE_new (regression | motor_only) ──
17:23:17  baselineEval.src.held_out  INFO     Best regression model: lasso (RMSE=2.7463 ± 0.3936)
17:23:18  baselineEval.src.held_out  INFO     Held-out regression (motor_only | ADOS_2_ADOS_G_REVISED_RRB_SEVERITY_SCORE_new): model=lasso RMSE=2.932 [2.147, 3.602] R²=0.394 [-0.069, 0.586] ρ=0.633
17:23:22  baselineEval.src.plotting  INFO       Saved: shap_bar_top20.png and shap_beeswarm_top20.png
17:23:22  baselineEval.src.held_out  INFO     SHAP saved → /srv/beegfs/scratch/shares/schaerm/schaer2/video_sam2_pose/humanLISBET-paper/baselineEval/results_reduce_mean_only/motor_only/held_out/regression/ADOS_2_ADOS_G_REVISED_RRB_SEVERITY_SCORE_new/shap
17:23:22  ccnEvaluation         INFO     ── CV for VLDII_AdSS (regression) ──
17:23:22  ccnEvaluation         INFO       X: (95, 94), y: (95,) (classes: [ 51.  63.  64.  65.  66.  68.  69.  70.  71.  72.  73.  74.  75.  76.
  77.  78.  79.  80.  81.  83.  84.  85.  86.  87.  88.  89.  90.  91.
  92.  93.  94.  95.  96.  97.  99. 100. 102. 103. 104. 105. 107. 108.
 109. 110. 113. 115. 117.])
17:23:22  baselineEval.src.cross_validation  INFO     Regression CV: 2 models, 5×10 nested CV (50 total outer folds)
17:24:08  baselineEval.src.cross_validation  INFO       Saved: predictions_per_subject.csv
17:24:08  baselineEval.src.cross_validation  INFO       CV results: 100 rows → /srv/beegfs/scratch/shares/schaerm/schaer2/video_sam2_pose/humanLISBET-paper/baselineEval/results_reduce_mean_only/motor_only/regression/VLDII_AdSS/cv_results.csv
17:24:08  baselineEval.src.cross_validation  INFO     
── Regression summary (VLDII_AdSS) ──
model      rmse       r2  spearman_r
lasso 13.350659 0.161271    0.458672
 lgbm 13.728448 0.109827    0.401121
17:24:08  ccnEvaluation         INFO     ── Held-out for VLDII_AdSS (regression | motor_only) ──
17:24:08  baselineEval.src.held_out  INFO     Best regression model: lasso (RMSE=13.3507 ± 1.2657)
17:24:09  baselineEval.src.held_out  INFO     Held-out regression (motor_only | VLDII_AdSS): model=lasso RMSE=11.896 [9.253, 14.204] R²=0.435 [0.155, 0.549] ρ=0.749
17:24:13  baselineEval.src.plotting  INFO       Saved: shap_bar_top20.png and shap_beeswarm_top20.png
17:24:13  baselineEval.src.held_out  INFO     SHAP saved → /srv/beegfs/scratch/shares/schaerm/schaer2/video_sam2_pose/humanLISBET-paper/baselineEval/results_reduce_mean_only/motor_only/held_out/regression/VLDII_AdSS/shap
17:24:13  ccnEvaluation         INFO     ── CV for VLDII_MotorSS (regression) ──
17:24:13  ccnEvaluation         INFO       X: (95, 94), y: (95,) (classes: [ 56.  67.  69.  70.  72.  75.  79.  81.  82.  84.  85.  88.  90.  93.
  94.  95.  96.  97. 100. 102. 104. 105. 106. 108. 111. 114. 121. 131.])
17:24:13  baselineEval.src.cross_validation  INFO     Regression CV: 2 models, 5×10 nested CV (50 total outer folds)
17:24:59  baselineEval.src.cross_validation  INFO       Saved: predictions_per_subject.csv
17:24:59  baselineEval.src.cross_validation  INFO       CV results: 100 rows → /srv/beegfs/scratch/shares/schaerm/schaer2/video_sam2_pose/humanLISBET-paper/baselineEval/results_reduce_mean_only/motor_only/regression/VLDII_MotorSS/cv_results.csv
17:24:59  baselineEval.src.cross_validation  INFO     
── Regression summary (VLDII_MotorSS) ──
model      rmse        r2  spearman_r
lasso 12.443387 -0.024930    0.115948
 lgbm 12.756454 -0.081748    0.111393
17:24:59  ccnEvaluation         INFO     ── Held-out for VLDII_MotorSS (regression | motor_only) ──
17:24:59  baselineEval.src.held_out  INFO     Best regression model: lasso (RMSE=12.4434 ± 1.4507)
17:25:00  baselineEval.src.held_out  INFO     Held-out regression (motor_only | VLDII_MotorSS): model=lasso RMSE=10.806 [8.310, 13.360] R²=0.271 [-0.171, 0.336] ρ=0.768
17:25:04  baselineEval.src.plotting  INFO       Saved: shap_bar_top20.png and shap_beeswarm_top20.png
17:25:04  baselineEval.src.held_out  INFO     SHAP saved → /srv/beegfs/scratch/shares/schaerm/schaer2/video_sam2_pose/humanLISBET-paper/baselineEval/results_reduce_mean_only/motor_only/held_out/regression/VLDII_MotorSS/shap
17:25:04  ccnEvaluation         INFO     ── CV for VLDII_gmsVS (regression) ──
17:25:04  ccnEvaluation         INFO       X: (95, 94), y: (95,) (classes: [ 8.  9. 10. 11. 12. 13. 14. 15. 16. 17. 18. 22.])
17:25:04  baselineEval.src.cross_validation  INFO     Regression CV: 2 models, 5×10 nested CV (50 total outer folds)
17:25:49  baselineEval.src.cross_validation  INFO       Saved: predictions_per_subject.csv
17:25:49  baselineEval.src.cross_validation  INFO       CV results: 100 rows → /srv/beegfs/scratch/shares/schaerm/schaer2/video_sam2_pose/humanLISBET-paper/baselineEval/results_reduce_mean_only/motor_only/regression/VLDII_gmsVS/cv_results.csv
17:25:49  baselineEval.src.cross_validation  INFO     
── Regression summary (VLDII_gmsVS) ──
model     rmse        r2  spearman_r
lasso 2.138822 -0.037630    0.040891
 lgbm 2.144042 -0.052792    0.149874
17:25:49  ccnEvaluation         INFO     ── Held-out for VLDII_gmsVS (regression | motor_only) ──
17:25:49  baselineEval.src.held_out  INFO     Best regression model: lasso (RMSE=2.1388 ± 0.3492)
/srv/beegfs/scratch/shares/schaerm/schaer2/video_sam2_pose/humanLISBET-paper/baselineEval/src/held_out.py:422: ConstantInputWarning: An input array is constant; the correlation coefficient is not defined.
  sp_r, _ = spearmanr(y_test, y_pred)
/srv/beegfs/scratch/shares/schaerm/schaer2/video_sam2_pose/humanLISBET-paper/baselineEval/src/held_out.py:423: ConstantInputWarning: An input array is constant; the correlation coefficient is not defined.
  pe_r, _ = pearsonr(y_test, y_pred)
17:25:50  baselineEval.src.held_out  INFO     Held-out regression (motor_only | VLDII_gmsVS): model=lasso RMSE=1.893 [1.289, 2.418] R²=-0.014 [-0.494, -0.000] ρ=nan
17:25:54  baselineEval.src.plotting  INFO       Saved: shap_bar_top20.png and shap_beeswarm_top20.png
17:25:54  baselineEval.src.held_out  INFO     SHAP saved → /srv/beegfs/scratch/shares/schaerm/schaer2/video_sam2_pose/humanLISBET-paper/baselineEval/results_reduce_mean_only/motor_only/held_out/regression/VLDII_gmsVS/shap
17:25:54  ccnEvaluation         INFO     ── CV for VLDII_fmsVS (regression) ──
17:25:54  ccnEvaluation         INFO       X: (95, 94), y: (95,) (classes: [ 7.  8.  9. 10. 11. 12. 13. 14. 15. 16. 17. 18.])
17:25:54  baselineEval.src.cross_validation  INFO     Regression CV: 2 models, 5×10 nested CV (50 total outer folds)
17:26:39  baselineEval.src.cross_validation  INFO       Saved: predictions_per_subject.csv
17:26:39  baselineEval.src.cross_validation  INFO       CV results: 100 rows → /srv/beegfs/scratch/shares/schaerm/schaer2/video_sam2_pose/humanLISBET-paper/baselineEval/results_reduce_mean_only/motor_only/regression/VLDII_fmsVS/cv_results.csv
17:26:39  baselineEval.src.cross_validation  INFO     
── Regression summary (VLDII_fmsVS) ──
model     rmse        r2  spearman_r
lasso 2.463566 -0.023799    0.076669
 lgbm 2.579121 -0.129866    0.038565
17:26:39  ccnEvaluation         INFO     ── Held-out for VLDII_fmsVS (regression | motor_only) ──
17:26:39  baselineEval.src.held_out  INFO     Best regression model: lasso (RMSE=2.4636 ± 0.2514)
17:26:40  baselineEval.src.held_out  INFO     Held-out regression (motor_only | VLDII_fmsVS): model=lasso RMSE=2.203 [1.660, 2.730] R²=0.211 [-0.218, 0.284] ρ=0.713
17:26:44  baselineEval.src.plotting  INFO       Saved: shap_bar_top20.png and shap_beeswarm_top20.png
17:26:44  baselineEval.src.held_out  INFO     SHAP saved → /srv/beegfs/scratch/shares/schaerm/schaer2/video_sam2_pose/humanLISBET-paper/baselineEval/results_reduce_mean_only/motor_only/held_out/regression/VLDII_fmsVS/shap
17:26:44  ccnEvaluation         INFO     ── CV for VLDII_SocSS (regression) ──
17:26:44  ccnEvaluation         INFO       X: (95, 94), y: (95,) (classes: [ 59.  65.  66.  68.  70.  72.  74.  75.  76.  78.  79.  80.  81.  82.
  84.  86.  88.  89.  90.  91.  92.  94.  95.  96.  98. 100. 101. 102.
 105. 109. 111. 112. 114.])
17:26:44  baselineEval.src.cross_validation  INFO     Regression CV: 2 models, 5×10 nested CV (50 total outer folds)
17:27:30  baselineEval.src.cross_validation  INFO       Saved: predictions_per_subject.csv
17:27:30  baselineEval.src.cross_validation  INFO       CV results: 100 rows → /srv/beegfs/scratch/shares/schaerm/schaer2/video_sam2_pose/humanLISBET-paper/baselineEval/results_reduce_mean_only/motor_only/regression/VLDII_SocSS/cv_results.csv
17:27:30  baselineEval.src.cross_validation  INFO     
── Regression summary (VLDII_SocSS) ──
model      rmse       r2  spearman_r
lasso 11.231769 0.138865    0.462875
 lgbm 11.539366 0.089779    0.386468
17:27:30  ccnEvaluation         INFO     ── Held-out for VLDII_SocSS (regression | motor_only) ──
17:27:30  baselineEval.src.held_out  INFO     Best regression model: lasso (RMSE=11.2318 ± 1.1110)
17:27:31  baselineEval.src.held_out  INFO     Held-out regression (motor_only | VLDII_SocSS): model=lasso RMSE=9.196 [6.762, 11.445] R²=0.444 [0.048, 0.644] ρ=0.656
17:27:35  baselineEval.src.plotting  INFO       Saved: shap_bar_top20.png and shap_beeswarm_top20.png
17:27:35  baselineEval.src.held_out  INFO     SHAP saved → /srv/beegfs/scratch/shares/schaerm/schaer2/video_sam2_pose/humanLISBET-paper/baselineEval/results_reduce_mean_only/motor_only/held_out/regression/VLDII_SocSS/shap
17:27:35  ccnEvaluation         INFO     ── CV for VLDII_intVS (regression) ──
17:27:35  ccnEvaluation         INFO       X: (95, 94), y: (95,) (classes: [ 6.  8.  9. 10. 11. 12. 13. 14. 15. 16. 17. 18. 19. 20.])
17:27:35  baselineEval.src.cross_validation  INFO     Regression CV: 2 models, 5×10 nested CV (50 total outer folds)
17:28:20  baselineEval.src.cross_validation  INFO       Saved: predictions_per_subject.csv
17:28:20  baselineEval.src.cross_validation  INFO       CV results: 100 rows → /srv/beegfs/scratch/shares/schaerm/schaer2/video_sam2_pose/humanLISBET-paper/baselineEval/results_reduce_mean_only/motor_only/regression/VLDII_intVS/cv_results.csv
17:28:20  baselineEval.src.cross_validation  INFO     
── Regression summary (VLDII_intVS) ──
model     rmse       r2  spearman_r
lasso 2.536378 0.091861    0.489324
 lgbm 2.538180 0.093793    0.439151
17:28:20  ccnEvaluation         INFO     ── Held-out for VLDII_intVS (regression | motor_only) ──
17:28:20  baselineEval.src.held_out  INFO     Best regression model: lasso (RMSE=2.5364 ± 0.3474)
17:28:21  baselineEval.src.held_out  INFO     Held-out regression (motor_only | VLDII_intVS): model=lasso RMSE=2.263 [1.754, 2.735] R²=0.429 [0.036, 0.601] ρ=0.731
17:28:24  baselineEval.src.plotting  INFO       Saved: shap_bar_top20.png and shap_beeswarm_top20.png
17:28:24  baselineEval.src.held_out  INFO     SHAP saved → /srv/beegfs/scratch/shares/schaerm/schaer2/video_sam2_pose/humanLISBET-paper/baselineEval/results_reduce_mean_only/motor_only/held_out/regression/VLDII_intVS/shap
17:28:24  ccnEvaluation         INFO     ── CV for VLDII_plaVS (regression) ──
17:28:24  ccnEvaluation         INFO       X: (95, 94), y: (95,) (classes: [ 7.  8.  9. 10. 11. 12. 13. 14. 15. 16. 17. 18. 19.])
17:28:24  baselineEval.src.cross_validation  INFO     Regression CV: 2 models, 5×10 nested CV (50 total outer folds)
17:29:10  baselineEval.src.cross_validation  INFO       Saved: predictions_per_subject.csv
17:29:10  baselineEval.src.cross_validation  INFO       CV results: 100 rows → /srv/beegfs/scratch/shares/schaerm/schaer2/video_sam2_pose/humanLISBET-paper/baselineEval/results_reduce_mean_only/motor_only/regression/VLDII_plaVS/cv_results.csv
17:29:10  baselineEval.src.cross_validation  INFO     
── Regression summary (VLDII_plaVS) ──
model     rmse        r2  spearman_r
lasso 2.441007  0.081610    0.383357
 lgbm 2.539289 -0.000682    0.342820
17:29:10  ccnEvaluation         INFO     ── Held-out for VLDII_plaVS (regression | motor_only) ──
17:29:10  baselineEval.src.held_out  INFO     Best regression model: lasso (RMSE=2.4410 ± 0.2367)
17:29:11  baselineEval.src.held_out  INFO     Held-out regression (motor_only | VLDII_plaVS): model=lasso RMSE=1.728 [1.277, 2.114] R²=0.534 [0.223, 0.684] ρ=0.783
17:29:15  baselineEval.src.plotting  INFO       Saved: shap_bar_top20.png and shap_beeswarm_top20.png
17:29:15  baselineEval.src.held_out  INFO     SHAP saved → /srv/beegfs/scratch/shares/schaerm/schaer2/video_sam2_pose/humanLISBET-paper/baselineEval/results_reduce_mean_only/motor_only/held_out/regression/VLDII_plaVS/shap
17:29:15  ccnEvaluation         INFO     ── CV for VLDII_copVS (regression) ──
17:29:15  ccnEvaluation         INFO       X: (95, 94), y: (95,) (classes: [ 9. 10. 11. 12. 13. 14. 15. 16. 17.])
17:29:15  baselineEval.src.cross_validation  INFO     Regression CV: 2 models, 5×10 nested CV (50 total outer folds)
17:30:00  baselineEval.src.cross_validation  INFO       Saved: predictions_per_subject.csv
17:30:00  baselineEval.src.cross_validation  INFO       CV results: 100 rows → /srv/beegfs/scratch/shares/schaerm/schaer2/video_sam2_pose/humanLISBET-paper/baselineEval/results_reduce_mean_only/motor_only/regression/VLDII_copVS/cv_results.csv
17:30:00  baselineEval.src.cross_validation  INFO     
── Regression summary (VLDII_copVS) ──
model     rmse        r2  spearman_r
lasso 1.992017  0.044443    0.349336
 lgbm 2.040703 -0.000359    0.271541
17:30:00  ccnEvaluation         INFO     ── Held-out for VLDII_copVS (regression | motor_only) ──
17:30:00  baselineEval.src.held_out  INFO     Best regression model: lasso (RMSE=1.9920 ± 0.2130)
17:30:02  baselineEval.src.held_out  INFO     Held-out regression (motor_only | VLDII_copVS): model=lasso RMSE=1.630 [1.157, 2.125] R²=0.041 [-1.035, 0.386] ρ=0.344
17:30:05  baselineEval.src.plotting  INFO       Saved: shap_bar_top20.png and shap_beeswarm_top20.png
17:30:05  baselineEval.src.held_out  INFO     SHAP saved → /srv/beegfs/scratch/shares/schaerm/schaer2/video_sam2_pose/humanLISBET-paper/baselineEval/results_reduce_mean_only/motor_only/held_out/regression/VLDII_copVS/shap
17:30:05  ccnEvaluation         INFO     ── CV for VLDII_DaiSS (regression) ──
17:30:05  ccnEvaluation         INFO       X: (95, 94), y: (95,) (classes: [ 53.  62.  65.  67.  69.  71.  73.  75.  77.  78.  80.  81.  82.  83.
  86.  87.  89.  91.  93.  95.  96.  98. 100. 101. 102. 103. 104. 105.
 107. 109. 111. 113. 115. 118. 121.])
17:30:05  baselineEval.src.cross_validation  INFO     Regression CV: 2 models, 5×10 nested CV (50 total outer folds)
17:30:52  baselineEval.src.cross_validation  INFO       Saved: predictions_per_subject.csv
17:30:52  baselineEval.src.cross_validation  INFO       CV results: 100 rows → /srv/beegfs/scratch/shares/schaerm/schaer2/video_sam2_pose/humanLISBET-paper/baselineEval/results_reduce_mean_only/motor_only/regression/VLDII_DaiSS/cv_results.csv
17:30:52  baselineEval.src.cross_validation  INFO     
── Regression summary (VLDII_DaiSS) ──
model      rmse       r2  spearman_r
lasso 12.732822 0.116711    0.424646
 lgbm 13.158815 0.046143    0.369220
17:30:52  ccnEvaluation         INFO     ── Held-out for VLDII_DaiSS (regression | motor_only) ──
17:30:52  baselineEval.src.held_out  INFO     Best regression model: lasso (RMSE=12.7328 ± 1.4864)
17:30:53  baselineEval.src.held_out  INFO     Held-out regression (motor_only | VLDII_DaiSS): model=lasso RMSE=10.152 [7.322, 12.616] R²=0.510 [0.216, 0.652] ρ=0.745
17:30:56  baselineEval.src.plotting  INFO       Saved: shap_bar_top20.png and shap_beeswarm_top20.png
17:30:56  baselineEval.src.held_out  INFO     SHAP saved → /srv/beegfs/scratch/shares/schaerm/schaer2/video_sam2_pose/humanLISBET-paper/baselineEval/results_reduce_mean_only/motor_only/held_out/regression/VLDII_DaiSS/shap
17:30:56  ccnEvaluation         INFO     ── CV for VLDII_perVS (regression) ──
17:30:56  ccnEvaluation         INFO       X: (95, 94), y: (95,) (classes: [ 7.  8.  9. 10. 11. 12. 13. 14. 15. 16. 17. 18.])
17:30:56  baselineEval.src.cross_validation  INFO     Regression CV: 2 models, 5×10 nested CV (50 total outer folds)
17:31:41  baselineEval.src.cross_validation  INFO       Saved: predictions_per_subject.csv
17:31:41  baselineEval.src.cross_validation  INFO       CV results: 100 rows → /srv/beegfs/scratch/shares/schaerm/schaer2/video_sam2_pose/humanLISBET-paper/baselineEval/results_reduce_mean_only/motor_only/regression/VLDII_perVS/cv_results.csv
17:31:41  baselineEval.src.cross_validation  INFO     
── Regression summary (VLDII_perVS) ──
model     rmse       r2  spearman_r
lasso 2.658872 0.023244    0.304421
 lgbm 2.558695 0.090470    0.377332
17:31:41  ccnEvaluation         INFO     ── Held-out for VLDII_perVS (regression | motor_only) ──
17:31:41  baselineEval.src.held_out  INFO     Best regression model: lgbm (RMSE=2.5587 ± 0.3237)
17:31:43  baselineEval.src.held_out  INFO     Held-out regression (motor_only | VLDII_perVS): model=lgbm RMSE=2.268 [1.664, 2.815] R²=0.110 [-0.472, 0.395] ρ=0.156
17:31:46  baselineEval.src.plotting  INFO       Saved: shap_bar_top20.png and shap_beeswarm_top20.png
17:31:46  baselineEval.src.held_out  INFO     SHAP saved → /srv/beegfs/scratch/shares/schaerm/schaer2/video_sam2_pose/humanLISBET-paper/baselineEval/results_reduce_mean_only/motor_only/held_out/regression/VLDII_perVS/shap
17:31:46  ccnEvaluation         INFO     ── CV for VLDII_comVS (regression) ──
17:31:46  ccnEvaluation         INFO       X: (95, 94), y: (95,) (classes: [ 7. 10. 11. 12. 13. 14. 15. 16. 17. 18. 20.])
17:31:46  baselineEval.src.cross_validation  INFO     Regression CV: 2 models, 5×10 nested CV (50 total outer folds)
17:32:31  baselineEval.src.cross_validation  INFO       Saved: predictions_per_subject.csv
17:32:32  baselineEval.src.cross_validation  INFO       CV results: 100 rows → /srv/beegfs/scratch/shares/schaerm/schaer2/video_sam2_pose/humanLISBET-paper/baselineEval/results_reduce_mean_only/motor_only/regression/VLDII_comVS/cv_results.csv
17:32:32  baselineEval.src.cross_validation  INFO     
── Regression summary (VLDII_comVS) ──
model     rmse        r2  spearman_r
lasso 2.221768  0.031079    0.274587
 lgbm 2.263442 -0.015341    0.245896
17:32:32  ccnEvaluation         INFO     ── Held-out for VLDII_comVS (regression | motor_only) ──
17:32:32  baselineEval.src.held_out  INFO     Best regression model: lasso (RMSE=2.2218 ± 0.2505)
17:32:33  baselineEval.src.held_out  INFO     Held-out regression (motor_only | VLDII_comVS): model=lasso RMSE=2.551 [1.681, 3.371] R²=0.222 [-0.186, 0.412] ρ=0.484
17:32:36  baselineEval.src.plotting  INFO       Saved: shap_bar_top20.png and shap_beeswarm_top20.png
17:32:36  baselineEval.src.held_out  INFO     SHAP saved → /srv/beegfs/scratch/shares/schaerm/schaer2/video_sam2_pose/humanLISBET-paper/baselineEval/results_reduce_mean_only/motor_only/held_out/regression/VLDII_comVS/shap
17:32:36  ccnEvaluation         INFO     ── CV for VLDII_domVS (regression) ──
17:32:36  ccnEvaluation         INFO       X: (95, 94), y: (95,) (classes: [ 9. 10. 11. 12. 13. 14. 15. 16. 17. 18. 19. 20. 22.])
17:32:36  baselineEval.src.cross_validation  INFO     Regression CV: 2 models, 5×10 nested CV (50 total outer folds)
17:33:22  baselineEval.src.cross_validation  INFO       Saved: predictions_per_subject.csv
17:33:22  baselineEval.src.cross_validation  INFO       CV results: 100 rows → /srv/beegfs/scratch/shares/schaerm/schaer2/video_sam2_pose/humanLISBET-paper/baselineEval/results_reduce_mean_only/motor_only/regression/VLDII_domVS/cv_results.csv
17:33:22  baselineEval.src.cross_validation  INFO     
── Regression summary (VLDII_domVS) ──
model     rmse       r2  spearman_r
lasso 2.444289 0.209540    0.490654
 lgbm 2.614722 0.087401    0.404498
17:33:22  ccnEvaluation         INFO     ── Held-out for VLDII_domVS (regression | motor_only) ──
17:33:22  baselineEval.src.held_out  INFO     Best regression model: lasso (RMSE=2.4443 ± 0.2312)
17:33:23  baselineEval.src.held_out  INFO     Held-out regression (motor_only | VLDII_domVS): model=lasso RMSE=2.158 [1.442, 2.771] R²=0.472 [-0.028, 0.648] ρ=0.791
17:33:27  baselineEval.src.plotting  INFO       Saved: shap_bar_top20.png and shap_beeswarm_top20.png
17:33:27  baselineEval.src.held_out  INFO     SHAP saved → /srv/beegfs/scratch/shares/schaerm/schaer2/video_sam2_pose/humanLISBET-paper/baselineEval/results_reduce_mean_only/motor_only/held_out/regression/VLDII_domVS/shap
17:33:27  ccnEvaluation         INFO     ── CV for VLDII_ComSS (regression) ──
17:33:27  ccnEvaluation         INFO       X: (95, 94), y: (95,) (classes: [ 44.  52.  54.  58.  59.  61.  63.  64.  65.  66.  69.  71.  72.  73.
  74.  76.  79.  80.  81.  84.  85.  86.  89.  90.  91.  93.  95.  97.
 100. 101. 102. 103. 104. 105. 107. 108. 110. 112. 113. 116. 118. 121.
 122. 125.])
17:33:27  baselineEval.src.cross_validation  INFO     Regression CV: 2 models, 5×10 nested CV (50 total outer folds)
17:34:13  baselineEval.src.cross_validation  INFO       Saved: predictions_per_subject.csv
17:34:13  baselineEval.src.cross_validation  INFO       CV results: 100 rows → /srv/beegfs/scratch/shares/schaerm/schaer2/video_sam2_pose/humanLISBET-paper/baselineEval/results_reduce_mean_only/motor_only/regression/VLDII_ComSS/cv_results.csv
17:34:13  baselineEval.src.cross_validation  INFO     
── Regression summary (VLDII_ComSS) ──
model      rmse       r2  spearman_r
lasso 17.182232 0.194806    0.503345
 lgbm 17.858009 0.123039    0.391572
17:34:13  ccnEvaluation         INFO     ── Held-out for VLDII_ComSS (regression | motor_only) ──
17:34:13  baselineEval.src.held_out  INFO     Best regression model: lasso (RMSE=17.1822 ± 1.8466)
17:34:14  baselineEval.src.held_out  INFO     Held-out regression (motor_only | VLDII_ComSS): model=lasso RMSE=16.512 [13.080, 19.557] R²=0.424 [0.062, 0.555] ρ=0.613
17:34:18  baselineEval.src.plotting  INFO       Saved: shap_bar_top20.png and shap_beeswarm_top20.png
17:34:18  baselineEval.src.held_out  INFO     SHAP saved → /srv/beegfs/scratch/shares/schaerm/schaer2/video_sam2_pose/humanLISBET-paper/baselineEval/results_reduce_mean_only/motor_only/held_out/regression/VLDII_ComSS/shap
17:34:18  ccnEvaluation         INFO     ── CV for VLDII_expVS (regression) ──
17:34:18  ccnEvaluation         INFO       X: (95, 94), y: (95,) (classes: [ 6.  7.  8.  9. 10. 11. 12. 13. 14. 15. 16. 17. 18. 19. 20.])
17:34:18  baselineEval.src.cross_validation  INFO     Regression CV: 2 models, 5×10 nested CV (50 total outer folds)
17:35:03  baselineEval.src.cross_validation  INFO       Saved: predictions_per_subject.csv
17:35:03  baselineEval.src.cross_validation  INFO       CV results: 100 rows → /srv/beegfs/scratch/shares/schaerm/schaer2/video_sam2_pose/humanLISBET-paper/baselineEval/results_reduce_mean_only/motor_only/regression/VLDII_expVS/cv_results.csv
17:35:03  baselineEval.src.cross_validation  INFO     
── Regression summary (VLDII_expVS) ──
model     rmse       r2  spearman_r
lasso 3.333298 0.156934    0.511186
 lgbm 3.383767 0.122343    0.429436
17:35:03  ccnEvaluation         INFO     ── Held-out for VLDII_expVS (regression | motor_only) ──
17:35:03  baselineEval.src.held_out  INFO     Best regression model: lasso (RMSE=3.3333 ± 0.2792)
17:35:05  baselineEval.src.held_out  INFO     Held-out regression (motor_only | VLDII_expVS): model=lasso RMSE=2.758 [2.094, 3.365] R²=0.427 [0.126, 0.550] ρ=0.736
17:35:08  baselineEval.src.plotting  INFO       Saved: shap_bar_top20.png and shap_beeswarm_top20.png
17:35:08  baselineEval.src.held_out  INFO     SHAP saved → /srv/beegfs/scratch/shares/schaerm/schaer2/video_sam2_pose/humanLISBET-paper/baselineEval/results_reduce_mean_only/motor_only/held_out/regression/VLDII_expVS/shap
17:35:08  ccnEvaluation         INFO     ── CV for VLDII_recVS (regression) ──
17:35:08  ccnEvaluation         INFO       X: (95, 94), y: (95,) (classes: [ 3.  5.  6.  7.  8.  9. 10. 11. 12. 13. 14. 15. 16. 17. 18. 19. 20. 21.])
17:35:08  baselineEval.src.cross_validation  INFO     Regression CV: 2 models, 5×10 nested CV (50 total outer folds)
17:35:54  baselineEval.src.cross_validation  INFO       Saved: predictions_per_subject.csv
17:35:54  baselineEval.src.cross_validation  INFO       CV results: 100 rows → /srv/beegfs/scratch/shares/schaerm/schaer2/video_sam2_pose/humanLISBET-paper/baselineEval/results_reduce_mean_only/motor_only/regression/VLDII_recVS/cv_results.csv
17:35:54  baselineEval.src.cross_validation  INFO     
── Regression summary (VLDII_recVS) ──
model     rmse       r2  spearman_r
lasso 3.533815 0.216917    0.533380
 lgbm 3.730973 0.116153    0.439087
17:35:54  ccnEvaluation         INFO     ── Held-out for VLDII_recVS (regression | motor_only) ──
17:35:54  baselineEval.src.held_out  INFO     Best regression model: lasso (RMSE=3.5338 ± 0.4066)
17:35:55  baselineEval.src.held_out  INFO     Held-out regression (motor_only | VLDII_recVS): model=lasso RMSE=3.445 [2.627, 4.223] R²=0.441 [0.081, 0.600] ρ=0.694
17:35:58  baselineEval.src.plotting  INFO       Saved: shap_bar_top20.png and shap_beeswarm_top20.png
17:35:58  baselineEval.src.held_out  INFO     SHAP saved → /srv/beegfs/scratch/shares/schaerm/schaer2/video_sam2_pose/humanLISBET-paper/baselineEval/results_reduce_mean_only/motor_only/held_out/regression/VLDII_recVS/shap
17:35:58  ccnEvaluation         INFO     ── CV for MSEL_TOTAL_DQ (regression) ──
17:35:58  ccnEvaluation         INFO       X: (100, 94), y: (100,) (classes: [ 18.02469136  32.43483412  34.59785415  38.08884914  38.95032984
  40.09469697  40.66399287  41.7597914   48.35352006  48.38185274
  48.56808071  49.32034527  52.60163835  52.78815173  53.41769972
  54.6043883   54.66514664  55.9129902   57.80945419  58.00856827
  58.01880411  58.49358974  60.55385401  60.73988735  61.21267952
  61.65540541  62.6717033   64.54699612  64.58014537  65.85307734
  66.03346902  66.56582561  67.46408956  68.67474001  69.12878788
  69.58887965  70.42091476  70.5832302   71.22161779  72.65127389
  72.74744284  73.39929215  73.55044202  73.63718709  74.37652068
  76.23385285  77.89159198  78.63298081  79.93217054  79.97485632
  80.39067013  81.47321429  82.45481928  83.44764518  83.72463299
  88.69235986  88.94106636  91.04190422  91.67078393  92.86194316
  92.9187448   93.08301946  94.84225533  95.62583836  96.63388805
  97.48931624  98.02617856 102.9518543  103.811149   107.0353937
 107.8029726  108.1764296  108.385181   108.6309524  108.7338226
 109.0520026  109.52137    111.8651489  112.1257819  112.192623
 112.5198886  112.8090659  112.8284389  113.5791843  115.0573568
 116.0376082  116.1326915  118.2653171  119.351962   120.5538618
 121.574912   125.622437   128.0608788  130.5093403  130.8806655
 132.3244751  135.4820159  139.7760116  149.1013072  149.4299051 ])
17:35:58  baselineEval.src.cross_validation  INFO     Regression CV: 2 models, 5×10 nested CV (50 total outer folds)
17:36:46  baselineEval.src.cross_validation  INFO       Saved: predictions_per_subject.csv
17:36:46  baselineEval.src.cross_validation  INFO       CV results: 100 rows → /srv/beegfs/scratch/shares/schaerm/schaer2/video_sam2_pose/humanLISBET-paper/baselineEval/results_reduce_mean_only/motor_only/regression/MSEL_TOTAL_DQ/cv_results.csv
17:36:46  baselineEval.src.cross_validation  INFO     
── Regression summary (MSEL_TOTAL_DQ) ──
model      rmse       r2  spearman_r
lasso 24.365977 0.283529    0.575940
 lgbm 25.823643 0.189951    0.493274
17:36:46  ccnEvaluation         INFO     ── Held-out for MSEL_TOTAL_DQ (regression | motor_only) ──
17:36:46  baselineEval.src.held_out  INFO     Best regression model: lasso (RMSE=24.3660 ± 3.0774)
17:36:48  baselineEval.src.held_out  INFO     Held-out regression (motor_only | MSEL_TOTAL_DQ): model=lasso RMSE=19.726 [15.101, 24.078] R²=0.642 [0.391, 0.748] ρ=0.855
17:36:51  baselineEval.src.plotting  INFO       Saved: shap_bar_top20.png and shap_beeswarm_top20.png
17:36:51  baselineEval.src.held_out  INFO     SHAP saved → /srv/beegfs/scratch/shares/schaerm/schaer2/video_sam2_pose/humanLISBET-paper/baselineEval/results_reduce_mean_only/motor_only/held_out/regression/MSEL_TOTAL_DQ/shap
17:36:51  ccnEvaluation         INFO     ── CV for MSEL_FM_DQ (regression) ──
17:36:51  ccnEvaluation         INFO       X: (100, 94), y: (100,) (classes: [ 18.02469136  46.4649432   48.97137746  50.05646983  54.38484461
  55.25934702  55.26116578  55.3030303   59.06148867  60.89132507
  63.6627907   63.73690338  64.77896096  65.16194848  65.41218638
  65.72629052  69.06338694  69.12878788  69.33210784  70.91968912
  73.53479853  75.06258941  75.18022657  75.486618    75.66334992
  75.86923658  75.90612002  75.91514143  77.07927225  77.89159198
  78.29257829  79.43695591  79.91242474  80.18453427  80.89539007
  80.95690748  82.62072435  82.81765677  83.43724023  83.84379786
  83.94209957  85.6233244   85.79059829  85.92278719  87.62002743
  87.84596871  87.86462758  87.98209366  89.15229885  90.64569536
  90.75497288  90.7960199   92.60343482  92.99363057  93.43003413
  93.95109395  95.05208333  95.38327526  96.20155039  96.63388805
  96.66313559  97.1113645   97.65160523  97.76785714  98.45857418
  98.95429899  98.97788903  99.40087146  99.64898596 102.1903821
 102.8432377  103.6931818  103.811149   104.7045324  105.1267281
 105.4303871  106.1046512  106.538237   107.1589883  108.1764296
 108.201581   108.6309524  109.939759   111.4163614  111.6891065
 112.258348   112.5198886  113.5687229  114.1644325  115.1790314
 119.8555166  120.5538618  121.1819389  121.197515   121.574912
 122.124634   122.1456693  122.8956229  123.8687783  143.1372549 ])
17:36:51  baselineEval.src.cross_validation  INFO     Regression CV: 2 models, 5×10 nested CV (50 total outer folds)
17:37:39  baselineEval.src.cross_validation  INFO       Saved: predictions_per_subject.csv
17:37:39  baselineEval.src.cross_validation  INFO       CV results: 100 rows → /srv/beegfs/scratch/shares/schaerm/schaer2/video_sam2_pose/humanLISBET-paper/baselineEval/results_reduce_mean_only/motor_only/regression/MSEL_FM_DQ/cv_results.csv
17:37:39  baselineEval.src.cross_validation  INFO     
── Regression summary (MSEL_FM_DQ) ──
model      rmse       r2  spearman_r
lasso 20.288934 0.077009    0.358539
 lgbm 20.503805 0.043189    0.360810
17:37:39  ccnEvaluation         INFO     ── Held-out for MSEL_FM_DQ (regression | motor_only) ──
17:37:39  baselineEval.src.held_out  INFO     Best regression model: lasso (RMSE=20.2889 ± 2.7794)
17:37:40  baselineEval.src.held_out  INFO     Held-out regression (motor_only | MSEL_FM_DQ): model=lasso RMSE=17.069 [11.852, 21.389] R²=0.389 [0.041, 0.520] ρ=0.750
17:37:43  baselineEval.src.plotting  INFO       Saved: shap_bar_top20.png and shap_beeswarm_top20.png
17:37:43  baselineEval.src.held_out  INFO     SHAP saved → /srv/beegfs/scratch/shares/schaerm/schaer2/video_sam2_pose/humanLISBET-paper/baselineEval/results_reduce_mean_only/motor_only/held_out/regression/MSEL_FM_DQ/shap
17:37:43  ccnEvaluation         INFO     ── CV for MSEL_VR_DQ (regression) ──
17:37:43  ccnEvaluation         INFO       X: (100, 94), y: (100,) (classes: [ 24.78395062  38.27847693  40.84386519  44.24242424  48.97137746
  55.48645661  56.65502522  56.92959002  62.16881151  62.75283172
  64.71631206  65.27181688  65.72629052  66.12318841  66.69049889
  67.74833589  69.92337165  70.46332046  70.66795741  71.15009747
  72.16608084  73.80514706  73.80800341  75.41322314  76.86522262
  77.69631031  77.99145299  78.31273601  78.41474446  78.6637931
  79.18580909  79.31783825  80.21978022  83.77964805  84.0389186
  84.56192081  84.81797057  84.88372093  85.28037383  87.43066062
  88.66708914  89.11889597  89.35566001  89.46078431  89.57533077
  89.615829    90.15860634  92.33630952  93.50512357  93.81764069
  94.1109736   94.6140553   96.17918314  96.20155039  97.93244949
  98.97788903 100.5796275  102.1289538  103.2884465  104.0746873
 104.3095565  106.0098302  106.3795337  108.127254   109.5515537
 110.1055807  110.1609658  110.297536   111.6891065  113.7780549
 114.2017705  114.5637163  115.3090847  116.9871795  118.5064935
 121.4642263  123.6822289  124.5733788  125.1905488  125.2213369
 129.0167095  130.7503771  133.1727963  133.6408905  133.8188664
 134.9544937  135.1851852  136.0094851  136.515748   146.7828418
 147.3675711  148.8166269  148.8393977  151.821572   153.0708874
 158.9721254  159.8073555  175.8188825  192.7226814 ])
17:37:43  baselineEval.src.cross_validation  INFO     Regression CV: 2 models, 5×10 nested CV (50 total outer folds)
17:38:31  baselineEval.src.cross_validation  INFO       Saved: predictions_per_subject.csv
17:38:31  baselineEval.src.cross_validation  INFO       CV results: 100 rows → /srv/beegfs/scratch/shares/schaerm/schaer2/video_sam2_pose/humanLISBET-paper/baselineEval/results_reduce_mean_only/motor_only/regression/MSEL_VR_DQ/cv_results.csv
17:38:31  baselineEval.src.cross_validation  INFO     
── Regression summary (MSEL_VR_DQ) ──
model      rmse       r2  spearman_r
lasso 28.727167 0.151829    0.450226
 lgbm 29.615897 0.085735    0.407599
17:38:31  ccnEvaluation         INFO     ── Held-out for MSEL_VR_DQ (regression | motor_only) ──
17:38:31  baselineEval.src.held_out  INFO     Best regression model: lasso (RMSE=28.7272 ± 3.4855)
17:38:32  baselineEval.src.held_out  INFO     Held-out regression (motor_only | MSEL_VR_DQ): model=lasso RMSE=23.275 [18.253, 27.846] R²=0.520 [0.241, 0.624] ρ=0.765
17:38:36  baselineEval.src.plotting  INFO       Saved: shap_bar_top20.png and shap_beeswarm_top20.png
17:38:36  baselineEval.src.held_out  INFO     SHAP saved → /srv/beegfs/scratch/shares/schaerm/schaer2/video_sam2_pose/humanLISBET-paper/baselineEval/results_reduce_mean_only/motor_only/held_out/regression/MSEL_VR_DQ/shap
17:38:36  ccnEvaluation         INFO     ── CV for MSEL_LR_DQ (regression) ──
17:38:36  ccnEvaluation         INFO       X: (100, 94), y: (100,) (classes: [  3.88463176   4.06639929   6.75925926   9.87554113  12.01290153
  16.59090909  18.70972466  20.22384752  20.94811754  21.24563446
  25.56022409  26.50048403  28.99586908  29.92695289  32.38948048
  32.63590844  35.30956329  37.26391016  38.9957265   40.25735294
  40.48807543  43.06091806  44.2961165   44.83182162  46.05097149
  46.79487179  47.45189808  48.93770627  50.11618082  50.37154989
  52.84749035  53.52588625  53.65219358  54.90373045  59.29174789
  59.55070281  62.02209006  62.16545012  62.65018881  63.07603687
  64.61056645  64.9288451   66.12318841  66.75811614  70.61011905
  70.91968912  71.94102807  73.19518717  74.25406872  76.30178639
  76.39534884  77.74980635  77.81007752  77.89159198  78.6637931
  79.07279029  79.43695591  80.19460138  82.52583979  83.43724023
  83.56227106  84.15678524  87.60560676  91.80080483  96.34238311
  96.50411281 102.7847309  104.0746873  105.9596995  107.2715207
 108.1764296  108.8902148  110.0871314  115.4120767  115.9171748
 116.9871795  117.5351288  118.5064935  119.2178672  119.8802164
 120.1122726  120.9753788  121.1819389  122.3190349  122.5189726
 124.5733788  126.9356955  127.766486   128.1288156  130.2021403
 130.5093403  132.9263068  138.2575758  142.6500252  144.1714836
 144.3321617  147.1132898  148.8393977  153.6195286  157.0567986 ])
17:38:36  baselineEval.src.cross_validation  INFO     Regression CV: 2 models, 5×10 nested CV (50 total outer folds)
17:39:24  baselineEval.src.cross_validation  INFO       Saved: predictions_per_subject.csv
17:39:24  baselineEval.src.cross_validation  INFO       CV results: 100 rows → /srv/beegfs/scratch/shares/schaerm/schaer2/video_sam2_pose/humanLISBET-paper/baselineEval/results_reduce_mean_only/motor_only/regression/MSEL_LR_DQ/cv_results.csv
17:39:24  baselineEval.src.cross_validation  INFO     
── Regression summary (MSEL_LR_DQ) ──
model      rmse       r2  spearman_r
lasso 32.904194 0.319123    0.619429
 lgbm 34.715094 0.239473    0.542559
17:39:24  ccnEvaluation         INFO     ── Held-out for MSEL_LR_DQ (regression | motor_only) ──
17:39:24  baselineEval.src.held_out  INFO     Best regression model: lasso (RMSE=32.9042 ± 3.3615)
17:39:25  baselineEval.src.held_out  INFO     Held-out regression (motor_only | MSEL_LR_DQ): model=lasso RMSE=28.467 [20.781, 34.692] R²=0.606 [0.338, 0.726] ρ=0.799
17:39:29  baselineEval.src.plotting  INFO       Saved: shap_bar_top20.png and shap_beeswarm_top20.png
17:39:29  baselineEval.src.held_out  INFO     SHAP saved → /srv/beegfs/scratch/shares/schaerm/schaer2/video_sam2_pose/humanLISBET-paper/baselineEval/results_reduce_mean_only/motor_only/held_out/regression/MSEL_LR_DQ/shap
17:39:29  ccnEvaluation         INFO     ── CV for MSEL_LE_DQ (regression) ──
17:39:29  ccnEvaluation         INFO       X: (100, 94), y: (100,) (classes: [  9.94008715  14.16375631  17.66698935  21.62322275  22.5308642
  23.71669916  24.48568873  29.32736455  29.93313147  31.1965812
  31.83139535  32.5311943   34.96168582  35.3339787   36.51460584
  36.64658635  37.69462981  40.09226714  40.25735294  40.48807543
  41.27091814  41.92189893  43.37492573  44.24242424  44.2961165
  44.43993506  44.83182162  45.69027182  46.51656754  46.72299027
  47.44367418  50.11618082  50.12015105  50.13736264  50.93023256
  52.58200355  54.8048048   55.8530987   56.46658416  56.94227769
  57.72506083  58.12101911  59.82097832  59.93431856  60.11198946
  61.49957877  65.17857143  65.57490326  66.18574582  66.20785318
  69.12878788  69.55030488  71.37484958  72.66780432  73.41954023
  75.10288066  76.33526384  77.99145299  78.1455863   79.85282418
  80.57395143  81.54602324  82.20720721  83.94209957  84.10138249
  85.23058961  86.67962003  89.35128519  89.92073693  90.17483846
  91.02244389  91.36420526  91.65097301  93.77792672  94.24218952
  96.25527426  96.94555113  97.92085848 100.2099483  100.2747253
 103.2239819  106.0553231  108.127254   109.939759   111.2804878
 111.8651489  112.258348   114.1922639  115.7352358  116.9871795
 120.9753788  122.124634   124.6584699  128.4817876  128.8841808
 137.775842   140.655106   143.7007874  170.9694989 ])
17:39:29  baselineEval.src.cross_validation  INFO     Regression CV: 2 models, 5×10 nested CV (50 total outer folds)
17:40:17  baselineEval.src.cross_validation  INFO       Saved: predictions_per_subject.csv
17:40:17  baselineEval.src.cross_validation  INFO       CV results: 100 rows → /srv/beegfs/scratch/shares/schaerm/schaer2/video_sam2_pose/humanLISBET-paper/baselineEval/results_reduce_mean_only/motor_only/regression/MSEL_LE_DQ/cv_results.csv
17:40:17  baselineEval.src.cross_validation  INFO     
── Regression summary (MSEL_LE_DQ) ──
model      rmse       r2  spearman_r
lasso 29.503277 0.228164    0.523027
 lgbm 31.235061 0.131592    0.410732
17:40:17  ccnEvaluation         INFO     ── Held-out for MSEL_LE_DQ (regression | motor_only) ──
17:40:17  baselineEval.src.held_out  INFO     Best regression model: lasso (RMSE=29.5033 ± 3.7504)
17:40:18  baselineEval.src.held_out  INFO     Held-out regression (motor_only | MSEL_LE_DQ): model=lasso RMSE=26.732 [19.925, 33.293] R²=0.489 [0.063, 0.636] ρ=0.826
17:40:21  baselineEval.src.plotting  INFO       Saved: shap_bar_top20.png and shap_beeswarm_top20.png
17:40:21  baselineEval.src.held_out  INFO     SHAP saved → /srv/beegfs/scratch/shares/schaerm/schaer2/video_sam2_pose/humanLISBET-paper/baselineEval/results_reduce_mean_only/motor_only/held_out/regression/MSEL_LE_DQ/shap
17:40:21  ccnEvaluation         INFO     ── CV for MSEL_NV_DQ (regression) ──
17:40:21  ccnEvaluation         INFO       X: (100, 94), y: (100,) (classes: [ 21.40432099  44.16747338  48.05160611  48.97137746  49.77272727
  58.71498864  60.1959643   60.90716019  63.02918895  63.79091198
  64.09642401  65.57490326  65.72629052  66.58026114  67.72345918
  67.91030161  70.16720315  71.56862745  72.80585106  73.37984863
  74.11468486  74.27325581  74.37794938  74.47079827  74.91789819
  76.17530756  76.74648129  76.87728938  77.59353741  79.97251931
  81.51480347  81.6976584   81.89102564  81.99943836  82.20720721
  82.35559567  83.73346137  83.90804598  84.15678524  84.60538218
  84.81199831  86.57250071  88.46431518  88.6496114   88.80778589
  88.87987013  91.05626327  91.88613478  92.03227433  92.13004822
  94.43082789  94.90379615  95.05208333  95.96479195  96.20155039
  96.39084507  96.49226641  97.36019132  97.52310803  97.94594067
  98.60764755  98.68968386  98.84549601  98.97788903  99.87039171
 100.2432517  102.1903821  103.1073446  109.0017065  109.0761612
 109.2369828  110.0871314  111.4163614  111.6531427  111.6891065
 114.2017705  115.7352358  116.0376082  116.2030831  116.810994
 116.9871795  119.3828214  119.8555166  121.5842367  122.8722053
 122.9496192  123.2016379  125.1071123  126.1626445  126.7361111
 127.1777003  128.2630522  128.3820346  129.3307087  130.6682578
 135.4820159  137.1387283  139.16122    139.8314361  157.8091521 ])
17:40:21  baselineEval.src.cross_validation  INFO     Regression CV: 2 models, 5×10 nested CV (50 total outer folds)
17:41:09  baselineEval.src.cross_validation  INFO       Saved: predictions_per_subject.csv
17:41:09  baselineEval.src.cross_validation  INFO       CV results: 100 rows → /srv/beegfs/scratch/shares/schaerm/schaer2/video_sam2_pose/humanLISBET-paper/baselineEval/results_reduce_mean_only/motor_only/regression/MSEL_NV_DQ/cv_results.csv
17:41:09  baselineEval.src.cross_validation  INFO     
── Regression summary (MSEL_NV_DQ) ──
model      rmse       r2  spearman_r
lasso 22.541207 0.153517    0.481594
 lgbm 22.727071 0.128438    0.441895
17:41:09  ccnEvaluation         INFO     ── Held-out for MSEL_NV_DQ (regression | motor_only) ──
17:41:09  baselineEval.src.held_out  INFO     Best regression model: lasso (RMSE=22.5412 ± 2.7197)
17:41:10  baselineEval.src.held_out  INFO     Held-out regression (motor_only | MSEL_NV_DQ): model=lasso RMSE=17.596 [14.247, 20.668] R²=0.541 [0.286, 0.655] ρ=0.831
17:41:14  baselineEval.src.plotting  INFO       Saved: shap_bar_top20.png and shap_beeswarm_top20.png
17:41:14  baselineEval.src.held_out  INFO     SHAP saved → /srv/beegfs/scratch/shares/schaerm/schaer2/video_sam2_pose/humanLISBET-paper/baselineEval/results_reduce_mean_only/motor_only/held_out/regression/MSEL_NV_DQ/shap
17:41:14  ccnEvaluation         INFO     ── CV for MSEL_V_DQ (regression) ──
17:41:14  ccnEvaluation         INFO       X: (100, 94), y: (100,) (classes: [ 14.64506173  16.81806214  17.70469538  18.29879679  19.42315879
  25.02823491  25.13774105  27.1577381   27.20632081  29.4009959
  30.41666667  30.91723136  31.03741497  33.34524944  35.09615385
  36.40292553  37.2753268   37.99205148  39.16309013  39.59290454
  40.25735294  40.48807543  41.50422352  44.2961165   44.83182162
  47.46155586  48.09864458  48.46611722  48.93286143  50.11618082
  50.44223328  52.19708788  52.70214521  54.2462845   54.2693288
  54.68949248  54.82073643  54.89951357  56.38516993  58.28505645
  59.94525547  62.43158183  63.11758893  63.13929001  63.25823224
  63.6627907   64.59137709  67.89434524  69.06338694  70.46826734
  70.9304984   72.04972258  76.04166667  78.79965458  80.77686203
  81.15118577  83.23831243  85.25467149  85.85349462  85.92278719
  85.99599793  87.22984206  89.35566001  91.36789406  92.32431935
  92.73373984  94.37151949  94.86083166  95.8165773   97.07446809
  98.62059158  99.7831825  101.2242965  101.2355018  102.3816809
 103.6931818  103.8747811  107.1158763  108.0484808  109.063745
 110.7318923  111.4235219  114.0037352  114.2017705  115.3090847
 116.9871795  119.5234869  120.9753788  121.0967994  121.1872446
 122.9686881  124.051024   128.2952548  128.9440573  133.4982788
 135.3182415  135.4820159  141.0506581  142.4132948  159.0413943 ])
17:41:14  baselineEval.src.cross_validation  INFO     Regression CV: 2 models, 5×10 nested CV (50 total outer folds)
17:42:02  baselineEval.src.cross_validation  INFO       Saved: predictions_per_subject.csv
17:42:02  baselineEval.src.cross_validation  INFO       CV results: 100 rows → /srv/beegfs/scratch/shares/schaerm/schaer2/video_sam2_pose/humanLISBET-paper/baselineEval/results_reduce_mean_only/motor_only/regression/MSEL_V_DQ/cv_results.csv
17:42:02  baselineEval.src.cross_validation  INFO     
── Regression summary (MSEL_V_DQ) ──
model      rmse       r2  spearman_r
lasso 29.216652 0.308990    0.606496
 lgbm 31.013145 0.219226    0.513609
17:42:02  ccnEvaluation         INFO     ── Held-out for MSEL_V_DQ (regression | motor_only) ──
17:42:02  baselineEval.src.held_out  INFO     Best regression model: lasso (RMSE=29.2167 ± 3.7590)
17:42:03  baselineEval.src.held_out  INFO     Held-out regression (motor_only | MSEL_V_DQ): model=lasso RMSE=26.187 [19.928, 32.574] R²=0.588 [0.301, 0.700] ρ=0.882
17:42:06  baselineEval.src.plotting  INFO       Saved: shap_bar_top20.png and shap_beeswarm_top20.png
17:42:06  baselineEval.src.held_out  INFO     SHAP saved → /srv/beegfs/scratch/shares/schaerm/schaer2/video_sam2_pose/humanLISBET-paper/baselineEval/results_reduce_mean_only/motor_only/held_out/regression/MSEL_V_DQ/shap
17:42:06  ccnEvaluation         INFO     ═══ Representation: full_kinematic ═══
17:42:06  ccnEvaluation         INFO       Features for full_kinematic: 104 columns
17:42:06  ccnEvaluation         INFO     ═══ Step 2: Preprocessing report ═══
17:42:06  baselineEval.src.preprocessing  INFO     Feature selection (full dataset): 104 features → 63 kept (0 missingness, 0 near-zero-var, 41 correlated)
17:42:06  baselineEval.src.preprocessing  INFO     Feature selection report → /srv/beegfs/scratch/shares/schaerm/schaer2/video_sam2_pose/humanLISBET-paper/baselineEval/results_reduce_mean_only/full_kinematic/feature_selection_report.csv
17:42:07  baselineEval.src.preprocessing  INFO     PCA explained-variance data → /srv/beegfs/scratch/shares/schaerm/schaer2/video_sam2_pose/humanLISBET-paper/baselineEval/results_reduce_mean_only/full_kinematic/pca_explained_variance.csv
17:42:07  baselineEval.src.preprocessing  INFO     PCA explained-variance plot → /srv/beegfs/scratch/shares/schaerm/schaer2/video_sam2_pose/humanLISBET-paper/baselineEval/results_reduce_mean_only/full_kinematic/pca_explained_variance.png
17:42:07  ccnEvaluation         INFO     ── CV for diagnosis (classification) ──
17:42:07  ccnEvaluation         INFO       X: (102, 104), y: (102,) (classes: [0 1])
17:42:07  baselineEval.src.cross_validation  INFO     Classification CV: 2 models, 5×10 nested CV (50 total outer folds)
17:43:10  baselineEval.src.cross_validation  INFO       Saved: predictions_per_subject.csv
17:43:10  baselineEval.src.cross_validation  INFO       CV results: 100 rows → /srv/beegfs/scratch/shares/schaerm/schaer2/video_sam2_pose/humanLISBET-paper/baselineEval/results_reduce_mean_only/full_kinematic/classification/diagnosis/cv_results.csv
17:43:10  baselineEval.src.cross_validation  INFO     
── Classification AUC-ROC summary (diagnosis) ──
model  auc_roc_mean  auc_roc_std
lasso      0.774335     0.112703
 lgbm      0.745738     0.095825
17:43:10  ccnEvaluation         INFO     ── Held-out for diagnosis (classification | full_kinematic) ──
17:43:10  baselineEval.src.held_out  INFO     Best classification model: lasso (AUC=0.7743 ± 0.1127)
17:43:10  baselineEval.src.held_out  INFO     Held-out classification (full_kinematic | diagnosis): model=lasso AUC=0.900 BAcc=0.829 Acc=0.824 [0.566, 0.962]
17:43:13  baselineEval.src.plotting  INFO       Saved: shap_bar_top20.png and shap_beeswarm_top20.png
17:43:13  baselineEval.src.held_out  INFO     SHAP saved → /srv/beegfs/scratch/shares/schaerm/schaer2/video_sam2_pose/humanLISBET-paper/baselineEval/results_reduce_mean_only/full_kinematic/held_out/classification/diagnosis/shap
17:43:13  ccnEvaluation         INFO     ── CV for ADOS_2_ADOS_G_revised_RRB_level_of_symptoms (classification) ──
17:43:13  ccnEvaluation         INFO       X: (102, 104), y: (102,) (classes: [0 1 2])
17:43:13  baselineEval.src.cross_validation  INFO     Classification CV: 2 models, 5×10 nested CV (50 total outer folds)
17:45:07  baselineEval.src.cross_validation  INFO       Saved: predictions_per_subject.csv
17:45:07  baselineEval.src.cross_validation  INFO       CV results: 100 rows → /srv/beegfs/scratch/shares/schaerm/schaer2/video_sam2_pose/humanLISBET-paper/baselineEval/results_reduce_mean_only/full_kinematic/classification/ADOS_2_ADOS_G_revised_RRB_level_of_symptoms/cv_results.csv
17:45:07  baselineEval.src.cross_validation  INFO     
── Classification F1-macro summary (ADOS_2_ADOS_G_revised_RRB_level_of_symptoms) ──
model  f1_macro_mean  f1_macro_std
lasso       0.575701      0.114610
 lgbm       0.573277      0.124698
17:45:07  ccnEvaluation         INFO     ── Held-out for ADOS_2_ADOS_G_revised_RRB_level_of_symptoms (classification | full_kinematic) ──
17:45:07  baselineEval.src.held_out  INFO     Best classification model: lasso (F1-macro=0.5757 ± 0.1146)
17:45:08  baselineEval.src.held_out  INFO     Held-out classification (full_kinematic | ADOS_2_ADOS_G_revised_RRB_level_of_symptoms): model=lasso F1-macro=0.333 BAcc=0.328 Acc=0.353 [0.142, 0.617]
17:45:11  baselineEval.src.plotting  INFO       Saved: shap_bar_top20.png and shap_beeswarm_top20.png
17:45:11  baselineEval.src.held_out  INFO     SHAP saved → /srv/beegfs/scratch/shares/schaerm/schaer2/video_sam2_pose/humanLISBET-paper/baselineEval/results_reduce_mean_only/full_kinematic/held_out/classification/ADOS_2_ADOS_G_revised_RRB_level_of_symptoms/shap
17:45:11  ccnEvaluation         INFO     ── CV for ADOS_2_ADOS_G_REVISED_SA_LEVEL_OF_SYMPTOMS (classification) ──
17:45:11  ccnEvaluation         INFO       X: (102, 104), y: (102,) (classes: [0 1 2 3])
17:45:11  baselineEval.src.cross_validation  INFO     Classification CV: 2 models, 5×10 nested CV (50 total outer folds)
17:47:26  baselineEval.src.cross_validation  INFO       Saved: predictions_per_subject.csv
17:47:26  baselineEval.src.cross_validation  INFO       CV results: 100 rows → /srv/beegfs/scratch/shares/schaerm/schaer2/video_sam2_pose/humanLISBET-paper/baselineEval/results_reduce_mean_only/full_kinematic/classification/ADOS_2_ADOS_G_REVISED_SA_LEVEL_OF_SYMPTOMS/cv_results.csv
17:47:26  baselineEval.src.cross_validation  INFO     
── Classification F1-macro summary (ADOS_2_ADOS_G_REVISED_SA_LEVEL_OF_SYMPTOMS) ──
model  f1_macro_mean  f1_macro_std
lasso       0.397844      0.126451
 lgbm       0.415704      0.099976
17:47:26  ccnEvaluation         INFO     ── Held-out for ADOS_2_ADOS_G_REVISED_SA_LEVEL_OF_SYMPTOMS (classification | full_kinematic) ──
17:47:26  baselineEval.src.held_out  INFO     Best classification model: lgbm (F1-macro=0.4157 ± 0.1000)
17:47:27  baselineEval.src.held_out  INFO     Held-out classification (full_kinematic | ADOS_2_ADOS_G_REVISED_SA_LEVEL_OF_SYMPTOMS): model=lgbm F1-macro=0.383 BAcc=0.423 Acc=0.529 [0.278, 0.770]
17:47:30  baselineEval.src.plotting  INFO       Saved: shap_bar_top20.png and shap_beeswarm_top20.png
17:47:30  baselineEval.src.held_out  INFO     SHAP saved → /srv/beegfs/scratch/shares/schaerm/schaer2/video_sam2_pose/humanLISBET-paper/baselineEval/results_reduce_mean_only/full_kinematic/held_out/classification/ADOS_2_ADOS_G_REVISED_SA_LEVEL_OF_SYMPTOMS/shap
17:47:30  ccnEvaluation         INFO     ── CV for ADOS_G_ADOS_2_TOTAL_score_de_severite (regression) ──
17:47:30  ccnEvaluation         INFO       X: (102, 104), y: (102,) (classes: [ 1.  2.  3.  4.  5.  6.  7.  8.  9. 10.])
17:47:30  baselineEval.src.cross_validation  INFO     Regression CV: 2 models, 5×10 nested CV (50 total outer folds)
17:48:21  baselineEval.src.cross_validation  INFO       Saved: predictions_per_subject.csv
17:48:21  baselineEval.src.cross_validation  INFO       CV results: 100 rows → /srv/beegfs/scratch/shares/schaerm/schaer2/video_sam2_pose/humanLISBET-paper/baselineEval/results_reduce_mean_only/full_kinematic/regression/ADOS_G_ADOS_2_TOTAL_score_de_severite/cv_results.csv
17:48:21  baselineEval.src.cross_validation  INFO     
── Regression summary (ADOS_G_ADOS_2_TOTAL_score_de_severite) ──
model     rmse       r2  spearman_r
lasso 2.899526 0.238493    0.600593
 lgbm 2.897881 0.236305    0.551890
17:48:21  ccnEvaluation         INFO     ── Held-out for ADOS_G_ADOS_2_TOTAL_score_de_severite (regression | full_kinematic) ──
17:48:21  baselineEval.src.held_out  INFO     Best regression model: lgbm (RMSE=2.8979 ± 0.3945)
17:48:22  baselineEval.src.held_out  INFO     Held-out regression (full_kinematic | ADOS_G_ADOS_2_TOTAL_score_de_severite): model=lgbm RMSE=2.845 [2.029, 3.561] R²=0.342 [-0.081, 0.606] ρ=0.502
17:48:25  baselineEval.src.plotting  INFO       Saved: shap_bar_top20.png and shap_beeswarm_top20.png
17:48:25  baselineEval.src.held_out  INFO     SHAP saved → /srv/beegfs/scratch/shares/schaerm/schaer2/video_sam2_pose/humanLISBET-paper/baselineEval/results_reduce_mean_only/full_kinematic/held_out/regression/ADOS_G_ADOS_2_TOTAL_score_de_severite/shap
17:48:25  ccnEvaluation         INFO     ── CV for ADOS_2_ADOS_G_REVISED_SA_SEVERITY_SCORE (regression) ──
17:48:25  ccnEvaluation         INFO       X: (102, 104), y: (102,) (classes: [ 1.  2.  3.  4.  5.  6.  7.  9. 10.])
17:48:25  baselineEval.src.cross_validation  INFO     Regression CV: 2 models, 5×10 nested CV (50 total outer folds)
17:49:15  baselineEval.src.cross_validation  INFO       Saved: predictions_per_subject.csv
17:49:15  baselineEval.src.cross_validation  INFO       CV results: 100 rows → /srv/beegfs/scratch/shares/schaerm/schaer2/video_sam2_pose/humanLISBET-paper/baselineEval/results_reduce_mean_only/full_kinematic/regression/ADOS_2_ADOS_G_REVISED_SA_SEVERITY_SCORE/cv_results.csv
17:49:15  baselineEval.src.cross_validation  INFO     
── Regression summary (ADOS_2_ADOS_G_REVISED_SA_SEVERITY_SCORE) ──
model     rmse       r2  spearman_r
lasso 2.728910 0.199603    0.528252
 lgbm 2.747651 0.182077    0.476904
17:49:15  ccnEvaluation         INFO     ── Held-out for ADOS_2_ADOS_G_REVISED_SA_SEVERITY_SCORE (regression | full_kinematic) ──
17:49:15  baselineEval.src.held_out  INFO     Best regression model: lasso (RMSE=2.7289 ± 0.2779)
17:49:17  baselineEval.src.held_out  INFO     Held-out regression (full_kinematic | ADOS_2_ADOS_G_REVISED_SA_SEVERITY_SCORE): model=lasso RMSE=2.287 [1.407, 2.978] R²=0.365 [-0.060, 0.655] ρ=0.612
17:49:20  baselineEval.src.plotting  INFO       Saved: shap_bar_top20.png and shap_beeswarm_top20.png
17:49:20  baselineEval.src.held_out  INFO     SHAP saved → /srv/beegfs/scratch/shares/schaerm/schaer2/video_sam2_pose/humanLISBET-paper/baselineEval/results_reduce_mean_only/full_kinematic/held_out/regression/ADOS_2_ADOS_G_REVISED_SA_SEVERITY_SCORE/shap
17:49:20  ccnEvaluation         INFO     ── CV for ADOS_2_ADOS_G_REVISED_RRB_SEVERITY_SCORE_new (regression) ──
17:49:20  ccnEvaluation         INFO       X: (102, 104), y: (102,) (classes: [ 1.  5.  6.  7.  8.  9. 10.])
17:49:20  baselineEval.src.cross_validation  INFO     Regression CV: 2 models, 5×10 nested CV (50 total outer folds)
17:50:10  baselineEval.src.cross_validation  INFO       Saved: predictions_per_subject.csv
17:50:10  baselineEval.src.cross_validation  INFO       CV results: 100 rows → /srv/beegfs/scratch/shares/schaerm/schaer2/video_sam2_pose/humanLISBET-paper/baselineEval/results_reduce_mean_only/full_kinematic/regression/ADOS_2_ADOS_G_REVISED_RRB_SEVERITY_SCORE_new/cv_results.csv
17:50:10  baselineEval.src.cross_validation  INFO     
── Regression summary (ADOS_2_ADOS_G_REVISED_RRB_SEVERITY_SCORE_new) ──
model     rmse       r2  spearman_r
lasso 2.793367 0.204096    0.538046
 lgbm 2.948106 0.105777    0.482669
17:50:10  ccnEvaluation         INFO     ── Held-out for ADOS_2_ADOS_G_REVISED_RRB_SEVERITY_SCORE_new (regression | full_kinematic) ──
17:50:10  baselineEval.src.held_out  INFO     Best regression model: lasso (RMSE=2.7934 ± 0.3510)
17:50:12  baselineEval.src.held_out  INFO     Held-out regression (full_kinematic | ADOS_2_ADOS_G_REVISED_RRB_SEVERITY_SCORE_new): model=lasso RMSE=2.928 [2.018, 3.724] R²=0.395 [-0.080, 0.654] ρ=0.651
17:50:15  baselineEval.src.plotting  INFO       Saved: shap_bar_top20.png and shap_beeswarm_top20.png
17:50:15  baselineEval.src.held_out  INFO     SHAP saved → /srv/beegfs/scratch/shares/schaerm/schaer2/video_sam2_pose/humanLISBET-paper/baselineEval/results_reduce_mean_only/full_kinematic/held_out/regression/ADOS_2_ADOS_G_REVISED_RRB_SEVERITY_SCORE_new/shap
17:50:15  ccnEvaluation         INFO     ── CV for VLDII_AdSS (regression) ──
17:50:15  ccnEvaluation         INFO       X: (95, 104), y: (95,) (classes: [ 51.  63.  64.  65.  66.  68.  69.  70.  71.  72.  73.  74.  75.  76.
  77.  78.  79.  80.  81.  83.  84.  85.  86.  87.  88.  89.  90.  91.
  92.  93.  94.  95.  96.  97.  99. 100. 102. 103. 104. 105. 107. 108.
 109. 110. 113. 115. 117.])
17:50:15  baselineEval.src.cross_validation  INFO     Regression CV: 2 models, 5×10 nested CV (50 total outer folds)
17:51:04  baselineEval.src.cross_validation  INFO       Saved: predictions_per_subject.csv
17:51:04  baselineEval.src.cross_validation  INFO       CV results: 100 rows → /srv/beegfs/scratch/shares/schaerm/schaer2/video_sam2_pose/humanLISBET-paper/baselineEval/results_reduce_mean_only/full_kinematic/regression/VLDII_AdSS/cv_results.csv
17:51:04  baselineEval.src.cross_validation  INFO     
── Regression summary (VLDII_AdSS) ──
model      rmse       r2  spearman_r
lasso 13.423875 0.151891    0.459931
 lgbm 13.369287 0.154105    0.441849
17:51:04  ccnEvaluation         INFO     ── Held-out for VLDII_AdSS (regression | full_kinematic) ──
17:51:04  baselineEval.src.held_out  INFO     Best regression model: lgbm (RMSE=13.3693 ± 1.4956)
17:51:05  baselineEval.src.held_out  INFO     Held-out regression (full_kinematic | VLDII_AdSS): model=lgbm RMSE=12.006 [9.321, 14.274] R²=0.424 [0.102, 0.555] ρ=0.747
17:51:09  baselineEval.src.plotting  INFO       Saved: shap_bar_top20.png and shap_beeswarm_top20.png
17:51:09  baselineEval.src.held_out  INFO     SHAP saved → /srv/beegfs/scratch/shares/schaerm/schaer2/video_sam2_pose/humanLISBET-paper/baselineEval/results_reduce_mean_only/full_kinematic/held_out/regression/VLDII_AdSS/shap
17:51:09  ccnEvaluation         INFO     ── CV for VLDII_MotorSS (regression) ──
17:51:09  ccnEvaluation         INFO       X: (95, 104), y: (95,) (classes: [ 56.  67.  69.  70.  72.  75.  79.  81.  82.  84.  85.  88.  90.  93.
  94.  95.  96.  97. 100. 102. 104. 105. 106. 108. 111. 114. 121. 131.])
17:51:09  baselineEval.src.cross_validation  INFO     Regression CV: 2 models, 5×10 nested CV (50 total outer folds)
17:51:58  baselineEval.src.cross_validation  INFO       Saved: predictions_per_subject.csv
17:51:58  baselineEval.src.cross_validation  INFO       CV results: 100 rows → /srv/beegfs/scratch/shares/schaerm/schaer2/video_sam2_pose/humanLISBET-paper/baselineEval/results_reduce_mean_only/full_kinematic/regression/VLDII_MotorSS/cv_results.csv
17:51:58  baselineEval.src.cross_validation  INFO     
── Regression summary (VLDII_MotorSS) ──
model      rmse        r2  spearman_r
lasso 12.528097 -0.041116    0.073819
 lgbm 12.432095 -0.028990    0.179483
17:51:58  ccnEvaluation         INFO     ── Held-out for VLDII_MotorSS (regression | full_kinematic) ──
17:51:58  baselineEval.src.held_out  INFO     Best regression model: lgbm (RMSE=12.4321 ± 1.7775)
17:51:59  baselineEval.src.held_out  INFO     Held-out regression (full_kinematic | VLDII_MotorSS): model=lgbm RMSE=11.091 [8.643, 13.487] R²=0.232 [-0.344, 0.373] ρ=0.499
17:52:03  baselineEval.src.plotting  INFO       Saved: shap_bar_top20.png and shap_beeswarm_top20.png
17:52:03  baselineEval.src.held_out  INFO     SHAP saved → /srv/beegfs/scratch/shares/schaerm/schaer2/video_sam2_pose/humanLISBET-paper/baselineEval/results_reduce_mean_only/full_kinematic/held_out/regression/VLDII_MotorSS/shap
17:52:03  ccnEvaluation         INFO     ── CV for VLDII_gmsVS (regression) ──
17:52:03  ccnEvaluation         INFO       X: (95, 104), y: (95,) (classes: [ 8.  9. 10. 11. 12. 13. 14. 15. 16. 17. 18. 22.])
17:52:03  baselineEval.src.cross_validation  INFO     Regression CV: 2 models, 5×10 nested CV (50 total outer folds)
17:52:51  baselineEval.src.cross_validation  INFO       Saved: predictions_per_subject.csv
17:52:51  baselineEval.src.cross_validation  INFO       CV results: 100 rows → /srv/beegfs/scratch/shares/schaerm/schaer2/video_sam2_pose/humanLISBET-paper/baselineEval/results_reduce_mean_only/full_kinematic/regression/VLDII_gmsVS/cv_results.csv
17:52:51  baselineEval.src.cross_validation  INFO     
── Regression summary (VLDII_gmsVS) ──
model     rmse        r2  spearman_r
lasso 2.135145 -0.033557   -0.054959
 lgbm 2.130990 -0.035580    0.154226
17:52:51  ccnEvaluation         INFO     ── Held-out for VLDII_gmsVS (regression | full_kinematic) ──
17:52:51  baselineEval.src.held_out  INFO     Best regression model: lgbm (RMSE=2.1310 ± 0.3697)
17:52:52  baselineEval.src.held_out  INFO     Held-out regression (full_kinematic | VLDII_gmsVS): model=lgbm RMSE=1.847 [1.305, 2.354] R²=0.035 [-0.441, 0.201] ρ=0.136
17:52:56  baselineEval.src.plotting  INFO       Saved: shap_bar_top20.png and shap_beeswarm_top20.png
17:52:56  baselineEval.src.held_out  INFO     SHAP saved → /srv/beegfs/scratch/shares/schaerm/schaer2/video_sam2_pose/humanLISBET-paper/baselineEval/results_reduce_mean_only/full_kinematic/held_out/regression/VLDII_gmsVS/shap
17:52:56  ccnEvaluation         INFO     ── CV for VLDII_fmsVS (regression) ──
17:52:56  ccnEvaluation         INFO       X: (95, 104), y: (95,) (classes: [ 7.  8.  9. 10. 11. 12. 13. 14. 15. 16. 17. 18.])
17:52:56  baselineEval.src.cross_validation  INFO     Regression CV: 2 models, 5×10 nested CV (50 total outer folds)
17:53:44  baselineEval.src.cross_validation  INFO       Saved: predictions_per_subject.csv
17:53:44  baselineEval.src.cross_validation  INFO       CV results: 100 rows → /srv/beegfs/scratch/shares/schaerm/schaer2/video_sam2_pose/humanLISBET-paper/baselineEval/results_reduce_mean_only/full_kinematic/regression/VLDII_fmsVS/cv_results.csv
17:53:44  baselineEval.src.cross_validation  INFO     
── Regression summary (VLDII_fmsVS) ──
model     rmse        r2  spearman_r
lasso 2.468301 -0.028843    0.184844
 lgbm 2.504159 -0.064233    0.125416
17:53:44  ccnEvaluation         INFO     ── Held-out for VLDII_fmsVS (regression | full_kinematic) ──
17:53:44  baselineEval.src.held_out  INFO     Best regression model: lasso (RMSE=2.4683 ± 0.2524)
/srv/beegfs/scratch/shares/schaerm/schaer2/video_sam2_pose/humanLISBET-paper/baselineEval/src/held_out.py:422: ConstantInputWarning: An input array is constant; the correlation coefficient is not defined.
  sp_r, _ = spearmanr(y_test, y_pred)
/srv/beegfs/scratch/shares/schaerm/schaer2/video_sam2_pose/humanLISBET-paper/baselineEval/src/held_out.py:423: ConstantInputWarning: An input array is constant; the correlation coefficient is not defined.
  pe_r, _ = pearsonr(y_test, y_pred)
17:53:45  baselineEval.src.held_out  INFO     Held-out regression (full_kinematic | VLDII_fmsVS): model=lasso RMSE=2.495 [1.826, 3.138] R²=-0.013 [-0.555, -0.000] ρ=nan
17:53:48  baselineEval.src.plotting  INFO       Saved: shap_bar_top20.png and shap_beeswarm_top20.png
17:53:48  baselineEval.src.held_out  INFO     SHAP saved → /srv/beegfs/scratch/shares/schaerm/schaer2/video_sam2_pose/humanLISBET-paper/baselineEval/results_reduce_mean_only/full_kinematic/held_out/regression/VLDII_fmsVS/shap
17:53:48  ccnEvaluation         INFO     ── CV for VLDII_SocSS (regression) ──
17:53:48  ccnEvaluation         INFO       X: (95, 104), y: (95,) (classes: [ 59.  65.  66.  68.  70.  72.  74.  75.  76.  78.  79.  80.  81.  82.
  84.  86.  88.  89.  90.  91.  92.  94.  95.  96.  98. 100. 101. 102.
 105. 109. 111. 112. 114.])
17:53:48  baselineEval.src.cross_validation  INFO     Regression CV: 2 models, 5×10 nested CV (50 total outer folds)
17:54:38  baselineEval.src.cross_validation  INFO       Saved: predictions_per_subject.csv
17:54:38  baselineEval.src.cross_validation  INFO       CV results: 100 rows → /srv/beegfs/scratch/shares/schaerm/schaer2/video_sam2_pose/humanLISBET-paper/baselineEval/results_reduce_mean_only/full_kinematic/regression/VLDII_SocSS/cv_results.csv
17:54:38  baselineEval.src.cross_validation  INFO     
── Regression summary (VLDII_SocSS) ──
model      rmse      r2  spearman_r
lasso 11.369091 0.11907    0.460097
 lgbm 11.350506 0.11770    0.418719
17:54:38  ccnEvaluation         INFO     ── Held-out for VLDII_SocSS (regression | full_kinematic) ──
17:54:38  baselineEval.src.held_out  INFO     Best regression model: lgbm (RMSE=11.3505 ± 1.3906)
17:54:39  baselineEval.src.held_out  INFO     Held-out regression (full_kinematic | VLDII_SocSS): model=lgbm RMSE=10.229 [8.121, 12.195] R²=0.312 [-0.125, 0.500] ρ=0.541
17:54:42  baselineEval.src.plotting  INFO       Saved: shap_bar_top20.png and shap_beeswarm_top20.png
17:54:42  baselineEval.src.held_out  INFO     SHAP saved → /srv/beegfs/scratch/shares/schaerm/schaer2/video_sam2_pose/humanLISBET-paper/baselineEval/results_reduce_mean_only/full_kinematic/held_out/regression/VLDII_SocSS/shap
17:54:42  ccnEvaluation         INFO     ── CV for VLDII_intVS (regression) ──
17:54:42  ccnEvaluation         INFO       X: (95, 104), y: (95,) (classes: [ 6.  8.  9. 10. 11. 12. 13. 14. 15. 16. 17. 18. 19. 20.])
17:54:42  baselineEval.src.cross_validation  INFO     Regression CV: 2 models, 5×10 nested CV (50 total outer folds)
17:55:31  baselineEval.src.cross_validation  INFO       Saved: predictions_per_subject.csv
17:55:31  baselineEval.src.cross_validation  INFO       CV results: 100 rows → /srv/beegfs/scratch/shares/schaerm/schaer2/video_sam2_pose/humanLISBET-paper/baselineEval/results_reduce_mean_only/full_kinematic/regression/VLDII_intVS/cv_results.csv
17:55:31  baselineEval.src.cross_validation  INFO     
── Regression summary (VLDII_intVS) ──
model     rmse       r2  spearman_r
lasso 2.526500 0.106090    0.487194
 lgbm 2.471207 0.142726    0.501813
17:55:31  ccnEvaluation         INFO     ── Held-out for VLDII_intVS (regression | full_kinematic) ──
17:55:31  baselineEval.src.held_out  INFO     Best regression model: lgbm (RMSE=2.4712 ± 0.3305)
17:55:32  baselineEval.src.held_out  INFO     Held-out regression (full_kinematic | VLDII_intVS): model=lgbm RMSE=2.406 [1.935, 2.854] R²=0.355 [-0.089, 0.527] ρ=0.661
17:55:36  baselineEval.src.plotting  INFO       Saved: shap_bar_top20.png and shap_beeswarm_top20.png
17:55:36  baselineEval.src.held_out  INFO     SHAP saved → /srv/beegfs/scratch/shares/schaerm/schaer2/video_sam2_pose/humanLISBET-paper/baselineEval/results_reduce_mean_only/full_kinematic/held_out/regression/VLDII_intVS/shap
17:55:36  ccnEvaluation         INFO     ── CV for VLDII_plaVS (regression) ──
17:55:36  ccnEvaluation         INFO       X: (95, 104), y: (95,) (classes: [ 7.  8.  9. 10. 11. 12. 13. 14. 15. 16. 17. 18. 19.])
17:55:36  baselineEval.src.cross_validation  INFO     Regression CV: 2 models, 5×10 nested CV (50 total outer folds)
17:56:24  baselineEval.src.cross_validation  INFO       Saved: predictions_per_subject.csv
17:56:24  baselineEval.src.cross_validation  INFO       CV results: 100 rows → /srv/beegfs/scratch/shares/schaerm/schaer2/video_sam2_pose/humanLISBET-paper/baselineEval/results_reduce_mean_only/full_kinematic/regression/VLDII_plaVS/cv_results.csv
17:56:24  baselineEval.src.cross_validation  INFO     
── Regression summary (VLDII_plaVS) ──
model     rmse       r2  spearman_r
lasso 2.432851 0.088432    0.409920
 lgbm 2.513197 0.019075    0.354034
17:56:24  ccnEvaluation         INFO     ── Held-out for VLDII_plaVS (regression | full_kinematic) ──
17:56:24  baselineEval.src.held_out  INFO     Best regression model: lasso (RMSE=2.4329 ± 0.2564)
17:56:26  baselineEval.src.held_out  INFO     Held-out regression (full_kinematic | VLDII_plaVS): model=lasso RMSE=2.037 [1.523, 2.486] R²=0.353 [0.025, 0.477] ρ=0.704
17:56:29  baselineEval.src.plotting  INFO       Saved: shap_bar_top20.png and shap_beeswarm_top20.png
17:56:29  baselineEval.src.held_out  INFO     SHAP saved → /srv/beegfs/scratch/shares/schaerm/schaer2/video_sam2_pose/humanLISBET-paper/baselineEval/results_reduce_mean_only/full_kinematic/held_out/regression/VLDII_plaVS/shap
17:56:29  ccnEvaluation         INFO     ── CV for VLDII_copVS (regression) ──
17:56:29  ccnEvaluation         INFO       X: (95, 104), y: (95,) (classes: [ 9. 10. 11. 12. 13. 14. 15. 16. 17.])
17:56:29  baselineEval.src.cross_validation  INFO     Regression CV: 2 models, 5×10 nested CV (50 total outer folds)
17:57:17  baselineEval.src.cross_validation  INFO       Saved: predictions_per_subject.csv
17:57:17  baselineEval.src.cross_validation  INFO       CV results: 100 rows → /srv/beegfs/scratch/shares/schaerm/schaer2/video_sam2_pose/humanLISBET-paper/baselineEval/results_reduce_mean_only/full_kinematic/regression/VLDII_copVS/cv_results.csv
17:57:17  baselineEval.src.cross_validation  INFO     
── Regression summary (VLDII_copVS) ──
model     rmse        r2  spearman_r
lasso 2.006874  0.030460    0.329801
 lgbm 2.065989 -0.028386    0.238612
17:57:17  ccnEvaluation         INFO     ── Held-out for VLDII_copVS (regression | full_kinematic) ──
17:57:17  baselineEval.src.held_out  INFO     Best regression model: lasso (RMSE=2.0069 ± 0.2073)
17:57:19  baselineEval.src.held_out  INFO     Held-out regression (full_kinematic | VLDII_copVS): model=lasso RMSE=1.630 [1.157, 2.125] R²=0.041 [-1.035, 0.386] ρ=0.344
17:57:22  baselineEval.src.plotting  INFO       Saved: shap_bar_top20.png and shap_beeswarm_top20.png
17:57:22  baselineEval.src.held_out  INFO     SHAP saved → /srv/beegfs/scratch/shares/schaerm/schaer2/video_sam2_pose/humanLISBET-paper/baselineEval/results_reduce_mean_only/full_kinematic/held_out/regression/VLDII_copVS/shap
17:57:22  ccnEvaluation         INFO     ── CV for VLDII_DaiSS (regression) ──
17:57:22  ccnEvaluation         INFO       X: (95, 104), y: (95,) (classes: [ 53.  62.  65.  67.  69.  71.  73.  75.  77.  78.  80.  81.  82.  83.
  86.  87.  89.  91.  93.  95.  96.  98. 100. 101. 102. 103. 104. 105.
 107. 109. 111. 113. 115. 118. 121.])
17:57:22  baselineEval.src.cross_validation  INFO     Regression CV: 2 models, 5×10 nested CV (50 total outer folds)
17:58:11  baselineEval.src.cross_validation  INFO       Saved: predictions_per_subject.csv
17:58:11  baselineEval.src.cross_validation  INFO       CV results: 100 rows → /srv/beegfs/scratch/shares/schaerm/schaer2/video_sam2_pose/humanLISBET-paper/baselineEval/results_reduce_mean_only/full_kinematic/regression/VLDII_DaiSS/cv_results.csv
17:58:11  baselineEval.src.cross_validation  INFO     
── Regression summary (VLDII_DaiSS) ──
model      rmse       r2  spearman_r
lasso 12.718388 0.121515    0.446297
 lgbm 12.603941 0.127199    0.440623
17:58:11  ccnEvaluation         INFO     ── Held-out for VLDII_DaiSS (regression | full_kinematic) ──
17:58:11  baselineEval.src.held_out  INFO     Best regression model: lgbm (RMSE=12.6039 ± 1.4365)
17:58:13  baselineEval.src.held_out  INFO     Held-out regression (full_kinematic | VLDII_DaiSS): model=lgbm RMSE=9.966 [7.098, 12.580] R²=0.528 [0.220, 0.680] ρ=0.701
17:58:16  baselineEval.src.plotting  INFO       Saved: shap_bar_top20.png and shap_beeswarm_top20.png
17:58:16  baselineEval.src.held_out  INFO     SHAP saved → /srv/beegfs/scratch/shares/schaerm/schaer2/video_sam2_pose/humanLISBET-paper/baselineEval/results_reduce_mean_only/full_kinematic/held_out/regression/VLDII_DaiSS/shap
17:58:16  ccnEvaluation         INFO     ── CV for VLDII_perVS (regression) ──
17:58:16  ccnEvaluation         INFO       X: (95, 104), y: (95,) (classes: [ 7.  8.  9. 10. 11. 12. 13. 14. 15. 16. 17. 18.])
17:58:16  baselineEval.src.cross_validation  INFO     Regression CV: 2 models, 5×10 nested CV (50 total outer folds)
17:59:05  baselineEval.src.cross_validation  INFO       Saved: predictions_per_subject.csv
17:59:05  baselineEval.src.cross_validation  INFO       CV results: 100 rows → /srv/beegfs/scratch/shares/schaerm/schaer2/video_sam2_pose/humanLISBET-paper/baselineEval/results_reduce_mean_only/full_kinematic/regression/VLDII_perVS/cv_results.csv
17:59:05  baselineEval.src.cross_validation  INFO     
── Regression summary (VLDII_perVS) ──
model     rmse        r2  spearman_r
lasso 2.692741 -0.003216    0.350291
 lgbm 2.578056  0.075759    0.351739
17:59:05  ccnEvaluation         INFO     ── Held-out for VLDII_perVS (regression | full_kinematic) ──
17:59:05  baselineEval.src.held_out  INFO     Best regression model: lgbm (RMSE=2.5781 ± 0.2859)
17:59:06  baselineEval.src.held_out  INFO     Held-out regression (full_kinematic | VLDII_perVS): model=lgbm RMSE=2.127 [1.438, 2.816] R²=0.217 [-0.539, 0.575] ρ=0.446
17:59:09  baselineEval.src.plotting  INFO       Saved: shap_bar_top20.png and shap_beeswarm_top20.png
17:59:09  baselineEval.src.held_out  INFO     SHAP saved → /srv/beegfs/scratch/shares/schaerm/schaer2/video_sam2_pose/humanLISBET-paper/baselineEval/results_reduce_mean_only/full_kinematic/held_out/regression/VLDII_perVS/shap
17:59:09  ccnEvaluation         INFO     ── CV for VLDII_comVS (regression) ──
17:59:09  ccnEvaluation         INFO       X: (95, 104), y: (95,) (classes: [ 7. 10. 11. 12. 13. 14. 15. 16. 17. 18. 20.])
17:59:09  baselineEval.src.cross_validation  INFO     Regression CV: 2 models, 5×10 nested CV (50 total outer folds)
17:59:58  baselineEval.src.cross_validation  INFO       Saved: predictions_per_subject.csv
17:59:58  baselineEval.src.cross_validation  INFO       CV results: 100 rows → /srv/beegfs/scratch/shares/schaerm/schaer2/video_sam2_pose/humanLISBET-paper/baselineEval/results_reduce_mean_only/full_kinematic/regression/VLDII_comVS/cv_results.csv
17:59:58  baselineEval.src.cross_validation  INFO     
── Regression summary (VLDII_comVS) ──
model     rmse       r2  spearman_r
lasso 2.241034 0.014612    0.282788
 lgbm 2.216993 0.027774    0.318971
17:59:58  ccnEvaluation         INFO     ── Held-out for VLDII_comVS (regression | full_kinematic) ──
17:59:58  baselineEval.src.held_out  INFO     Best regression model: lgbm (RMSE=2.2170 ± 0.2783)
17:59:59  baselineEval.src.held_out  INFO     Held-out regression (full_kinematic | VLDII_comVS): model=lgbm RMSE=2.485 [1.693, 3.238] R²=0.262 [-0.167, 0.438] ρ=0.582
18:00:02  baselineEval.src.plotting  INFO       Saved: shap_bar_top20.png and shap_beeswarm_top20.png
18:00:02  baselineEval.src.held_out  INFO     SHAP saved → /srv/beegfs/scratch/shares/schaerm/schaer2/video_sam2_pose/humanLISBET-paper/baselineEval/results_reduce_mean_only/full_kinematic/held_out/regression/VLDII_comVS/shap
18:00:02  ccnEvaluation         INFO     ── CV for VLDII_domVS (regression) ──
18:00:02  ccnEvaluation         INFO       X: (95, 104), y: (95,) (classes: [ 9. 10. 11. 12. 13. 14. 15. 16. 17. 18. 19. 20. 22.])
18:00:02  baselineEval.src.cross_validation  INFO     Regression CV: 2 models, 5×10 nested CV (50 total outer folds)
18:00:51  baselineEval.src.cross_validation  INFO       Saved: predictions_per_subject.csv
18:00:51  baselineEval.src.cross_validation  INFO       CV results: 100 rows → /srv/beegfs/scratch/shares/schaerm/schaer2/video_sam2_pose/humanLISBET-paper/baselineEval/results_reduce_mean_only/full_kinematic/regression/VLDII_domVS/cv_results.csv
18:00:51  baselineEval.src.cross_validation  INFO     
── Regression summary (VLDII_domVS) ──
model     rmse       r2  spearman_r
lasso 2.468691 0.194104    0.481101
 lgbm 2.560199 0.132918    0.411682
18:00:51  ccnEvaluation         INFO     ── Held-out for VLDII_domVS (regression | full_kinematic) ──
18:00:51  baselineEval.src.held_out  INFO     Best regression model: lasso (RMSE=2.4687 ± 0.2054)
18:00:52  baselineEval.src.held_out  INFO     Held-out regression (full_kinematic | VLDII_domVS): model=lasso RMSE=2.147 [1.399, 2.776] R²=0.478 [-0.070, 0.658] ρ=0.764
18:00:55  baselineEval.src.plotting  INFO       Saved: shap_bar_top20.png and shap_beeswarm_top20.png
18:00:55  baselineEval.src.held_out  INFO     SHAP saved → /srv/beegfs/scratch/shares/schaerm/schaer2/video_sam2_pose/humanLISBET-paper/baselineEval/results_reduce_mean_only/full_kinematic/held_out/regression/VLDII_domVS/shap
18:00:55  ccnEvaluation         INFO     ── CV for VLDII_ComSS (regression) ──
18:00:55  ccnEvaluation         INFO       X: (95, 104), y: (95,) (classes: [ 44.  52.  54.  58.  59.  61.  63.  64.  65.  66.  69.  71.  72.  73.
  74.  76.  79.  80.  81.  84.  85.  86.  89.  90.  91.  93.  95.  97.
 100. 101. 102. 103. 104. 105. 107. 108. 110. 112. 113. 116. 118. 121.
 122. 125.])
18:00:55  baselineEval.src.cross_validation  INFO     Regression CV: 2 models, 5×10 nested CV (50 total outer folds)
18:01:45  baselineEval.src.cross_validation  INFO       Saved: predictions_per_subject.csv
18:01:45  baselineEval.src.cross_validation  INFO       CV results: 100 rows → /srv/beegfs/scratch/shares/schaerm/schaer2/video_sam2_pose/humanLISBET-paper/baselineEval/results_reduce_mean_only/full_kinematic/regression/VLDII_ComSS/cv_results.csv
18:01:45  baselineEval.src.cross_validation  INFO     
── Regression summary (VLDII_ComSS) ──
model      rmse       r2  spearman_r
lasso 17.187003 0.194829    0.491001
 lgbm 17.637855 0.141569    0.421739
18:01:45  ccnEvaluation         INFO     ── Held-out for VLDII_ComSS (regression | full_kinematic) ──
18:01:45  baselineEval.src.held_out  INFO     Best regression model: lasso (RMSE=17.1870 ± 1.6736)
18:01:46  baselineEval.src.held_out  INFO     Held-out regression (full_kinematic | VLDII_ComSS): model=lasso RMSE=16.771 [13.039, 20.469] R²=0.405 [-0.034, 0.568] ρ=0.620
18:01:49  baselineEval.src.plotting  INFO       Saved: shap_bar_top20.png and shap_beeswarm_top20.png
18:01:49  baselineEval.src.held_out  INFO     SHAP saved → /srv/beegfs/scratch/shares/schaerm/schaer2/video_sam2_pose/humanLISBET-paper/baselineEval/results_reduce_mean_only/full_kinematic/held_out/regression/VLDII_ComSS/shap
18:01:49  ccnEvaluation         INFO     ── CV for VLDII_expVS (regression) ──
18:01:49  ccnEvaluation         INFO       X: (95, 104), y: (95,) (classes: [ 6.  7.  8.  9. 10. 11. 12. 13. 14. 15. 16. 17. 18. 19. 20.])
18:01:49  baselineEval.src.cross_validation  INFO     Regression CV: 2 models, 5×10 nested CV (50 total outer folds)
18:02:38  baselineEval.src.cross_validation  INFO       Saved: predictions_per_subject.csv
18:02:38  baselineEval.src.cross_validation  INFO       CV results: 100 rows → /srv/beegfs/scratch/shares/schaerm/schaer2/video_sam2_pose/humanLISBET-paper/baselineEval/results_reduce_mean_only/full_kinematic/regression/VLDII_expVS/cv_results.csv
18:02:38  baselineEval.src.cross_validation  INFO     
── Regression summary (VLDII_expVS) ──
model     rmse       r2  spearman_r
lasso 3.359320 0.142666    0.471284
 lgbm 3.391262 0.123672    0.420409
18:02:38  ccnEvaluation         INFO     ── Held-out for VLDII_expVS (regression | full_kinematic) ──
18:02:38  baselineEval.src.held_out  INFO     Best regression model: lasso (RMSE=3.3593 ± 0.3352)
18:02:39  baselineEval.src.held_out  INFO     Held-out regression (full_kinematic | VLDII_expVS): model=lasso RMSE=2.697 [2.053, 3.264] R²=0.452 [0.147, 0.577] ρ=0.755
18:02:42  baselineEval.src.plotting  INFO       Saved: shap_bar_top20.png and shap_beeswarm_top20.png
18:02:42  baselineEval.src.held_out  INFO     SHAP saved → /srv/beegfs/scratch/shares/schaerm/schaer2/video_sam2_pose/humanLISBET-paper/baselineEval/results_reduce_mean_only/full_kinematic/held_out/regression/VLDII_expVS/shap
18:02:42  ccnEvaluation         INFO     ── CV for VLDII_recVS (regression) ──
18:02:42  ccnEvaluation         INFO       X: (95, 104), y: (95,) (classes: [ 3.  5.  6.  7.  8.  9. 10. 11. 12. 13. 14. 15. 16. 17. 18. 19. 20. 21.])
18:02:42  baselineEval.src.cross_validation  INFO     Regression CV: 2 models, 5×10 nested CV (50 total outer folds)
18:03:31  baselineEval.src.cross_validation  INFO       Saved: predictions_per_subject.csv
18:03:31  baselineEval.src.cross_validation  INFO       CV results: 100 rows → /srv/beegfs/scratch/shares/schaerm/schaer2/video_sam2_pose/humanLISBET-paper/baselineEval/results_reduce_mean_only/full_kinematic/regression/VLDII_recVS/cv_results.csv
18:03:31  baselineEval.src.cross_validation  INFO     
── Regression summary (VLDII_recVS) ──
model     rmse       r2  spearman_r
lasso 3.551122 0.208472    0.528995
 lgbm 3.637030 0.161661    0.480869
18:03:31  ccnEvaluation         INFO     ── Held-out for VLDII_recVS (regression | full_kinematic) ──
18:03:31  baselineEval.src.held_out  INFO     Best regression model: lasso (RMSE=3.5511 ± 0.4766)
18:03:32  baselineEval.src.held_out  INFO     Held-out regression (full_kinematic | VLDII_recVS): model=lasso RMSE=3.502 [2.654, 4.375] R²=0.422 [-0.009, 0.605] ρ=0.666
18:03:35  baselineEval.src.plotting  INFO       Saved: shap_bar_top20.png and shap_beeswarm_top20.png
18:03:35  baselineEval.src.held_out  INFO     SHAP saved → /srv/beegfs/scratch/shares/schaerm/schaer2/video_sam2_pose/humanLISBET-paper/baselineEval/results_reduce_mean_only/full_kinematic/held_out/regression/VLDII_recVS/shap
18:03:35  ccnEvaluation         INFO     ── CV for MSEL_TOTAL_DQ (regression) ──
18:03:35  ccnEvaluation         INFO       X: (100, 104), y: (100,) (classes: [ 18.02469136  32.43483412  34.59785415  38.08884914  38.95032984
  40.09469697  40.66399287  41.7597914   48.35352006  48.38185274
  48.56808071  49.32034527  52.60163835  52.78815173  53.41769972
  54.6043883   54.66514664  55.9129902   57.80945419  58.00856827
  58.01880411  58.49358974  60.55385401  60.73988735  61.21267952
  61.65540541  62.6717033   64.54699612  64.58014537  65.85307734
  66.03346902  66.56582561  67.46408956  68.67474001  69.12878788
  69.58887965  70.42091476  70.5832302   71.22161779  72.65127389
  72.74744284  73.39929215  73.55044202  73.63718709  74.37652068
  76.23385285  77.89159198  78.63298081  79.93217054  79.97485632
  80.39067013  81.47321429  82.45481928  83.44764518  83.72463299
  88.69235986  88.94106636  91.04190422  91.67078393  92.86194316
  92.9187448   93.08301946  94.84225533  95.62583836  96.63388805
  97.48931624  98.02617856 102.9518543  103.811149   107.0353937
 107.8029726  108.1764296  108.385181   108.6309524  108.7338226
 109.0520026  109.52137    111.8651489  112.1257819  112.192623
 112.5198886  112.8090659  112.8284389  113.5791843  115.0573568
 116.0376082  116.1326915  118.2653171  119.351962   120.5538618
 121.574912   125.622437   128.0608788  130.5093403  130.8806655
 132.3244751  135.4820159  139.7760116  149.1013072  149.4299051 ])
18:03:35  baselineEval.src.cross_validation  INFO     Regression CV: 2 models, 5×10 nested CV (50 total outer folds)
18:04:26  baselineEval.src.cross_validation  INFO       Saved: predictions_per_subject.csv
18:04:26  baselineEval.src.cross_validation  INFO       CV results: 100 rows → /srv/beegfs/scratch/shares/schaerm/schaer2/video_sam2_pose/humanLISBET-paper/baselineEval/results_reduce_mean_only/full_kinematic/regression/MSEL_TOTAL_DQ/cv_results.csv
18:04:26  baselineEval.src.cross_validation  INFO     
── Regression summary (MSEL_TOTAL_DQ) ──
model      rmse       r2  spearman_r
lasso 24.578872 0.270363    0.557594
 lgbm 25.951341 0.179747    0.483850
18:04:26  ccnEvaluation         INFO     ── Held-out for MSEL_TOTAL_DQ (regression | full_kinematic) ──
18:04:26  baselineEval.src.held_out  INFO     Best regression model: lasso (RMSE=24.5789 ± 3.0908)
18:04:28  baselineEval.src.held_out  INFO     Held-out regression (full_kinematic | MSEL_TOTAL_DQ): model=lasso RMSE=22.380 [17.326, 27.012] R²=0.539 [0.285, 0.631] ρ=0.887
18:04:31  baselineEval.src.plotting  INFO       Saved: shap_bar_top20.png and shap_beeswarm_top20.png
18:04:31  baselineEval.src.held_out  INFO     SHAP saved → /srv/beegfs/scratch/shares/schaerm/schaer2/video_sam2_pose/humanLISBET-paper/baselineEval/results_reduce_mean_only/full_kinematic/held_out/regression/MSEL_TOTAL_DQ/shap
18:04:31  ccnEvaluation         INFO     ── CV for MSEL_FM_DQ (regression) ──
18:04:31  ccnEvaluation         INFO       X: (100, 104), y: (100,) (classes: [ 18.02469136  46.4649432   48.97137746  50.05646983  54.38484461
  55.25934702  55.26116578  55.3030303   59.06148867  60.89132507
  63.6627907   63.73690338  64.77896096  65.16194848  65.41218638
  65.72629052  69.06338694  69.12878788  69.33210784  70.91968912
  73.53479853  75.06258941  75.18022657  75.486618    75.66334992
  75.86923658  75.90612002  75.91514143  77.07927225  77.89159198
  78.29257829  79.43695591  79.91242474  80.18453427  80.89539007
  80.95690748  82.62072435  82.81765677  83.43724023  83.84379786
  83.94209957  85.6233244   85.79059829  85.92278719  87.62002743
  87.84596871  87.86462758  87.98209366  89.15229885  90.64569536
  90.75497288  90.7960199   92.60343482  92.99363057  93.43003413
  93.95109395  95.05208333  95.38327526  96.20155039  96.63388805
  96.66313559  97.1113645   97.65160523  97.76785714  98.45857418
  98.95429899  98.97788903  99.40087146  99.64898596 102.1903821
 102.8432377  103.6931818  103.811149   104.7045324  105.1267281
 105.4303871  106.1046512  106.538237   107.1589883  108.1764296
 108.201581   108.6309524  109.939759   111.4163614  111.6891065
 112.258348   112.5198886  113.5687229  114.1644325  115.1790314
 119.8555166  120.5538618  121.1819389  121.197515   121.574912
 122.124634   122.1456693  122.8956229  123.8687783  143.1372549 ])
18:04:31  baselineEval.src.cross_validation  INFO     Regression CV: 2 models, 5×10 nested CV (50 total outer folds)
18:05:22  baselineEval.src.cross_validation  INFO       Saved: predictions_per_subject.csv
18:05:22  baselineEval.src.cross_validation  INFO       CV results: 100 rows → /srv/beegfs/scratch/shares/schaerm/schaer2/video_sam2_pose/humanLISBET-paper/baselineEval/results_reduce_mean_only/full_kinematic/regression/MSEL_FM_DQ/cv_results.csv
18:05:22  baselineEval.src.cross_validation  INFO     
── Regression summary (MSEL_FM_DQ) ──
model      rmse       r2  spearman_r
lasso 20.071038 0.095185    0.412692
 lgbm 19.922870 0.100841    0.411221
18:05:22  ccnEvaluation         INFO     ── Held-out for MSEL_FM_DQ (regression | full_kinematic) ──
18:05:22  baselineEval.src.held_out  INFO     Best regression model: lgbm (RMSE=19.9229 ± 3.0203)
18:05:23  baselineEval.src.held_out  INFO     Held-out regression (full_kinematic | MSEL_FM_DQ): model=lgbm RMSE=16.799 [11.395, 22.220] R²=0.409 [0.005, 0.587] ρ=0.694
18:05:26  baselineEval.src.plotting  INFO       Saved: shap_bar_top20.png and shap_beeswarm_top20.png
18:05:26  baselineEval.src.held_out  INFO     SHAP saved → /srv/beegfs/scratch/shares/schaerm/schaer2/video_sam2_pose/humanLISBET-paper/baselineEval/results_reduce_mean_only/full_kinematic/held_out/regression/MSEL_FM_DQ/shap
18:05:26  ccnEvaluation         INFO     ── CV for MSEL_VR_DQ (regression) ──
18:05:26  ccnEvaluation         INFO       X: (100, 104), y: (100,) (classes: [ 24.78395062  38.27847693  40.84386519  44.24242424  48.97137746
  55.48645661  56.65502522  56.92959002  62.16881151  62.75283172
  64.71631206  65.27181688  65.72629052  66.12318841  66.69049889
  67.74833589  69.92337165  70.46332046  70.66795741  71.15009747
  72.16608084  73.80514706  73.80800341  75.41322314  76.86522262
  77.69631031  77.99145299  78.31273601  78.41474446  78.6637931
  79.18580909  79.31783825  80.21978022  83.77964805  84.0389186
  84.56192081  84.81797057  84.88372093  85.28037383  87.43066062
  88.66708914  89.11889597  89.35566001  89.46078431  89.57533077
  89.615829    90.15860634  92.33630952  93.50512357  93.81764069
  94.1109736   94.6140553   96.17918314  96.20155039  97.93244949
  98.97788903 100.5796275  102.1289538  103.2884465  104.0746873
 104.3095565  106.0098302  106.3795337  108.127254   109.5515537
 110.1055807  110.1609658  110.297536   111.6891065  113.7780549
 114.2017705  114.5637163  115.3090847  116.9871795  118.5064935
 121.4642263  123.6822289  124.5733788  125.1905488  125.2213369
 129.0167095  130.7503771  133.1727963  133.6408905  133.8188664
 134.9544937  135.1851852  136.0094851  136.515748   146.7828418
 147.3675711  148.8166269  148.8393977  151.821572   153.0708874
 158.9721254  159.8073555  175.8188825  192.7226814 ])
18:05:26  baselineEval.src.cross_validation  INFO     Regression CV: 2 models, 5×10 nested CV (50 total outer folds)
18:06:18  baselineEval.src.cross_validation  INFO       Saved: predictions_per_subject.csv
18:06:18  baselineEval.src.cross_validation  INFO       CV results: 100 rows → /srv/beegfs/scratch/shares/schaerm/schaer2/video_sam2_pose/humanLISBET-paper/baselineEval/results_reduce_mean_only/full_kinematic/regression/MSEL_VR_DQ/cv_results.csv
18:06:18  baselineEval.src.cross_validation  INFO     
── Regression summary (MSEL_VR_DQ) ──
model      rmse       r2  spearman_r
lasso 28.788684 0.148351    0.446858
 lgbm 30.254288 0.049705    0.354842
18:06:18  ccnEvaluation         INFO     ── Held-out for MSEL_VR_DQ (regression | full_kinematic) ──
18:06:18  baselineEval.src.held_out  INFO     Best regression model: lasso (RMSE=28.7887 ± 3.2572)
18:06:19  baselineEval.src.held_out  INFO     Held-out regression (full_kinematic | MSEL_VR_DQ): model=lasso RMSE=26.231 [20.413, 31.792] R²=0.391 [0.128, 0.470] ρ=0.770
18:06:22  baselineEval.src.plotting  INFO       Saved: shap_bar_top20.png and shap_beeswarm_top20.png
18:06:22  baselineEval.src.held_out  INFO     SHAP saved → /srv/beegfs/scratch/shares/schaerm/schaer2/video_sam2_pose/humanLISBET-paper/baselineEval/results_reduce_mean_only/full_kinematic/held_out/regression/MSEL_VR_DQ/shap
18:06:22  ccnEvaluation         INFO     ── CV for MSEL_LR_DQ (regression) ──
18:06:22  ccnEvaluation         INFO       X: (100, 104), y: (100,) (classes: [  3.88463176   4.06639929   6.75925926   9.87554113  12.01290153
  16.59090909  18.70972466  20.22384752  20.94811754  21.24563446
  25.56022409  26.50048403  28.99586908  29.92695289  32.38948048
  32.63590844  35.30956329  37.26391016  38.9957265   40.25735294
  40.48807543  43.06091806  44.2961165   44.83182162  46.05097149
  46.79487179  47.45189808  48.93770627  50.11618082  50.37154989
  52.84749035  53.52588625  53.65219358  54.90373045  59.29174789
  59.55070281  62.02209006  62.16545012  62.65018881  63.07603687
  64.61056645  64.9288451   66.12318841  66.75811614  70.61011905
  70.91968912  71.94102807  73.19518717  74.25406872  76.30178639
  76.39534884  77.74980635  77.81007752  77.89159198  78.6637931
  79.07279029  79.43695591  80.19460138  82.52583979  83.43724023
  83.56227106  84.15678524  87.60560676  91.80080483  96.34238311
  96.50411281 102.7847309  104.0746873  105.9596995  107.2715207
 108.1764296  108.8902148  110.0871314  115.4120767  115.9171748
 116.9871795  117.5351288  118.5064935  119.2178672  119.8802164
 120.1122726  120.9753788  121.1819389  122.3190349  122.5189726
 124.5733788  126.9356955  127.766486   128.1288156  130.2021403
 130.5093403  132.9263068  138.2575758  142.6500252  144.1714836
 144.3321617  147.1132898  148.8393977  153.6195286  157.0567986 ])
18:06:22  baselineEval.src.cross_validation  INFO     Regression CV: 2 models, 5×10 nested CV (50 total outer folds)
18:07:13  baselineEval.src.cross_validation  INFO       Saved: predictions_per_subject.csv
18:07:13  baselineEval.src.cross_validation  INFO       CV results: 100 rows → /srv/beegfs/scratch/shares/schaerm/schaer2/video_sam2_pose/humanLISBET-paper/baselineEval/results_reduce_mean_only/full_kinematic/regression/MSEL_LR_DQ/cv_results.csv
18:07:13  baselineEval.src.cross_validation  INFO     
── Regression summary (MSEL_LR_DQ) ──
model      rmse       r2  spearman_r
lasso 32.879965 0.321966    0.612120
 lgbm 35.405153 0.207799    0.512692
18:07:13  ccnEvaluation         INFO     ── Held-out for MSEL_LR_DQ (regression | full_kinematic) ──
18:07:13  baselineEval.src.held_out  INFO     Best regression model: lasso (RMSE=32.8800 ± 3.1740)
18:07:15  baselineEval.src.held_out  INFO     Held-out regression (full_kinematic | MSEL_LR_DQ): model=lasso RMSE=28.111 [20.625, 34.102] R²=0.616 [0.352, 0.730] ρ=0.799
18:07:18  baselineEval.src.plotting  INFO       Saved: shap_bar_top20.png and shap_beeswarm_top20.png
18:07:18  baselineEval.src.held_out  INFO     SHAP saved → /srv/beegfs/scratch/shares/schaerm/schaer2/video_sam2_pose/humanLISBET-paper/baselineEval/results_reduce_mean_only/full_kinematic/held_out/regression/MSEL_LR_DQ/shap
18:07:18  ccnEvaluation         INFO     ── CV for MSEL_LE_DQ (regression) ──
18:07:18  ccnEvaluation         INFO       X: (100, 104), y: (100,) (classes: [  9.94008715  14.16375631  17.66698935  21.62322275  22.5308642
  23.71669916  24.48568873  29.32736455  29.93313147  31.1965812
  31.83139535  32.5311943   34.96168582  35.3339787   36.51460584
  36.64658635  37.69462981  40.09226714  40.25735294  40.48807543
  41.27091814  41.92189893  43.37492573  44.24242424  44.2961165
  44.43993506  44.83182162  45.69027182  46.51656754  46.72299027
  47.44367418  50.11618082  50.12015105  50.13736264  50.93023256
  52.58200355  54.8048048   55.8530987   56.46658416  56.94227769
  57.72506083  58.12101911  59.82097832  59.93431856  60.11198946
  61.49957877  65.17857143  65.57490326  66.18574582  66.20785318
  69.12878788  69.55030488  71.37484958  72.66780432  73.41954023
  75.10288066  76.33526384  77.99145299  78.1455863   79.85282418
  80.57395143  81.54602324  82.20720721  83.94209957  84.10138249
  85.23058961  86.67962003  89.35128519  89.92073693  90.17483846
  91.02244389  91.36420526  91.65097301  93.77792672  94.24218952
  96.25527426  96.94555113  97.92085848 100.2099483  100.2747253
 103.2239819  106.0553231  108.127254   109.939759   111.2804878
 111.8651489  112.258348   114.1922639  115.7352358  116.9871795
 120.9753788  122.124634   124.6584699  128.4817876  128.8841808
 137.775842   140.655106   143.7007874  170.9694989 ])
18:07:18  baselineEval.src.cross_validation  INFO     Regression CV: 2 models, 5×10 nested CV (50 total outer folds)
18:08:09  baselineEval.src.cross_validation  INFO       Saved: predictions_per_subject.csv
18:08:09  baselineEval.src.cross_validation  INFO       CV results: 100 rows → /srv/beegfs/scratch/shares/schaerm/schaer2/video_sam2_pose/humanLISBET-paper/baselineEval/results_reduce_mean_only/full_kinematic/regression/MSEL_LE_DQ/cv_results.csv
18:08:09  baselineEval.src.cross_validation  INFO     
── Regression summary (MSEL_LE_DQ) ──
model      rmse       r2  spearman_r
lasso 29.468483 0.231154    0.498457
 lgbm 31.761957 0.104830    0.383025
18:08:09  ccnEvaluation         INFO     ── Held-out for MSEL_LE_DQ (regression | full_kinematic) ──
18:08:09  baselineEval.src.held_out  INFO     Best regression model: lasso (RMSE=29.4685 ± 3.5500)
18:08:10  baselineEval.src.held_out  INFO     Held-out regression (full_kinematic | MSEL_LE_DQ): model=lasso RMSE=25.802 [19.515, 31.599] R²=0.524 [0.102, 0.667] ρ=0.863
18:08:14  baselineEval.src.plotting  INFO       Saved: shap_bar_top20.png and shap_beeswarm_top20.png
18:08:14  baselineEval.src.held_out  INFO     SHAP saved → /srv/beegfs/scratch/shares/schaerm/schaer2/video_sam2_pose/humanLISBET-paper/baselineEval/results_reduce_mean_only/full_kinematic/held_out/regression/MSEL_LE_DQ/shap
18:08:14  ccnEvaluation         INFO     ── CV for MSEL_NV_DQ (regression) ──
18:08:14  ccnEvaluation         INFO       X: (100, 104), y: (100,) (classes: [ 21.40432099  44.16747338  48.05160611  48.97137746  49.77272727
  58.71498864  60.1959643   60.90716019  63.02918895  63.79091198
  64.09642401  65.57490326  65.72629052  66.58026114  67.72345918
  67.91030161  70.16720315  71.56862745  72.80585106  73.37984863
  74.11468486  74.27325581  74.37794938  74.47079827  74.91789819
  76.17530756  76.74648129  76.87728938  77.59353741  79.97251931
  81.51480347  81.6976584   81.89102564  81.99943836  82.20720721
  82.35559567  83.73346137  83.90804598  84.15678524  84.60538218
  84.81199831  86.57250071  88.46431518  88.6496114   88.80778589
  88.87987013  91.05626327  91.88613478  92.03227433  92.13004822
  94.43082789  94.90379615  95.05208333  95.96479195  96.20155039
  96.39084507  96.49226641  97.36019132  97.52310803  97.94594067
  98.60764755  98.68968386  98.84549601  98.97788903  99.87039171
 100.2432517  102.1903821  103.1073446  109.0017065  109.0761612
 109.2369828  110.0871314  111.4163614  111.6531427  111.6891065
 114.2017705  115.7352358  116.0376082  116.2030831  116.810994
 116.9871795  119.3828214  119.8555166  121.5842367  122.8722053
 122.9496192  123.2016379  125.1071123  126.1626445  126.7361111
 127.1777003  128.2630522  128.3820346  129.3307087  130.6682578
 135.4820159  137.1387283  139.16122    139.8314361  157.8091521 ])
18:08:14  baselineEval.src.cross_validation  INFO     Regression CV: 2 models, 5×10 nested CV (50 total outer folds)
18:09:05  baselineEval.src.cross_validation  INFO       Saved: predictions_per_subject.csv
18:09:05  baselineEval.src.cross_validation  INFO       CV results: 100 rows → /srv/beegfs/scratch/shares/schaerm/schaer2/video_sam2_pose/humanLISBET-paper/baselineEval/results_reduce_mean_only/full_kinematic/regression/MSEL_NV_DQ/cv_results.csv
18:09:05  baselineEval.src.cross_validation  INFO     
── Regression summary (MSEL_NV_DQ) ──
model     rmse       r2  spearman_r
lasso 22.74655 0.138384    0.468120
 lgbm 23.19786 0.094030    0.414135
18:09:05  ccnEvaluation         INFO     ── Held-out for MSEL_NV_DQ (regression | full_kinematic) ──
18:09:05  baselineEval.src.held_out  INFO     Best regression model: lasso (RMSE=22.7466 ± 2.6555)
18:09:06  baselineEval.src.held_out  INFO     Held-out regression (full_kinematic | MSEL_NV_DQ): model=lasso RMSE=17.000 [13.388, 20.263] R²=0.572 [0.328, 0.682] ρ=0.868
18:09:09  baselineEval.src.plotting  INFO       Saved: shap_bar_top20.png and shap_beeswarm_top20.png
18:09:09  baselineEval.src.held_out  INFO     SHAP saved → /srv/beegfs/scratch/shares/schaerm/schaer2/video_sam2_pose/humanLISBET-paper/baselineEval/results_reduce_mean_only/full_kinematic/held_out/regression/MSEL_NV_DQ/shap
18:09:09  ccnEvaluation         INFO     ── CV for MSEL_V_DQ (regression) ──
18:09:09  ccnEvaluation         INFO       X: (100, 104), y: (100,) (classes: [ 14.64506173  16.81806214  17.70469538  18.29879679  19.42315879
  25.02823491  25.13774105  27.1577381   27.20632081  29.4009959
  30.41666667  30.91723136  31.03741497  33.34524944  35.09615385
  36.40292553  37.2753268   37.99205148  39.16309013  39.59290454
  40.25735294  40.48807543  41.50422352  44.2961165   44.83182162
  47.46155586  48.09864458  48.46611722  48.93286143  50.11618082
  50.44223328  52.19708788  52.70214521  54.2462845   54.2693288
  54.68949248  54.82073643  54.89951357  56.38516993  58.28505645
  59.94525547  62.43158183  63.11758893  63.13929001  63.25823224
  63.6627907   64.59137709  67.89434524  69.06338694  70.46826734
  70.9304984   72.04972258  76.04166667  78.79965458  80.77686203
  81.15118577  83.23831243  85.25467149  85.85349462  85.92278719
  85.99599793  87.22984206  89.35566001  91.36789406  92.32431935
  92.73373984  94.37151949  94.86083166  95.8165773   97.07446809
  98.62059158  99.7831825  101.2242965  101.2355018  102.3816809
 103.6931818  103.8747811  107.1158763  108.0484808  109.063745
 110.7318923  111.4235219  114.0037352  114.2017705  115.3090847
 116.9871795  119.5234869  120.9753788  121.0967994  121.1872446
 122.9686881  124.051024   128.2952548  128.9440573  133.4982788
 135.3182415  135.4820159  141.0506581  142.4132948  159.0413943 ])
18:09:09  baselineEval.src.cross_validation  INFO     Regression CV: 2 models, 5×10 nested CV (50 total outer folds)
18:10:00  baselineEval.src.cross_validation  INFO       Saved: predictions_per_subject.csv
18:10:00  baselineEval.src.cross_validation  INFO       CV results: 100 rows → /srv/beegfs/scratch/shares/schaerm/schaer2/video_sam2_pose/humanLISBET-paper/baselineEval/results_reduce_mean_only/full_kinematic/regression/MSEL_V_DQ/cv_results.csv
18:10:00  baselineEval.src.cross_validation  INFO     
── Regression summary (MSEL_V_DQ) ──
model      rmse       r2  spearman_r
lasso 29.241423 0.309083    0.605925
 lgbm 31.315683 0.204540    0.510716
18:10:00  ccnEvaluation         INFO     ── Held-out for MSEL_V_DQ (regression | full_kinematic) ──
18:10:00  baselineEval.src.held_out  INFO     Best regression model: lasso (RMSE=29.2414 ± 3.3829)
18:10:01  baselineEval.src.held_out  INFO     Held-out regression (full_kinematic | MSEL_V_DQ): model=lasso RMSE=25.656 [19.569, 31.572] R²=0.605 [0.305, 0.710] ρ=0.904
18:10:05  baselineEval.src.plotting  INFO       Saved: shap_bar_top20.png and shap_beeswarm_top20.png
18:10:05  baselineEval.src.held_out  INFO     SHAP saved → /srv/beegfs/scratch/shares/schaerm/schaer2/video_sam2_pose/humanLISBET-paper/baselineEval/results_reduce_mean_only/full_kinematic/held_out/regression/MSEL_V_DQ/shap
18:10:05  ccnEvaluation         INFO     ═══ Representation: embedding ═══
18:10:05  ccnEvaluation         INFO       Features for embedding: 256 columns
18:10:05  ccnEvaluation         INFO     ═══ Step 2: Preprocessing report ═══
18:10:05  baselineEval.src.preprocessing  INFO     Feature selection (full dataset): 256 features → 256 kept (0 missingness, 0 near-zero-var, 0 correlated)
18:10:05  baselineEval.src.preprocessing  INFO     Feature selection report → /srv/beegfs/scratch/shares/schaerm/schaer2/video_sam2_pose/humanLISBET-paper/baselineEval/results_reduce_mean_only/embedding/feature_selection_report.csv
18:10:05  baselineEval.src.preprocessing  INFO     PCA explained-variance data → /srv/beegfs/scratch/shares/schaerm/schaer2/video_sam2_pose/humanLISBET-paper/baselineEval/results_reduce_mean_only/embedding/pca_explained_variance.csv
18:10:06  baselineEval.src.preprocessing  INFO     PCA explained-variance plot → /srv/beegfs/scratch/shares/schaerm/schaer2/video_sam2_pose/humanLISBET-paper/baselineEval/results_reduce_mean_only/embedding/pca_explained_variance.png
18:10:06  ccnEvaluation         INFO     ── CV for diagnosis (classification) ──
18:10:06  ccnEvaluation         INFO       X: (102, 256), y: (102,) (classes: [0 1])
18:10:06  baselineEval.src.cross_validation  INFO     Classification CV: 2 models, 5×10 nested CV (50 total outer folds)
18:12:22  baselineEval.src.cross_validation  INFO       Saved: predictions_per_subject.csv
18:12:22  baselineEval.src.cross_validation  INFO       CV results: 100 rows → /srv/beegfs/scratch/shares/schaerm/schaer2/video_sam2_pose/humanLISBET-paper/baselineEval/results_reduce_mean_only/embedding/classification/diagnosis/cv_results.csv
18:12:22  baselineEval.src.cross_validation  INFO     
── Classification AUC-ROC summary (diagnosis) ──
model  auc_roc_mean  auc_roc_std
lasso      0.744500     0.105950
 lgbm      0.766928     0.095047
18:12:22  ccnEvaluation         INFO     ── Held-out for diagnosis (classification | embedding) ──
18:12:22  baselineEval.src.held_out  INFO     Best classification model: lgbm (AUC=0.7669 ± 0.0950)
18:12:22  baselineEval.src.held_out  INFO     Held-out classification (embedding | diagnosis): model=lgbm AUC=0.657 BAcc=0.564 Acc=0.588 [0.329, 0.816]
18:12:22  ccnEvaluation         INFO     ── CV for ADOS_2_ADOS_G_revised_RRB_level_of_symptoms (classification) ──
18:12:22  ccnEvaluation         INFO       X: (102, 256), y: (102,) (classes: [0 1 2])
18:12:22  baselineEval.src.cross_validation  INFO     Classification CV: 2 models, 5×10 nested CV (50 total outer folds)
18:16:23  baselineEval.src.cross_validation  INFO       Saved: predictions_per_subject.csv
18:16:23  baselineEval.src.cross_validation  INFO       CV results: 100 rows → /srv/beegfs/scratch/shares/schaerm/schaer2/video_sam2_pose/humanLISBET-paper/baselineEval/results_reduce_mean_only/embedding/classification/ADOS_2_ADOS_G_revised_RRB_level_of_symptoms/cv_results.csv
18:16:23  baselineEval.src.cross_validation  INFO     
── Classification F1-macro summary (ADOS_2_ADOS_G_revised_RRB_level_of_symptoms) ──
model  f1_macro_mean  f1_macro_std
lasso       0.520395      0.121092
 lgbm       0.453761      0.095446
18:16:23  ccnEvaluation         INFO     ── Held-out for ADOS_2_ADOS_G_revised_RRB_level_of_symptoms (classification | embedding) ──
18:16:23  baselineEval.src.held_out  INFO     Best classification model: lasso (F1-macro=0.5204 ± 0.1211)
18:16:24  baselineEval.src.held_out  INFO     Held-out classification (embedding | ADOS_2_ADOS_G_revised_RRB_level_of_symptoms): model=lasso F1-macro=0.515 BAcc=0.511 Acc=0.588 [0.329, 0.816]
18:16:24  ccnEvaluation         INFO     ── CV for ADOS_2_ADOS_G_REVISED_SA_LEVEL_OF_SYMPTOMS (classification) ──
18:16:24  ccnEvaluation         INFO       X: (102, 256), y: (102,) (classes: [0 1 2 3])
18:16:24  baselineEval.src.cross_validation  INFO     Classification CV: 2 models, 5×10 nested CV (50 total outer folds)
18:21:07  baselineEval.src.cross_validation  INFO       Saved: predictions_per_subject.csv
18:21:07  baselineEval.src.cross_validation  INFO       CV results: 100 rows → /srv/beegfs/scratch/shares/schaerm/schaer2/video_sam2_pose/humanLISBET-paper/baselineEval/results_reduce_mean_only/embedding/classification/ADOS_2_ADOS_G_REVISED_SA_LEVEL_OF_SYMPTOMS/cv_results.csv
18:21:07  baselineEval.src.cross_validation  INFO     
── Classification F1-macro summary (ADOS_2_ADOS_G_REVISED_SA_LEVEL_OF_SYMPTOMS) ──
model  f1_macro_mean  f1_macro_std
lasso       0.302824      0.094030
 lgbm       0.326584      0.067729
18:21:07  ccnEvaluation         INFO     ── Held-out for ADOS_2_ADOS_G_REVISED_SA_LEVEL_OF_SYMPTOMS (classification | embedding) ──
18:21:07  baselineEval.src.held_out  INFO     Best classification model: lgbm (F1-macro=0.3266 ± 0.0677)
18:21:08  baselineEval.src.held_out  INFO     Held-out classification (embedding | ADOS_2_ADOS_G_REVISED_SA_LEVEL_OF_SYMPTOMS): model=lgbm F1-macro=0.317 BAcc=0.324 Acc=0.412 [0.184, 0.671]
18:21:08  ccnEvaluation         INFO     ── CV for ADOS_G_ADOS_2_TOTAL_score_de_severite (regression) ──
18:21:08  ccnEvaluation         INFO       X: (102, 256), y: (102,) (classes: [ 1.  2.  3.  4.  5.  6.  7.  8.  9. 10.])
18:21:08  baselineEval.src.cross_validation  INFO     Regression CV: 2 models, 5×10 nested CV (50 total outer folds)
18:22:48  baselineEval.src.cross_validation  INFO       Saved: predictions_per_subject.csv
18:22:48  baselineEval.src.cross_validation  INFO       CV results: 100 rows → /srv/beegfs/scratch/shares/schaerm/schaer2/video_sam2_pose/humanLISBET-paper/baselineEval/results_reduce_mean_only/embedding/regression/ADOS_G_ADOS_2_TOTAL_score_de_severite/cv_results.csv
18:22:48  baselineEval.src.cross_validation  INFO     
── Regression summary (ADOS_G_ADOS_2_TOTAL_score_de_severite) ──
model     rmse       r2  spearman_r
lasso 2.997136 0.192319    0.518350
 lgbm 3.021329 0.175934    0.477019
18:22:48  ccnEvaluation         INFO     ── Held-out for ADOS_G_ADOS_2_TOTAL_score_de_severite (regression | embedding) ──
18:22:48  baselineEval.src.held_out  INFO     Best regression model: lasso (RMSE=2.9971 ± 0.2526)
18:22:49  baselineEval.src.held_out  INFO     Held-out regression (embedding | ADOS_G_ADOS_2_TOTAL_score_de_severite): model=lasso RMSE=3.221 [2.428, 3.919] R²=0.156 [-0.227, 0.367] ρ=0.323
18:22:49  ccnEvaluation         INFO     ── CV for ADOS_2_ADOS_G_REVISED_SA_SEVERITY_SCORE (regression) ──
18:22:49  ccnEvaluation         INFO       X: (102, 256), y: (102,) (classes: [ 1.  2.  3.  4.  5.  6.  7.  9. 10.])
18:22:49  baselineEval.src.cross_validation  INFO     Regression CV: 2 models, 5×10 nested CV (50 total outer folds)
18:24:29  baselineEval.src.cross_validation  INFO       Saved: predictions_per_subject.csv
18:24:29  baselineEval.src.cross_validation  INFO       CV results: 100 rows → /srv/beegfs/scratch/shares/schaerm/schaer2/video_sam2_pose/humanLISBET-paper/baselineEval/results_reduce_mean_only/embedding/regression/ADOS_2_ADOS_G_REVISED_SA_SEVERITY_SCORE/cv_results.csv
18:24:29  baselineEval.src.cross_validation  INFO     
── Regression summary (ADOS_2_ADOS_G_REVISED_SA_SEVERITY_SCORE) ──
model     rmse       r2  spearman_r
lasso 2.875877 0.120539    0.421305
 lgbm 2.866912 0.119535    0.390262
18:24:29  ccnEvaluation         INFO     ── Held-out for ADOS_2_ADOS_G_REVISED_SA_SEVERITY_SCORE (regression | embedding) ──
18:24:29  baselineEval.src.held_out  INFO     Best regression model: lgbm (RMSE=2.8669 ± 0.2759)
18:24:31  baselineEval.src.held_out  INFO     Held-out regression (embedding | ADOS_2_ADOS_G_REVISED_SA_SEVERITY_SCORE): model=lgbm RMSE=2.620 [1.805, 3.310] R²=0.166 [-0.335, 0.455] ρ=0.489
18:24:31  ccnEvaluation         INFO     ── CV for ADOS_2_ADOS_G_REVISED_RRB_SEVERITY_SCORE_new (regression) ──
18:24:31  ccnEvaluation         INFO       X: (102, 256), y: (102,) (classes: [ 1.  5.  6.  7.  8.  9. 10.])
18:24:31  baselineEval.src.cross_validation  INFO     Regression CV: 2 models, 5×10 nested CV (50 total outer folds)
18:26:12  baselineEval.src.cross_validation  INFO       Saved: predictions_per_subject.csv
18:26:12  baselineEval.src.cross_validation  INFO       CV results: 100 rows → /srv/beegfs/scratch/shares/schaerm/schaer2/video_sam2_pose/humanLISBET-paper/baselineEval/results_reduce_mean_only/embedding/regression/ADOS_2_ADOS_G_REVISED_RRB_SEVERITY_SCORE_new/cv_results.csv
18:26:12  baselineEval.src.cross_validation  INFO     
── Regression summary (ADOS_2_ADOS_G_REVISED_RRB_SEVERITY_SCORE_new) ──
model     rmse       r2  spearman_r
lasso 2.939801 0.119177    0.562372
 lgbm 2.945124 0.119237    0.488556
18:26:12  ccnEvaluation         INFO     ── Held-out for ADOS_2_ADOS_G_REVISED_RRB_SEVERITY_SCORE_new (regression | embedding) ──
18:26:12  baselineEval.src.held_out  INFO     Best regression model: lasso (RMSE=2.9398 ± 0.3649)
18:26:13  baselineEval.src.held_out  INFO     Held-out regression (embedding | ADOS_2_ADOS_G_REVISED_RRB_SEVERITY_SCORE_new): model=lasso RMSE=3.434 [2.723, 4.108] R²=0.168 [-0.217, 0.297] ρ=0.469
18:26:13  ccnEvaluation         INFO     ── CV for VLDII_AdSS (regression) ──
18:26:13  ccnEvaluation         INFO       X: (95, 256), y: (95,) (classes: [ 51.  63.  64.  65.  66.  68.  69.  70.  71.  72.  73.  74.  75.  76.
  77.  78.  79.  80.  81.  83.  84.  85.  86.  87.  88.  89.  90.  91.
  92.  93.  94.  95.  96.  97.  99. 100. 102. 103. 104. 105. 107. 108.
 109. 110. 113. 115. 117.])
18:26:13  baselineEval.src.cross_validation  INFO     Regression CV: 2 models, 5×10 nested CV (50 total outer folds)
18:27:51  baselineEval.src.cross_validation  INFO       Saved: predictions_per_subject.csv
18:27:51  baselineEval.src.cross_validation  INFO       CV results: 100 rows → /srv/beegfs/scratch/shares/schaerm/schaer2/video_sam2_pose/humanLISBET-paper/baselineEval/results_reduce_mean_only/embedding/regression/VLDII_AdSS/cv_results.csv
18:27:51  baselineEval.src.cross_validation  INFO     
── Regression summary (VLDII_AdSS) ──
model      rmse       r2  spearman_r
lasso 13.260926 0.173701    0.486557
 lgbm 13.964580 0.078820    0.334233
18:27:51  ccnEvaluation         INFO     ── Held-out for VLDII_AdSS (regression | embedding) ──
18:27:51  baselineEval.src.held_out  INFO     Best regression model: lasso (RMSE=13.2609 ± 1.1125)
18:27:52  baselineEval.src.held_out  INFO     Held-out regression (embedding | VLDII_AdSS): model=lasso RMSE=14.554 [11.659, 17.061] R²=0.154 [-0.232, 0.281] ρ=0.398
18:27:52  ccnEvaluation         INFO     ── CV for VLDII_MotorSS (regression) ──
18:27:52  ccnEvaluation         INFO       X: (95, 256), y: (95,) (classes: [ 56.  67.  69.  70.  72.  75.  79.  81.  82.  84.  85.  88.  90.  93.
  94.  95.  96.  97. 100. 102. 104. 105. 106. 108. 111. 114. 121. 131.])
18:27:52  baselineEval.src.cross_validation  INFO     Regression CV: 2 models, 5×10 nested CV (50 total outer folds)
18:29:31  baselineEval.src.cross_validation  INFO       Saved: predictions_per_subject.csv
18:29:31  baselineEval.src.cross_validation  INFO       CV results: 100 rows → /srv/beegfs/scratch/shares/schaerm/schaer2/video_sam2_pose/humanLISBET-paper/baselineEval/results_reduce_mean_only/embedding/regression/VLDII_MotorSS/cv_results.csv
18:29:31  baselineEval.src.cross_validation  INFO     
── Regression summary (VLDII_MotorSS) ──
model      rmse        r2  spearman_r
lasso 12.367604 -0.009367    0.069326
 lgbm 13.075486 -0.135144   -0.022395
18:29:31  ccnEvaluation         INFO     ── Held-out for VLDII_MotorSS (regression | embedding) ──
18:29:31  baselineEval.src.held_out  INFO     Best regression model: lasso (RMSE=12.3676 ± 1.4178)
18:29:32  baselineEval.src.held_out  INFO     Held-out regression (embedding | VLDII_MotorSS): model=lasso RMSE=12.942 [9.410, 16.369] R²=-0.045 [-0.599, 0.044] ρ=-0.036
18:29:32  ccnEvaluation         INFO     ── CV for VLDII_gmsVS (regression) ──
18:29:32  ccnEvaluation         INFO       X: (95, 256), y: (95,) (classes: [ 8.  9. 10. 11. 12. 13. 14. 15. 16. 17. 18. 22.])
18:29:32  baselineEval.src.cross_validation  INFO     Regression CV: 2 models, 5×10 nested CV (50 total outer folds)
18:31:09  baselineEval.src.cross_validation  INFO       Saved: predictions_per_subject.csv
18:31:09  baselineEval.src.cross_validation  INFO       CV results: 100 rows → /srv/beegfs/scratch/shares/schaerm/schaer2/video_sam2_pose/humanLISBET-paper/baselineEval/results_reduce_mean_only/embedding/regression/VLDII_gmsVS/cv_results.csv
18:31:09  baselineEval.src.cross_validation  INFO     
── Regression summary (VLDII_gmsVS) ──
model     rmse        r2  spearman_r
lasso 2.125767 -0.024615    0.033156
 lgbm 2.224176 -0.130042   -0.073891
18:31:09  ccnEvaluation         INFO     ── Held-out for VLDII_gmsVS (regression | embedding) ──
18:31:09  baselineEval.src.held_out  INFO     Best regression model: lasso (RMSE=2.1258 ± 0.3446)
/srv/beegfs/scratch/shares/schaerm/schaer2/video_sam2_pose/humanLISBET-paper/baselineEval/src/held_out.py:422: ConstantInputWarning: An input array is constant; the correlation coefficient is not defined.
  sp_r, _ = spearmanr(y_test, y_pred)
/srv/beegfs/scratch/shares/schaerm/schaer2/video_sam2_pose/humanLISBET-paper/baselineEval/src/held_out.py:423: ConstantInputWarning: An input array is constant; the correlation coefficient is not defined.
  pe_r, _ = pearsonr(y_test, y_pred)
18:31:10  baselineEval.src.held_out  INFO     Held-out regression (embedding | VLDII_gmsVS): model=lasso RMSE=1.893 [1.289, 2.418] R²=-0.014 [-0.494, -0.000] ρ=nan
18:31:10  ccnEvaluation         INFO     ── CV for VLDII_fmsVS (regression) ──
18:31:10  ccnEvaluation         INFO       X: (95, 256), y: (95,) (classes: [ 7.  8.  9. 10. 11. 12. 13. 14. 15. 16. 17. 18.])
18:31:10  baselineEval.src.cross_validation  INFO     Regression CV: 2 models, 5×10 nested CV (50 total outer folds)
18:32:46  baselineEval.src.cross_validation  INFO       Saved: predictions_per_subject.csv
18:32:46  baselineEval.src.cross_validation  INFO       CV results: 100 rows → /srv/beegfs/scratch/shares/schaerm/schaer2/video_sam2_pose/humanLISBET-paper/baselineEval/results_reduce_mean_only/embedding/regression/VLDII_fmsVS/cv_results.csv
18:32:46  baselineEval.src.cross_validation  INFO     
── Regression summary (VLDII_fmsVS) ──
model     rmse        r2  spearman_r
lasso 2.472007 -0.033527   -0.067935
 lgbm 2.568500 -0.117987    0.020634
18:32:46  ccnEvaluation         INFO     ── Held-out for VLDII_fmsVS (regression | embedding) ──
18:32:46  baselineEval.src.held_out  INFO     Best regression model: lasso (RMSE=2.4720 ± 0.2478)
/srv/beegfs/scratch/shares/schaerm/schaer2/video_sam2_pose/humanLISBET-paper/baselineEval/src/held_out.py:422: ConstantInputWarning: An input array is constant; the correlation coefficient is not defined.
  sp_r, _ = spearmanr(y_test, y_pred)
/srv/beegfs/scratch/shares/schaerm/schaer2/video_sam2_pose/humanLISBET-paper/baselineEval/src/held_out.py:423: ConstantInputWarning: An input array is constant; the correlation coefficient is not defined.
  pe_r, _ = pearsonr(y_test, y_pred)
18:32:47  baselineEval.src.held_out  INFO     Held-out regression (embedding | VLDII_fmsVS): model=lasso RMSE=2.495 [1.826, 3.138] R²=-0.013 [-0.555, -0.000] ρ=nan
18:32:47  ccnEvaluation         INFO     ── CV for VLDII_SocSS (regression) ──
18:32:47  ccnEvaluation         INFO       X: (95, 256), y: (95,) (classes: [ 59.  65.  66.  68.  70.  72.  74.  75.  76.  78.  79.  80.  81.  82.
  84.  86.  88.  89.  90.  91.  92.  94.  95.  96.  98. 100. 101. 102.
 105. 109. 111. 112. 114.])
18:32:47  baselineEval.src.cross_validation  INFO     Regression CV: 2 models, 5×10 nested CV (50 total outer folds)
18:34:25  baselineEval.src.cross_validation  INFO       Saved: predictions_per_subject.csv
18:34:25  baselineEval.src.cross_validation  INFO       CV results: 100 rows → /srv/beegfs/scratch/shares/schaerm/schaer2/video_sam2_pose/humanLISBET-paper/baselineEval/results_reduce_mean_only/embedding/regression/VLDII_SocSS/cv_results.csv
18:34:25  baselineEval.src.cross_validation  INFO     
── Regression summary (VLDII_SocSS) ──
model      rmse       r2  spearman_r
lasso 11.004743 0.176730    0.493257
 lgbm 11.426769 0.099361    0.400567
18:34:25  ccnEvaluation         INFO     ── Held-out for VLDII_SocSS (regression | embedding) ──
18:34:25  baselineEval.src.held_out  INFO     Best regression model: lasso (RMSE=11.0047 ± 1.2122)
18:34:26  baselineEval.src.held_out  INFO     Held-out regression (embedding | VLDII_SocSS): model=lasso RMSE=11.538 [8.688, 14.196] R²=0.125 [-0.256, 0.251] ρ=0.293
18:34:26  ccnEvaluation         INFO     ── CV for VLDII_intVS (regression) ──
18:34:26  ccnEvaluation         INFO       X: (95, 256), y: (95,) (classes: [ 6.  8.  9. 10. 11. 12. 13. 14. 15. 16. 17. 18. 19. 20.])
18:34:26  baselineEval.src.cross_validation  INFO     Regression CV: 2 models, 5×10 nested CV (50 total outer folds)
18:36:03  baselineEval.src.cross_validation  INFO       Saved: predictions_per_subject.csv
18:36:03  baselineEval.src.cross_validation  INFO       CV results: 100 rows → /srv/beegfs/scratch/shares/schaerm/schaer2/video_sam2_pose/humanLISBET-paper/baselineEval/results_reduce_mean_only/embedding/regression/VLDII_intVS/cv_results.csv
18:36:03  baselineEval.src.cross_validation  INFO     
── Regression summary (VLDII_intVS) ──
model     rmse       r2  spearman_r
lasso 2.423114 0.179583    0.527781
 lgbm 2.535632 0.098844    0.411079
18:36:03  ccnEvaluation         INFO     ── Held-out for VLDII_intVS (regression | embedding) ──
18:36:03  baselineEval.src.held_out  INFO     Best regression model: lasso (RMSE=2.4231 ± 0.2537)
18:36:04  baselineEval.src.held_out  INFO     Held-out regression (embedding | VLDII_intVS): model=lasso RMSE=2.892 [2.276, 3.480] R²=0.068 [-0.472, 0.302] ρ=0.175
18:36:04  ccnEvaluation         INFO     ── CV for VLDII_plaVS (regression) ──
18:36:04  ccnEvaluation         INFO       X: (95, 256), y: (95,) (classes: [ 7.  8.  9. 10. 11. 12. 13. 14. 15. 16. 17. 18. 19.])
18:36:04  baselineEval.src.cross_validation  INFO     Regression CV: 2 models, 5×10 nested CV (50 total outer folds)
18:37:41  baselineEval.src.cross_validation  INFO       Saved: predictions_per_subject.csv
18:37:41  baselineEval.src.cross_validation  INFO       CV results: 100 rows → /srv/beegfs/scratch/shares/schaerm/schaer2/video_sam2_pose/humanLISBET-paper/baselineEval/results_reduce_mean_only/embedding/regression/VLDII_plaVS/cv_results.csv
18:37:41  baselineEval.src.cross_validation  INFO     
── Regression summary (VLDII_plaVS) ──
model     rmse       r2  spearman_r
lasso 2.432185 0.091236    0.393137
 lgbm 2.435396 0.078415    0.390619
18:37:41  ccnEvaluation         INFO     ── Held-out for VLDII_plaVS (regression | embedding) ──
18:37:41  baselineEval.src.held_out  INFO     Best regression model: lasso (RMSE=2.4322 ± 0.2049)
18:37:42  baselineEval.src.held_out  INFO     Held-out regression (embedding | VLDII_plaVS): model=lasso RMSE=2.102 [1.485, 2.665] R²=0.310 [-0.032, 0.458] ρ=0.619
18:37:42  ccnEvaluation         INFO     ── CV for VLDII_copVS (regression) ──
18:37:42  ccnEvaluation         INFO       X: (95, 256), y: (95,) (classes: [ 9. 10. 11. 12. 13. 14. 15. 16. 17.])
18:37:42  baselineEval.src.cross_validation  INFO     Regression CV: 2 models, 5×10 nested CV (50 total outer folds)
18:39:18  baselineEval.src.cross_validation  INFO       Saved: predictions_per_subject.csv
18:39:18  baselineEval.src.cross_validation  INFO       CV results: 100 rows → /srv/beegfs/scratch/shares/schaerm/schaer2/video_sam2_pose/humanLISBET-paper/baselineEval/results_reduce_mean_only/embedding/regression/VLDII_copVS/cv_results.csv
18:39:18  baselineEval.src.cross_validation  INFO     
── Regression summary (VLDII_copVS) ──
model     rmse       r2  spearman_r
lasso 2.009542 0.033246    0.271421
 lgbm 2.028573 0.003419    0.250208
18:39:18  ccnEvaluation         INFO     ── Held-out for VLDII_copVS (regression | embedding) ──
18:39:18  baselineEval.src.held_out  INFO     Best regression model: lasso (RMSE=2.0095 ± 0.1627)
18:39:19  baselineEval.src.held_out  INFO     Held-out regression (embedding | VLDII_copVS): model=lasso RMSE=1.740 [1.340, 2.145] R²=-0.094 [-1.077, 0.205] ρ=0.123
18:39:19  ccnEvaluation         INFO     ── CV for VLDII_DaiSS (regression) ──
18:39:19  ccnEvaluation         INFO       X: (95, 256), y: (95,) (classes: [ 53.  62.  65.  67.  69.  71.  73.  75.  77.  78.  80.  81.  82.  83.
  86.  87.  89.  91.  93.  95.  96.  98. 100. 101. 102. 103. 104. 105.
 107. 109. 111. 113. 115. 118. 121.])
18:39:19  baselineEval.src.cross_validation  INFO     Regression CV: 2 models, 5×10 nested CV (50 total outer folds)
18:40:58  baselineEval.src.cross_validation  INFO       Saved: predictions_per_subject.csv
18:40:58  baselineEval.src.cross_validation  INFO       CV results: 100 rows → /srv/beegfs/scratch/shares/schaerm/schaer2/video_sam2_pose/humanLISBET-paper/baselineEval/results_reduce_mean_only/embedding/regression/VLDII_DaiSS/cv_results.csv
18:40:58  baselineEval.src.cross_validation  INFO     
── Regression summary (VLDII_DaiSS) ──
model      rmse       r2  spearman_r
lasso 12.689002 0.128629    0.451999
 lgbm 13.103744 0.066764    0.364162
18:40:58  ccnEvaluation         INFO     ── Held-out for VLDII_DaiSS (regression | embedding) ──
18:40:58  baselineEval.src.held_out  INFO     Best regression model: lasso (RMSE=12.6890 ± 1.4034)
18:40:59  baselineEval.src.held_out  INFO     Held-out regression (embedding | VLDII_DaiSS): model=lasso RMSE=13.795 [10.017, 17.043] R²=0.095 [-0.333, 0.250] ρ=0.343
18:40:59  ccnEvaluation         INFO     ── CV for VLDII_perVS (regression) ──
18:40:59  ccnEvaluation         INFO       X: (95, 256), y: (95,) (classes: [ 7.  8.  9. 10. 11. 12. 13. 14. 15. 16. 17. 18.])
18:40:59  baselineEval.src.cross_validation  INFO     Regression CV: 2 models, 5×10 nested CV (50 total outer folds)
18:42:35  baselineEval.src.cross_validation  INFO       Saved: predictions_per_subject.csv
18:42:35  baselineEval.src.cross_validation  INFO       CV results: 100 rows → /srv/beegfs/scratch/shares/schaerm/schaer2/video_sam2_pose/humanLISBET-paper/baselineEval/results_reduce_mean_only/embedding/regression/VLDII_perVS/cv_results.csv
18:42:35  baselineEval.src.cross_validation  INFO     
── Regression summary (VLDII_perVS) ──
model     rmse       r2  spearman_r
lasso 2.532836 0.114625    0.443705
 lgbm 2.542766 0.102417    0.355006
18:42:35  ccnEvaluation         INFO     ── Held-out for VLDII_perVS (regression | embedding) ──
18:42:35  baselineEval.src.held_out  INFO     Best regression model: lasso (RMSE=2.5328 ± 0.2424)
18:42:36  baselineEval.src.held_out  INFO     Held-out regression (embedding | VLDII_perVS): model=lasso RMSE=2.355 [1.814, 2.833] R²=0.040 [-0.423, 0.224] ρ=0.271
18:42:36  ccnEvaluation         INFO     ── CV for VLDII_comVS (regression) ──
18:42:36  ccnEvaluation         INFO       X: (95, 256), y: (95,) (classes: [ 7. 10. 11. 12. 13. 14. 15. 16. 17. 18. 20.])
18:42:36  baselineEval.src.cross_validation  INFO     Regression CV: 2 models, 5×10 nested CV (50 total outer folds)
18:44:13  baselineEval.src.cross_validation  INFO       Saved: predictions_per_subject.csv
18:44:13  baselineEval.src.cross_validation  INFO       CV results: 100 rows → /srv/beegfs/scratch/shares/schaerm/schaer2/video_sam2_pose/humanLISBET-paper/baselineEval/results_reduce_mean_only/embedding/regression/VLDII_comVS/cv_results.csv
18:44:13  baselineEval.src.cross_validation  INFO     
── Regression summary (VLDII_comVS) ──
model     rmse       r2  spearman_r
lasso 2.101883 0.131803    0.447086
 lgbm 2.213038 0.033733    0.326007
18:44:13  ccnEvaluation         INFO     ── Held-out for VLDII_comVS (regression | embedding) ──
18:44:13  baselineEval.src.held_out  INFO     Best regression model: lasso (RMSE=2.1019 ± 0.2405)
18:44:14  baselineEval.src.held_out  INFO     Held-out regression (embedding | VLDII_comVS): model=lasso RMSE=3.054 [2.049, 3.985] R²=-0.115 [-0.687, 0.066] ρ=-0.025
18:44:14  ccnEvaluation         INFO     ── CV for VLDII_domVS (regression) ──
18:44:14  ccnEvaluation         INFO       X: (95, 256), y: (95,) (classes: [ 9. 10. 11. 12. 13. 14. 15. 16. 17. 18. 19. 20. 22.])
18:44:14  baselineEval.src.cross_validation  INFO     Regression CV: 2 models, 5×10 nested CV (50 total outer folds)
18:45:51  baselineEval.src.cross_validation  INFO       Saved: predictions_per_subject.csv
18:45:51  baselineEval.src.cross_validation  INFO       CV results: 100 rows → /srv/beegfs/scratch/shares/schaerm/schaer2/video_sam2_pose/humanLISBET-paper/baselineEval/results_reduce_mean_only/embedding/regression/VLDII_domVS/cv_results.csv
18:45:51  baselineEval.src.cross_validation  INFO     
── Regression summary (VLDII_domVS) ──
model     rmse       r2  spearman_r
lasso 2.685833 0.054931    0.286586
 lgbm 2.701642 0.036816    0.298238
18:45:51  ccnEvaluation         INFO     ── Held-out for VLDII_domVS (regression | embedding) ──
18:45:51  baselineEval.src.held_out  INFO     Best regression model: lasso (RMSE=2.6858 ± 0.2289)
18:45:52  baselineEval.src.held_out  INFO     Held-out regression (embedding | VLDII_domVS): model=lasso RMSE=2.809 [1.815, 3.677] R²=0.106 [-0.306, 0.219] ρ=0.417
18:45:52  ccnEvaluation         INFO     ── CV for VLDII_ComSS (regression) ──
18:45:52  ccnEvaluation         INFO       X: (95, 256), y: (95,) (classes: [ 44.  52.  54.  58.  59.  61.  63.  64.  65.  66.  69.  71.  72.  73.
  74.  76.  79.  80.  81.  84.  85.  86.  89.  90.  91.  93.  95.  97.
 100. 101. 102. 103. 104. 105. 107. 108. 110. 112. 113. 116. 118. 121.
 122. 125.])
18:45:52  baselineEval.src.cross_validation  INFO     Regression CV: 2 models, 5×10 nested CV (50 total outer folds)
18:47:30  baselineEval.src.cross_validation  INFO       Saved: predictions_per_subject.csv
18:47:30  baselineEval.src.cross_validation  INFO       CV results: 100 rows → /srv/beegfs/scratch/shares/schaerm/schaer2/video_sam2_pose/humanLISBET-paper/baselineEval/results_reduce_mean_only/embedding/regression/VLDII_ComSS/cv_results.csv
18:47:30  baselineEval.src.cross_validation  INFO     
── Regression summary (VLDII_ComSS) ──
model      rmse       r2  spearman_r
lasso 17.300073 0.185017    0.476600
 lgbm 18.879676 0.025001    0.316283
18:47:30  ccnEvaluation         INFO     ── Held-out for VLDII_ComSS (regression | embedding) ──
18:47:30  baselineEval.src.held_out  INFO     Best regression model: lasso (RMSE=17.3001 ± 1.6620)
18:47:31  baselineEval.src.held_out  INFO     Held-out regression (embedding | VLDII_ComSS): model=lasso RMSE=20.519 [15.833, 24.619] R²=0.110 [-0.401, 0.327] ρ=0.400
18:47:31  ccnEvaluation         INFO     ── CV for VLDII_expVS (regression) ──
18:47:31  ccnEvaluation         INFO       X: (95, 256), y: (95,) (classes: [ 6.  7.  8.  9. 10. 11. 12. 13. 14. 15. 16. 17. 18. 19. 20.])
18:47:31  baselineEval.src.cross_validation  INFO     Regression CV: 2 models, 5×10 nested CV (50 total outer folds)
18:49:08  baselineEval.src.cross_validation  INFO       Saved: predictions_per_subject.csv
18:49:08  baselineEval.src.cross_validation  INFO       CV results: 100 rows → /srv/beegfs/scratch/shares/schaerm/schaer2/video_sam2_pose/humanLISBET-paper/baselineEval/results_reduce_mean_only/embedding/regression/VLDII_expVS/cv_results.csv
18:49:08  baselineEval.src.cross_validation  INFO     
── Regression summary (VLDII_expVS) ──
model     rmse       r2  spearman_r
lasso 3.380244 0.129143    0.448381
 lgbm 3.535545 0.046305    0.317317
18:49:08  ccnEvaluation         INFO     ── Held-out for VLDII_expVS (regression | embedding) ──
18:49:08  baselineEval.src.held_out  INFO     Best regression model: lasso (RMSE=3.3802 ± 0.3350)
18:49:09  baselineEval.src.held_out  INFO     Held-out regression (embedding | VLDII_expVS): model=lasso RMSE=3.466 [2.708, 4.253] R²=0.096 [-0.420, 0.297] ρ=0.313
18:49:09  ccnEvaluation         INFO     ── CV for VLDII_recVS (regression) ──
18:49:09  ccnEvaluation         INFO       X: (95, 256), y: (95,) (classes: [ 3.  5.  6.  7.  8.  9. 10. 11. 12. 13. 14. 15. 16. 17. 18. 19. 20. 21.])
18:49:09  baselineEval.src.cross_validation  INFO     Regression CV: 2 models, 5×10 nested CV (50 total outer folds)
18:50:46  baselineEval.src.cross_validation  INFO       Saved: predictions_per_subject.csv
18:50:46  baselineEval.src.cross_validation  INFO       CV results: 100 rows → /srv/beegfs/scratch/shares/schaerm/schaer2/video_sam2_pose/humanLISBET-paper/baselineEval/results_reduce_mean_only/embedding/regression/VLDII_recVS/cv_results.csv
18:50:46  baselineEval.src.cross_validation  INFO     
── Regression summary (VLDII_recVS) ──
model     rmse       r2  spearman_r
lasso 3.476110 0.240001    0.574866
 lgbm 3.812985 0.083025    0.405266
18:50:46  ccnEvaluation         INFO     ── Held-out for VLDII_recVS (regression | embedding) ──
18:50:46  baselineEval.src.held_out  INFO     Best regression model: lasso (RMSE=3.4761 ± 0.4671)
18:50:47  baselineEval.src.held_out  INFO     Held-out regression (embedding | VLDII_recVS): model=lasso RMSE=4.393 [3.574, 5.092] R²=0.091 [-0.411, 0.282] ρ=0.421
18:50:47  ccnEvaluation         INFO     ── CV for MSEL_TOTAL_DQ (regression) ──
18:50:47  ccnEvaluation         INFO       X: (100, 256), y: (100,) (classes: [ 18.02469136  32.43483412  34.59785415  38.08884914  38.95032984
  40.09469697  40.66399287  41.7597914   48.35352006  48.38185274
  48.56808071  49.32034527  52.60163835  52.78815173  53.41769972
  54.6043883   54.66514664  55.9129902   57.80945419  58.00856827
  58.01880411  58.49358974  60.55385401  60.73988735  61.21267952
  61.65540541  62.6717033   64.54699612  64.58014537  65.85307734
  66.03346902  66.56582561  67.46408956  68.67474001  69.12878788
  69.58887965  70.42091476  70.5832302   71.22161779  72.65127389
  72.74744284  73.39929215  73.55044202  73.63718709  74.37652068
  76.23385285  77.89159198  78.63298081  79.93217054  79.97485632
  80.39067013  81.47321429  82.45481928  83.44764518  83.72463299
  88.69235986  88.94106636  91.04190422  91.67078393  92.86194316
  92.9187448   93.08301946  94.84225533  95.62583836  96.63388805
  97.48931624  98.02617856 102.9518543  103.811149   107.0353937
 107.8029726  108.1764296  108.385181   108.6309524  108.7338226
 109.0520026  109.52137    111.8651489  112.1257819  112.192623
 112.5198886  112.8090659  112.8284389  113.5791843  115.0573568
 116.0376082  116.1326915  118.2653171  119.351962   120.5538618
 121.574912   125.622437   128.0608788  130.5093403  130.8806655
 132.3244751  135.4820159  139.7760116  149.1013072  149.4299051 ])
18:50:47  baselineEval.src.cross_validation  INFO     Regression CV: 2 models, 5×10 nested CV (50 total outer folds)
18:52:30  baselineEval.src.cross_validation  INFO       Saved: predictions_per_subject.csv
18:52:30  baselineEval.src.cross_validation  INFO       CV results: 100 rows → /srv/beegfs/scratch/shares/schaerm/schaer2/video_sam2_pose/humanLISBET-paper/baselineEval/results_reduce_mean_only/embedding/regression/MSEL_TOTAL_DQ/cv_results.csv
18:52:30  baselineEval.src.cross_validation  INFO     
── Regression summary (MSEL_TOTAL_DQ) ──
model      rmse       r2  spearman_r
lasso 25.028490 0.247147    0.572481
 lgbm 26.930889 0.123644    0.426797
18:52:30  ccnEvaluation         INFO     ── Held-out for MSEL_TOTAL_DQ (regression | embedding) ──
18:52:30  baselineEval.src.held_out  INFO     Best regression model: lasso (RMSE=25.0285 ± 2.7954)
18:52:31  baselineEval.src.held_out  INFO     Held-out regression (embedding | MSEL_TOTAL_DQ): model=lasso RMSE=29.725 [22.833, 36.455] R²=0.186 [-0.314, 0.367] ρ=0.458
18:52:31  ccnEvaluation         INFO     ── CV for MSEL_FM_DQ (regression) ──
18:52:31  ccnEvaluation         INFO       X: (100, 256), y: (100,) (classes: [ 18.02469136  46.4649432   48.97137746  50.05646983  54.38484461
  55.25934702  55.26116578  55.3030303   59.06148867  60.89132507
  63.6627907   63.73690338  64.77896096  65.16194848  65.41218638
  65.72629052  69.06338694  69.12878788  69.33210784  70.91968912
  73.53479853  75.06258941  75.18022657  75.486618    75.66334992
  75.86923658  75.90612002  75.91514143  77.07927225  77.89159198
  78.29257829  79.43695591  79.91242474  80.18453427  80.89539007
  80.95690748  82.62072435  82.81765677  83.43724023  83.84379786
  83.94209957  85.6233244   85.79059829  85.92278719  87.62002743
  87.84596871  87.86462758  87.98209366  89.15229885  90.64569536
  90.75497288  90.7960199   92.60343482  92.99363057  93.43003413
  93.95109395  95.05208333  95.38327526  96.20155039  96.63388805
  96.66313559  97.1113645   97.65160523  97.76785714  98.45857418
  98.95429899  98.97788903  99.40087146  99.64898596 102.1903821
 102.8432377  103.6931818  103.811149   104.7045324  105.1267281
 105.4303871  106.1046512  106.538237   107.1589883  108.1764296
 108.201581   108.6309524  109.939759   111.4163614  111.6891065
 112.258348   112.5198886  113.5687229  114.1644325  115.1790314
 119.8555166  120.5538618  121.1819389  121.197515   121.574912
 122.124634   122.1456693  122.8956229  123.8687783  143.1372549 ])
18:52:31  baselineEval.src.cross_validation  INFO     Regression CV: 2 models, 5×10 nested CV (50 total outer folds)
18:54:13  baselineEval.src.cross_validation  INFO       Saved: predictions_per_subject.csv
18:54:13  baselineEval.src.cross_validation  INFO       CV results: 100 rows → /srv/beegfs/scratch/shares/schaerm/schaer2/video_sam2_pose/humanLISBET-paper/baselineEval/results_reduce_mean_only/embedding/regression/MSEL_FM_DQ/cv_results.csv
18:54:13  baselineEval.src.cross_validation  INFO     
── Regression summary (MSEL_FM_DQ) ──
model      rmse        r2  spearman_r
lasso 20.499081  0.059104    0.374904
 lgbm 21.210083 -0.009162    0.227338
18:54:13  ccnEvaluation         INFO     ── Held-out for MSEL_FM_DQ (regression | embedding) ──
18:54:13  baselineEval.src.held_out  INFO     Best regression model: lasso (RMSE=20.4991 ± 2.9516)
18:54:14  baselineEval.src.held_out  INFO     Held-out regression (embedding | MSEL_FM_DQ): model=lasso RMSE=21.308 [14.957, 26.758] R²=0.048 [-0.425, 0.157] ρ=0.311
18:54:14  ccnEvaluation         INFO     ── CV for MSEL_VR_DQ (regression) ──
18:54:14  ccnEvaluation         INFO       X: (100, 256), y: (100,) (classes: [ 24.78395062  38.27847693  40.84386519  44.24242424  48.97137746
  55.48645661  56.65502522  56.92959002  62.16881151  62.75283172
  64.71631206  65.27181688  65.72629052  66.12318841  66.69049889
  67.74833589  69.92337165  70.46332046  70.66795741  71.15009747
  72.16608084  73.80514706  73.80800341  75.41322314  76.86522262
  77.69631031  77.99145299  78.31273601  78.41474446  78.6637931
  79.18580909  79.31783825  80.21978022  83.77964805  84.0389186
  84.56192081  84.81797057  84.88372093  85.28037383  87.43066062
  88.66708914  89.11889597  89.35566001  89.46078431  89.57533077
  89.615829    90.15860634  92.33630952  93.50512357  93.81764069
  94.1109736   94.6140553   96.17918314  96.20155039  97.93244949
  98.97788903 100.5796275  102.1289538  103.2884465  104.0746873
 104.3095565  106.0098302  106.3795337  108.127254   109.5515537
 110.1055807  110.1609658  110.297536   111.6891065  113.7780549
 114.2017705  114.5637163  115.3090847  116.9871795  118.5064935
 121.4642263  123.6822289  124.5733788  125.1905488  125.2213369
 129.0167095  130.7503771  133.1727963  133.6408905  133.8188664
 134.9544937  135.1851852  136.0094851  136.515748   146.7828418
 147.3675711  148.8166269  148.8393977  151.821572   153.0708874
 158.9721254  159.8073555  175.8188825  192.7226814 ])
18:54:14  baselineEval.src.cross_validation  INFO     Regression CV: 2 models, 5×10 nested CV (50 total outer folds)
18:55:57  baselineEval.src.cross_validation  INFO       Saved: predictions_per_subject.csv
18:55:57  baselineEval.src.cross_validation  INFO       CV results: 100 rows → /srv/beegfs/scratch/shares/schaerm/schaer2/video_sam2_pose/humanLISBET-paper/baselineEval/results_reduce_mean_only/embedding/regression/MSEL_VR_DQ/cv_results.csv
18:55:57  baselineEval.src.cross_validation  INFO     
── Regression summary (MSEL_VR_DQ) ──
model      rmse       r2  spearman_r
lasso 29.642275 0.099221    0.421388
 lgbm 29.896249 0.075945    0.347774
18:55:57  ccnEvaluation         INFO     ── Held-out for MSEL_VR_DQ (regression | embedding) ──
18:55:57  baselineEval.src.held_out  INFO     Best regression model: lasso (RMSE=29.6423 ± 3.8366)
18:55:58  baselineEval.src.held_out  INFO     Held-out regression (embedding | MSEL_VR_DQ): model=lasso RMSE=28.866 [22.470, 34.488] R²=0.262 [-0.058, 0.348] ρ=0.632
18:55:58  ccnEvaluation         INFO     ── CV for MSEL_LR_DQ (regression) ──
18:55:58  ccnEvaluation         INFO       X: (100, 256), y: (100,) (classes: [  3.88463176   4.06639929   6.75925926   9.87554113  12.01290153
  16.59090909  18.70972466  20.22384752  20.94811754  21.24563446
  25.56022409  26.50048403  28.99586908  29.92695289  32.38948048
  32.63590844  35.30956329  37.26391016  38.9957265   40.25735294
  40.48807543  43.06091806  44.2961165   44.83182162  46.05097149
  46.79487179  47.45189808  48.93770627  50.11618082  50.37154989
  52.84749035  53.52588625  53.65219358  54.90373045  59.29174789
  59.55070281  62.02209006  62.16545012  62.65018881  63.07603687
  64.61056645  64.9288451   66.12318841  66.75811614  70.61011905
  70.91968912  71.94102807  73.19518717  74.25406872  76.30178639
  76.39534884  77.74980635  77.81007752  77.89159198  78.6637931
  79.07279029  79.43695591  80.19460138  82.52583979  83.43724023
  83.56227106  84.15678524  87.60560676  91.80080483  96.34238311
  96.50411281 102.7847309  104.0746873  105.9596995  107.2715207
 108.1764296  108.8902148  110.0871314  115.4120767  115.9171748
 116.9871795  117.5351288  118.5064935  119.2178672  119.8802164
 120.1122726  120.9753788  121.1819389  122.3190349  122.5189726
 124.5733788  126.9356955  127.766486   128.1288156  130.2021403
 130.5093403  132.9263068  138.2575758  142.6500252  144.1714836
 144.3321617  147.1132898  148.8393977  153.6195286  157.0567986 ])
18:55:58  baselineEval.src.cross_validation  INFO     Regression CV: 2 models, 5×10 nested CV (50 total outer folds)
18:57:41  baselineEval.src.cross_validation  INFO       Saved: predictions_per_subject.csv
18:57:41  baselineEval.src.cross_validation  INFO       CV results: 100 rows → /srv/beegfs/scratch/shares/schaerm/schaer2/video_sam2_pose/humanLISBET-paper/baselineEval/results_reduce_mean_only/embedding/regression/MSEL_LR_DQ/cv_results.csv
18:57:41  baselineEval.src.cross_validation  INFO     
── Regression summary (MSEL_LR_DQ) ──
model      rmse       r2  spearman_r
lasso 34.286041 0.260878    0.584120
 lgbm 36.695649 0.154388    0.458436
18:57:41  ccnEvaluation         INFO     ── Held-out for MSEL_LR_DQ (regression | embedding) ──
18:57:41  baselineEval.src.held_out  INFO     Best regression model: lasso (RMSE=34.2860 ± 3.2020)
18:57:42  baselineEval.src.held_out  INFO     Held-out regression (embedding | MSEL_LR_DQ): model=lasso RMSE=40.567 [30.019, 51.093] R²=0.200 [-0.304, 0.423] ρ=0.380
18:57:42  ccnEvaluation         INFO     ── CV for MSEL_LE_DQ (regression) ──
18:57:42  ccnEvaluation         INFO       X: (100, 256), y: (100,) (classes: [  9.94008715  14.16375631  17.66698935  21.62322275  22.5308642
  23.71669916  24.48568873  29.32736455  29.93313147  31.1965812
  31.83139535  32.5311943   34.96168582  35.3339787   36.51460584
  36.64658635  37.69462981  40.09226714  40.25735294  40.48807543
  41.27091814  41.92189893  43.37492573  44.24242424  44.2961165
  44.43993506  44.83182162  45.69027182  46.51656754  46.72299027
  47.44367418  50.11618082  50.12015105  50.13736264  50.93023256
  52.58200355  54.8048048   55.8530987   56.46658416  56.94227769
  57.72506083  58.12101911  59.82097832  59.93431856  60.11198946
  61.49957877  65.17857143  65.57490326  66.18574582  66.20785318
  69.12878788  69.55030488  71.37484958  72.66780432  73.41954023
  75.10288066  76.33526384  77.99145299  78.1455863   79.85282418
  80.57395143  81.54602324  82.20720721  83.94209957  84.10138249
  85.23058961  86.67962003  89.35128519  89.92073693  90.17483846
  91.02244389  91.36420526  91.65097301  93.77792672  94.24218952
  96.25527426  96.94555113  97.92085848 100.2099483  100.2747253
 103.2239819  106.0553231  108.127254   109.939759   111.2804878
 111.8651489  112.258348   114.1922639  115.7352358  116.9871795
 120.9753788  122.124634   124.6584699  128.4817876  128.8841808
 137.775842   140.655106   143.7007874  170.9694989 ])
18:57:42  baselineEval.src.cross_validation  INFO     Regression CV: 2 models, 5×10 nested CV (50 total outer folds)
18:59:25  baselineEval.src.cross_validation  INFO       Saved: predictions_per_subject.csv
18:59:25  baselineEval.src.cross_validation  INFO       CV results: 100 rows → /srv/beegfs/scratch/shares/schaerm/schaer2/video_sam2_pose/humanLISBET-paper/baselineEval/results_reduce_mean_only/embedding/regression/MSEL_LE_DQ/cv_results.csv
18:59:25  baselineEval.src.cross_validation  INFO     
── Regression summary (MSEL_LE_DQ) ──
model      rmse       r2  spearman_r
lasso 29.746408 0.215167    0.550199
 lgbm 30.537093 0.167315    0.488935
18:59:25  ccnEvaluation         INFO     ── Held-out for MSEL_LE_DQ (regression | embedding) ──
18:59:25  baselineEval.src.held_out  INFO     Best regression model: lasso (RMSE=29.7464 ± 3.3592)
18:59:26  baselineEval.src.held_out  INFO     Held-out regression (embedding | MSEL_LE_DQ): model=lasso RMSE=33.749 [25.229, 42.084] R²=0.186 [-0.491, 0.419] ρ=0.392
18:59:26  ccnEvaluation         INFO     ── CV for MSEL_NV_DQ (regression) ──
18:59:26  ccnEvaluation         INFO       X: (100, 256), y: (100,) (classes: [ 21.40432099  44.16747338  48.05160611  48.97137746  49.77272727
  58.71498864  60.1959643   60.90716019  63.02918895  63.79091198
  64.09642401  65.57490326  65.72629052  66.58026114  67.72345918
  67.91030161  70.16720315  71.56862745  72.80585106  73.37984863
  74.11468486  74.27325581  74.37794938  74.47079827  74.91789819
  76.17530756  76.74648129  76.87728938  77.59353741  79.97251931
  81.51480347  81.6976584   81.89102564  81.99943836  82.20720721
  82.35559567  83.73346137  83.90804598  84.15678524  84.60538218
  84.81199831  86.57250071  88.46431518  88.6496114   88.80778589
  88.87987013  91.05626327  91.88613478  92.03227433  92.13004822
  94.43082789  94.90379615  95.05208333  95.96479195  96.20155039
  96.39084507  96.49226641  97.36019132  97.52310803  97.94594067
  98.60764755  98.68968386  98.84549601  98.97788903  99.87039171
 100.2432517  102.1903821  103.1073446  109.0017065  109.0761612
 109.2369828  110.0871314  111.4163614  111.6531427  111.6891065
 114.2017705  115.7352358  116.0376082  116.2030831  116.810994
 116.9871795  119.3828214  119.8555166  121.5842367  122.8722053
 122.9496192  123.2016379  125.1071123  126.1626445  126.7361111
 127.1777003  128.2630522  128.3820346  129.3307087  130.6682578
 135.4820159  137.1387283  139.16122    139.8314361  157.8091521 ])
18:59:26  baselineEval.src.cross_validation  INFO     Regression CV: 2 models, 5×10 nested CV (50 total outer folds)
19:01:08  baselineEval.src.cross_validation  INFO       Saved: predictions_per_subject.csv
19:01:08  baselineEval.src.cross_validation  INFO       CV results: 100 rows → /srv/beegfs/scratch/shares/schaerm/schaer2/video_sam2_pose/humanLISBET-paper/baselineEval/results_reduce_mean_only/embedding/regression/MSEL_NV_DQ/cv_results.csv
19:01:08  baselineEval.src.cross_validation  INFO     
── Regression summary (MSEL_NV_DQ) ──
model      rmse       r2  spearman_r
lasso 23.467521 0.085605    0.438738
 lgbm 23.597526 0.067859    0.314526
19:01:08  ccnEvaluation         INFO     ── Held-out for MSEL_NV_DQ (regression | embedding) ──
19:01:08  baselineEval.src.held_out  INFO     Best regression model: lasso (RMSE=23.4675 ± 3.2157)
19:01:09  baselineEval.src.held_out  INFO     Held-out regression (embedding | MSEL_NV_DQ): model=lasso RMSE=24.025 [19.647, 28.072] R²=0.145 [-0.267, 0.261] ρ=0.547
19:01:09  ccnEvaluation         INFO     ── CV for MSEL_V_DQ (regression) ──
19:01:09  ccnEvaluation         INFO       X: (100, 256), y: (100,) (classes: [ 14.64506173  16.81806214  17.70469538  18.29879679  19.42315879
  25.02823491  25.13774105  27.1577381   27.20632081  29.4009959
  30.41666667  30.91723136  31.03741497  33.34524944  35.09615385
  36.40292553  37.2753268   37.99205148  39.16309013  39.59290454
  40.25735294  40.48807543  41.50422352  44.2961165   44.83182162
  47.46155586  48.09864458  48.46611722  48.93286143  50.11618082
  50.44223328  52.19708788  52.70214521  54.2462845   54.2693288
  54.68949248  54.82073643  54.89951357  56.38516993  58.28505645
  59.94525547  62.43158183  63.11758893  63.13929001  63.25823224
  63.6627907   64.59137709  67.89434524  69.06338694  70.46826734
  70.9304984   72.04972258  76.04166667  78.79965458  80.77686203
  81.15118577  83.23831243  85.25467149  85.85349462  85.92278719
  85.99599793  87.22984206  89.35566001  91.36789406  92.32431935
  92.73373984  94.37151949  94.86083166  95.8165773   97.07446809
  98.62059158  99.7831825  101.2242965  101.2355018  102.3816809
 103.6931818  103.8747811  107.1158763  108.0484808  109.063745
 110.7318923  111.4235219  114.0037352  114.2017705  115.3090847
 116.9871795  119.5234869  120.9753788  121.0967994  121.1872446
 122.9686881  124.051024   128.2952548  128.9440573  133.4982788
 135.3182415  135.4820159  141.0506581  142.4132948  159.0413943 ])
19:01:09  baselineEval.src.cross_validation  INFO     Regression CV: 2 models, 5×10 nested CV (50 total outer folds)
19:02:52  baselineEval.src.cross_validation  INFO       Saved: predictions_per_subject.csv
19:02:52  baselineEval.src.cross_validation  INFO       CV results: 100 rows → /srv/beegfs/scratch/shares/schaerm/schaer2/video_sam2_pose/humanLISBET-paper/baselineEval/results_reduce_mean_only/embedding/regression/MSEL_V_DQ/cv_results.csv
19:02:52  baselineEval.src.cross_validation  INFO     
── Regression summary (MSEL_V_DQ) ──
model      rmse       r2  spearman_r
lasso 29.549884 0.294146    0.602677
 lgbm 32.420357 0.148237    0.449744
19:02:52  ccnEvaluation         INFO     ── Held-out for MSEL_V_DQ (regression | embedding) ──
19:02:52  baselineEval.src.held_out  INFO     Best regression model: lasso (RMSE=29.5499 ± 2.8683)
19:02:53  baselineEval.src.held_out  INFO     Held-out regression (embedding | MSEL_V_DQ): model=lasso RMSE=37.325 [28.470, 47.045] R²=0.163 [-0.453, 0.397] ρ=0.456
19:02:53  ccnEvaluation         INFO     ═══ Representation: full_kinematic_embedding ═══
19:02:53  baselineEval.src.loading  INFO     Merged kinematic (102) + embedding (102) → 102 subjects
19:02:53  baselineEval.src.loading  INFO     Merged kinematic (17) + embedding (17) → 17 subjects
19:02:53  ccnEvaluation         INFO       Features for full_kinematic_embedding: 360 columns
19:02:53  ccnEvaluation         INFO     ═══ Step 2: Preprocessing report ═══
19:02:53  baselineEval.src.preprocessing  INFO     Feature selection (full dataset): 360 features → 319 kept (0 missingness, 0 near-zero-var, 41 correlated)
19:02:53  baselineEval.src.preprocessing  INFO     Feature selection report → /srv/beegfs/scratch/shares/schaerm/schaer2/video_sam2_pose/humanLISBET-paper/baselineEval/results_reduce_mean_only/full_kinematic_embedding/feature_selection_report.csv
19:02:53  baselineEval.src.preprocessing  INFO     PCA explained-variance data → /srv/beegfs/scratch/shares/schaerm/schaer2/video_sam2_pose/humanLISBET-paper/baselineEval/results_reduce_mean_only/full_kinematic_embedding/pca_explained_variance.csv
19:02:54  baselineEval.src.preprocessing  INFO     PCA explained-variance plot → /srv/beegfs/scratch/shares/schaerm/schaer2/video_sam2_pose/humanLISBET-paper/baselineEval/results_reduce_mean_only/full_kinematic_embedding/pca_explained_variance.png
19:02:54  ccnEvaluation         INFO     ── CV for diagnosis (classification) ──
19:02:54  ccnEvaluation         INFO       X: (102, 360), y: (102,) (classes: [0 1])
19:02:54  baselineEval.src.cross_validation  INFO     Classification CV: 2 models, 5×10 nested CV (50 total outer folds)
19:06:00  baselineEval.src.cross_validation  INFO       Saved: predictions_per_subject.csv
19:06:00  baselineEval.src.cross_validation  INFO       CV results: 100 rows → /srv/beegfs/scratch/shares/schaerm/schaer2/video_sam2_pose/humanLISBET-paper/baselineEval/results_reduce_mean_only/full_kinematic_embedding/classification/diagnosis/cv_results.csv
19:06:00  baselineEval.src.cross_validation  INFO     
── Classification AUC-ROC summary (diagnosis) ──
model  auc_roc_mean  auc_roc_std
lasso      0.743022     0.114040
 lgbm      0.762627     0.077376
19:06:00  ccnEvaluation         INFO     ── Held-out for diagnosis (classification | full_kinematic_embedding) ──
19:06:00  baselineEval.src.held_out  INFO     Best classification model: lgbm (AUC=0.7626 ± 0.0774)
19:06:00  baselineEval.src.held_out  INFO     Held-out classification (full_kinematic_embedding | diagnosis): model=lgbm AUC=0.771 BAcc=0.757 Acc=0.765 [0.501, 0.932]
19:06:02  baselineEval.src.plotting  INFO       Saved: shap_bar_top20.png and shap_beeswarm_top20.png
19:06:02  baselineEval.src.held_out  INFO     SHAP saved → /srv/beegfs/scratch/shares/schaerm/schaer2/video_sam2_pose/humanLISBET-paper/baselineEval/results_reduce_mean_only/full_kinematic_embedding/held_out/classification/diagnosis/shap
19:06:02  ccnEvaluation         INFO     ── CV for ADOS_2_ADOS_G_revised_RRB_level_of_symptoms (classification) ──
19:06:02  ccnEvaluation         INFO       X: (102, 360), y: (102,) (classes: [0 1 2])
19:06:02  baselineEval.src.cross_validation  INFO     Classification CV: 2 models, 5×10 nested CV (50 total outer folds)
19:11:34  baselineEval.src.cross_validation  INFO       Saved: predictions_per_subject.csv
19:11:34  baselineEval.src.cross_validation  INFO       CV results: 100 rows → /srv/beegfs/scratch/shares/schaerm/schaer2/video_sam2_pose/humanLISBET-paper/baselineEval/results_reduce_mean_only/full_kinematic_embedding/classification/ADOS_2_ADOS_G_revised_RRB_level_of_symptoms/cv_results.csv
19:11:34  baselineEval.src.cross_validation  INFO     
── Classification F1-macro summary (ADOS_2_ADOS_G_revised_RRB_level_of_symptoms) ──
model  f1_macro_mean  f1_macro_std
lasso       0.534811      0.118958
 lgbm       0.485782      0.104049
19:11:34  ccnEvaluation         INFO     ── Held-out for ADOS_2_ADOS_G_revised_RRB_level_of_symptoms (classification | full_kinematic_embedding) ──
19:11:34  baselineEval.src.held_out  INFO     Best classification model: lasso (F1-macro=0.5348 ± 0.1190)
19:11:36  baselineEval.src.held_out  INFO     Held-out classification (full_kinematic_embedding | ADOS_2_ADOS_G_revised_RRB_level_of_symptoms): model=lasso F1-macro=0.466 BAcc=0.478 Acc=0.529 [0.278, 0.770]
19:11:38  baselineEval.src.plotting  INFO       Saved: shap_bar_top20.png and shap_beeswarm_top20.png
19:11:38  baselineEval.src.held_out  INFO     SHAP saved → /srv/beegfs/scratch/shares/schaerm/schaer2/video_sam2_pose/humanLISBET-paper/baselineEval/results_reduce_mean_only/full_kinematic_embedding/held_out/classification/ADOS_2_ADOS_G_revised_RRB_level_of_symptoms/shap
19:11:38  ccnEvaluation         INFO     ── CV for ADOS_2_ADOS_G_REVISED_SA_LEVEL_OF_SYMPTOMS (classification) ──
19:11:38  ccnEvaluation         INFO       X: (102, 360), y: (102,) (classes: [0 1 2 3])
19:11:38  baselineEval.src.cross_validation  INFO     Classification CV: 2 models, 5×10 nested CV (50 total outer folds)
19:18:07  baselineEval.src.cross_validation  INFO       Saved: predictions_per_subject.csv
19:18:07  baselineEval.src.cross_validation  INFO       CV results: 100 rows → /srv/beegfs/scratch/shares/schaerm/schaer2/video_sam2_pose/humanLISBET-paper/baselineEval/results_reduce_mean_only/full_kinematic_embedding/classification/ADOS_2_ADOS_G_REVISED_SA_LEVEL_OF_SYMPTOMS/cv_results.csv
19:18:07  baselineEval.src.cross_validation  INFO     
── Classification F1-macro summary (ADOS_2_ADOS_G_REVISED_SA_LEVEL_OF_SYMPTOMS) ──
model  f1_macro_mean  f1_macro_std
lasso       0.350892      0.094575
 lgbm       0.401113      0.106184
19:18:07  ccnEvaluation         INFO     ── Held-out for ADOS_2_ADOS_G_REVISED_SA_LEVEL_OF_SYMPTOMS (classification | full_kinematic_embedding) ──
19:18:07  baselineEval.src.held_out  INFO     Best classification model: lgbm (F1-macro=0.4011 ± 0.1062)
19:18:08  baselineEval.src.held_out  INFO     Held-out classification (full_kinematic_embedding | ADOS_2_ADOS_G_REVISED_SA_LEVEL_OF_SYMPTOMS): model=lgbm F1-macro=0.312 BAcc=0.324 Acc=0.412 [0.184, 0.671]
19:18:10  baselineEval.src.plotting  INFO       Saved: shap_bar_top20.png and shap_beeswarm_top20.png
19:18:10  baselineEval.src.held_out  INFO     SHAP saved → /srv/beegfs/scratch/shares/schaerm/schaer2/video_sam2_pose/humanLISBET-paper/baselineEval/results_reduce_mean_only/full_kinematic_embedding/held_out/classification/ADOS_2_ADOS_G_REVISED_SA_LEVEL_OF_SYMPTOMS/shap
19:18:10  ccnEvaluation         INFO     ── CV for ADOS_G_ADOS_2_TOTAL_score_de_severite (regression) ──
19:18:10  ccnEvaluation         INFO       X: (102, 360), y: (102,) (classes: [ 1.  2.  3.  4.  5.  6.  7.  8.  9. 10.])
19:18:10  baselineEval.src.cross_validation  INFO     Regression CV: 2 models, 5×10 nested CV (50 total outer folds)
19:20:25  baselineEval.src.cross_validation  INFO       Saved: predictions_per_subject.csv
19:20:25  baselineEval.src.cross_validation  INFO       CV results: 100 rows → /srv/beegfs/scratch/shares/schaerm/schaer2/video_sam2_pose/humanLISBET-paper/baselineEval/results_reduce_mean_only/full_kinematic_embedding/regression/ADOS_G_ADOS_2_TOTAL_score_de_severite/cv_results.csv
19:20:25  baselineEval.src.cross_validation  INFO     
── Regression summary (ADOS_G_ADOS_2_TOTAL_score_de_severite) ──
model     rmse       r2  spearman_r
lasso 2.935505 0.220482    0.570846
 lgbm 2.967236 0.203511    0.497884
19:20:25  ccnEvaluation         INFO     ── Held-out for ADOS_G_ADOS_2_TOTAL_score_de_severite (regression | full_kinematic_embedding) ──
19:20:25  baselineEval.src.held_out  INFO     Best regression model: lasso (RMSE=2.9355 ± 0.3364)
19:20:27  baselineEval.src.held_out  INFO     Held-out regression (full_kinematic_embedding | ADOS_G_ADOS_2_TOTAL_score_de_severite): model=lasso RMSE=2.729 [1.884, 3.455] R²=0.394 [0.066, 0.625] ρ=0.654
19:20:29  baselineEval.src.plotting  INFO       Saved: shap_bar_top20.png and shap_beeswarm_top20.png
19:20:29  baselineEval.src.held_out  INFO     SHAP saved → /srv/beegfs/scratch/shares/schaerm/schaer2/video_sam2_pose/humanLISBET-paper/baselineEval/results_reduce_mean_only/full_kinematic_embedding/held_out/regression/ADOS_G_ADOS_2_TOTAL_score_de_severite/shap
19:20:29  ccnEvaluation         INFO     ── CV for ADOS_2_ADOS_G_REVISED_SA_SEVERITY_SCORE (regression) ──
19:20:29  ccnEvaluation         INFO       X: (102, 360), y: (102,) (classes: [ 1.  2.  3.  4.  5.  6.  7.  9. 10.])
19:20:29  baselineEval.src.cross_validation  INFO     Regression CV: 2 models, 5×10 nested CV (50 total outer folds)
19:22:44  baselineEval.src.cross_validation  INFO       Saved: predictions_per_subject.csv
19:22:44  baselineEval.src.cross_validation  INFO       CV results: 100 rows → /srv/beegfs/scratch/shares/schaerm/schaer2/video_sam2_pose/humanLISBET-paper/baselineEval/results_reduce_mean_only/full_kinematic_embedding/regression/ADOS_2_ADOS_G_REVISED_SA_SEVERITY_SCORE/cv_results.csv
19:22:44  baselineEval.src.cross_validation  INFO     
── Regression summary (ADOS_2_ADOS_G_REVISED_SA_SEVERITY_SCORE) ──
model     rmse       r2  spearman_r
lasso 2.776962 0.177091    0.481607
 lgbm 2.780030 0.172258    0.444565
19:22:44  ccnEvaluation         INFO     ── Held-out for ADOS_2_ADOS_G_REVISED_SA_SEVERITY_SCORE (regression | full_kinematic_embedding) ──
19:22:44  baselineEval.src.held_out  INFO     Best regression model: lasso (RMSE=2.7770 ± 0.2299)
19:22:45  baselineEval.src.held_out  INFO     Held-out regression (full_kinematic_embedding | ADOS_2_ADOS_G_REVISED_SA_SEVERITY_SCORE): model=lasso RMSE=2.399 [1.660, 3.023] R²=0.301 [-0.112, 0.529] ρ=0.648
19:22:47  baselineEval.src.plotting  INFO       Saved: shap_bar_top20.png and shap_beeswarm_top20.png
19:22:47  baselineEval.src.held_out  INFO     SHAP saved → /srv/beegfs/scratch/shares/schaerm/schaer2/video_sam2_pose/humanLISBET-paper/baselineEval/results_reduce_mean_only/full_kinematic_embedding/held_out/regression/ADOS_2_ADOS_G_REVISED_SA_SEVERITY_SCORE/shap
19:22:47  ccnEvaluation         INFO     ── CV for ADOS_2_ADOS_G_REVISED_RRB_SEVERITY_SCORE_new (regression) ──
19:22:47  ccnEvaluation         INFO       X: (102, 360), y: (102,) (classes: [ 1.  5.  6.  7.  8.  9. 10.])
19:22:47  baselineEval.src.cross_validation  INFO     Regression CV: 2 models, 5×10 nested CV (50 total outer folds)
19:25:03  baselineEval.src.cross_validation  INFO       Saved: predictions_per_subject.csv
19:25:03  baselineEval.src.cross_validation  INFO       CV results: 100 rows → /srv/beegfs/scratch/shares/schaerm/schaer2/video_sam2_pose/humanLISBET-paper/baselineEval/results_reduce_mean_only/full_kinematic_embedding/regression/ADOS_2_ADOS_G_REVISED_RRB_SEVERITY_SCORE_new/cv_results.csv
19:25:03  baselineEval.src.cross_validation  INFO     
── Regression summary (ADOS_2_ADOS_G_REVISED_RRB_SEVERITY_SCORE_new) ──
model     rmse       r2  spearman_r
lasso 2.880006 0.158984    0.533231
 lgbm 2.884504 0.150952    0.505824
19:25:03  ccnEvaluation         INFO     ── Held-out for ADOS_2_ADOS_G_REVISED_RRB_SEVERITY_SCORE_new (regression | full_kinematic_embedding) ──
19:25:03  baselineEval.src.held_out  INFO     Best regression model: lasso (RMSE=2.8800 ± 0.3809)
19:25:04  baselineEval.src.held_out  INFO     Held-out regression (full_kinematic_embedding | ADOS_2_ADOS_G_REVISED_RRB_SEVERITY_SCORE_new): model=lasso RMSE=2.983 [2.148, 3.793] R²=0.372 [0.019, 0.584] ρ=0.709
19:25:06  baselineEval.src.plotting  INFO       Saved: shap_bar_top20.png and shap_beeswarm_top20.png
19:25:06  baselineEval.src.held_out  INFO     SHAP saved → /srv/beegfs/scratch/shares/schaerm/schaer2/video_sam2_pose/humanLISBET-paper/baselineEval/results_reduce_mean_only/full_kinematic_embedding/held_out/regression/ADOS_2_ADOS_G_REVISED_RRB_SEVERITY_SCORE_new/shap
19:25:06  ccnEvaluation         INFO     ── CV for VLDII_AdSS (regression) ──
19:25:06  ccnEvaluation         INFO       X: (95, 360), y: (95,) (classes: [ 51.  63.  64.  65.  66.  68.  69.  70.  71.  72.  73.  74.  75.  76.
  77.  78.  79.  80.  81.  83.  84.  85.  86.  87.  88.  89.  90.  91.
  92.  93.  94.  95.  96.  97.  99. 100. 102. 103. 104. 105. 107. 108.
 109. 110. 113. 115. 117.])
19:25:06  baselineEval.src.cross_validation  INFO     Regression CV: 2 models, 5×10 nested CV (50 total outer folds)
19:27:17  baselineEval.src.cross_validation  INFO       Saved: predictions_per_subject.csv
19:27:17  baselineEval.src.cross_validation  INFO       CV results: 100 rows → /srv/beegfs/scratch/shares/schaerm/schaer2/video_sam2_pose/humanLISBET-paper/baselineEval/results_reduce_mean_only/full_kinematic_embedding/regression/VLDII_AdSS/cv_results.csv
19:27:17  baselineEval.src.cross_validation  INFO     
── Regression summary (VLDII_AdSS) ──
model      rmse       r2  spearman_r
lasso 13.023260 0.202124    0.487418
 lgbm 13.573091 0.129164    0.404577
19:27:17  ccnEvaluation         INFO     ── Held-out for VLDII_AdSS (regression | full_kinematic_embedding) ──
19:27:17  baselineEval.src.held_out  INFO     Best regression model: lasso (RMSE=13.0233 ± 1.2349)
19:27:18  baselineEval.src.held_out  INFO     Held-out regression (full_kinematic_embedding | VLDII_AdSS): model=lasso RMSE=12.449 [10.056, 14.675] R²=0.381 [0.084, 0.491] ρ=0.725
19:27:20  baselineEval.src.plotting  INFO       Saved: shap_bar_top20.png and shap_beeswarm_top20.png
19:27:20  baselineEval.src.held_out  INFO     SHAP saved → /srv/beegfs/scratch/shares/schaerm/schaer2/video_sam2_pose/humanLISBET-paper/baselineEval/results_reduce_mean_only/full_kinematic_embedding/held_out/regression/VLDII_AdSS/shap
19:27:20  ccnEvaluation         INFO     ── CV for VLDII_MotorSS (regression) ──
19:27:20  ccnEvaluation         INFO       X: (95, 360), y: (95,) (classes: [ 56.  67.  69.  70.  72.  75.  79.  81.  82.  84.  85.  88.  90.  93.
  94.  95.  96.  97. 100. 102. 104. 105. 106. 108. 111. 114. 121. 131.])
19:27:20  baselineEval.src.cross_validation  INFO     Regression CV: 2 models, 5×10 nested CV (50 total outer folds)
19:29:32  baselineEval.src.cross_validation  INFO       Saved: predictions_per_subject.csv
19:29:32  baselineEval.src.cross_validation  INFO       CV results: 100 rows → /srv/beegfs/scratch/shares/schaerm/schaer2/video_sam2_pose/humanLISBET-paper/baselineEval/results_reduce_mean_only/full_kinematic_embedding/regression/VLDII_MotorSS/cv_results.csv
19:29:32  baselineEval.src.cross_validation  INFO     
── Regression summary (VLDII_MotorSS) ──
model      rmse        r2  spearman_r
lasso 12.403992 -0.015760    0.040491
 lgbm 13.133614 -0.147597   -0.036457
19:29:32  ccnEvaluation         INFO     ── Held-out for VLDII_MotorSS (regression | full_kinematic_embedding) ──
19:29:32  baselineEval.src.held_out  INFO     Best regression model: lasso (RMSE=12.4040 ± 1.3956)
/srv/beegfs/scratch/shares/schaerm/schaer2/video_sam2_pose/humanLISBET-paper/baselineEval/src/held_out.py:422: ConstantInputWarning: An input array is constant; the correlation coefficient is not defined.
  sp_r, _ = spearmanr(y_test, y_pred)
/srv/beegfs/scratch/shares/schaerm/schaer2/video_sam2_pose/humanLISBET-paper/baselineEval/src/held_out.py:423: ConstantInputWarning: An input array is constant; the correlation coefficient is not defined.
  pe_r, _ = pearsonr(y_test, y_pred)
19:29:33  baselineEval.src.held_out  INFO     Held-out regression (full_kinematic_embedding | VLDII_MotorSS): model=lasso RMSE=12.713 [9.358, 16.144] R²=-0.009 [-0.572, -0.000] ρ=nan
19:29:36  baselineEval.src.plotting  INFO       Saved: shap_bar_top20.png and shap_beeswarm_top20.png
19:29:36  baselineEval.src.held_out  INFO     SHAP saved → /srv/beegfs/scratch/shares/schaerm/schaer2/video_sam2_pose/humanLISBET-paper/baselineEval/results_reduce_mean_only/full_kinematic_embedding/held_out/regression/VLDII_MotorSS/shap
19:29:36  ccnEvaluation         INFO     ── CV for VLDII_gmsVS (regression) ──
19:29:36  ccnEvaluation         INFO       X: (95, 360), y: (95,) (classes: [ 8.  9. 10. 11. 12. 13. 14. 15. 16. 17. 18. 22.])
19:29:36  baselineEval.src.cross_validation  INFO     Regression CV: 2 models, 5×10 nested CV (50 total outer folds)
19:31:45  baselineEval.src.cross_validation  INFO       Saved: predictions_per_subject.csv
19:31:46  baselineEval.src.cross_validation  INFO       CV results: 100 rows → /srv/beegfs/scratch/shares/schaerm/schaer2/video_sam2_pose/humanLISBET-paper/baselineEval/results_reduce_mean_only/full_kinematic_embedding/regression/VLDII_gmsVS/cv_results.csv
19:31:46  baselineEval.src.cross_validation  INFO     
── Regression summary (VLDII_gmsVS) ──
model     rmse        r2  spearman_r
lasso 2.131205 -0.030144   -0.028498
 lgbm 2.244503 -0.154501   -0.086968
19:31:46  ccnEvaluation         INFO     ── Held-out for VLDII_gmsVS (regression | full_kinematic_embedding) ──
19:31:46  baselineEval.src.held_out  INFO     Best regression model: lasso (RMSE=2.1312 ± 0.3419)
/srv/beegfs/scratch/shares/schaerm/schaer2/video_sam2_pose/humanLISBET-paper/baselineEval/src/held_out.py:422: ConstantInputWarning: An input array is constant; the correlation coefficient is not defined.
  sp_r, _ = spearmanr(y_test, y_pred)
/srv/beegfs/scratch/shares/schaerm/schaer2/video_sam2_pose/humanLISBET-paper/baselineEval/src/held_out.py:423: ConstantInputWarning: An input array is constant; the correlation coefficient is not defined.
  pe_r, _ = pearsonr(y_test, y_pred)
19:31:47  baselineEval.src.held_out  INFO     Held-out regression (full_kinematic_embedding | VLDII_gmsVS): model=lasso RMSE=1.893 [1.289, 2.418] R²=-0.014 [-0.494, -0.000] ρ=nan
19:31:50  baselineEval.src.plotting  INFO       Saved: shap_bar_top20.png and shap_beeswarm_top20.png
19:31:50  baselineEval.src.held_out  INFO     SHAP saved → /srv/beegfs/scratch/shares/schaerm/schaer2/video_sam2_pose/humanLISBET-paper/baselineEval/results_reduce_mean_only/full_kinematic_embedding/held_out/regression/VLDII_gmsVS/shap
19:31:50  ccnEvaluation         INFO     ── CV for VLDII_fmsVS (regression) ──
19:31:50  ccnEvaluation         INFO       X: (95, 360), y: (95,) (classes: [ 7.  8.  9. 10. 11. 12. 13. 14. 15. 16. 17. 18.])
19:31:50  baselineEval.src.cross_validation  INFO     Regression CV: 2 models, 5×10 nested CV (50 total outer folds)
19:33:58  baselineEval.src.cross_validation  INFO       Saved: predictions_per_subject.csv
19:33:58  baselineEval.src.cross_validation  INFO       CV results: 100 rows → /srv/beegfs/scratch/shares/schaerm/schaer2/video_sam2_pose/humanLISBET-paper/baselineEval/results_reduce_mean_only/full_kinematic_embedding/regression/VLDII_fmsVS/cv_results.csv
19:33:58  baselineEval.src.cross_validation  INFO     
── Regression summary (VLDII_fmsVS) ──
model     rmse        r2  spearman_r
lasso 2.459923 -0.018393    0.053303
 lgbm 2.560448 -0.113603    0.026051
19:33:58  ccnEvaluation         INFO     ── Held-out for VLDII_fmsVS (regression | full_kinematic_embedding) ──
19:33:58  baselineEval.src.held_out  INFO     Best regression model: lasso (RMSE=2.4599 ± 0.2517)
/srv/beegfs/scratch/shares/schaerm/schaer2/video_sam2_pose/humanLISBET-paper/baselineEval/src/held_out.py:422: ConstantInputWarning: An input array is constant; the correlation coefficient is not defined.
  sp_r, _ = spearmanr(y_test, y_pred)
/srv/beegfs/scratch/shares/schaerm/schaer2/video_sam2_pose/humanLISBET-paper/baselineEval/src/held_out.py:423: ConstantInputWarning: An input array is constant; the correlation coefficient is not defined.
  pe_r, _ = pearsonr(y_test, y_pred)
19:34:00  baselineEval.src.held_out  INFO     Held-out regression (full_kinematic_embedding | VLDII_fmsVS): model=lasso RMSE=2.495 [1.826, 3.138] R²=-0.013 [-0.555, -0.000] ρ=nan
19:34:02  baselineEval.src.plotting  INFO       Saved: shap_bar_top20.png and shap_beeswarm_top20.png
19:34:02  baselineEval.src.held_out  INFO     SHAP saved → /srv/beegfs/scratch/shares/schaerm/schaer2/video_sam2_pose/humanLISBET-paper/baselineEval/results_reduce_mean_only/full_kinematic_embedding/held_out/regression/VLDII_fmsVS/shap
19:34:02  ccnEvaluation         INFO     ── CV for VLDII_SocSS (regression) ──
19:34:02  ccnEvaluation         INFO       X: (95, 360), y: (95,) (classes: [ 59.  65.  66.  68.  70.  72.  74.  75.  76.  78.  79.  80.  81.  82.
  84.  86.  88.  89.  90.  91.  92.  94.  95.  96.  98. 100. 101. 102.
 105. 109. 111. 112. 114.])
19:34:02  baselineEval.src.cross_validation  INFO     Regression CV: 2 models, 5×10 nested CV (50 total outer folds)
19:36:14  baselineEval.src.cross_validation  INFO       Saved: predictions_per_subject.csv
19:36:14  baselineEval.src.cross_validation  INFO       CV results: 100 rows → /srv/beegfs/scratch/shares/schaerm/schaer2/video_sam2_pose/humanLISBET-paper/baselineEval/results_reduce_mean_only/full_kinematic_embedding/regression/VLDII_SocSS/cv_results.csv
19:36:14  baselineEval.src.cross_validation  INFO     
── Regression summary (VLDII_SocSS) ──
model      rmse       r2  spearman_r
lasso 11.025135 0.172302    0.487964
 lgbm 11.115407 0.151919    0.439020
19:36:14  ccnEvaluation         INFO     ── Held-out for VLDII_SocSS (regression | full_kinematic_embedding) ──
19:36:14  baselineEval.src.held_out  INFO     Best regression model: lasso (RMSE=11.0251 ± 1.2215)
19:36:15  baselineEval.src.held_out  INFO     Held-out regression (full_kinematic_embedding | VLDII_SocSS): model=lasso RMSE=10.393 [7.856, 12.784] R²=0.290 [-0.049, 0.415] ρ=0.600
19:36:17  baselineEval.src.plotting  INFO       Saved: shap_bar_top20.png and shap_beeswarm_top20.png
19:36:17  baselineEval.src.held_out  INFO     SHAP saved → /srv/beegfs/scratch/shares/schaerm/schaer2/video_sam2_pose/humanLISBET-paper/baselineEval/results_reduce_mean_only/full_kinematic_embedding/held_out/regression/VLDII_SocSS/shap
19:36:17  ccnEvaluation         INFO     ── CV for VLDII_intVS (regression) ──
19:36:17  ccnEvaluation         INFO       X: (95, 360), y: (95,) (classes: [ 6.  8.  9. 10. 11. 12. 13. 14. 15. 16. 17. 18. 19. 20.])
19:36:17  baselineEval.src.cross_validation  INFO     Regression CV: 2 models, 5×10 nested CV (50 total outer folds)
19:38:26  baselineEval.src.cross_validation  INFO       Saved: predictions_per_subject.csv
19:38:26  baselineEval.src.cross_validation  INFO       CV results: 100 rows → /srv/beegfs/scratch/shares/schaerm/schaer2/video_sam2_pose/humanLISBET-paper/baselineEval/results_reduce_mean_only/full_kinematic_embedding/regression/VLDII_intVS/cv_results.csv
19:38:26  baselineEval.src.cross_validation  INFO     
── Regression summary (VLDII_intVS) ──
model    rmse       r2  spearman_r
lasso 2.45578 0.158428    0.511522
 lgbm 2.50146 0.121011    0.462161
19:38:26  ccnEvaluation         INFO     ── Held-out for VLDII_intVS (regression | full_kinematic_embedding) ──
19:38:26  baselineEval.src.held_out  INFO     Best regression model: lasso (RMSE=2.4558 ± 0.2665)
19:38:27  baselineEval.src.held_out  INFO     Held-out regression (full_kinematic_embedding | VLDII_intVS): model=lasso RMSE=2.622 [2.138, 3.075] R²=0.234 [-0.139, 0.332] ρ=0.624
19:38:29  baselineEval.src.plotting  INFO       Saved: shap_bar_top20.png and shap_beeswarm_top20.png
19:38:29  baselineEval.src.held_out  INFO     SHAP saved → /srv/beegfs/scratch/shares/schaerm/schaer2/video_sam2_pose/humanLISBET-paper/baselineEval/results_reduce_mean_only/full_kinematic_embedding/held_out/regression/VLDII_intVS/shap
19:38:29  ccnEvaluation         INFO     ── CV for VLDII_plaVS (regression) ──
19:38:29  ccnEvaluation         INFO       X: (95, 360), y: (95,) (classes: [ 7.  8.  9. 10. 11. 12. 13. 14. 15. 16. 17. 18. 19.])
19:38:29  baselineEval.src.cross_validation  INFO     Regression CV: 2 models, 5×10 nested CV (50 total outer folds)
19:40:39  baselineEval.src.cross_validation  INFO       Saved: predictions_per_subject.csv
19:40:39  baselineEval.src.cross_validation  INFO       CV results: 100 rows → /srv/beegfs/scratch/shares/schaerm/schaer2/video_sam2_pose/humanLISBET-paper/baselineEval/results_reduce_mean_only/full_kinematic_embedding/regression/VLDII_plaVS/cv_results.csv
19:40:39  baselineEval.src.cross_validation  INFO     
── Regression summary (VLDII_plaVS) ──
model     rmse       r2  spearman_r
lasso 2.453195 0.075453    0.373438
 lgbm 2.430662 0.083634    0.393326
19:40:39  ccnEvaluation         INFO     ── Held-out for VLDII_plaVS (regression | full_kinematic_embedding) ──
19:40:39  baselineEval.src.held_out  INFO     Best regression model: lgbm (RMSE=2.4307 ± 0.2375)
19:40:40  baselineEval.src.held_out  INFO     Held-out regression (full_kinematic_embedding | VLDII_plaVS): model=lgbm RMSE=2.137 [1.566, 2.660] R²=0.287 [-0.166, 0.470] ρ=0.594
19:40:42  baselineEval.src.plotting  INFO       Saved: shap_bar_top20.png and shap_beeswarm_top20.png
19:40:42  baselineEval.src.held_out  INFO     SHAP saved → /srv/beegfs/scratch/shares/schaerm/schaer2/video_sam2_pose/humanLISBET-paper/baselineEval/results_reduce_mean_only/full_kinematic_embedding/held_out/regression/VLDII_plaVS/shap
19:40:42  ccnEvaluation         INFO     ── CV for VLDII_copVS (regression) ──
19:40:42  ccnEvaluation         INFO       X: (95, 360), y: (95,) (classes: [ 9. 10. 11. 12. 13. 14. 15. 16. 17.])
19:40:42  baselineEval.src.cross_validation  INFO     Regression CV: 2 models, 5×10 nested CV (50 total outer folds)
19:42:52  baselineEval.src.cross_validation  INFO       Saved: predictions_per_subject.csv
19:42:52  baselineEval.src.cross_validation  INFO       CV results: 100 rows → /srv/beegfs/scratch/shares/schaerm/schaer2/video_sam2_pose/humanLISBET-paper/baselineEval/results_reduce_mean_only/full_kinematic_embedding/regression/VLDII_copVS/cv_results.csv
19:42:52  baselineEval.src.cross_validation  INFO     
── Regression summary (VLDII_copVS) ──
model     rmse        r2  spearman_r
lasso 2.030597  0.009693    0.245333
 lgbm 2.038134 -0.000357    0.259110
19:42:52  ccnEvaluation         INFO     ── Held-out for VLDII_copVS (regression | full_kinematic_embedding) ──
19:42:52  baselineEval.src.held_out  INFO     Best regression model: lasso (RMSE=2.0306 ± 0.1627)
19:42:53  baselineEval.src.held_out  INFO     Held-out regression (full_kinematic_embedding | VLDII_copVS): model=lasso RMSE=1.694 [1.277, 2.067] R²=-0.037 [-0.839, 0.093] ρ=0.344
19:42:55  baselineEval.src.plotting  INFO       Saved: shap_bar_top20.png and shap_beeswarm_top20.png
19:42:55  baselineEval.src.held_out  INFO     SHAP saved → /srv/beegfs/scratch/shares/schaerm/schaer2/video_sam2_pose/humanLISBET-paper/baselineEval/results_reduce_mean_only/full_kinematic_embedding/held_out/regression/VLDII_copVS/shap
19:42:55  ccnEvaluation         INFO     ── CV for VLDII_DaiSS (regression) ──
19:42:55  ccnEvaluation         INFO       X: (95, 360), y: (95,) (classes: [ 53.  62.  65.  67.  69.  71.  73.  75.  77.  78.  80.  81.  82.  83.
  86.  87.  89.  91.  93.  95.  96.  98. 100. 101. 102. 103. 104. 105.
 107. 109. 111. 113. 115. 118. 121.])
19:42:55  baselineEval.src.cross_validation  INFO     Regression CV: 2 models, 5×10 nested CV (50 total outer folds)
19:45:07  baselineEval.src.cross_validation  INFO       Saved: predictions_per_subject.csv
19:45:07  baselineEval.src.cross_validation  INFO       CV results: 100 rows → /srv/beegfs/scratch/shares/schaerm/schaer2/video_sam2_pose/humanLISBET-paper/baselineEval/results_reduce_mean_only/full_kinematic_embedding/regression/VLDII_DaiSS/cv_results.csv
19:45:07  baselineEval.src.cross_validation  INFO     
── Regression summary (VLDII_DaiSS) ──
model      rmse       r2  spearman_r
lasso 12.556809 0.141673    0.492007
 lgbm 12.772559 0.106858    0.401202
19:45:07  ccnEvaluation         INFO     ── Held-out for VLDII_DaiSS (regression | full_kinematic_embedding) ──
19:45:07  baselineEval.src.held_out  INFO     Best regression model: lasso (RMSE=12.5568 ± 1.4983)
19:45:08  baselineEval.src.held_out  INFO     Held-out regression (full_kinematic_embedding | VLDII_DaiSS): model=lasso RMSE=11.919 [8.883, 14.810] R²=0.324 [0.028, 0.420] ρ=0.696
19:45:10  baselineEval.src.plotting  INFO       Saved: shap_bar_top20.png and shap_beeswarm_top20.png
19:45:10  baselineEval.src.held_out  INFO     SHAP saved → /srv/beegfs/scratch/shares/schaerm/schaer2/video_sam2_pose/humanLISBET-paper/baselineEval/results_reduce_mean_only/full_kinematic_embedding/held_out/regression/VLDII_DaiSS/shap
19:45:10  ccnEvaluation         INFO     ── CV for VLDII_perVS (regression) ──
19:45:10  ccnEvaluation         INFO       X: (95, 360), y: (95,) (classes: [ 7.  8.  9. 10. 11. 12. 13. 14. 15. 16. 17. 18.])
19:45:10  baselineEval.src.cross_validation  INFO     Regression CV: 2 models, 5×10 nested CV (50 total outer folds)
19:47:19  baselineEval.src.cross_validation  INFO       Saved: predictions_per_subject.csv
19:47:19  baselineEval.src.cross_validation  INFO       CV results: 100 rows → /srv/beegfs/scratch/shares/schaerm/schaer2/video_sam2_pose/humanLISBET-paper/baselineEval/results_reduce_mean_only/full_kinematic_embedding/regression/VLDII_perVS/cv_results.csv
19:47:19  baselineEval.src.cross_validation  INFO     
── Regression summary (VLDII_perVS) ──
model     rmse       r2  spearman_r
lasso 2.528643 0.115957    0.425625
 lgbm 2.545583 0.096691    0.361674
19:47:19  ccnEvaluation         INFO     ── Held-out for VLDII_perVS (regression | full_kinematic_embedding) ──
19:47:19  baselineEval.src.held_out  INFO     Best regression model: lasso (RMSE=2.5286 ± 0.2531)
19:47:20  baselineEval.src.held_out  INFO     Held-out regression (full_kinematic_embedding | VLDII_perVS): model=lasso RMSE=2.167 [1.666, 2.618] R²=0.188 [-0.221, 0.335] ρ=0.522
19:47:22  baselineEval.src.plotting  INFO       Saved: shap_bar_top20.png and shap_beeswarm_top20.png
19:47:22  baselineEval.src.held_out  INFO     SHAP saved → /srv/beegfs/scratch/shares/schaerm/schaer2/video_sam2_pose/humanLISBET-paper/baselineEval/results_reduce_mean_only/full_kinematic_embedding/held_out/regression/VLDII_perVS/shap
19:47:22  ccnEvaluation         INFO     ── CV for VLDII_comVS (regression) ──
19:47:22  ccnEvaluation         INFO       X: (95, 360), y: (95,) (classes: [ 7. 10. 11. 12. 13. 14. 15. 16. 17. 18. 20.])
19:47:22  baselineEval.src.cross_validation  INFO     Regression CV: 2 models, 5×10 nested CV (50 total outer folds)
19:49:31  baselineEval.src.cross_validation  INFO       Saved: predictions_per_subject.csv
19:49:31  baselineEval.src.cross_validation  INFO       CV results: 100 rows → /srv/beegfs/scratch/shares/schaerm/schaer2/video_sam2_pose/humanLISBET-paper/baselineEval/results_reduce_mean_only/full_kinematic_embedding/regression/VLDII_comVS/cv_results.csv
19:49:31  baselineEval.src.cross_validation  INFO     
── Regression summary (VLDII_comVS) ──
model     rmse       r2  spearman_r
lasso 2.136868 0.098118    0.418008
 lgbm 2.164510 0.069931    0.354759
19:49:31  ccnEvaluation         INFO     ── Held-out for VLDII_comVS (regression | full_kinematic_embedding) ──
19:49:31  baselineEval.src.held_out  INFO     Best regression model: lasso (RMSE=2.1369 ± 0.2702)
19:49:32  baselineEval.src.held_out  INFO     Held-out regression (full_kinematic_embedding | VLDII_comVS): model=lasso RMSE=3.028 [2.049, 3.968] R²=-0.096 [-0.633, 0.075] ρ=0.032
19:49:34  baselineEval.src.plotting  INFO       Saved: shap_bar_top20.png and shap_beeswarm_top20.png
19:49:34  baselineEval.src.held_out  INFO     SHAP saved → /srv/beegfs/scratch/shares/schaerm/schaer2/video_sam2_pose/humanLISBET-paper/baselineEval/results_reduce_mean_only/full_kinematic_embedding/held_out/regression/VLDII_comVS/shap
19:49:34  ccnEvaluation         INFO     ── CV for VLDII_domVS (regression) ──
19:49:34  ccnEvaluation         INFO       X: (95, 360), y: (95,) (classes: [ 9. 10. 11. 12. 13. 14. 15. 16. 17. 18. 19. 20. 22.])
19:49:34  baselineEval.src.cross_validation  INFO     Regression CV: 2 models, 5×10 nested CV (50 total outer folds)
19:51:43  baselineEval.src.cross_validation  INFO       Saved: predictions_per_subject.csv
19:51:43  baselineEval.src.cross_validation  INFO       CV results: 100 rows → /srv/beegfs/scratch/shares/schaerm/schaer2/video_sam2_pose/humanLISBET-paper/baselineEval/results_reduce_mean_only/full_kinematic_embedding/regression/VLDII_domVS/cv_results.csv
19:51:43  baselineEval.src.cross_validation  INFO     
── Regression summary (VLDII_domVS) ──
model     rmse       r2  spearman_r
lasso 2.622266 0.095300    0.390562
 lgbm 2.646973 0.076989    0.343666
19:51:43  ccnEvaluation         INFO     ── Held-out for VLDII_domVS (regression | full_kinematic_embedding) ──
19:51:43  baselineEval.src.held_out  INFO     Best regression model: lasso (RMSE=2.6223 ± 0.2346)
19:51:44  baselineEval.src.held_out  INFO     Held-out regression (full_kinematic_embedding | VLDII_domVS): model=lasso RMSE=2.526 [1.607, 3.329] R²=0.277 [-0.061, 0.431] ρ=0.776
19:51:46  baselineEval.src.plotting  INFO       Saved: shap_bar_top20.png and shap_beeswarm_top20.png
19:51:46  baselineEval.src.held_out  INFO     SHAP saved → /srv/beegfs/scratch/shares/schaerm/schaer2/video_sam2_pose/humanLISBET-paper/baselineEval/results_reduce_mean_only/full_kinematic_embedding/held_out/regression/VLDII_domVS/shap
19:51:46  ccnEvaluation         INFO     ── CV for VLDII_ComSS (regression) ──
19:51:46  ccnEvaluation         INFO       X: (95, 360), y: (95,) (classes: [ 44.  52.  54.  58.  59.  61.  63.  64.  65.  66.  69.  71.  72.  73.
  74.  76.  79.  80.  81.  84.  85.  86.  89.  90.  91.  93.  95.  97.
 100. 101. 102. 103. 104. 105. 107. 108. 110. 112. 113. 116. 118. 121.
 122. 125.])
19:51:46  baselineEval.src.cross_validation  INFO     Regression CV: 2 models, 5×10 nested CV (50 total outer folds)
19:53:57  baselineEval.src.cross_validation  INFO       Saved: predictions_per_subject.csv
19:53:58  baselineEval.src.cross_validation  INFO       CV results: 100 rows → /srv/beegfs/scratch/shares/schaerm/schaer2/video_sam2_pose/humanLISBET-paper/baselineEval/results_reduce_mean_only/full_kinematic_embedding/regression/VLDII_ComSS/cv_results.csv
19:53:58  baselineEval.src.cross_validation  INFO     
── Regression summary (VLDII_ComSS) ──
model      rmse       r2  spearman_r
lasso 17.355819 0.179266    0.483490
 lgbm 18.081814 0.101767    0.396431
19:53:58  ccnEvaluation         INFO     ── Held-out for VLDII_ComSS (regression | full_kinematic_embedding) ──
19:53:58  baselineEval.src.held_out  INFO     Best regression model: lasso (RMSE=17.3558 ± 1.4524)
19:53:59  baselineEval.src.held_out  INFO     Held-out regression (full_kinematic_embedding | VLDII_ComSS): model=lasso RMSE=17.609 [13.625, 21.035] R²=0.345 [-0.039, 0.522] ρ=0.591
19:54:01  baselineEval.src.plotting  INFO       Saved: shap_bar_top20.png and shap_beeswarm_top20.png
19:54:01  baselineEval.src.held_out  INFO     SHAP saved → /srv/beegfs/scratch/shares/schaerm/schaer2/video_sam2_pose/humanLISBET-paper/baselineEval/results_reduce_mean_only/full_kinematic_embedding/held_out/regression/VLDII_ComSS/shap
19:54:01  ccnEvaluation         INFO     ── CV for VLDII_expVS (regression) ──
19:54:01  ccnEvaluation         INFO       X: (95, 360), y: (95,) (classes: [ 6.  7.  8.  9. 10. 11. 12. 13. 14. 15. 16. 17. 18. 19. 20.])
19:54:01  baselineEval.src.cross_validation  INFO     Regression CV: 2 models, 5×10 nested CV (50 total outer folds)
19:56:10  baselineEval.src.cross_validation  INFO       Saved: predictions_per_subject.csv
19:56:10  baselineEval.src.cross_validation  INFO       CV results: 100 rows → /srv/beegfs/scratch/shares/schaerm/schaer2/video_sam2_pose/humanLISBET-paper/baselineEval/results_reduce_mean_only/full_kinematic_embedding/regression/VLDII_expVS/cv_results.csv
19:56:10  baselineEval.src.cross_validation  INFO     
── Regression summary (VLDII_expVS) ──
model     rmse       r2  spearman_r
lasso 3.347858 0.147745    0.442480
 lgbm 3.402680 0.114500    0.389972
19:56:10  ccnEvaluation         INFO     ── Held-out for VLDII_expVS (regression | full_kinematic_embedding) ──
19:56:10  baselineEval.src.held_out  INFO     Best regression model: lasso (RMSE=3.3479 ± 0.3365)
19:56:11  baselineEval.src.held_out  INFO     Held-out regression (full_kinematic_embedding | VLDII_expVS): model=lasso RMSE=3.038 [2.323, 3.738] R²=0.305 [-0.094, 0.474] ρ=0.553
19:56:13  baselineEval.src.plotting  INFO       Saved: shap_bar_top20.png and shap_beeswarm_top20.png
19:56:13  baselineEval.src.held_out  INFO     SHAP saved → /srv/beegfs/scratch/shares/schaerm/schaer2/video_sam2_pose/humanLISBET-paper/baselineEval/results_reduce_mean_only/full_kinematic_embedding/held_out/regression/VLDII_expVS/shap
19:56:13  ccnEvaluation         INFO     ── CV for VLDII_recVS (regression) ──
19:56:13  ccnEvaluation         INFO       X: (95, 360), y: (95,) (classes: [ 3.  5.  6.  7.  8.  9. 10. 11. 12. 13. 14. 15. 16. 17. 18. 19. 20. 21.])
19:56:13  baselineEval.src.cross_validation  INFO     Regression CV: 2 models, 5×10 nested CV (50 total outer folds)
19:58:22  baselineEval.src.cross_validation  INFO       Saved: predictions_per_subject.csv
19:58:22  baselineEval.src.cross_validation  INFO       CV results: 100 rows → /srv/beegfs/scratch/shares/schaerm/schaer2/video_sam2_pose/humanLISBET-paper/baselineEval/results_reduce_mean_only/full_kinematic_embedding/regression/VLDII_recVS/cv_results.csv
19:58:22  baselineEval.src.cross_validation  INFO     
── Regression summary (VLDII_recVS) ──
model     rmse       r2  spearman_r
lasso 3.509063 0.223824    0.529651
 lgbm 3.712473 0.132801    0.454559
19:58:22  ccnEvaluation         INFO     ── Held-out for VLDII_recVS (regression | full_kinematic_embedding) ──
19:58:22  baselineEval.src.held_out  INFO     Best regression model: lasso (RMSE=3.5091 ± 0.4737)
19:58:24  baselineEval.src.held_out  INFO     Held-out regression (full_kinematic_embedding | VLDII_recVS): model=lasso RMSE=3.705 [2.902, 4.384] R²=0.353 [-0.006, 0.511] ρ=0.681
19:58:26  baselineEval.src.plotting  INFO       Saved: shap_bar_top20.png and shap_beeswarm_top20.png
19:58:26  baselineEval.src.held_out  INFO     SHAP saved → /srv/beegfs/scratch/shares/schaerm/schaer2/video_sam2_pose/humanLISBET-paper/baselineEval/results_reduce_mean_only/full_kinematic_embedding/held_out/regression/VLDII_recVS/shap
19:58:26  ccnEvaluation         INFO     ── CV for MSEL_TOTAL_DQ (regression) ──
19:58:26  ccnEvaluation         INFO       X: (100, 360), y: (100,) (classes: [ 18.02469136  32.43483412  34.59785415  38.08884914  38.95032984
  40.09469697  40.66399287  41.7597914   48.35352006  48.38185274
  48.56808071  49.32034527  52.60163835  52.78815173  53.41769972
  54.6043883   54.66514664  55.9129902   57.80945419  58.00856827
  58.01880411  58.49358974  60.55385401  60.73988735  61.21267952
  61.65540541  62.6717033   64.54699612  64.58014537  65.85307734
  66.03346902  66.56582561  67.46408956  68.67474001  69.12878788
  69.58887965  70.42091476  70.5832302   71.22161779  72.65127389
  72.74744284  73.39929215  73.55044202  73.63718709  74.37652068
  76.23385285  77.89159198  78.63298081  79.93217054  79.97485632
  80.39067013  81.47321429  82.45481928  83.44764518  83.72463299
  88.69235986  88.94106636  91.04190422  91.67078393  92.86194316
  92.9187448   93.08301946  94.84225533  95.62583836  96.63388805
  97.48931624  98.02617856 102.9518543  103.811149   107.0353937
 107.8029726  108.1764296  108.385181   108.6309524  108.7338226
 109.0520026  109.52137    111.8651489  112.1257819  112.192623
 112.5198886  112.8090659  112.8284389  113.5791843  115.0573568
 116.0376082  116.1326915  118.2653171  119.351962   120.5538618
 121.574912   125.622437   128.0608788  130.5093403  130.8806655
 132.3244751  135.4820159  139.7760116  149.1013072  149.4299051 ])
19:58:26  baselineEval.src.cross_validation  INFO     Regression CV: 2 models, 5×10 nested CV (50 total outer folds)
20:00:43  baselineEval.src.cross_validation  INFO       Saved: predictions_per_subject.csv
20:00:43  baselineEval.src.cross_validation  INFO       CV results: 100 rows → /srv/beegfs/scratch/shares/schaerm/schaer2/video_sam2_pose/humanLISBET-paper/baselineEval/results_reduce_mean_only/full_kinematic_embedding/regression/MSEL_TOTAL_DQ/cv_results.csv
20:00:43  baselineEval.src.cross_validation  INFO     
── Regression summary (MSEL_TOTAL_DQ) ──
model      rmse       r2  spearman_r
lasso 24.953398 0.250385    0.554376
 lgbm 26.551650 0.146345    0.459098
20:00:43  ccnEvaluation         INFO     ── Held-out for MSEL_TOTAL_DQ (regression | full_kinematic_embedding) ──
20:00:43  baselineEval.src.held_out  INFO     Best regression model: lasso (RMSE=24.9534 ± 2.9515)
20:00:45  baselineEval.src.held_out  INFO     Held-out regression (full_kinematic_embedding | MSEL_TOTAL_DQ): model=lasso RMSE=25.412 [19.768, 30.811] R²=0.405 [0.066, 0.532] ρ=0.799
20:00:47  baselineEval.src.plotting  INFO       Saved: shap_bar_top20.png and shap_beeswarm_top20.png
20:00:47  baselineEval.src.held_out  INFO     SHAP saved → /srv/beegfs/scratch/shares/schaerm/schaer2/video_sam2_pose/humanLISBET-paper/baselineEval/results_reduce_mean_only/full_kinematic_embedding/held_out/regression/MSEL_TOTAL_DQ/shap
20:00:47  ccnEvaluation         INFO     ── CV for MSEL_FM_DQ (regression) ──
20:00:47  ccnEvaluation         INFO       X: (100, 360), y: (100,) (classes: [ 18.02469136  46.4649432   48.97137746  50.05646983  54.38484461
  55.25934702  55.26116578  55.3030303   59.06148867  60.89132507
  63.6627907   63.73690338  64.77896096  65.16194848  65.41218638
  65.72629052  69.06338694  69.12878788  69.33210784  70.91968912
  73.53479853  75.06258941  75.18022657  75.486618    75.66334992
  75.86923658  75.90612002  75.91514143  77.07927225  77.89159198
  78.29257829  79.43695591  79.91242474  80.18453427  80.89539007
  80.95690748  82.62072435  82.81765677  83.43724023  83.84379786
  83.94209957  85.6233244   85.79059829  85.92278719  87.62002743
  87.84596871  87.86462758  87.98209366  89.15229885  90.64569536
  90.75497288  90.7960199   92.60343482  92.99363057  93.43003413
  93.95109395  95.05208333  95.38327526  96.20155039  96.63388805
  96.66313559  97.1113645   97.65160523  97.76785714  98.45857418
  98.95429899  98.97788903  99.40087146  99.64898596 102.1903821
 102.8432377  103.6931818  103.811149   104.7045324  105.1267281
 105.4303871  106.1046512  106.538237   107.1589883  108.1764296
 108.201581   108.6309524  109.939759   111.4163614  111.6891065
 112.258348   112.5198886  113.5687229  114.1644325  115.1790314
 119.8555166  120.5538618  121.1819389  121.197515   121.574912
 122.124634   122.1456693  122.8956229  123.8687783  143.1372549 ])
20:00:47  baselineEval.src.cross_validation  INFO     Regression CV: 2 models, 5×10 nested CV (50 total outer folds)
20:03:04  baselineEval.src.cross_validation  INFO       Saved: predictions_per_subject.csv
20:03:04  baselineEval.src.cross_validation  INFO       CV results: 100 rows → /srv/beegfs/scratch/shares/schaerm/schaer2/video_sam2_pose/humanLISBET-paper/baselineEval/results_reduce_mean_only/full_kinematic_embedding/regression/MSEL_FM_DQ/cv_results.csv
20:03:04  baselineEval.src.cross_validation  INFO     
── Regression summary (MSEL_FM_DQ) ──
model      rmse       r2  spearman_r
lasso 20.336369 0.073475    0.394966
 lgbm 20.915020 0.015462    0.287338
20:03:04  ccnEvaluation         INFO     ── Held-out for MSEL_FM_DQ (regression | full_kinematic_embedding) ──
20:03:04  baselineEval.src.held_out  INFO     Best regression model: lasso (RMSE=20.3364 ± 2.6899)
20:03:05  baselineEval.src.held_out  INFO     Held-out regression (full_kinematic_embedding | MSEL_FM_DQ): model=lasso RMSE=19.685 [13.875, 24.747] R²=0.188 [-0.198, 0.301] ρ=0.745
20:03:06  baselineEval.src.plotting  INFO       Saved: shap_bar_top20.png and shap_beeswarm_top20.png
20:03:06  baselineEval.src.held_out  INFO     SHAP saved → /srv/beegfs/scratch/shares/schaerm/schaer2/video_sam2_pose/humanLISBET-paper/baselineEval/results_reduce_mean_only/full_kinematic_embedding/held_out/regression/MSEL_FM_DQ/shap
20:03:06  ccnEvaluation         INFO     ── CV for MSEL_VR_DQ (regression) ──
20:03:06  ccnEvaluation         INFO       X: (100, 360), y: (100,) (classes: [ 24.78395062  38.27847693  40.84386519  44.24242424  48.97137746
  55.48645661  56.65502522  56.92959002  62.16881151  62.75283172
  64.71631206  65.27181688  65.72629052  66.12318841  66.69049889
  67.74833589  69.92337165  70.46332046  70.66795741  71.15009747
  72.16608084  73.80514706  73.80800341  75.41322314  76.86522262
  77.69631031  77.99145299  78.31273601  78.41474446  78.6637931
  79.18580909  79.31783825  80.21978022  83.77964805  84.0389186
  84.56192081  84.81797057  84.88372093  85.28037383  87.43066062
  88.66708914  89.11889597  89.35566001  89.46078431  89.57533077
  89.615829    90.15860634  92.33630952  93.50512357  93.81764069
  94.1109736   94.6140553   96.17918314  96.20155039  97.93244949
  98.97788903 100.5796275  102.1289538  103.2884465  104.0746873
 104.3095565  106.0098302  106.3795337  108.127254   109.5515537
 110.1055807  110.1609658  110.297536   111.6891065  113.7780549
 114.2017705  114.5637163  115.3090847  116.9871795  118.5064935
 121.4642263  123.6822289  124.5733788  125.1905488  125.2213369
 129.0167095  130.7503771  133.1727963  133.6408905  133.8188664
 134.9544937  135.1851852  136.0094851  136.515748   146.7828418
 147.3675711  148.8166269  148.8393977  151.821572   153.0708874
 158.9721254  159.8073555  175.8188825  192.7226814 ])
20:03:06  baselineEval.src.cross_validation  INFO     Regression CV: 2 models, 5×10 nested CV (50 total outer folds)
20:05:25  baselineEval.src.cross_validation  INFO       Saved: predictions_per_subject.csv
20:05:25  baselineEval.src.cross_validation  INFO       CV results: 100 rows → /srv/beegfs/scratch/shares/schaerm/schaer2/video_sam2_pose/humanLISBET-paper/baselineEval/results_reduce_mean_only/full_kinematic_embedding/regression/MSEL_VR_DQ/cv_results.csv
20:05:25  baselineEval.src.cross_validation  INFO     
── Regression summary (MSEL_VR_DQ) ──
model      rmse       r2  spearman_r
lasso 29.485518 0.108870    0.410984
 lgbm 29.634405 0.093162    0.383053
20:05:25  ccnEvaluation         INFO     ── Held-out for MSEL_VR_DQ (regression | full_kinematic_embedding) ──
20:05:25  baselineEval.src.held_out  INFO     Best regression model: lasso (RMSE=29.4855 ± 3.6789)
20:05:26  baselineEval.src.held_out  INFO     Held-out regression (full_kinematic_embedding | MSEL_VR_DQ): model=lasso RMSE=27.048 [21.349, 32.405] R²=0.352 [0.082, 0.408] ρ=0.787
20:05:28  baselineEval.src.plotting  INFO       Saved: shap_bar_top20.png and shap_beeswarm_top20.png
20:05:28  baselineEval.src.held_out  INFO     SHAP saved → /srv/beegfs/scratch/shares/schaerm/schaer2/video_sam2_pose/humanLISBET-paper/baselineEval/results_reduce_mean_only/full_kinematic_embedding/held_out/regression/MSEL_VR_DQ/shap
20:05:28  ccnEvaluation         INFO     ── CV for MSEL_LR_DQ (regression) ──
20:05:28  ccnEvaluation         INFO       X: (100, 360), y: (100,) (classes: [  3.88463176   4.06639929   6.75925926   9.87554113  12.01290153
  16.59090909  18.70972466  20.22384752  20.94811754  21.24563446
  25.56022409  26.50048403  28.99586908  29.92695289  32.38948048
  32.63590844  35.30956329  37.26391016  38.9957265   40.25735294
  40.48807543  43.06091806  44.2961165   44.83182162  46.05097149
  46.79487179  47.45189808  48.93770627  50.11618082  50.37154989
  52.84749035  53.52588625  53.65219358  54.90373045  59.29174789
  59.55070281  62.02209006  62.16545012  62.65018881  63.07603687
  64.61056645  64.9288451   66.12318841  66.75811614  70.61011905
  70.91968912  71.94102807  73.19518717  74.25406872  76.30178639
  76.39534884  77.74980635  77.81007752  77.89159198  78.6637931
  79.07279029  79.43695591  80.19460138  82.52583979  83.43724023
  83.56227106  84.15678524  87.60560676  91.80080483  96.34238311
  96.50411281 102.7847309  104.0746873  105.9596995  107.2715207
 108.1764296  108.8902148  110.0871314  115.4120767  115.9171748
 116.9871795  117.5351288  118.5064935  119.2178672  119.8802164
 120.1122726  120.9753788  121.1819389  122.3190349  122.5189726
 124.5733788  126.9356955  127.766486   128.1288156  130.2021403
 130.5093403  132.9263068  138.2575758  142.6500252  144.1714836
 144.3321617  147.1132898  148.8393977  153.6195286  157.0567986 ])
20:05:28  baselineEval.src.cross_validation  INFO     Regression CV: 2 models, 5×10 nested CV (50 total outer folds)
20:07:46  baselineEval.src.cross_validation  INFO       Saved: predictions_per_subject.csv
20:07:46  baselineEval.src.cross_validation  INFO       CV results: 100 rows → /srv/beegfs/scratch/shares/schaerm/schaer2/video_sam2_pose/humanLISBET-paper/baselineEval/results_reduce_mean_only/full_kinematic_embedding/regression/MSEL_LR_DQ/cv_results.csv
20:07:46  baselineEval.src.cross_validation  INFO     
── Regression summary (MSEL_LR_DQ) ──
model      rmse       r2  spearman_r
lasso 33.870222 0.269134    0.606496
 lgbm 34.745782 0.240903    0.524000
20:07:46  ccnEvaluation         INFO     ── Held-out for MSEL_LR_DQ (regression | full_kinematic_embedding) ──
20:07:46  baselineEval.src.held_out  INFO     Best regression model: lasso (RMSE=33.8702 ± 4.6403)
20:07:47  baselineEval.src.held_out  INFO     Held-out regression (full_kinematic_embedding | MSEL_LR_DQ): model=lasso RMSE=32.420 [23.208, 40.236] R²=0.489 [0.162, 0.654] ρ=0.745
20:07:49  baselineEval.src.plotting  INFO       Saved: shap_bar_top20.png and shap_beeswarm_top20.png
20:07:49  baselineEval.src.held_out  INFO     SHAP saved → /srv/beegfs/scratch/shares/schaerm/schaer2/video_sam2_pose/humanLISBET-paper/baselineEval/results_reduce_mean_only/full_kinematic_embedding/held_out/regression/MSEL_LR_DQ/shap
20:07:49  ccnEvaluation         INFO     ── CV for MSEL_LE_DQ (regression) ──
20:07:49  ccnEvaluation         INFO       X: (100, 360), y: (100,) (classes: [  9.94008715  14.16375631  17.66698935  21.62322275  22.5308642
  23.71669916  24.48568873  29.32736455  29.93313147  31.1965812
  31.83139535  32.5311943   34.96168582  35.3339787   36.51460584
  36.64658635  37.69462981  40.09226714  40.25735294  40.48807543
  41.27091814  41.92189893  43.37492573  44.24242424  44.2961165
  44.43993506  44.83182162  45.69027182  46.51656754  46.72299027
  47.44367418  50.11618082  50.12015105  50.13736264  50.93023256
  52.58200355  54.8048048   55.8530987   56.46658416  56.94227769
  57.72506083  58.12101911  59.82097832  59.93431856  60.11198946
  61.49957877  65.17857143  65.57490326  66.18574582  66.20785318
  69.12878788  69.55030488  71.37484958  72.66780432  73.41954023
  75.10288066  76.33526384  77.99145299  78.1455863   79.85282418
  80.57395143  81.54602324  82.20720721  83.94209957  84.10138249
  85.23058961  86.67962003  89.35128519  89.92073693  90.17483846
  91.02244389  91.36420526  91.65097301  93.77792672  94.24218952
  96.25527426  96.94555113  97.92085848 100.2099483  100.2747253
 103.2239819  106.0553231  108.127254   109.939759   111.2804878
 111.8651489  112.258348   114.1922639  115.7352358  116.9871795
 120.9753788  122.124634   124.6584699  128.4817876  128.8841808
 137.775842   140.655106   143.7007874  170.9694989 ])
20:07:49  baselineEval.src.cross_validation  INFO     Regression CV: 2 models, 5×10 nested CV (50 total outer folds)
20:10:06  baselineEval.src.cross_validation  INFO       Saved: predictions_per_subject.csv
20:10:06  baselineEval.src.cross_validation  INFO       CV results: 100 rows → /srv/beegfs/scratch/shares/schaerm/schaer2/video_sam2_pose/humanLISBET-paper/baselineEval/results_reduce_mean_only/full_kinematic_embedding/regression/MSEL_LE_DQ/cv_results.csv
20:10:06  baselineEval.src.cross_validation  INFO     
── Regression summary (MSEL_LE_DQ) ──
model      rmse       r2  spearman_r
lasso 30.011243 0.200635    0.501057
 lgbm 30.404923 0.173389    0.505596
20:10:06  ccnEvaluation         INFO     ── Held-out for MSEL_LE_DQ (regression | full_kinematic_embedding) ──
20:10:06  baselineEval.src.held_out  INFO     Best regression model: lasso (RMSE=30.0112 ± 3.3699)
20:10:07  baselineEval.src.held_out  INFO     Held-out regression (full_kinematic_embedding | MSEL_LE_DQ): model=lasso RMSE=29.655 [21.836, 37.070] R²=0.372 [-0.189, 0.574] ρ=0.723
20:10:09  baselineEval.src.plotting  INFO       Saved: shap_bar_top20.png and shap_beeswarm_top20.png
20:10:09  baselineEval.src.held_out  INFO     SHAP saved → /srv/beegfs/scratch/shares/schaerm/schaer2/video_sam2_pose/humanLISBET-paper/baselineEval/results_reduce_mean_only/full_kinematic_embedding/held_out/regression/MSEL_LE_DQ/shap
20:10:09  ccnEvaluation         INFO     ── CV for MSEL_NV_DQ (regression) ──
20:10:09  ccnEvaluation         INFO       X: (100, 360), y: (100,) (classes: [ 21.40432099  44.16747338  48.05160611  48.97137746  49.77272727
  58.71498864  60.1959643   60.90716019  63.02918895  63.79091198
  64.09642401  65.57490326  65.72629052  66.58026114  67.72345918
  67.91030161  70.16720315  71.56862745  72.80585106  73.37984863
  74.11468486  74.27325581  74.37794938  74.47079827  74.91789819
  76.17530756  76.74648129  76.87728938  77.59353741  79.97251931
  81.51480347  81.6976584   81.89102564  81.99943836  82.20720721
  82.35559567  83.73346137  83.90804598  84.15678524  84.60538218
  84.81199831  86.57250071  88.46431518  88.6496114   88.80778589
  88.87987013  91.05626327  91.88613478  92.03227433  92.13004822
  94.43082789  94.90379615  95.05208333  95.96479195  96.20155039
  96.39084507  96.49226641  97.36019132  97.52310803  97.94594067
  98.60764755  98.68968386  98.84549601  98.97788903  99.87039171
 100.2432517  102.1903821  103.1073446  109.0017065  109.0761612
 109.2369828  110.0871314  111.4163614  111.6531427  111.6891065
 114.2017705  115.7352358  116.0376082  116.2030831  116.810994
 116.9871795  119.3828214  119.8555166  121.5842367  122.8722053
 122.9496192  123.2016379  125.1071123  126.1626445  126.7361111
 127.1777003  128.2630522  128.3820346  129.3307087  130.6682578
 135.4820159  137.1387283  139.16122    139.8314361  157.8091521 ])
20:10:09  baselineEval.src.cross_validation  INFO     Regression CV: 2 models, 5×10 nested CV (50 total outer folds)
20:12:27  baselineEval.src.cross_validation  INFO       Saved: predictions_per_subject.csv
20:12:27  baselineEval.src.cross_validation  INFO       CV results: 100 rows → /srv/beegfs/scratch/shares/schaerm/schaer2/video_sam2_pose/humanLISBET-paper/baselineEval/results_reduce_mean_only/full_kinematic_embedding/regression/MSEL_NV_DQ/cv_results.csv
20:12:27  baselineEval.src.cross_validation  INFO     
── Regression summary (MSEL_NV_DQ) ──
model      rmse       r2  spearman_r
lasso 23.342914 0.093835    0.436244
 lgbm 23.746542 0.055160    0.354647
20:12:27  ccnEvaluation         INFO     ── Held-out for MSEL_NV_DQ (regression | full_kinematic_embedding) ──
20:12:27  baselineEval.src.held_out  INFO     Best regression model: lasso (RMSE=23.3429 ± 2.8896)
20:12:28  baselineEval.src.held_out  INFO     Held-out regression (full_kinematic_embedding | MSEL_NV_DQ): model=lasso RMSE=21.951 [18.029, 25.655] R²=0.286 [-0.053, 0.377] ρ=0.779
20:12:30  baselineEval.src.plotting  INFO       Saved: shap_bar_top20.png and shap_beeswarm_top20.png
20:12:30  baselineEval.src.held_out  INFO     SHAP saved → /srv/beegfs/scratch/shares/schaerm/schaer2/video_sam2_pose/humanLISBET-paper/baselineEval/results_reduce_mean_only/full_kinematic_embedding/held_out/regression/MSEL_NV_DQ/shap
20:12:30  ccnEvaluation         INFO     ── CV for MSEL_V_DQ (regression) ──
20:12:30  ccnEvaluation         INFO       X: (100, 360), y: (100,) (classes: [ 14.64506173  16.81806214  17.70469538  18.29879679  19.42315879
  25.02823491  25.13774105  27.1577381   27.20632081  29.4009959
  30.41666667  30.91723136  31.03741497  33.34524944  35.09615385
  36.40292553  37.2753268   37.99205148  39.16309013  39.59290454
  40.25735294  40.48807543  41.50422352  44.2961165   44.83182162
  47.46155586  48.09864458  48.46611722  48.93286143  50.11618082
  50.44223328  52.19708788  52.70214521  54.2462845   54.2693288
  54.68949248  54.82073643  54.89951357  56.38516993  58.28505645
  59.94525547  62.43158183  63.11758893  63.13929001  63.25823224
  63.6627907   64.59137709  67.89434524  69.06338694  70.46826734
  70.9304984   72.04972258  76.04166667  78.79965458  80.77686203
  81.15118577  83.23831243  85.25467149  85.85349462  85.92278719
  85.99599793  87.22984206  89.35566001  91.36789406  92.32431935
  92.73373984  94.37151949  94.86083166  95.8165773   97.07446809
  98.62059158  99.7831825  101.2242965  101.2355018  102.3816809
 103.6931818  103.8747811  107.1158763  108.0484808  109.063745
 110.7318923  111.4235219  114.0037352  114.2017705  115.3090847
 116.9871795  119.5234869  120.9753788  121.0967994  121.1872446
 122.9686881  124.051024   128.2952548  128.9440573  133.4982788
 135.3182415  135.4820159  141.0506581  142.4132948  159.0413943 ])
20:12:30  baselineEval.src.cross_validation  INFO     Regression CV: 2 models, 5×10 nested CV (50 total outer folds)
20:14:47  baselineEval.src.cross_validation  INFO       Saved: predictions_per_subject.csv
20:14:47  baselineEval.src.cross_validation  INFO       CV results: 100 rows → /srv/beegfs/scratch/shares/schaerm/schaer2/video_sam2_pose/humanLISBET-paper/baselineEval/results_reduce_mean_only/full_kinematic_embedding/regression/MSEL_V_DQ/cv_results.csv
20:14:47  baselineEval.src.cross_validation  INFO     
── Regression summary (MSEL_V_DQ) ──
model      rmse       r2  spearman_r
lasso 28.894220 0.324229    0.628150
 lgbm 31.179881 0.209558    0.517534
20:14:47  ccnEvaluation         INFO     ── Held-out for MSEL_V_DQ (regression | full_kinematic_embedding) ──
20:14:47  baselineEval.src.held_out  INFO     Best regression model: lasso (RMSE=28.8942 ± 3.5577)
20:14:48  baselineEval.src.held_out  INFO     Held-out regression (full_kinematic_embedding | MSEL_V_DQ): model=lasso RMSE=30.479 [23.343, 38.146] R²=0.442 [0.002, 0.617] ρ=0.799
20:14:50  baselineEval.src.plotting  INFO       Saved: shap_bar_top20.png and shap_beeswarm_top20.png
20:14:50  baselineEval.src.held_out  INFO     SHAP saved → /srv/beegfs/scratch/shares/schaerm/schaer2/video_sam2_pose/humanLISBET-paper/baselineEval/results_reduce_mean_only/full_kinematic_embedding/held_out/regression/MSEL_V_DQ/shap
20:14:50  ccnEvaluation         INFO     ═══ Step 5: Statistical comparison ═══
20:14:50  baselineEval.src.comparison  INFO       embedding vs full_kinematic (diagnosis, auc_roc): W=503.0, p=0.5186 (p_corr=1.0000), r=0.108 
20:14:50  baselineEval.src.comparison  INFO       embedding vs full_kinematic_embedding (diagnosis, auc_roc): W=575.0, p=0.8939 (p_corr=1.0000), r=0.022 
20:14:50  baselineEval.src.comparison  INFO       embedding vs motor_only (diagnosis, auc_roc): W=612.5, p=0.8093 (p_corr=1.0000), r=0.039 
20:14:50  baselineEval.src.comparison  INFO       full_kinematic vs full_kinematic_embedding (diagnosis, auc_roc): W=463.0, p=0.2851 (p_corr=1.0000), r=0.179 
20:14:50  baselineEval.src.comparison  INFO       full_kinematic vs motor_only (diagnosis, auc_roc): W=528.5, p=0.2926 (p_corr=1.0000), r=0.171 
20:14:50  baselineEval.src.comparison  INFO       full_kinematic_embedding vs motor_only (diagnosis, auc_roc): W=625.0, p=0.9040 (p_corr=1.0000), r=0.020 
20:14:50  baselineEval.src.comparison  INFO       Saved: /srv/beegfs/scratch/shares/schaerm/schaer2/video_sam2_pose/humanLISBET-paper/baselineEval/results_reduce_mean_only/comparison/diagnosis/comparison_results.csv
20:14:50  baselineEval.src.comparison  INFO       embedding vs full_kinematic (ADOS_2_ADOS_G_revised_RRB_level_of_symptoms, f1_macro): W=335.0, p=0.0030 (p_corr=0.0180), r=0.475 ***
20:14:50  baselineEval.src.comparison  INFO       embedding vs full_kinematic_embedding (ADOS_2_ADOS_G_revised_RRB_level_of_symptoms, f1_macro): W=508.0, p=0.2151 (p_corr=1.0000), r=0.203 
20:14:50  baselineEval.src.comparison  INFO       embedding vs motor_only (ADOS_2_ADOS_G_revised_RRB_level_of_symptoms, f1_macro): W=580.0, p=0.5852 (p_corr=1.0000), r=0.090 
20:14:50  baselineEval.src.comparison  INFO       full_kinematic vs full_kinematic_embedding (ADOS_2_ADOS_G_revised_RRB_level_of_symptoms, f1_macro): W=371.0, p=0.0094 (p_corr=0.0564), r=0.418 
20:14:50  baselineEval.src.comparison  INFO       full_kinematic vs motor_only (ADOS_2_ADOS_G_revised_RRB_level_of_symptoms, f1_macro): W=237.0, p=0.0002 (p_corr=0.0011), r=0.613 ***
20:14:50  baselineEval.src.comparison  INFO       full_kinematic_embedding vs motor_only (ADOS_2_ADOS_G_revised_RRB_level_of_symptoms, f1_macro): W=590.0, p=0.6528 (p_corr=1.0000), r=0.075 
20:14:50  baselineEval.src.comparison  INFO       Saved: /srv/beegfs/scratch/shares/schaerm/schaer2/video_sam2_pose/humanLISBET-paper/baselineEval/results_reduce_mean_only/comparison/ADOS_2_ADOS_G_revised_RRB_level_of_symptoms/comparison_results.csv
20:14:50  baselineEval.src.comparison  INFO       embedding vs full_kinematic (ADOS_2_ADOS_G_REVISED_SA_LEVEL_OF_SYMPTOMS, f1_macro): W=180.0, p=0.0000 (p_corr=0.0000), r=0.718 ***
20:14:50  baselineEval.src.comparison  INFO       embedding vs full_kinematic_embedding (ADOS_2_ADOS_G_REVISED_SA_LEVEL_OF_SYMPTOMS, f1_macro): W=168.0, p=0.0000 (p_corr=0.0000), r=0.736 ***
20:14:50  baselineEval.src.comparison  INFO       embedding vs motor_only (ADOS_2_ADOS_G_REVISED_SA_LEVEL_OF_SYMPTOMS, f1_macro): W=187.0, p=0.0000 (p_corr=0.0000), r=0.707 ***
20:14:50  baselineEval.src.comparison  INFO       full_kinematic vs full_kinematic_embedding (ADOS_2_ADOS_G_REVISED_SA_LEVEL_OF_SYMPTOMS, f1_macro): W=542.0, p=0.4831 (p_corr=1.0000), r=0.115 
20:14:50  baselineEval.src.comparison  INFO       full_kinematic vs motor_only (ADOS_2_ADOS_G_REVISED_SA_LEVEL_OF_SYMPTOMS, f1_macro): W=578.0, p=0.5721 (p_corr=1.0000), r=0.093 
20:14:50  baselineEval.src.comparison  INFO       full_kinematic_embedding vs motor_only (ADOS_2_ADOS_G_REVISED_SA_LEVEL_OF_SYMPTOMS, f1_macro): W=609.0, p=0.7888 (p_corr=1.0000), r=0.045 
20:14:50  baselineEval.src.comparison  INFO       Saved: /srv/beegfs/scratch/shares/schaerm/schaer2/video_sam2_pose/humanLISBET-paper/baselineEval/results_reduce_mean_only/comparison/ADOS_2_ADOS_G_REVISED_SA_LEVEL_OF_SYMPTOMS/comparison_results.csv
20:14:50  baselineEval.src.comparison  INFO       embedding vs full_kinematic (ADOS_G_ADOS_2_TOTAL_score_de_severite, rmse): W=440.0, p=0.0567 (p_corr=0.3404), r=0.310 
20:14:50  baselineEval.src.comparison  INFO       embedding vs full_kinematic_embedding (ADOS_G_ADOS_2_TOTAL_score_de_severite, rmse): W=360.0, p=0.0067 (p_corr=0.0404), r=0.435 ***
20:14:50  baselineEval.src.comparison  INFO       embedding vs motor_only (ADOS_G_ADOS_2_TOTAL_score_de_severite, rmse): W=511.0, p=0.2260 (p_corr=1.0000), r=0.198 
20:14:50  baselineEval.src.comparison  INFO       full_kinematic vs full_kinematic_embedding (ADOS_G_ADOS_2_TOTAL_score_de_severite, rmse): W=543.0, p=0.3673 (p_corr=1.0000), r=0.148 
20:14:50  baselineEval.src.comparison  INFO       full_kinematic vs motor_only (ADOS_G_ADOS_2_TOTAL_score_de_severite, rmse): W=493.0, p=0.1659 (p_corr=0.9953), r=0.227 
20:14:50  baselineEval.src.comparison  INFO       full_kinematic_embedding vs motor_only (ADOS_G_ADOS_2_TOTAL_score_de_severite, rmse): W=614.0, p=0.8258 (p_corr=1.0000), r=0.037 
20:14:50  baselineEval.src.comparison  INFO       Saved: /srv/beegfs/scratch/shares/schaerm/schaer2/video_sam2_pose/humanLISBET-paper/baselineEval/results_reduce_mean_only/comparison/ADOS_G_ADOS_2_TOTAL_score_de_severite/comparison_results.csv
20:14:50  baselineEval.src.comparison  INFO       embedding vs full_kinematic (ADOS_2_ADOS_G_REVISED_SA_SEVERITY_SCORE, rmse): W=347.0, p=0.0045 (p_corr=0.0268), r=0.456 ***
20:14:50  baselineEval.src.comparison  INFO       embedding vs full_kinematic_embedding (ADOS_2_ADOS_G_REVISED_SA_SEVERITY_SCORE, rmse): W=367.0, p=0.0083 (p_corr=0.0500), r=0.424 
20:14:50  baselineEval.src.comparison  INFO       embedding vs motor_only (ADOS_2_ADOS_G_REVISED_SA_SEVERITY_SCORE, rmse): W=442.0, p=0.0594 (p_corr=0.3561), r=0.307 
20:14:50  baselineEval.src.comparison  INFO       full_kinematic vs full_kinematic_embedding (ADOS_2_ADOS_G_REVISED_SA_SEVERITY_SCORE, rmse): W=478.0, p=0.1256 (p_corr=0.7534), r=0.250 
20:14:50  baselineEval.src.comparison  INFO       full_kinematic vs motor_only (ADOS_2_ADOS_G_REVISED_SA_SEVERITY_SCORE, rmse): W=613.0, p=0.8184 (p_corr=1.0000), r=0.038 
20:14:50  baselineEval.src.comparison  INFO       full_kinematic_embedding vs motor_only (ADOS_2_ADOS_G_REVISED_SA_SEVERITY_SCORE, rmse): W=552.0, p=0.4152 (p_corr=1.0000), r=0.134 
20:14:50  baselineEval.src.comparison  INFO       Saved: /srv/beegfs/scratch/shares/schaerm/schaer2/video_sam2_pose/humanLISBET-paper/baselineEval/results_reduce_mean_only/comparison/ADOS_2_ADOS_G_REVISED_SA_SEVERITY_SCORE/comparison_results.csv
20:14:50  baselineEval.src.comparison  INFO       embedding vs full_kinematic (ADOS_2_ADOS_G_REVISED_RRB_SEVERITY_SCORE_new, rmse): W=238.0, p=0.0001 (p_corr=0.0004), r=0.627 ***
20:14:50  baselineEval.src.comparison  INFO       embedding vs full_kinematic_embedding (ADOS_2_ADOS_G_REVISED_RRB_SEVERITY_SCORE_new, rmse): W=393.0, p=0.0176 (p_corr=0.1055), r=0.384 
20:14:50  baselineEval.src.comparison  INFO       embedding vs motor_only (ADOS_2_ADOS_G_REVISED_RRB_SEVERITY_SCORE_new, rmse): W=216.0, p=0.0000 (p_corr=0.0001), r=0.661 ***
20:14:50  baselineEval.src.comparison  INFO       full_kinematic vs full_kinematic_embedding (ADOS_2_ADOS_G_REVISED_RRB_SEVERITY_SCORE_new, rmse): W=379.0, p=0.0119 (p_corr=0.0712), r=0.405 
20:14:50  baselineEval.src.comparison  INFO       full_kinematic vs motor_only (ADOS_2_ADOS_G_REVISED_RRB_SEVERITY_SCORE_new, rmse): W=515.0, p=0.2412 (p_corr=1.0000), r=0.192 
20:14:50  baselineEval.src.comparison  INFO       full_kinematic_embedding vs motor_only (ADOS_2_ADOS_G_REVISED_RRB_SEVERITY_SCORE_new, rmse): W=346.0, p=0.0043 (p_corr=0.0259), r=0.457 ***
20:14:50  baselineEval.src.comparison  INFO       Saved: /srv/beegfs/scratch/shares/schaerm/schaer2/video_sam2_pose/humanLISBET-paper/baselineEval/results_reduce_mean_only/comparison/ADOS_2_ADOS_G_REVISED_RRB_SEVERITY_SCORE_new/comparison_results.csv
20:14:50  baselineEval.src.comparison  INFO       embedding vs full_kinematic (VLDII_AdSS, rmse): W=555.0, p=0.4319 (p_corr=1.0000), r=0.129 
20:14:50  baselineEval.src.comparison  INFO       embedding vs full_kinematic_embedding (VLDII_AdSS, rmse): W=323.0, p=0.0020 (p_corr=0.0119), r=0.493 ***
20:14:50  baselineEval.src.comparison  INFO       embedding vs motor_only (VLDII_AdSS, rmse): W=560.0, p=0.4606 (p_corr=1.0000), r=0.122 
20:14:50  baselineEval.src.comparison  INFO       full_kinematic vs full_kinematic_embedding (VLDII_AdSS, rmse): W=424.0, p=0.0390 (p_corr=0.2341), r=0.335 
20:14:51  baselineEval.src.comparison  INFO       full_kinematic vs motor_only (VLDII_AdSS, rmse): W=635.0, p=0.9847 (p_corr=1.0000), r=0.004 
20:14:51  baselineEval.src.comparison  INFO       full_kinematic_embedding vs motor_only (VLDII_AdSS, rmse): W=372.0, p=0.0097 (p_corr=0.0580), r=0.416 
20:14:51  baselineEval.src.comparison  INFO       Saved: /srv/beegfs/scratch/shares/schaerm/schaer2/video_sam2_pose/humanLISBET-paper/baselineEval/results_reduce_mean_only/comparison/VLDII_AdSS/comparison_results.csv
20:14:51  baselineEval.src.comparison  INFO       embedding vs full_kinematic (VLDII_MotorSS, rmse): W=602.0, p=0.7377 (p_corr=1.0000), r=0.056 
20:14:51  baselineEval.src.comparison  INFO       embedding vs full_kinematic_embedding (VLDII_MotorSS, rmse): W=46.0, p=0.0090 (p_corr=0.0538), r=0.636 
20:14:51  baselineEval.src.comparison  INFO       embedding vs motor_only (VLDII_MotorSS, rmse): W=381.0, p=0.5212 (p_corr=1.0000), r=0.115 
20:14:51  baselineEval.src.comparison  INFO       full_kinematic vs full_kinematic_embedding (VLDII_MotorSS, rmse): W=630.0, p=0.9466 (p_corr=1.0000), r=0.012 
20:14:51  baselineEval.src.comparison  INFO       full_kinematic vs motor_only (VLDII_MotorSS, rmse): W=605.0, p=0.7594 (p_corr=1.0000), r=0.051 
20:14:51  baselineEval.src.comparison  INFO       full_kinematic_embedding vs motor_only (VLDII_MotorSS, rmse): W=385.0, p=0.9444 (p_corr=1.0000), r=0.013 
20:14:51  baselineEval.src.comparison  INFO       Saved: /srv/beegfs/scratch/shares/schaerm/schaer2/video_sam2_pose/humanLISBET-paper/baselineEval/results_reduce_mean_only/comparison/VLDII_MotorSS/comparison_results.csv
20:14:51  baselineEval.src.comparison  INFO       embedding vs full_kinematic (VLDII_gmsVS, rmse): W=615.0, p=0.8333 (p_corr=1.0000), r=0.035 
20:14:51  baselineEval.src.comparison  INFO       embedding vs full_kinematic_embedding (VLDII_gmsVS, rmse): W=35.0, p=0.1556 (p_corr=0.9338), r=0.417 
20:14:51  baselineEval.src.comparison  INFO       embedding vs motor_only (VLDII_gmsVS, rmse): W=309.0, p=0.5214 (p_corr=1.0000), r=0.121 
20:14:51  baselineEval.src.comparison  INFO       full_kinematic vs full_kinematic_embedding (VLDII_gmsVS, rmse): W=590.0, p=0.6528 (p_corr=1.0000), r=0.075 
20:14:51  baselineEval.src.comparison  INFO       full_kinematic vs motor_only (VLDII_gmsVS, rmse): W=555.0, p=0.4319 (p_corr=1.0000), r=0.129 
20:14:51  baselineEval.src.comparison  INFO       full_kinematic_embedding vs motor_only (VLDII_gmsVS, rmse): W=216.0, p=0.9741 (p_corr=1.0000), r=0.007 
20:14:51  baselineEval.src.comparison  INFO       Saved: /srv/beegfs/scratch/shares/schaerm/schaer2/video_sam2_pose/humanLISBET-paper/baselineEval/results_reduce_mean_only/comparison/VLDII_gmsVS/comparison_results.csv
20:14:51  baselineEval.src.comparison  INFO       embedding vs full_kinematic (VLDII_fmsVS, rmse): W=238.0, p=0.0339 (p_corr=0.2035), r=0.390 
20:14:51  baselineEval.src.comparison  INFO       embedding vs full_kinematic_embedding (VLDII_fmsVS, rmse): W=70.0, p=0.0666 (p_corr=0.3996), r=0.447 
20:14:51  baselineEval.src.comparison  INFO       embedding vs motor_only (VLDII_fmsVS, rmse): W=224.0, p=0.0868 (p_corr=0.5209), r=0.327 
20:14:51  baselineEval.src.comparison  INFO       full_kinematic vs full_kinematic_embedding (VLDII_fmsVS, rmse): W=156.0, p=0.1836 (p_corr=1.0000), r=0.283 
20:14:51  baselineEval.src.comparison  INFO       full_kinematic vs motor_only (VLDII_fmsVS, rmse): W=297.0, p=0.9932 (p_corr=1.0000), r=0.002 
20:14:51  baselineEval.src.comparison  INFO       full_kinematic_embedding vs motor_only (VLDII_fmsVS, rmse): W=221.0, p=0.2877 (p_corr=1.0000), r=0.212 
20:14:51  baselineEval.src.comparison  INFO       Saved: /srv/beegfs/scratch/shares/schaerm/schaer2/video_sam2_pose/humanLISBET-paper/baselineEval/results_reduce_mean_only/comparison/VLDII_fmsVS/comparison_results.csv
20:14:51  baselineEval.src.comparison  INFO       embedding vs full_kinematic (VLDII_SocSS, rmse): W=419.0, p=0.0345 (p_corr=0.2072), r=0.343 
20:14:51  baselineEval.src.comparison  INFO       embedding vs full_kinematic_embedding (VLDII_SocSS, rmse): W=637.0, p=1.0000 (p_corr=1.0000), r=0.001 
20:14:51  baselineEval.src.comparison  INFO       embedding vs motor_only (VLDII_SocSS, rmse): W=410.0, p=0.0275 (p_corr=0.1653), r=0.357 
20:14:51  baselineEval.src.comparison  INFO       full_kinematic vs full_kinematic_embedding (VLDII_SocSS, rmse): W=429.0, p=0.0440 (p_corr=0.2639), r=0.327 
20:14:51  baselineEval.src.comparison  INFO       full_kinematic vs motor_only (VLDII_SocSS, rmse): W=567.0, p=0.5025 (p_corr=1.0000), r=0.111 
20:14:51  baselineEval.src.comparison  INFO       full_kinematic_embedding vs motor_only (VLDII_SocSS, rmse): W=382.0, p=0.0129 (p_corr=0.0776), r=0.401 
20:14:51  baselineEval.src.comparison  INFO       Saved: /srv/beegfs/scratch/shares/schaerm/schaer2/video_sam2_pose/humanLISBET-paper/baselineEval/results_reduce_mean_only/comparison/VLDII_SocSS/comparison_results.csv
20:14:51  baselineEval.src.comparison  INFO       embedding vs full_kinematic (VLDII_intVS, rmse): W=507.0, p=0.2115 (p_corr=1.0000), r=0.205 
20:14:51  baselineEval.src.comparison  INFO       embedding vs full_kinematic_embedding (VLDII_intVS, rmse): W=423.0, p=0.0381 (p_corr=0.2285), r=0.336 
20:14:51  baselineEval.src.comparison  INFO       embedding vs motor_only (VLDII_intVS, rmse): W=364.0, p=0.0076 (p_corr=0.0457), r=0.429 ***
20:14:51  baselineEval.src.comparison  INFO       full_kinematic vs full_kinematic_embedding (VLDII_intVS, rmse): W=599.0, p=0.7161 (p_corr=1.0000), r=0.060 
20:14:51  baselineEval.src.comparison  INFO       full_kinematic vs motor_only (VLDII_intVS, rmse): W=512.0, p=0.2297 (p_corr=1.0000), r=0.197 
20:14:51  baselineEval.src.comparison  INFO       full_kinematic_embedding vs motor_only (VLDII_intVS, rmse): W=414.0, p=0.0305 (p_corr=0.1829), r=0.351 
20:14:51  baselineEval.src.comparison  INFO       Saved: /srv/beegfs/scratch/shares/schaerm/schaer2/video_sam2_pose/humanLISBET-paper/baselineEval/results_reduce_mean_only/comparison/VLDII_intVS/comparison_results.csv
20:14:51  baselineEval.src.comparison  INFO       embedding vs full_kinematic (VLDII_plaVS, rmse): W=592.0, p=0.6667 (p_corr=1.0000), r=0.071 
20:14:51  baselineEval.src.comparison  INFO       embedding vs full_kinematic_embedding (VLDII_plaVS, rmse): W=615.0, p=0.8333 (p_corr=1.0000), r=0.035 
20:14:51  baselineEval.src.comparison  INFO       embedding vs motor_only (VLDII_plaVS, rmse): W=614.0, p=0.8258 (p_corr=1.0000), r=0.037 
20:14:51  baselineEval.src.comparison  INFO       full_kinematic vs full_kinematic_embedding (VLDII_plaVS, rmse): W=574.0, p=0.5463 (p_corr=1.0000), r=0.100 
20:14:51  baselineEval.src.comparison  INFO       full_kinematic vs motor_only (VLDII_plaVS, rmse): W=593.0, p=0.6736 (p_corr=1.0000), r=0.070 
20:14:51  baselineEval.src.comparison  INFO       full_kinematic_embedding vs motor_only (VLDII_plaVS, rmse): W=583.0, p=0.6051 (p_corr=1.0000), r=0.085 
20:14:51  baselineEval.src.comparison  INFO       Saved: /srv/beegfs/scratch/shares/schaerm/schaer2/video_sam2_pose/humanLISBET-paper/baselineEval/results_reduce_mean_only/comparison/VLDII_plaVS/comparison_results.csv
20:14:51  baselineEval.src.comparison  INFO       embedding vs full_kinematic (VLDII_copVS, rmse): W=541.0, p=0.3572 (p_corr=1.0000), r=0.151 
20:14:51  baselineEval.src.comparison  INFO       embedding vs full_kinematic_embedding (VLDII_copVS, rmse): W=414.0, p=0.3445 (p_corr=1.0000), r=0.164 
20:14:51  baselineEval.src.comparison  INFO       embedding vs motor_only (VLDII_copVS, rmse): W=474.0, p=0.1162 (p_corr=0.6972), r=0.256 
20:14:51  baselineEval.src.comparison  INFO       full_kinematic vs full_kinematic_embedding (VLDII_copVS, rmse): W=423.0, p=0.0381 (p_corr=0.2285), r=0.336 
20:14:51  baselineEval.src.comparison  INFO       full_kinematic vs motor_only (VLDII_copVS, rmse): W=133.0, p=0.0049 (p_corr=0.0295), r=0.553 ***
20:14:51  baselineEval.src.comparison  INFO       full_kinematic_embedding vs motor_only (VLDII_copVS, rmse): W=379.0, p=0.0119 (p_corr=0.0712), r=0.405 
20:14:51  baselineEval.src.comparison  INFO       Saved: /srv/beegfs/scratch/shares/schaerm/schaer2/video_sam2_pose/humanLISBET-paper/baselineEval/results_reduce_mean_only/comparison/VLDII_copVS/comparison_results.csv
20:14:51  baselineEval.src.comparison  INFO       embedding vs full_kinematic (VLDII_DaiSS, rmse): W=562.0, p=0.4724 (p_corr=1.0000), r=0.118 
20:14:51  baselineEval.src.comparison  INFO       embedding vs full_kinematic_embedding (VLDII_DaiSS, rmse): W=362.0, p=0.0072 (p_corr=0.0429), r=0.432 ***
20:14:51  baselineEval.src.comparison  INFO       embedding vs motor_only (VLDII_DaiSS, rmse): W=584.0, p=0.6119 (p_corr=1.0000), r=0.084 
20:14:51  baselineEval.src.comparison  INFO       full_kinematic vs full_kinematic_embedding (VLDII_DaiSS, rmse): W=632.0, p=0.9618 (p_corr=1.0000), r=0.009 
20:14:51  baselineEval.src.comparison  INFO       full_kinematic vs motor_only (VLDII_DaiSS, rmse): W=507.0, p=0.2115 (p_corr=1.0000), r=0.205 
20:14:51  baselineEval.src.comparison  INFO       full_kinematic_embedding vs motor_only (VLDII_DaiSS, rmse): W=502.0, p=0.1943 (p_corr=1.0000), r=0.213 
20:14:51  baselineEval.src.comparison  INFO       Saved: /srv/beegfs/scratch/shares/schaerm/schaer2/video_sam2_pose/humanLISBET-paper/baselineEval/results_reduce_mean_only/comparison/VLDII_DaiSS/comparison_results.csv
20:14:51  baselineEval.src.comparison  INFO       embedding vs full_kinematic (VLDII_perVS, rmse): W=498.0, p=0.1813 (p_corr=1.0000), r=0.219 
20:14:51  baselineEval.src.comparison  INFO       embedding vs full_kinematic_embedding (VLDII_perVS, rmse): W=508.0, p=0.2151 (p_corr=1.0000), r=0.203 
20:14:51  baselineEval.src.comparison  INFO       embedding vs motor_only (VLDII_perVS, rmse): W=607.0, p=0.7741 (p_corr=1.0000), r=0.048 
20:14:51  baselineEval.src.comparison  INFO       full_kinematic vs full_kinematic_embedding (VLDII_perVS, rmse): W=503.0, p=0.1976 (p_corr=1.0000), r=0.211 
20:14:51  baselineEval.src.comparison  INFO       full_kinematic vs motor_only (VLDII_perVS, rmse): W=575.0, p=0.5527 (p_corr=1.0000), r=0.098 
20:14:51  baselineEval.src.comparison  INFO       full_kinematic_embedding vs motor_only (VLDII_perVS, rmse): W=568.0, p=0.5086 (p_corr=1.0000), r=0.109 
20:14:51  baselineEval.src.comparison  INFO       Saved: /srv/beegfs/scratch/shares/schaerm/schaer2/video_sam2_pose/humanLISBET-paper/baselineEval/results_reduce_mean_only/comparison/VLDII_perVS/comparison_results.csv
20:14:51  baselineEval.src.comparison  INFO       embedding vs full_kinematic (VLDII_comVS, rmse): W=288.0, p=0.0005 (p_corr=0.0032), r=0.548 ***
20:14:51  baselineEval.src.comparison  INFO       embedding vs full_kinematic_embedding (VLDII_comVS, rmse): W=448.0, p=0.1018 (p_corr=0.6106), r=0.269 
20:14:51  baselineEval.src.comparison  INFO       embedding vs motor_only (VLDII_comVS, rmse): W=218.0, p=0.0000 (p_corr=0.0001), r=0.658 ***
20:14:51  baselineEval.src.comparison  INFO       full_kinematic vs full_kinematic_embedding (VLDII_comVS, rmse): W=355.0, p=0.0058 (p_corr=0.0345), r=0.443 ***
20:14:51  baselineEval.src.comparison  INFO       full_kinematic vs motor_only (VLDII_comVS, rmse): W=621.0, p=0.8783 (p_corr=1.0000), r=0.026 
20:14:51  baselineEval.src.comparison  INFO       full_kinematic_embedding vs motor_only (VLDII_comVS, rmse): W=293.0, p=0.0006 (p_corr=0.0039), r=0.540 ***
20:14:51  baselineEval.src.comparison  INFO       Saved: /srv/beegfs/scratch/shares/schaerm/schaer2/video_sam2_pose/humanLISBET-paper/baselineEval/results_reduce_mean_only/comparison/VLDII_comVS/comparison_results.csv
20:14:51  baselineEval.src.comparison  INFO       embedding vs full_kinematic (VLDII_domVS, rmse): W=106.0, p=0.0000 (p_corr=0.0000), r=0.834 ***
20:14:51  baselineEval.src.comparison  INFO       embedding vs full_kinematic_embedding (VLDII_domVS, rmse): W=271.0, p=0.0007 (p_corr=0.0041), r=0.558 ***
20:14:51  baselineEval.src.comparison  INFO       embedding vs motor_only (VLDII_domVS, rmse): W=79.0, p=0.0000 (p_corr=0.0000), r=0.876 ***
20:14:51  baselineEval.src.comparison  INFO       full_kinematic vs full_kinematic_embedding (VLDII_domVS, rmse): W=130.0, p=0.0000 (p_corr=0.0000), r=0.796 ***
20:14:51  baselineEval.src.comparison  INFO       full_kinematic vs motor_only (VLDII_domVS, rmse): W=608.0, p=0.7814 (p_corr=1.0000), r=0.046 
20:14:51  baselineEval.src.comparison  INFO       full_kinematic_embedding vs motor_only (VLDII_domVS, rmse): W=95.0, p=0.0000 (p_corr=0.0000), r=0.851 ***
20:14:51  baselineEval.src.comparison  INFO       Saved: /srv/beegfs/scratch/shares/schaerm/schaer2/video_sam2_pose/humanLISBET-paper/baselineEval/results_reduce_mean_only/comparison/VLDII_domVS/comparison_results.csv
20:14:51  baselineEval.src.comparison  INFO       embedding vs full_kinematic (VLDII_ComSS, rmse): W=599.0, p=0.7161 (p_corr=1.0000), r=0.060 
20:14:51  baselineEval.src.comparison  INFO       embedding vs full_kinematic_embedding (VLDII_ComSS, rmse): W=598.0, p=0.7090 (p_corr=1.0000), r=0.062 
20:14:51  baselineEval.src.comparison  INFO       embedding vs motor_only (VLDII_ComSS, rmse): W=610.0, p=0.7961 (p_corr=1.0000), r=0.043 
20:14:51  baselineEval.src.comparison  INFO       full_kinematic vs full_kinematic_embedding (VLDII_ComSS, rmse): W=586.0, p=0.6254 (p_corr=1.0000), r=0.081 
20:14:51  baselineEval.src.comparison  INFO       full_kinematic vs motor_only (VLDII_ComSS, rmse): W=534.0, p=0.4349 (p_corr=1.0000), r=0.128 
20:14:51  baselineEval.src.comparison  INFO       full_kinematic_embedding vs motor_only (VLDII_ComSS, rmse): W=579.0, p=0.5786 (p_corr=1.0000), r=0.092 
20:14:51  baselineEval.src.comparison  INFO       Saved: /srv/beegfs/scratch/shares/schaerm/schaer2/video_sam2_pose/humanLISBET-paper/baselineEval/results_reduce_mean_only/comparison/VLDII_ComSS/comparison_results.csv
20:14:51  baselineEval.src.comparison  INFO       embedding vs full_kinematic (VLDII_expVS, rmse): W=584.0, p=0.6119 (p_corr=1.0000), r=0.084 
20:14:51  baselineEval.src.comparison  INFO       embedding vs full_kinematic_embedding (VLDII_expVS, rmse): W=452.0, p=0.0740 (p_corr=0.4437), r=0.291 
20:14:51  baselineEval.src.comparison  INFO       embedding vs motor_only (VLDII_expVS, rmse): W=537.0, p=0.3374 (p_corr=1.0000), r=0.158 
20:14:51  baselineEval.src.comparison  INFO       full_kinematic vs full_kinematic_embedding (VLDII_expVS, rmse): W=566.0, p=0.4964 (p_corr=1.0000), r=0.112 
20:14:51  baselineEval.src.comparison  INFO       full_kinematic vs motor_only (VLDII_expVS, rmse): W=592.0, p=0.6667 (p_corr=1.0000), r=0.071 
20:14:51  baselineEval.src.comparison  INFO       full_kinematic_embedding vs motor_only (VLDII_expVS, rmse): W=616.0, p=0.8408 (p_corr=1.0000), r=0.034 
20:14:51  baselineEval.src.comparison  INFO       Saved: /srv/beegfs/scratch/shares/schaerm/schaer2/video_sam2_pose/humanLISBET-paper/baselineEval/results_reduce_mean_only/comparison/VLDII_expVS/comparison_results.csv
20:14:51  baselineEval.src.comparison  INFO       embedding vs full_kinematic (VLDII_recVS, rmse): W=489.0, p=0.1543 (p_corr=0.9258), r=0.233 
20:14:51  baselineEval.src.comparison  INFO       embedding vs full_kinematic_embedding (VLDII_recVS, rmse): W=610.0, p=0.7961 (p_corr=1.0000), r=0.043 
20:14:51  baselineEval.src.comparison  INFO       embedding vs motor_only (VLDII_recVS, rmse): W=509.0, p=0.2187 (p_corr=1.0000), r=0.202 
20:14:51  baselineEval.src.comparison  INFO       full_kinematic vs full_kinematic_embedding (VLDII_recVS, rmse): W=499.0, p=0.1844 (p_corr=1.0000), r=0.217 
20:14:51  baselineEval.src.comparison  INFO       full_kinematic vs motor_only (VLDII_recVS, rmse): W=579.0, p=0.5786 (p_corr=1.0000), r=0.092 
20:14:51  baselineEval.src.comparison  INFO       full_kinematic_embedding vs motor_only (VLDII_recVS, rmse): W=473.0, p=0.1139 (p_corr=0.6836), r=0.258 
20:14:51  baselineEval.src.comparison  INFO       Saved: /srv/beegfs/scratch/shares/schaerm/schaer2/video_sam2_pose/humanLISBET-paper/baselineEval/results_reduce_mean_only/comparison/VLDII_recVS/comparison_results.csv
20:14:51  baselineEval.src.comparison  INFO       embedding vs full_kinematic (MSEL_TOTAL_DQ, rmse): W=480.0, p=0.1305 (p_corr=0.7828), r=0.247 
20:14:51  baselineEval.src.comparison  INFO       embedding vs full_kinematic_embedding (MSEL_TOTAL_DQ, rmse): W=455.0, p=0.0789 (p_corr=0.4731), r=0.286 
20:14:51  baselineEval.src.comparison  INFO       embedding vs motor_only (MSEL_TOTAL_DQ, rmse): W=400.0, p=0.0212 (p_corr=0.1273), r=0.373 
20:14:51  baselineEval.src.comparison  INFO       full_kinematic vs full_kinematic_embedding (MSEL_TOTAL_DQ, rmse): W=497.0, p=0.1781 (p_corr=1.0000), r=0.220 
20:14:51  baselineEval.src.comparison  INFO       full_kinematic vs motor_only (MSEL_TOTAL_DQ, rmse): W=497.0, p=0.1781 (p_corr=1.0000), r=0.220 
20:14:51  baselineEval.src.comparison  INFO       full_kinematic_embedding vs motor_only (MSEL_TOTAL_DQ, rmse): W=392.0, p=0.0171 (p_corr=0.1026), r=0.385 
20:14:51  baselineEval.src.comparison  INFO       Saved: /srv/beegfs/scratch/shares/schaerm/schaer2/video_sam2_pose/humanLISBET-paper/baselineEval/results_reduce_mean_only/comparison/MSEL_TOTAL_DQ/comparison_results.csv
20:14:51  baselineEval.src.comparison  INFO       embedding vs full_kinematic (MSEL_FM_DQ, rmse): W=354.0, p=0.0056 (p_corr=0.0335), r=0.445 ***
20:14:51  baselineEval.src.comparison  INFO       embedding vs full_kinematic_embedding (MSEL_FM_DQ, rmse): W=382.0, p=0.0541 (p_corr=0.3247), r=0.323 
20:14:51  baselineEval.src.comparison  INFO       embedding vs motor_only (MSEL_FM_DQ, rmse): W=530.0, p=0.3045 (p_corr=1.0000), r=0.169 
20:14:51  baselineEval.src.comparison  INFO       full_kinematic vs full_kinematic_embedding (MSEL_FM_DQ, rmse): W=419.0, p=0.0345 (p_corr=0.2072), r=0.343 
20:14:51  baselineEval.src.comparison  INFO       full_kinematic vs motor_only (MSEL_FM_DQ, rmse): W=399.0, p=0.0207 (p_corr=0.1240), r=0.374 
20:14:51  baselineEval.src.comparison  INFO       full_kinematic_embedding vs motor_only (MSEL_FM_DQ, rmse): W=606.0, p=0.7667 (p_corr=1.0000), r=0.049 
20:14:51  baselineEval.src.comparison  INFO       Saved: /srv/beegfs/scratch/shares/schaerm/schaer2/video_sam2_pose/humanLISBET-paper/baselineEval/results_reduce_mean_only/comparison/MSEL_FM_DQ/comparison_results.csv
20:14:51  baselineEval.src.comparison  INFO       embedding vs full_kinematic (MSEL_VR_DQ, rmse): W=356.0, p=0.0059 (p_corr=0.0357), r=0.442 ***
20:14:51  baselineEval.src.comparison  INFO       embedding vs full_kinematic_embedding (MSEL_VR_DQ, rmse): W=387.0, p=0.2075 (p_corr=1.0000), r=0.218 
20:14:51  baselineEval.src.comparison  INFO       embedding vs motor_only (MSEL_VR_DQ, rmse): W=353.0, p=0.0054 (p_corr=0.0324), r=0.446 ***
20:14:51  baselineEval.src.comparison  INFO       full_kinematic vs full_kinematic_embedding (MSEL_VR_DQ, rmse): W=402.0, p=0.0224 (p_corr=0.1343), r=0.369 
20:14:51  baselineEval.src.comparison  INFO       full_kinematic vs motor_only (MSEL_VR_DQ, rmse): W=384.0, p=0.1318 (p_corr=0.7910), r=0.258 
20:14:51  baselineEval.src.comparison  INFO       full_kinematic_embedding vs motor_only (MSEL_VR_DQ, rmse): W=395.0, p=0.0186 (p_corr=0.1113), r=0.380 
20:14:51  baselineEval.src.comparison  INFO       Saved: /srv/beegfs/scratch/shares/schaerm/schaer2/video_sam2_pose/humanLISBET-paper/baselineEval/results_reduce_mean_only/comparison/MSEL_VR_DQ/comparison_results.csv
20:14:51  baselineEval.src.comparison  INFO       embedding vs full_kinematic (MSEL_LR_DQ, rmse): W=312.0, p=0.0013 (p_corr=0.0080), r=0.511 ***
20:14:51  baselineEval.src.comparison  INFO       embedding vs full_kinematic_embedding (MSEL_LR_DQ, rmse): W=407.0, p=0.0255 (p_corr=0.1530), r=0.362 
20:14:51  baselineEval.src.comparison  INFO       embedding vs motor_only (MSEL_LR_DQ, rmse): W=324.0, p=0.0020 (p_corr=0.0123), r=0.492 ***
20:14:51  baselineEval.src.comparison  INFO       full_kinematic vs full_kinematic_embedding (MSEL_LR_DQ, rmse): W=602.0, p=0.7377 (p_corr=1.0000), r=0.056 
20:14:51  baselineEval.src.comparison  INFO       full_kinematic vs motor_only (MSEL_LR_DQ, rmse): W=388.0, p=0.0625 (p_corr=0.3752), r=0.312 
20:14:51  baselineEval.src.comparison  INFO       full_kinematic_embedding vs motor_only (MSEL_LR_DQ, rmse): W=563.0, p=0.4783 (p_corr=1.0000), r=0.117 
20:14:51  baselineEval.src.comparison  INFO       Saved: /srv/beegfs/scratch/shares/schaerm/schaer2/video_sam2_pose/humanLISBET-paper/baselineEval/results_reduce_mean_only/comparison/MSEL_LR_DQ/comparison_results.csv
20:14:51  baselineEval.src.comparison  INFO       embedding vs full_kinematic (MSEL_LE_DQ, rmse): W=556.0, p=0.4376 (p_corr=1.0000), r=0.128 
20:14:51  baselineEval.src.comparison  INFO       embedding vs full_kinematic_embedding (MSEL_LE_DQ, rmse): W=518.0, p=0.2531 (p_corr=1.0000), r=0.187 
20:14:51  baselineEval.src.comparison  INFO       embedding vs motor_only (MSEL_LE_DQ, rmse): W=579.0, p=0.5786 (p_corr=1.0000), r=0.092 
20:14:51  baselineEval.src.comparison  INFO       full_kinematic vs full_kinematic_embedding (MSEL_LE_DQ, rmse): W=449.0, p=0.0693 (p_corr=0.4158), r=0.296 
20:14:51  baselineEval.src.comparison  INFO       full_kinematic vs motor_only (MSEL_LE_DQ, rmse): W=486.0, p=0.1460 (p_corr=0.8761), r=0.238 
20:14:51  baselineEval.src.comparison  INFO       full_kinematic_embedding vs motor_only (MSEL_LE_DQ, rmse): W=469.0, p=0.1053 (p_corr=0.6315), r=0.264 
20:14:51  baselineEval.src.comparison  INFO       Saved: /srv/beegfs/scratch/shares/schaerm/schaer2/video_sam2_pose/humanLISBET-paper/baselineEval/results_reduce_mean_only/comparison/MSEL_LE_DQ/comparison_results.csv
20:14:51  baselineEval.src.comparison  INFO       embedding vs full_kinematic (MSEL_NV_DQ, rmse): W=386.0, p=0.0145 (p_corr=0.0869), r=0.395 
20:14:51  baselineEval.src.comparison  INFO       embedding vs full_kinematic_embedding (MSEL_NV_DQ, rmse): W=417.0, p=0.0518 (p_corr=0.3109), r=0.319 
20:14:51  baselineEval.src.comparison  INFO       embedding vs motor_only (MSEL_NV_DQ, rmse): W=272.0, p=0.0003 (p_corr=0.0016), r=0.573 ***
20:14:51  baselineEval.src.comparison  INFO       full_kinematic vs full_kinematic_embedding (MSEL_NV_DQ, rmse): W=397.0, p=0.0196 (p_corr=0.1175), r=0.377 
20:14:51  baselineEval.src.comparison  INFO       full_kinematic vs motor_only (MSEL_NV_DQ, rmse): W=490.0, p=0.1571 (p_corr=0.9428), r=0.231 
20:14:51  baselineEval.src.comparison  INFO       full_kinematic_embedding vs motor_only (MSEL_NV_DQ, rmse): W=255.0, p=0.0001 (p_corr=0.0008), r=0.600 ***
20:14:51  baselineEval.src.comparison  INFO       Saved: /srv/beegfs/scratch/shares/schaerm/schaer2/video_sam2_pose/humanLISBET-paper/baselineEval/results_reduce_mean_only/comparison/MSEL_NV_DQ/comparison_results.csv
20:14:51  baselineEval.src.comparison  INFO       embedding vs full_kinematic (MSEL_V_DQ, rmse): W=531.0, p=0.3091 (p_corr=1.0000), r=0.167 
20:14:51  baselineEval.src.comparison  INFO       embedding vs full_kinematic_embedding (MSEL_V_DQ, rmse): W=376.0, p=0.0109 (p_corr=0.0653), r=0.410 
20:14:51  baselineEval.src.comparison  INFO       embedding vs motor_only (MSEL_V_DQ, rmse): W=558.0, p=0.4490 (p_corr=1.0000), r=0.125 
20:14:51  baselineEval.src.comparison  INFO       full_kinematic vs full_kinematic_embedding (MSEL_V_DQ, rmse): W=447.0, p=0.0663 (p_corr=0.3980), r=0.299 
20:14:51  baselineEval.src.comparison  INFO       full_kinematic vs motor_only (MSEL_V_DQ, rmse): W=578.0, p=0.9183 (p_corr=1.0000), r=0.017 
20:14:51  baselineEval.src.comparison  INFO       full_kinematic_embedding vs motor_only (MSEL_V_DQ, rmse): W=496.0, p=0.1750 (p_corr=1.0000), r=0.222 
20:14:51  baselineEval.src.comparison  INFO       Saved: /srv/beegfs/scratch/shares/schaerm/schaer2/video_sam2_pose/humanLISBET-paper/baselineEval/results_reduce_mean_only/comparison/MSEL_V_DQ/comparison_results.csv
20:14:51  baselineEval.src.comparison  INFO     All comparisons → /srv/beegfs/scratch/shares/schaerm/schaer2/video_sam2_pose/humanLISBET-paper/baselineEval/results_reduce_mean_only/comparison/all_comparison_results.csv
20:14:51  baselineEval.src.comparison  INFO     Heatmap source (all models) → /srv/beegfs/scratch/shares/schaerm/schaer2/video_sam2_pose/humanLISBET-paper/baselineEval/results_reduce_mean_only/comparison/heatmap_source_all.csv
20:14:51  baselineEval.src.comparison  INFO     Heatmap source (classification) → /srv/beegfs/scratch/shares/schaerm/schaer2/video_sam2_pose/humanLISBET-paper/baselineEval/results_reduce_mean_only/comparison/heatmap_classification_data.csv
20:14:51  baselineEval.src.comparison  INFO     Heatmap source (regression) → /srv/beegfs/scratch/shares/schaerm/schaer2/video_sam2_pose/humanLISBET-paper/baselineEval/results_reduce_mean_only/comparison/heatmap_regression_data.csv
20:14:51  ccnEvaluation         INFO     ═══ Step 6: Plotting ═══
20:14:52  baselineEval.src.plotting  INFO       Saved: cv_metric_boxplots.png + data CSV
20:14:54  baselineEval.src.plotting  INFO       Saved: hyperparameter distribution plots + data CSV
20:14:55  baselineEval.src.plotting  INFO       Saved: roc_curves.png + data CSV
20:14:55  baselineEval.src.plotting  INFO       Saved: confusion_matrices.png + data CSV
20:14:56  baselineEval.src.plotting  INFO       Saved: cv_metric_boxplots.png + data CSV
20:14:58  baselineEval.src.plotting  INFO       Saved: hyperparameter distribution plots + data CSV
20:14:58  baselineEval.src.plotting  INFO       Saved: roc_curves.png + data CSV
20:14:59  baselineEval.src.plotting  INFO       Saved: confusion_matrices.png + data CSV
20:14:59  baselineEval.src.plotting  INFO       Saved: cv_metric_boxplots.png + data CSV
20:15:01  baselineEval.src.plotting  INFO       Saved: hyperparameter distribution plots + data CSV
20:15:02  baselineEval.src.plotting  INFO       Saved: roc_curves.png + data CSV
20:15:02  baselineEval.src.plotting  INFO       Saved: confusion_matrices.png + data CSV
20:15:03  baselineEval.src.plotting  INFO       Saved: cv_metric_boxplots.png + data CSV
20:15:05  baselineEval.src.plotting  INFO       Saved: hyperparameter distribution plots + data CSV
20:15:05  baselineEval.src.plotting  INFO       Saved: roc_curves.png + data CSV
20:15:06  baselineEval.src.plotting  INFO       Saved: confusion_matrices.png + data CSV
20:15:06  baselineEval.src.plotting  INFO       Saved: representation_comparison.png + data CSV
20:15:07  baselineEval.src.plotting  INFO       Saved: cv_metric_boxplots.png + data CSV
20:15:09  baselineEval.src.plotting  INFO       Saved: hyperparameter distribution plots + data CSV
20:15:09  baselineEval.src.plotting  INFO       Skipping ROC curves for ADOS_2_ADOS_G_revised_RRB_level_of_symptoms (no y_prob_pos values)
20:15:09  baselineEval.src.plotting  INFO       Saved: confusion_matrices.png + data CSV
20:15:10  baselineEval.src.plotting  INFO       Saved: cv_metric_boxplots.png + data CSV
20:15:12  baselineEval.src.plotting  INFO       Saved: hyperparameter distribution plots + data CSV
20:15:12  baselineEval.src.plotting  INFO       Skipping ROC curves for ADOS_2_ADOS_G_revised_RRB_level_of_symptoms (no y_prob_pos values)
20:15:13  baselineEval.src.plotting  INFO       Saved: confusion_matrices.png + data CSV
20:15:13  baselineEval.src.plotting  INFO       Saved: cv_metric_boxplots.png + data CSV
20:15:15  baselineEval.src.plotting  INFO       Saved: hyperparameter distribution plots + data CSV
20:15:15  baselineEval.src.plotting  INFO       Skipping ROC curves for ADOS_2_ADOS_G_revised_RRB_level_of_symptoms (no y_prob_pos values)
20:15:16  baselineEval.src.plotting  INFO       Saved: confusion_matrices.png + data CSV
20:15:17  baselineEval.src.plotting  INFO       Saved: cv_metric_boxplots.png + data CSV
20:15:19  baselineEval.src.plotting  INFO       Saved: hyperparameter distribution plots + data CSV
20:15:19  baselineEval.src.plotting  INFO       Skipping ROC curves for ADOS_2_ADOS_G_revised_RRB_level_of_symptoms (no y_prob_pos values)
20:15:19  baselineEval.src.plotting  INFO       Saved: confusion_matrices.png + data CSV
/srv/beegfs/scratch/shares/schaerm/schaer2/video_sam2_pose/humanLISBET-paper/baselineEval/src/plotting.py:550: FutureWarning: The behavior of Series.idxmax with all-NA values, or any-NA and skipna=False, is deprecated. In a future version this will raise ValueError
  best_model = agg.idxmax() if higher_better else agg.idxmin()
/srv/beegfs/scratch/shares/schaerm/schaer2/video_sam2_pose/humanLISBET-paper/baselineEval/src/plotting.py:550: FutureWarning: The behavior of Series.idxmax with all-NA values, or any-NA and skipna=False, is deprecated. In a future version this will raise ValueError
  best_model = agg.idxmax() if higher_better else agg.idxmin()
/srv/beegfs/scratch/shares/schaerm/schaer2/video_sam2_pose/humanLISBET-paper/baselineEval/src/plotting.py:550: FutureWarning: The behavior of Series.idxmax with all-NA values, or any-NA and skipna=False, is deprecated. In a future version this will raise ValueError
  best_model = agg.idxmax() if higher_better else agg.idxmin()
/srv/beegfs/scratch/shares/schaerm/schaer2/video_sam2_pose/humanLISBET-paper/baselineEval/src/plotting.py:550: FutureWarning: The behavior of Series.idxmax with all-NA values, or any-NA and skipna=False, is deprecated. In a future version this will raise ValueError
  best_model = agg.idxmax() if higher_better else agg.idxmin()
20:15:20  baselineEval.src.plotting  INFO       Saved: representation_comparison.png + data CSV
20:15:21  baselineEval.src.plotting  INFO       Saved: cv_metric_boxplots.png + data CSV
20:15:22  baselineEval.src.plotting  INFO       Saved: hyperparameter distribution plots + data CSV
20:15:22  baselineEval.src.plotting  INFO       Skipping ROC curves for ADOS_2_ADOS_G_REVISED_SA_LEVEL_OF_SYMPTOMS (no y_prob_pos values)
20:15:23  baselineEval.src.plotting  INFO       Saved: confusion_matrices.png + data CSV
20:15:24  baselineEval.src.plotting  INFO       Saved: cv_metric_boxplots.png + data CSV
20:15:26  baselineEval.src.plotting  INFO       Saved: hyperparameter distribution plots + data CSV
20:15:26  baselineEval.src.plotting  INFO       Skipping ROC curves for ADOS_2_ADOS_G_REVISED_SA_LEVEL_OF_SYMPTOMS (no y_prob_pos values)
20:15:26  baselineEval.src.plotting  INFO       Saved: confusion_matrices.png + data CSV
20:15:27  baselineEval.src.plotting  INFO       Saved: cv_metric_boxplots.png + data CSV
20:15:29  baselineEval.src.plotting  INFO       Saved: hyperparameter distribution plots + data CSV
20:15:29  baselineEval.src.plotting  INFO       Skipping ROC curves for ADOS_2_ADOS_G_REVISED_SA_LEVEL_OF_SYMPTOMS (no y_prob_pos values)
20:15:30  baselineEval.src.plotting  INFO       Saved: confusion_matrices.png + data CSV
20:15:30  baselineEval.src.plotting  INFO       Saved: cv_metric_boxplots.png + data CSV
20:15:32  baselineEval.src.plotting  INFO       Saved: hyperparameter distribution plots + data CSV
20:15:32  baselineEval.src.plotting  INFO       Skipping ROC curves for ADOS_2_ADOS_G_REVISED_SA_LEVEL_OF_SYMPTOMS (no y_prob_pos values)
20:15:33  baselineEval.src.plotting  INFO       Saved: confusion_matrices.png + data CSV
/srv/beegfs/scratch/shares/schaerm/schaer2/video_sam2_pose/humanLISBET-paper/baselineEval/src/plotting.py:550: FutureWarning: The behavior of Series.idxmax with all-NA values, or any-NA and skipna=False, is deprecated. In a future version this will raise ValueError
  best_model = agg.idxmax() if higher_better else agg.idxmin()
/srv/beegfs/scratch/shares/schaerm/schaer2/video_sam2_pose/humanLISBET-paper/baselineEval/src/plotting.py:550: FutureWarning: The behavior of Series.idxmax with all-NA values, or any-NA and skipna=False, is deprecated. In a future version this will raise ValueError
  best_model = agg.idxmax() if higher_better else agg.idxmin()
/srv/beegfs/scratch/shares/schaerm/schaer2/video_sam2_pose/humanLISBET-paper/baselineEval/src/plotting.py:550: FutureWarning: The behavior of Series.idxmax with all-NA values, or any-NA and skipna=False, is deprecated. In a future version this will raise ValueError
  best_model = agg.idxmax() if higher_better else agg.idxmin()
/srv/beegfs/scratch/shares/schaerm/schaer2/video_sam2_pose/humanLISBET-paper/baselineEval/src/plotting.py:550: FutureWarning: The behavior of Series.idxmax with all-NA values, or any-NA and skipna=False, is deprecated. In a future version this will raise ValueError
  best_model = agg.idxmax() if higher_better else agg.idxmin()
20:15:33  baselineEval.src.plotting  INFO       Saved: representation_comparison.png + data CSV
20:15:34  baselineEval.src.plotting  INFO       Saved: cv_metric_boxplots.png + data CSV
20:15:36  baselineEval.src.plotting  INFO       Saved: hyperparameter distribution plots + data CSV
20:15:37  baselineEval.src.plotting  INFO       Saved: pred_vs_actual plots + data CSV
20:15:38  baselineEval.src.plotting  INFO       Saved: residual plots + data CSV
20:15:40  baselineEval.src.plotting  INFO       Saved: cv_metric_boxplots.png + data CSV
20:15:41  baselineEval.src.plotting  INFO       Saved: hyperparameter distribution plots + data CSV
20:15:42  baselineEval.src.plotting  INFO       Saved: pred_vs_actual plots + data CSV
20:15:43  baselineEval.src.plotting  INFO       Saved: residual plots + data CSV
20:15:44  baselineEval.src.plotting  INFO       Saved: cv_metric_boxplots.png + data CSV
20:15:46  baselineEval.src.plotting  INFO       Saved: hyperparameter distribution plots + data CSV
20:15:47  baselineEval.src.plotting  INFO       Saved: pred_vs_actual plots + data CSV
20:15:48  baselineEval.src.plotting  INFO       Saved: residual plots + data CSV
20:15:49  baselineEval.src.plotting  INFO       Saved: cv_metric_boxplots.png + data CSV
20:15:51  baselineEval.src.plotting  INFO       Saved: hyperparameter distribution plots + data CSV
20:15:52  baselineEval.src.plotting  INFO       Saved: pred_vs_actual plots + data CSV
20:15:54  baselineEval.src.plotting  INFO       Saved: residual plots + data CSV
20:15:54  baselineEval.src.plotting  INFO       Saved: representation_comparison.png + data CSV
20:15:55  baselineEval.src.plotting  INFO       Saved: cv_metric_boxplots.png + data CSV
20:15:57  baselineEval.src.plotting  INFO       Saved: hyperparameter distribution plots + data CSV
20:15:58  baselineEval.src.plotting  INFO       Saved: pred_vs_actual plots + data CSV
20:15:59  baselineEval.src.plotting  INFO       Saved: residual plots + data CSV
20:16:00  baselineEval.src.plotting  INFO       Saved: cv_metric_boxplots.png + data CSV
20:16:02  baselineEval.src.plotting  INFO       Saved: hyperparameter distribution plots + data CSV
20:16:03  baselineEval.src.plotting  INFO       Saved: pred_vs_actual plots + data CSV
20:16:04  baselineEval.src.plotting  INFO       Saved: residual plots + data CSV
20:16:05  baselineEval.src.plotting  INFO       Saved: cv_metric_boxplots.png + data CSV
20:16:07  baselineEval.src.plotting  INFO       Saved: hyperparameter distribution plots + data CSV
20:16:07  baselineEval.src.plotting  INFO       Saved: pred_vs_actual plots + data CSV
20:16:09  baselineEval.src.plotting  INFO       Saved: residual plots + data CSV
20:16:10  baselineEval.src.plotting  INFO       Saved: cv_metric_boxplots.png + data CSV
20:16:12  baselineEval.src.plotting  INFO       Saved: hyperparameter distribution plots + data CSV
20:16:12  baselineEval.src.plotting  INFO       Saved: pred_vs_actual plots + data CSV
20:16:14  baselineEval.src.plotting  INFO       Saved: residual plots + data CSV
20:16:14  baselineEval.src.plotting  INFO       Saved: representation_comparison.png + data CSV
20:16:15  baselineEval.src.plotting  INFO       Saved: cv_metric_boxplots.png + data CSV
20:16:17  baselineEval.src.plotting  INFO       Saved: hyperparameter distribution plots + data CSV
20:16:18  baselineEval.src.plotting  INFO       Saved: pred_vs_actual plots + data CSV
20:16:19  baselineEval.src.plotting  INFO       Saved: residual plots + data CSV
20:16:20  baselineEval.src.plotting  INFO       Saved: cv_metric_boxplots.png + data CSV
20:16:22  baselineEval.src.plotting  INFO       Saved: hyperparameter distribution plots + data CSV
20:16:23  baselineEval.src.plotting  INFO       Saved: pred_vs_actual plots + data CSV
20:16:24  baselineEval.src.plotting  INFO       Saved: residual plots + data CSV
20:16:25  baselineEval.src.plotting  INFO       Saved: cv_metric_boxplots.png + data CSV
20:16:27  baselineEval.src.plotting  INFO       Saved: hyperparameter distribution plots + data CSV
20:16:28  baselineEval.src.plotting  INFO       Saved: pred_vs_actual plots + data CSV
20:16:29  baselineEval.src.plotting  INFO       Saved: residual plots + data CSV
20:16:30  baselineEval.src.plotting  INFO       Saved: cv_metric_boxplots.png + data CSV
20:16:32  baselineEval.src.plotting  INFO       Saved: hyperparameter distribution plots + data CSV
20:16:33  baselineEval.src.plotting  INFO       Saved: pred_vs_actual plots + data CSV
20:16:34  baselineEval.src.plotting  INFO       Saved: residual plots + data CSV
20:16:35  baselineEval.src.plotting  INFO       Saved: representation_comparison.png + data CSV
20:16:36  baselineEval.src.plotting  INFO       Saved: cv_metric_boxplots.png + data CSV
20:16:37  baselineEval.src.plotting  INFO       Saved: hyperparameter distribution plots + data CSV
20:16:38  baselineEval.src.plotting  INFO       Saved: pred_vs_actual plots + data CSV
20:16:39  baselineEval.src.plotting  INFO       Saved: residual plots + data CSV
20:16:40  baselineEval.src.plotting  INFO       Saved: cv_metric_boxplots.png + data CSV
20:16:42  baselineEval.src.plotting  INFO       Saved: hyperparameter distribution plots + data CSV
20:16:43  baselineEval.src.plotting  INFO       Saved: pred_vs_actual plots + data CSV
20:16:44  baselineEval.src.plotting  INFO       Saved: residual plots + data CSV
20:16:45  baselineEval.src.plotting  INFO       Saved: cv_metric_boxplots.png + data CSV
20:16:47  baselineEval.src.plotting  INFO       Saved: hyperparameter distribution plots + data CSV
20:16:47  baselineEval.src.plotting  INFO       Saved: pred_vs_actual plots + data CSV
20:16:49  baselineEval.src.plotting  INFO       Saved: residual plots + data CSV
20:16:50  baselineEval.src.plotting  INFO       Saved: cv_metric_boxplots.png + data CSV
20:16:51  baselineEval.src.plotting  INFO       Saved: hyperparameter distribution plots + data CSV
20:16:52  baselineEval.src.plotting  INFO       Saved: pred_vs_actual plots + data CSV
20:16:53  baselineEval.src.plotting  INFO       Saved: residual plots + data CSV
20:16:54  baselineEval.src.plotting  INFO       Saved: representation_comparison.png + data CSV
20:16:55  baselineEval.src.plotting  INFO       Saved: cv_metric_boxplots.png + data CSV
20:16:57  baselineEval.src.plotting  INFO       Saved: hyperparameter distribution plots + data CSV
20:16:57  baselineEval.src.plotting  INFO       Saved: pred_vs_actual plots + data CSV
20:16:58  baselineEval.src.plotting  INFO       Saved: residual plots + data CSV
20:16:59  baselineEval.src.plotting  INFO       Saved: cv_metric_boxplots.png + data CSV
20:17:01  baselineEval.src.plotting  INFO       Saved: hyperparameter distribution plots + data CSV
20:17:02  baselineEval.src.plotting  INFO       Saved: pred_vs_actual plots + data CSV
20:17:03  baselineEval.src.plotting  INFO       Saved: residual plots + data CSV
20:17:04  baselineEval.src.plotting  INFO       Saved: cv_metric_boxplots.png + data CSV
20:17:05  baselineEval.src.plotting  INFO       Saved: hyperparameter distribution plots + data CSV
20:17:06  baselineEval.src.plotting  INFO       Saved: pred_vs_actual plots + data CSV
20:17:07  baselineEval.src.plotting  INFO       Saved: residual plots + data CSV
20:17:08  baselineEval.src.plotting  INFO       Saved: cv_metric_boxplots.png + data CSV
20:17:10  baselineEval.src.plotting  INFO       Saved: hyperparameter distribution plots + data CSV
20:17:11  baselineEval.src.plotting  INFO       Saved: pred_vs_actual plots + data CSV
20:17:12  baselineEval.src.plotting  INFO       Saved: residual plots + data CSV
20:17:12  baselineEval.src.plotting  INFO       Saved: representation_comparison.png + data CSV
20:17:13  baselineEval.src.plotting  INFO       Saved: cv_metric_boxplots.png + data CSV
20:17:15  baselineEval.src.plotting  INFO       Saved: hyperparameter distribution plots + data CSV
20:17:16  baselineEval.src.plotting  INFO       Saved: pred_vs_actual plots + data CSV
20:17:17  baselineEval.src.plotting  INFO       Saved: residual plots + data CSV
20:17:18  baselineEval.src.plotting  INFO       Saved: cv_metric_boxplots.png + data CSV
20:17:20  baselineEval.src.plotting  INFO       Saved: hyperparameter distribution plots + data CSV
20:17:20  baselineEval.src.plotting  INFO       Saved: pred_vs_actual plots + data CSV
20:17:22  baselineEval.src.plotting  INFO       Saved: residual plots + data CSV
20:17:23  baselineEval.src.plotting  INFO       Saved: cv_metric_boxplots.png + data CSV
20:17:24  baselineEval.src.plotting  INFO       Saved: hyperparameter distribution plots + data CSV
20:17:25  baselineEval.src.plotting  INFO       Saved: pred_vs_actual plots + data CSV
20:17:26  baselineEval.src.plotting  INFO       Saved: residual plots + data CSV
20:17:27  baselineEval.src.plotting  INFO       Saved: cv_metric_boxplots.png + data CSV
20:17:29  baselineEval.src.plotting  INFO       Saved: hyperparameter distribution plots + data CSV
20:17:30  baselineEval.src.plotting  INFO       Saved: pred_vs_actual plots + data CSV
20:17:31  baselineEval.src.plotting  INFO       Saved: residual plots + data CSV
20:17:31  baselineEval.src.plotting  INFO       Saved: representation_comparison.png + data CSV
20:17:32  baselineEval.src.plotting  INFO       Saved: cv_metric_boxplots.png + data CSV
20:17:34  baselineEval.src.plotting  INFO       Saved: hyperparameter distribution plots + data CSV
20:17:35  baselineEval.src.plotting  INFO       Saved: pred_vs_actual plots + data CSV
20:17:36  baselineEval.src.plotting  INFO       Saved: residual plots + data CSV
20:17:37  baselineEval.src.plotting  INFO       Saved: cv_metric_boxplots.png + data CSV
20:17:39  baselineEval.src.plotting  INFO       Saved: hyperparameter distribution plots + data CSV
20:17:39  baselineEval.src.plotting  INFO       Saved: pred_vs_actual plots + data CSV
20:17:41  baselineEval.src.plotting  INFO       Saved: residual plots + data CSV
20:17:41  baselineEval.src.plotting  INFO       Saved: cv_metric_boxplots.png + data CSV
20:17:43  baselineEval.src.plotting  INFO       Saved: hyperparameter distribution plots + data CSV
20:17:44  baselineEval.src.plotting  INFO       Saved: pred_vs_actual plots + data CSV
20:17:45  baselineEval.src.plotting  INFO       Saved: residual plots + data CSV
20:17:46  baselineEval.src.plotting  INFO       Saved: cv_metric_boxplots.png + data CSV
20:17:48  baselineEval.src.plotting  INFO       Saved: hyperparameter distribution plots + data CSV
20:17:49  baselineEval.src.plotting  INFO       Saved: pred_vs_actual plots + data CSV
20:17:50  baselineEval.src.plotting  INFO       Saved: residual plots + data CSV
20:17:50  baselineEval.src.plotting  INFO       Saved: representation_comparison.png + data CSV
20:17:51  baselineEval.src.plotting  INFO       Saved: cv_metric_boxplots.png + data CSV
20:17:53  baselineEval.src.plotting  INFO       Saved: hyperparameter distribution plots + data CSV
20:17:53  baselineEval.src.plotting  INFO       Saved: pred_vs_actual plots + data CSV
20:17:55  baselineEval.src.plotting  INFO       Saved: residual plots + data CSV
20:17:56  baselineEval.src.plotting  INFO       Saved: cv_metric_boxplots.png + data CSV
20:17:57  baselineEval.src.plotting  INFO       Saved: hyperparameter distribution plots + data CSV
20:17:58  baselineEval.src.plotting  INFO       Saved: pred_vs_actual plots + data CSV
20:17:59  baselineEval.src.plotting  INFO       Saved: residual plots + data CSV
20:18:00  baselineEval.src.plotting  INFO       Saved: cv_metric_boxplots.png + data CSV
20:18:02  baselineEval.src.plotting  INFO       Saved: hyperparameter distribution plots + data CSV
20:18:03  baselineEval.src.plotting  INFO       Saved: pred_vs_actual plots + data CSV
20:18:04  baselineEval.src.plotting  INFO       Saved: residual plots + data CSV
20:18:05  baselineEval.src.plotting  INFO       Saved: cv_metric_boxplots.png + data CSV
20:18:07  baselineEval.src.plotting  INFO       Saved: hyperparameter distribution plots + data CSV
20:18:07  baselineEval.src.plotting  INFO       Saved: pred_vs_actual plots + data CSV
20:18:09  baselineEval.src.plotting  INFO       Saved: residual plots + data CSV
20:18:09  baselineEval.src.plotting  INFO       Saved: representation_comparison.png + data CSV
20:18:10  baselineEval.src.plotting  INFO       Saved: cv_metric_boxplots.png + data CSV
20:18:12  baselineEval.src.plotting  INFO       Saved: hyperparameter distribution plots + data CSV
20:18:13  baselineEval.src.plotting  INFO       Saved: pred_vs_actual plots + data CSV
20:18:14  baselineEval.src.plotting  INFO       Saved: residual plots + data CSV
20:18:15  baselineEval.src.plotting  INFO       Saved: cv_metric_boxplots.png + data CSV
20:18:17  baselineEval.src.plotting  INFO       Saved: hyperparameter distribution plots + data CSV
20:18:17  baselineEval.src.plotting  INFO       Saved: pred_vs_actual plots + data CSV
20:18:19  baselineEval.src.plotting  INFO       Saved: residual plots + data CSV
20:18:19  baselineEval.src.plotting  INFO       Saved: cv_metric_boxplots.png + data CSV
20:18:21  baselineEval.src.plotting  INFO       Saved: hyperparameter distribution plots + data CSV
20:18:22  baselineEval.src.plotting  INFO       Saved: pred_vs_actual plots + data CSV
20:18:23  baselineEval.src.plotting  INFO       Saved: residual plots + data CSV
20:18:24  baselineEval.src.plotting  INFO       Saved: cv_metric_boxplots.png + data CSV
20:18:26  baselineEval.src.plotting  INFO       Saved: hyperparameter distribution plots + data CSV
20:18:27  baselineEval.src.plotting  INFO       Saved: pred_vs_actual plots + data CSV
20:18:28  baselineEval.src.plotting  INFO       Saved: residual plots + data CSV
20:18:28  baselineEval.src.plotting  INFO       Saved: representation_comparison.png + data CSV
20:18:29  baselineEval.src.plotting  INFO       Saved: cv_metric_boxplots.png + data CSV
20:18:31  baselineEval.src.plotting  INFO       Saved: hyperparameter distribution plots + data CSV
20:18:32  baselineEval.src.plotting  INFO       Saved: pred_vs_actual plots + data CSV
20:18:33  baselineEval.src.plotting  INFO       Saved: residual plots + data CSV
20:18:34  baselineEval.src.plotting  INFO       Saved: cv_metric_boxplots.png + data CSV
20:18:36  baselineEval.src.plotting  INFO       Saved: hyperparameter distribution plots + data CSV
20:18:36  baselineEval.src.plotting  INFO       Saved: pred_vs_actual plots + data CSV
20:18:37  baselineEval.src.plotting  INFO       Saved: residual plots + data CSV
20:18:38  baselineEval.src.plotting  INFO       Saved: cv_metric_boxplots.png + data CSV
20:18:40  baselineEval.src.plotting  INFO       Saved: hyperparameter distribution plots + data CSV
20:18:41  baselineEval.src.plotting  INFO       Saved: pred_vs_actual plots + data CSV
20:18:42  baselineEval.src.plotting  INFO       Saved: residual plots + data CSV
20:18:43  baselineEval.src.plotting  INFO       Saved: cv_metric_boxplots.png + data CSV
20:18:45  baselineEval.src.plotting  INFO       Saved: hyperparameter distribution plots + data CSV
20:18:46  baselineEval.src.plotting  INFO       Saved: pred_vs_actual plots + data CSV
20:18:47  baselineEval.src.plotting  INFO       Saved: residual plots + data CSV
20:18:47  baselineEval.src.plotting  INFO       Saved: representation_comparison.png + data CSV
20:18:48  baselineEval.src.plotting  INFO       Saved: cv_metric_boxplots.png + data CSV
20:18:50  baselineEval.src.plotting  INFO       Saved: hyperparameter distribution plots + data CSV
20:18:51  baselineEval.src.plotting  INFO       Saved: pred_vs_actual plots + data CSV
20:18:52  baselineEval.src.plotting  INFO       Saved: residual plots + data CSV
20:18:53  baselineEval.src.plotting  INFO       Saved: cv_metric_boxplots.png + data CSV
20:18:54  baselineEval.src.plotting  INFO       Saved: hyperparameter distribution plots + data CSV
20:18:55  baselineEval.src.plotting  INFO       Saved: pred_vs_actual plots + data CSV
20:18:57  baselineEval.src.plotting  INFO       Saved: residual plots + data CSV
20:18:57  baselineEval.src.plotting  INFO       Saved: cv_metric_boxplots.png + data CSV
20:19:00  baselineEval.src.plotting  INFO       Saved: hyperparameter distribution plots + data CSV
20:19:00  baselineEval.src.plotting  INFO       Saved: pred_vs_actual plots + data CSV
20:19:02  baselineEval.src.plotting  INFO       Saved: residual plots + data CSV
20:19:02  baselineEval.src.plotting  INFO       Saved: cv_metric_boxplots.png + data CSV
20:19:04  baselineEval.src.plotting  INFO       Saved: hyperparameter distribution plots + data CSV
20:19:05  baselineEval.src.plotting  INFO       Saved: pred_vs_actual plots + data CSV
20:19:06  baselineEval.src.plotting  INFO       Saved: residual plots + data CSV
20:19:07  baselineEval.src.plotting  INFO       Saved: representation_comparison.png + data CSV
20:19:08  baselineEval.src.plotting  INFO       Saved: cv_metric_boxplots.png + data CSV
20:19:09  baselineEval.src.plotting  INFO       Saved: hyperparameter distribution plots + data CSV
20:19:10  baselineEval.src.plotting  INFO       Saved: pred_vs_actual plots + data CSV
20:19:11  baselineEval.src.plotting  INFO       Saved: residual plots + data CSV
20:19:12  baselineEval.src.plotting  INFO       Saved: cv_metric_boxplots.png + data CSV
20:19:14  baselineEval.src.plotting  INFO       Saved: hyperparameter distribution plots + data CSV
20:19:15  baselineEval.src.plotting  INFO       Saved: pred_vs_actual plots + data CSV
20:19:16  baselineEval.src.plotting  INFO       Saved: residual plots + data CSV
20:19:17  baselineEval.src.plotting  INFO       Saved: cv_metric_boxplots.png + data CSV
20:19:19  baselineEval.src.plotting  INFO       Saved: hyperparameter distribution plots + data CSV
20:19:19  baselineEval.src.plotting  INFO       Saved: pred_vs_actual plots + data CSV
20:19:21  baselineEval.src.plotting  INFO       Saved: residual plots + data CSV
20:19:21  baselineEval.src.plotting  INFO       Saved: cv_metric_boxplots.png + data CSV
20:19:23  baselineEval.src.plotting  INFO       Saved: hyperparameter distribution plots + data CSV
20:19:24  baselineEval.src.plotting  INFO       Saved: pred_vs_actual plots + data CSV
20:19:25  baselineEval.src.plotting  INFO       Saved: residual plots + data CSV
20:19:26  baselineEval.src.plotting  INFO       Saved: representation_comparison.png + data CSV
20:19:27  baselineEval.src.plotting  INFO       Saved: cv_metric_boxplots.png + data CSV
20:19:28  baselineEval.src.plotting  INFO       Saved: hyperparameter distribution plots + data CSV
20:19:29  baselineEval.src.plotting  INFO       Saved: pred_vs_actual plots + data CSV
20:19:31  baselineEval.src.plotting  INFO       Saved: residual plots + data CSV
20:19:32  baselineEval.src.plotting  INFO       Saved: cv_metric_boxplots.png + data CSV
20:19:34  baselineEval.src.plotting  INFO       Saved: hyperparameter distribution plots + data CSV
20:19:35  baselineEval.src.plotting  INFO       Saved: pred_vs_actual plots + data CSV
20:19:36  baselineEval.src.plotting  INFO       Saved: residual plots + data CSV
20:19:37  baselineEval.src.plotting  INFO       Saved: cv_metric_boxplots.png + data CSV
20:19:39  baselineEval.src.plotting  INFO       Saved: hyperparameter distribution plots + data CSV
20:19:39  baselineEval.src.plotting  INFO       Saved: pred_vs_actual plots + data CSV
20:19:41  baselineEval.src.plotting  INFO       Saved: residual plots + data CSV
20:19:42  baselineEval.src.plotting  INFO       Saved: cv_metric_boxplots.png + data CSV
20:19:43  baselineEval.src.plotting  INFO       Saved: hyperparameter distribution plots + data CSV
20:19:44  baselineEval.src.plotting  INFO       Saved: pred_vs_actual plots + data CSV
20:19:45  baselineEval.src.plotting  INFO       Saved: residual plots + data CSV
20:19:46  baselineEval.src.plotting  INFO       Saved: representation_comparison.png + data CSV
20:19:47  baselineEval.src.plotting  INFO       Saved: cv_metric_boxplots.png + data CSV
20:19:48  baselineEval.src.plotting  INFO       Saved: hyperparameter distribution plots + data CSV
20:19:49  baselineEval.src.plotting  INFO       Saved: pred_vs_actual plots + data CSV
20:19:50  baselineEval.src.plotting  INFO       Saved: residual plots + data CSV
20:19:51  baselineEval.src.plotting  INFO       Saved: cv_metric_boxplots.png + data CSV
20:19:53  baselineEval.src.plotting  INFO       Saved: hyperparameter distribution plots + data CSV
20:19:54  baselineEval.src.plotting  INFO       Saved: pred_vs_actual plots + data CSV
20:19:55  baselineEval.src.plotting  INFO       Saved: residual plots + data CSV
20:19:56  baselineEval.src.plotting  INFO       Saved: cv_metric_boxplots.png + data CSV
20:19:58  baselineEval.src.plotting  INFO       Saved: hyperparameter distribution plots + data CSV
20:19:58  baselineEval.src.plotting  INFO       Saved: pred_vs_actual plots + data CSV
20:20:00  baselineEval.src.plotting  INFO       Saved: residual plots + data CSV
20:20:00  baselineEval.src.plotting  INFO       Saved: cv_metric_boxplots.png + data CSV
20:20:02  baselineEval.src.plotting  INFO       Saved: hyperparameter distribution plots + data CSV
20:20:03  baselineEval.src.plotting  INFO       Saved: pred_vs_actual plots + data CSV
20:20:04  baselineEval.src.plotting  INFO       Saved: residual plots + data CSV
20:20:05  baselineEval.src.plotting  INFO       Saved: representation_comparison.png + data CSV
20:20:06  baselineEval.src.plotting  INFO       Saved: cv_metric_boxplots.png + data CSV
20:20:07  baselineEval.src.plotting  INFO       Saved: hyperparameter distribution plots + data CSV
20:20:08  baselineEval.src.plotting  INFO       Saved: pred_vs_actual plots + data CSV
20:20:09  baselineEval.src.plotting  INFO       Saved: residual plots + data CSV
20:20:10  baselineEval.src.plotting  INFO       Saved: cv_metric_boxplots.png + data CSV
20:20:12  baselineEval.src.plotting  INFO       Saved: hyperparameter distribution plots + data CSV
20:20:13  baselineEval.src.plotting  INFO       Saved: pred_vs_actual plots + data CSV
20:20:14  baselineEval.src.plotting  INFO       Saved: residual plots + data CSV
20:20:15  baselineEval.src.plotting  INFO       Saved: cv_metric_boxplots.png + data CSV
20:20:17  baselineEval.src.plotting  INFO       Saved: hyperparameter distribution plots + data CSV
20:20:17  baselineEval.src.plotting  INFO       Saved: pred_vs_actual plots + data CSV
20:20:19  baselineEval.src.plotting  INFO       Saved: residual plots + data CSV
20:20:19  baselineEval.src.plotting  INFO       Saved: cv_metric_boxplots.png + data CSV
20:20:22  baselineEval.src.plotting  INFO       Saved: hyperparameter distribution plots + data CSV
20:20:23  baselineEval.src.plotting  INFO       Saved: pred_vs_actual plots + data CSV
20:20:24  baselineEval.src.plotting  INFO       Saved: residual plots + data CSV
20:20:25  baselineEval.src.plotting  INFO       Saved: representation_comparison.png + data CSV
20:20:25  baselineEval.src.plotting  INFO       Saved: cv_metric_boxplots.png + data CSV
20:20:27  baselineEval.src.plotting  INFO       Saved: hyperparameter distribution plots + data CSV
20:20:28  baselineEval.src.plotting  INFO       Saved: pred_vs_actual plots + data CSV
20:20:29  baselineEval.src.plotting  INFO       Saved: residual plots + data CSV
20:20:30  baselineEval.src.plotting  INFO       Saved: cv_metric_boxplots.png + data CSV
20:20:31  baselineEval.src.plotting  INFO       Saved: hyperparameter distribution plots + data CSV
20:20:32  baselineEval.src.plotting  INFO       Saved: pred_vs_actual plots + data CSV
20:20:33  baselineEval.src.plotting  INFO       Saved: residual plots + data CSV
20:20:34  baselineEval.src.plotting  INFO       Saved: cv_metric_boxplots.png + data CSV
20:20:36  baselineEval.src.plotting  INFO       Saved: hyperparameter distribution plots + data CSV
20:20:37  baselineEval.src.plotting  INFO       Saved: pred_vs_actual plots + data CSV
20:20:38  baselineEval.src.plotting  INFO       Saved: residual plots + data CSV
20:20:39  baselineEval.src.plotting  INFO       Saved: cv_metric_boxplots.png + data CSV
20:20:41  baselineEval.src.plotting  INFO       Saved: hyperparameter distribution plots + data CSV
20:20:42  baselineEval.src.plotting  INFO       Saved: pred_vs_actual plots + data CSV
20:20:43  baselineEval.src.plotting  INFO       Saved: residual plots + data CSV
20:20:43  baselineEval.src.plotting  INFO       Saved: representation_comparison.png + data CSV
20:20:44  baselineEval.src.plotting  INFO       Saved: cv_metric_boxplots.png + data CSV
20:20:46  baselineEval.src.plotting  INFO       Saved: hyperparameter distribution plots + data CSV
20:20:47  baselineEval.src.plotting  INFO       Saved: pred_vs_actual plots + data CSV
20:20:48  baselineEval.src.plotting  INFO       Saved: residual plots + data CSV
20:20:49  baselineEval.src.plotting  INFO       Saved: cv_metric_boxplots.png + data CSV
20:20:51  baselineEval.src.plotting  INFO       Saved: hyperparameter distribution plots + data CSV
20:20:52  baselineEval.src.plotting  INFO       Saved: pred_vs_actual plots + data CSV
20:20:53  baselineEval.src.plotting  INFO       Saved: residual plots + data CSV
20:20:54  baselineEval.src.plotting  INFO       Saved: cv_metric_boxplots.png + data CSV
20:20:56  baselineEval.src.plotting  INFO       Saved: hyperparameter distribution plots + data CSV
20:20:56  baselineEval.src.plotting  INFO       Saved: pred_vs_actual plots + data CSV
20:20:58  baselineEval.src.plotting  INFO       Saved: residual plots + data CSV
20:20:59  baselineEval.src.plotting  INFO       Saved: cv_metric_boxplots.png + data CSV
20:21:00  baselineEval.src.plotting  INFO       Saved: hyperparameter distribution plots + data CSV
20:21:01  baselineEval.src.plotting  INFO       Saved: pred_vs_actual plots + data CSV
20:21:02  baselineEval.src.plotting  INFO       Saved: residual plots + data CSV
20:21:03  baselineEval.src.plotting  INFO       Saved: representation_comparison.png + data CSV
20:21:04  baselineEval.src.plotting  INFO       Saved: cv_metric_boxplots.png + data CSV
20:21:05  baselineEval.src.plotting  INFO       Saved: hyperparameter distribution plots + data CSV
20:21:06  baselineEval.src.plotting  INFO       Saved: pred_vs_actual plots + data CSV
20:21:08  baselineEval.src.plotting  INFO       Saved: residual plots + data CSV
20:21:09  baselineEval.src.plotting  INFO       Saved: cv_metric_boxplots.png + data CSV
20:21:10  baselineEval.src.plotting  INFO       Saved: hyperparameter distribution plots + data CSV
20:21:11  baselineEval.src.plotting  INFO       Saved: pred_vs_actual plots + data CSV
20:21:12  baselineEval.src.plotting  INFO       Saved: residual plots + data CSV
20:21:13  baselineEval.src.plotting  INFO       Saved: cv_metric_boxplots.png + data CSV
20:21:15  baselineEval.src.plotting  INFO       Saved: hyperparameter distribution plots + data CSV
20:21:16  baselineEval.src.plotting  INFO       Saved: pred_vs_actual plots + data CSV
20:21:17  baselineEval.src.plotting  INFO       Saved: residual plots + data CSV
20:21:18  baselineEval.src.plotting  INFO       Saved: cv_metric_boxplots.png + data CSV
20:21:20  baselineEval.src.plotting  INFO       Saved: hyperparameter distribution plots + data CSV
20:21:20  baselineEval.src.plotting  INFO       Saved: pred_vs_actual plots + data CSV
20:21:22  baselineEval.src.plotting  INFO       Saved: residual plots + data CSV
20:21:22  baselineEval.src.plotting  INFO       Saved: representation_comparison.png + data CSV
20:21:23  baselineEval.src.plotting  INFO       Saved: cv_metric_boxplots.png + data CSV
20:21:25  baselineEval.src.plotting  INFO       Saved: hyperparameter distribution plots + data CSV
20:21:26  baselineEval.src.plotting  INFO       Saved: pred_vs_actual plots + data CSV
20:21:27  baselineEval.src.plotting  INFO       Saved: residual plots + data CSV
20:21:28  baselineEval.src.plotting  INFO       Saved: cv_metric_boxplots.png + data CSV
20:21:29  baselineEval.src.plotting  INFO       Saved: hyperparameter distribution plots + data CSV
20:21:30  baselineEval.src.plotting  INFO       Saved: pred_vs_actual plots + data CSV
20:21:32  baselineEval.src.plotting  INFO       Saved: residual plots + data CSV
20:21:33  baselineEval.src.plotting  INFO       Saved: cv_metric_boxplots.png + data CSV
20:21:34  baselineEval.src.plotting  INFO       Saved: hyperparameter distribution plots + data CSV
20:21:35  baselineEval.src.plotting  INFO       Saved: pred_vs_actual plots + data CSV
20:21:36  baselineEval.src.plotting  INFO       Saved: residual plots + data CSV
20:21:37  baselineEval.src.plotting  INFO       Saved: cv_metric_boxplots.png + data CSV
20:21:39  baselineEval.src.plotting  INFO       Saved: hyperparameter distribution plots + data CSV
20:21:40  baselineEval.src.plotting  INFO       Saved: pred_vs_actual plots + data CSV
20:21:41  baselineEval.src.plotting  INFO       Saved: residual plots + data CSV
20:21:42  baselineEval.src.plotting  INFO       Saved: representation_comparison.png + data CSV
20:21:43  baselineEval.src.plotting  INFO       Saved: cv_metric_boxplots.png + data CSV
20:21:44  baselineEval.src.plotting  INFO       Saved: hyperparameter distribution plots + data CSV
20:21:45  baselineEval.src.plotting  INFO       Saved: pred_vs_actual plots + data CSV
20:21:46  baselineEval.src.plotting  INFO       Saved: residual plots + data CSV
20:21:47  baselineEval.src.plotting  INFO       Saved: cv_metric_boxplots.png + data CSV
20:21:49  baselineEval.src.plotting  INFO       Saved: hyperparameter distribution plots + data CSV
20:21:50  baselineEval.src.plotting  INFO       Saved: pred_vs_actual plots + data CSV
20:21:51  baselineEval.src.plotting  INFO       Saved: residual plots + data CSV
20:21:52  baselineEval.src.plotting  INFO       Saved: cv_metric_boxplots.png + data CSV
20:21:53  baselineEval.src.plotting  INFO       Saved: hyperparameter distribution plots + data CSV
20:21:54  baselineEval.src.plotting  INFO       Saved: pred_vs_actual plots + data CSV
20:21:55  baselineEval.src.plotting  INFO       Saved: residual plots + data CSV
20:21:56  baselineEval.src.plotting  INFO       Saved: cv_metric_boxplots.png + data CSV
20:21:58  baselineEval.src.plotting  INFO       Saved: hyperparameter distribution plots + data CSV
20:21:59  baselineEval.src.plotting  INFO       Saved: pred_vs_actual plots + data CSV
20:22:00  baselineEval.src.plotting  INFO       Saved: residual plots + data CSV
20:22:00  baselineEval.src.plotting  INFO       Saved: representation_comparison.png + data CSV
20:22:01  baselineEval.src.plotting  INFO       Saved: cv_metric_boxplots.png + data CSV
20:22:03  baselineEval.src.plotting  INFO       Saved: hyperparameter distribution plots + data CSV
20:22:04  baselineEval.src.plotting  INFO       Saved: pred_vs_actual plots + data CSV
20:22:05  baselineEval.src.plotting  INFO       Saved: residual plots + data CSV
20:22:06  baselineEval.src.plotting  INFO       Saved: cv_metric_boxplots.png + data CSV
20:22:08  baselineEval.src.plotting  INFO       Saved: hyperparameter distribution plots + data CSV
20:22:09  baselineEval.src.plotting  INFO       Saved: pred_vs_actual plots + data CSV
20:22:10  baselineEval.src.plotting  INFO       Saved: residual plots + data CSV
20:22:11  baselineEval.src.plotting  INFO       Saved: cv_metric_boxplots.png + data CSV
20:22:12  baselineEval.src.plotting  INFO       Saved: hyperparameter distribution plots + data CSV
20:22:13  baselineEval.src.plotting  INFO       Saved: pred_vs_actual plots + data CSV
20:22:15  baselineEval.src.plotting  INFO       Saved: residual plots + data CSV
20:22:16  baselineEval.src.plotting  INFO       Saved: cv_metric_boxplots.png + data CSV
20:22:17  baselineEval.src.plotting  INFO       Saved: hyperparameter distribution plots + data CSV
20:22:18  baselineEval.src.plotting  INFO       Saved: pred_vs_actual plots + data CSV
20:22:19  baselineEval.src.plotting  INFO       Saved: residual plots + data CSV
20:22:20  baselineEval.src.plotting  INFO       Saved: representation_comparison.png + data CSV
20:22:21  baselineEval.src.plotting  INFO       Saved: cv_metric_boxplots.png + data CSV
20:22:23  baselineEval.src.plotting  INFO       Saved: hyperparameter distribution plots + data CSV
20:22:23  baselineEval.src.plotting  INFO       Saved: pred_vs_actual plots + data CSV
20:22:25  baselineEval.src.plotting  INFO       Saved: residual plots + data CSV
20:22:26  baselineEval.src.plotting  INFO       Saved: cv_metric_boxplots.png + data CSV
20:22:27  baselineEval.src.plotting  INFO       Saved: hyperparameter distribution plots + data CSV
20:22:28  baselineEval.src.plotting  INFO       Saved: pred_vs_actual plots + data CSV
20:22:29  baselineEval.src.plotting  INFO       Saved: residual plots + data CSV
20:22:30  baselineEval.src.plotting  INFO       Saved: cv_metric_boxplots.png + data CSV
20:22:32  baselineEval.src.plotting  INFO       Saved: hyperparameter distribution plots + data CSV
20:22:33  baselineEval.src.plotting  INFO       Saved: pred_vs_actual plots + data CSV
20:22:34  baselineEval.src.plotting  INFO       Saved: residual plots + data CSV
20:22:35  baselineEval.src.plotting  INFO       Saved: cv_metric_boxplots.png + data CSV
20:22:37  baselineEval.src.plotting  INFO       Saved: hyperparameter distribution plots + data CSV
20:22:37  baselineEval.src.plotting  INFO       Saved: pred_vs_actual plots + data CSV
20:22:39  baselineEval.src.plotting  INFO       Saved: residual plots + data CSV
20:22:39  baselineEval.src.plotting  INFO       Saved: representation_comparison.png + data CSV
20:22:40  baselineEval.src.plotting  INFO       Saved: cv_metric_boxplots.png + data CSV
20:22:42  baselineEval.src.plotting  INFO       Saved: hyperparameter distribution plots + data CSV
20:22:43  baselineEval.src.plotting  INFO       Saved: pred_vs_actual plots + data CSV
20:22:44  baselineEval.src.plotting  INFO       Saved: residual plots + data CSV
20:22:45  baselineEval.src.plotting  INFO       Saved: cv_metric_boxplots.png + data CSV
20:22:46  baselineEval.src.plotting  INFO       Saved: hyperparameter distribution plots + data CSV
20:22:47  baselineEval.src.plotting  INFO       Saved: pred_vs_actual plots + data CSV
20:22:48  baselineEval.src.plotting  INFO       Saved: residual plots + data CSV
20:22:49  baselineEval.src.plotting  INFO       Saved: cv_metric_boxplots.png + data CSV
20:22:51  baselineEval.src.plotting  INFO       Saved: hyperparameter distribution plots + data CSV
20:22:52  baselineEval.src.plotting  INFO       Saved: pred_vs_actual plots + data CSV
20:22:53  baselineEval.src.plotting  INFO       Saved: residual plots + data CSV
20:22:54  baselineEval.src.plotting  INFO       Saved: cv_metric_boxplots.png + data CSV
20:22:56  baselineEval.src.plotting  INFO       Saved: hyperparameter distribution plots + data CSV
20:22:57  baselineEval.src.plotting  INFO       Saved: pred_vs_actual plots + data CSV
20:22:58  baselineEval.src.plotting  INFO       Saved: residual plots + data CSV
20:22:58  baselineEval.src.plotting  INFO       Saved: representation_comparison.png + data CSV
20:22:59  baselineEval.src.plotting  INFO       Saved: cv_metric_boxplots.png + data CSV
20:23:01  baselineEval.src.plotting  INFO       Saved: hyperparameter distribution plots + data CSV
20:23:02  baselineEval.src.plotting  INFO       Saved: pred_vs_actual plots + data CSV
20:23:03  baselineEval.src.plotting  INFO       Saved: residual plots + data CSV
20:23:04  baselineEval.src.plotting  INFO       Saved: cv_metric_boxplots.png + data CSV
20:23:06  baselineEval.src.plotting  INFO       Saved: hyperparameter distribution plots + data CSV
20:23:06  baselineEval.src.plotting  INFO       Saved: pred_vs_actual plots + data CSV
20:23:08  baselineEval.src.plotting  INFO       Saved: residual plots + data CSV
20:23:08  baselineEval.src.plotting  INFO       Saved: cv_metric_boxplots.png + data CSV
20:23:10  baselineEval.src.plotting  INFO       Saved: hyperparameter distribution plots + data CSV
20:23:11  baselineEval.src.plotting  INFO       Saved: pred_vs_actual plots + data CSV
20:23:12  baselineEval.src.plotting  INFO       Saved: residual plots + data CSV
20:23:13  baselineEval.src.plotting  INFO       Saved: cv_metric_boxplots.png + data CSV
20:23:15  baselineEval.src.plotting  INFO       Saved: hyperparameter distribution plots + data CSV
20:23:16  baselineEval.src.plotting  INFO       Saved: pred_vs_actual plots + data CSV
20:23:17  baselineEval.src.plotting  INFO       Saved: residual plots + data CSV
20:23:17  baselineEval.src.plotting  INFO       Saved: representation_comparison.png + data CSV
20:23:18  baselineEval.src.plotting  INFO       Saved: cv_metric_boxplots.png + data CSV
20:23:20  baselineEval.src.plotting  INFO       Saved: hyperparameter distribution plots + data CSV
20:23:21  baselineEval.src.plotting  INFO       Saved: pred_vs_actual plots + data CSV
20:23:22  baselineEval.src.plotting  INFO       Saved: residual plots + data CSV
20:23:23  baselineEval.src.plotting  INFO       Saved: cv_metric_boxplots.png + data CSV
20:23:25  baselineEval.src.plotting  INFO       Saved: hyperparameter distribution plots + data CSV
20:23:26  baselineEval.src.plotting  INFO       Saved: pred_vs_actual plots + data CSV
20:23:27  baselineEval.src.plotting  INFO       Saved: residual plots + data CSV
20:23:28  baselineEval.src.plotting  INFO       Saved: cv_metric_boxplots.png + data CSV
20:23:30  baselineEval.src.plotting  INFO       Saved: hyperparameter distribution plots + data CSV
20:23:30  baselineEval.src.plotting  INFO       Saved: pred_vs_actual plots + data CSV
20:23:32  baselineEval.src.plotting  INFO       Saved: residual plots + data CSV
20:23:32  baselineEval.src.plotting  INFO       Saved: cv_metric_boxplots.png + data CSV
20:23:34  baselineEval.src.plotting  INFO       Saved: hyperparameter distribution plots + data CSV
20:23:35  baselineEval.src.plotting  INFO       Saved: pred_vs_actual plots + data CSV
20:23:36  baselineEval.src.plotting  INFO       Saved: residual plots + data CSV
20:23:37  baselineEval.src.plotting  INFO       Saved: representation_comparison.png + data CSV
20:23:38  baselineEval.src.plotting  INFO       Saved: held_out_summary_classification.png + data CSV
20:23:41  baselineEval.src.plotting  INFO       Saved: held_out_summary_regression.png + data CSV
20:23:42  baselineEval.src.plotting  INFO       Saved: heatmap_classification.png + data CSV
20:23:44  baselineEval.src.plotting  INFO       Saved: heatmap_regression.png + data CSV
20:23:44  ccnEvaluation         INFO     ═══ Step 7: SHAP — computed inside held-out evaluation ═══
20:23:44  ccnEvaluation         INFO     Pipeline completed in 12184.2 s (203.1 min)
SLURM job 7397078 finished with exit code 0
