Output: /srv/beegfs/scratch/shares/schaerm/schaer2/video_sam2_pose/humanLISBET-paper/baselineEval/results_stats_temporal_maxpool
Standard stats: --stats-kin mean,std,kurtosis,skewness  --stats-emb mean,std
Temporal pooling: enabled (N_TEMPORAL_SEGMENTS=35)
16:41:59  ccnEvaluation         INFO     ccnEvaluation prediction pipeline started
16:41:59  ccnEvaluation         INFO       CSV:           /srv/beegfs/scratch/shares/schaerm/schaer2/video_sam2_pose/humanLISBET-paper/dataset/info/child_for_humanlisbet_paper_with_paths_020326.csv
16:41:59  ccnEvaluation         INFO       Pose (train):  /srv/beegfs/scratch/shares/schaerm/schaer2/video_sam2_pose/humanLISBET-paper/dataset/pose_ready/train
16:41:59  ccnEvaluation         INFO       Pose (test):   /srv/beegfs/scratch/shares/schaerm/schaer2/video_sam2_pose/humanLISBET-paper/dataset/pose_ready/test
16:41:59  ccnEvaluation         INFO       Output:        /srv/beegfs/scratch/shares/schaerm/schaer2/video_sam2_pose/humanLISBET-paper/baselineEval/results_stats_temporal_maxpool
16:41:59  ccnEvaluation         INFO     ═══ Step 1: Feature extraction ═══
16:41:59  ccnEvaluation         INFO     Selected statistics (kinematic): ['mean', 'std', 'kurtosis', 'skewness']
16:41:59  ccnEvaluation         INFO     Selected statistics (embedding): ['mean', 'std']
16:42:00  baselineEval.src.loading  INFO     Clinical CSV: 119 subjects with ASD/TD diagnosis
16:42:01  baselineEval.src.loading  INFO     Found 2974 segment directories in /srv/beegfs/scratch/shares/schaerm/schaer2/video_sam2_pose/humanLISBET-paper/dataset/pose_ready/train
16:42:01  baselineEval.src.loading  INFO     Grouped into 102 video/subject IDs:
16:42:01  baselineEval.src.loading  INFO       7797_T1a_ADOS1: 6 segment(s)
16:42:01  baselineEval.src.loading  INFO       7892_T2a_ADOS: 34 segment(s)
16:42:01  baselineEval.src.loading  INFO       7947_T1a_ADOS: 18 segment(s)
16:42:01  baselineEval.src.loading  INFO       7953_T1a_ADOS: 18 segment(s)
16:42:01  baselineEval.src.loading  INFO       7954_T2a_ADOS: 19 segment(s)
16:42:01  baselineEval.src.loading  INFO       7965_T2a_ADOS: 33 segment(s)
16:42:01  baselineEval.src.loading  INFO       7978_T1a_ADOS: 33 segment(s)
16:42:01  baselineEval.src.loading  INFO       8002_T3_ADOS_scaled: 3 segment(s)
16:42:01  baselineEval.src.loading  INFO       8017_BB_12_15m_ADOS: 28 segment(s)
16:42:01  baselineEval.src.loading  INFO       8018_T1a_ADOS: 20 segment(s)
16:42:01  baselineEval.src.loading  INFO       8019_T1a_ADOS: 16 segment(s)
16:42:01  baselineEval.src.loading  INFO       8031_T1a_ADOS_noncompressed: 34 segment(s)
16:42:01  baselineEval.src.loading  INFO       8042_T2a_ADOS: 35 segment(s)
16:42:01  baselineEval.src.loading  INFO       8046_T2a_ADOS_compressed: 25 segment(s)
16:42:01  baselineEval.src.loading  INFO       8054_ADOS_T2a: 33 segment(s)
16:42:01  baselineEval.src.loading  INFO       8072_T1a_ADOS: 21 segment(s)
16:42:01  baselineEval.src.loading  INFO       8073_T1a_ADOS_compressed: 22 segment(s)
16:42:01  baselineEval.src.loading  INFO       8090_T2a_ADOS: 27 segment(s)
16:42:01  baselineEval.src.loading  INFO       8100_T2a_ADOS: 12 segment(s)
16:42:01  baselineEval.src.loading  INFO       8101_T2a_ADOS: 31 segment(s)
16:42:01  baselineEval.src.loading  INFO       8104_T2a_ADOS: 33 segment(s)
16:42:01  baselineEval.src.loading  INFO       8121_T2a_ADOS_M1_compressed: 45 segment(s)
16:42:01  baselineEval.src.loading  INFO       8137_T2a_ADOS_compressed: 31 segment(s)
16:42:01  baselineEval.src.loading  INFO       8141_T1a_ADOS: 44 segment(s)
16:42:01  baselineEval.src.loading  INFO       8149_T1a_ADOS_noncompressed: 24 segment(s)
16:42:01  baselineEval.src.loading  INFO       8154_T1a_ADOS: 41 segment(s)
16:42:01  baselineEval.src.loading  INFO       8156_T1a_ADOS: 26 segment(s)
16:42:01  baselineEval.src.loading  INFO       8157_T1a_ADOS: 25 segment(s)
16:42:01  baselineEval.src.loading  INFO       8158_T1a_ADOS_compressed: 54 segment(s)
16:42:01  baselineEval.src.loading  INFO       8165_BB_18-21m_ADOS_compressed: 38 segment(s)
16:42:01  baselineEval.src.loading  INFO       8183_T2a_ADOS: 35 segment(s)
16:42:01  baselineEval.src.loading  INFO       8185_T1a_ADOS: 17 segment(s)
16:42:01  baselineEval.src.loading  INFO       8188_T1a_ADOS: 30 segment(s)
16:42:01  baselineEval.src.loading  INFO       8200_T1a_ADOS_compressed_2: 34 segment(s)
16:42:01  baselineEval.src.loading  INFO       8204_T1a_ADOS_noncompressed: 22 segment(s)
16:42:01  baselineEval.src.loading  INFO       8207_T1a_ADOS: 20 segment(s)
16:42:01  baselineEval.src.loading  INFO       8212_T1a_ADOS: 8 segment(s)
16:42:01  baselineEval.src.loading  INFO       8216_T1a_ADOS_uncompressed: 28 segment(s)
16:42:01  baselineEval.src.loading  INFO       8222_T1a_ADOS_compressed: 35 segment(s)
16:42:01  baselineEval.src.loading  INFO       8244_T1a_ADOS: 25 segment(s)
16:42:01  baselineEval.src.loading  INFO       8252_BB_18-21m_ADOS_Compressed: 29 segment(s)
16:42:01  baselineEval.src.loading  INFO       8264_T1a_ADOS_MT: 14 segment(s)
16:42:01  baselineEval.src.loading  INFO       8288_BB_18-21m_ADOS_compressed: 8 segment(s)
16:42:01  baselineEval.src.loading  INFO       8294_T1a_CCSA_ADOS: 19 segment(s)
16:42:01  baselineEval.src.loading  INFO       8295_T1a_ADOS_compressed: 40 segment(s)
16:42:01  baselineEval.src.loading  INFO       8296_BB_15-18m: 32 segment(s)
16:42:01  baselineEval.src.loading  INFO       8297_T1a_ADOS: 43 segment(s)
16:42:01  baselineEval.src.loading  INFO       8298_T2a_ADOS: 15 segment(s)
16:42:01  baselineEval.src.loading  INFO       8299_T1a_ADOS: 31 segment(s)
16:42:01  baselineEval.src.loading  INFO       8300_T1a_ADOS_compressed: 18 segment(s)
16:42:01  baselineEval.src.loading  INFO       8301_T1a_ADOS_Incomplete: 26 segment(s)
16:42:01  baselineEval.src.loading  INFO       8306_T1a_ADOS_CCSA: 44 segment(s)
16:42:01  baselineEval.src.loading  INFO       8307_T1a_ADOS_compressed: 36 segment(s)
16:42:01  baselineEval.src.loading  INFO       8310_T1a_ADOS_noncompressed: 33 segment(s)
16:42:01  baselineEval.src.loading  INFO       8324_T2a_ADOS_Noncompressed: 11 segment(s)
16:42:01  baselineEval.src.loading  INFO       8334_T1a_ADOS: 40 segment(s)
16:42:01  baselineEval.src.loading  INFO       8350_T1a_ADOS: 29 segment(s)
16:42:01  baselineEval.src.loading  INFO       8355_T1a_ADOS: 20 segment(s)
16:42:01  baselineEval.src.loading  INFO       8359_T1a_ADOS: 25 segment(s)
16:42:01  baselineEval.src.loading  INFO       8360_T1a_ADOS: 21 segment(s)
16:42:01  baselineEval.src.loading  INFO       8372_T1a_ADOS_compressed: 29 segment(s)
16:42:01  baselineEval.src.loading  INFO       8385_T1a_ADOS_noncompressed: 14 segment(s)
16:42:01  baselineEval.src.loading  INFO       8387_T1a_ADOS: 27 segment(s)
16:42:01  baselineEval.src.loading  INFO       8404_T1a_ADOS_NotCompressed: 35 segment(s)
16:42:01  baselineEval.src.loading  INFO       8420_T1a_ADOS: 40 segment(s)
16:42:01  baselineEval.src.loading  INFO       8434_T1a_ADOS: 58 segment(s)
16:42:01  baselineEval.src.loading  INFO       8454_T1a_ADOS_NonCompressed: 30 segment(s)
16:42:01  baselineEval.src.loading  INFO       8455_T1a_ADOS_Noncompressed: 26 segment(s)
16:42:01  baselineEval.src.loading  INFO       8462_T1a_ADOS: 25 segment(s)
16:42:01  baselineEval.src.loading  INFO       8488_T1a_ADOS: 23 segment(s)
16:42:01  baselineEval.src.loading  INFO       8492_T1a_ADOS_NonCompressed: 20 segment(s)
16:42:01  baselineEval.src.loading  INFO       8529_T1a_ADOS_Noncompressed: 37 segment(s)
16:42:01  baselineEval.src.loading  INFO       8561_T1a_ADOS: 26 segment(s)
16:42:01  baselineEval.src.loading  INFO       8577_T1a_ADOS: 30 segment(s)
16:42:01  baselineEval.src.loading  INFO       V001: 30 segment(s)
16:42:01  baselineEval.src.loading  INFO       V002: 34 segment(s)
16:42:01  baselineEval.src.loading  INFO       V003: 23 segment(s)
16:42:01  baselineEval.src.loading  INFO       V004: 22 segment(s)
16:42:01  baselineEval.src.loading  INFO       V005: 24 segment(s)
16:42:01  baselineEval.src.loading  INFO       V007: 28 segment(s)
16:42:01  baselineEval.src.loading  INFO       V008: 35 segment(s)
16:42:01  baselineEval.src.loading  INFO       V009: 22 segment(s)
16:42:01  baselineEval.src.loading  INFO       V010: 30 segment(s)
16:42:01  baselineEval.src.loading  INFO       V011: 46 segment(s)
16:42:01  baselineEval.src.loading  INFO       V012: 37 segment(s)
16:42:01  baselineEval.src.loading  INFO       V013: 35 segment(s)
16:42:01  baselineEval.src.loading  INFO       V014: 34 segment(s)
16:42:01  baselineEval.src.loading  INFO       V015: 14 segment(s)
16:42:01  baselineEval.src.loading  INFO       V016: 35 segment(s)
16:42:01  baselineEval.src.loading  INFO       V017: 25 segment(s)
16:42:01  baselineEval.src.loading  INFO       V018: 51 segment(s)
16:42:01  baselineEval.src.loading  INFO       V019: 38 segment(s)
16:42:01  baselineEval.src.loading  INFO       V020: 39 segment(s)
16:42:01  baselineEval.src.loading  INFO       V021: 51 segment(s)
16:42:01  baselineEval.src.loading  INFO       V022: 37 segment(s)
16:42:01  baselineEval.src.loading  INFO       V023: 41 segment(s)
16:42:01  baselineEval.src.loading  INFO       V024: 19 segment(s)
16:42:01  baselineEval.src.loading  INFO       V025: 35 segment(s)
16:42:01  baselineEval.src.loading  INFO       V026: 44 segment(s)
16:42:01  baselineEval.src.loading  INFO       V027: 34 segment(s)
16:42:01  baselineEval.src.loading  INFO       V028: 34 segment(s)
16:42:01  baselineEval.src.loading  INFO       V029: 40 segment(s)
16:42:01  baselineEval.src.loading  INFO     Computing features for 102 subjects (n_jobs=16) …
Computing features:   0%|          | 0/102 [00:00<?, ?it/s]Computing features:  31%|███▏      | 32/102 [00:17<00:37,  1.85it/s]/srv/beegfs/scratch/shares/schaerm/schaer2/video_sam2_pose/humanLISBET-paper/baselineEval/src/loading.py:118: RuntimeWarning: Precision loss occurred in moment calculation due to catastrophic cancellation. This occurs when the data are nearly identical. Results may be unreliable.
  skewness = float(scipy_stats.skew(valid_wins, bias=False))
/srv/beegfs/scratch/shares/schaerm/schaer2/video_sam2_pose/humanLISBET-paper/baselineEval/src/loading.py:119: RuntimeWarning: Precision loss occurred in moment calculation due to catastrophic cancellation. This occurs when the data are nearly identical. Results may be unreliable.
  kurtosis = float(scipy_stats.kurtosis(valid_wins, bias=False))
Computing features:  47%|████▋     | 48/102 [01:13<01:35,  1.78s/it]Computing features:  63%|██████▎   | 64/102 [01:47<01:12,  1.90s/it]/srv/beegfs/scratch/shares/schaerm/schaer2/video_sam2_pose/humanLISBET-paper/baselineEval/src/loading.py:118: RuntimeWarning: Precision loss occurred in moment calculation due to catastrophic cancellation. This occurs when the data are nearly identical. Results may be unreliable.
  skewness = float(scipy_stats.skew(valid_wins, bias=False))
/srv/beegfs/scratch/shares/schaerm/schaer2/video_sam2_pose/humanLISBET-paper/baselineEval/src/loading.py:119: RuntimeWarning: Precision loss occurred in moment calculation due to catastrophic cancellation. This occurs when the data are nearly identical. Results may be unreliable.
  kurtosis = float(scipy_stats.kurtosis(valid_wins, bias=False))
Computing features:  78%|███████▊  | 80/102 [02:21<00:43,  1.99s/it]Computing features:  94%|█████████▍| 96/102 [02:49<00:11,  1.90s/it]Computing features: 100%|██████████| 102/102 [02:49<00:00,  1.66s/it]
16:46:21  baselineEval.src.loading  INFO     Tukey clipping summary (kinematic): mean=4.06%, max=29.84% across 51 metrics
16:46:21  baselineEval.src.loading  INFO     Feature matrix: 102 subjects × 206 feature columns (+36 meta = 242 total)
16:46:21  baselineEval.src.loading  INFO     Clinical CSV: 119 subjects with ASD/TD diagnosis
16:46:21  baselineEval.src.loading  INFO     Found 452 segment directories in /srv/beegfs/scratch/shares/schaerm/schaer2/video_sam2_pose/humanLISBET-paper/dataset/pose_ready/test
16:46:21  baselineEval.src.loading  INFO     Grouped into 17 video/subject IDs:
16:46:21  baselineEval.src.loading  INFO       7772_T2a_ADOS: 27 segment(s)
16:46:21  baselineEval.src.loading  INFO       8029_T1a_ADOS: 35 segment(s)
16:46:21  baselineEval.src.loading  INFO       8075_T2a_ADOS: 29 segment(s)
16:46:21  baselineEval.src.loading  INFO       8117_T2a_ADOS: 21 segment(s)
16:46:21  baselineEval.src.loading  INFO       8127_T1a_ADOS: 41 segment(s)
16:46:21  baselineEval.src.loading  INFO       8146_T1a_ADOS: 6 segment(s)
16:46:21  baselineEval.src.loading  INFO       8187_T2a_ADOS_M1: 25 segment(s)
16:46:21  baselineEval.src.loading  INFO       8211_T1a_ADOS_compressed: 22 segment(s)
16:46:21  baselineEval.src.loading  INFO       8225_T1a_ADOS: 22 segment(s)
16:46:21  baselineEval.src.loading  INFO       8234_BB_18-21m_ADOS_compressed: 26 segment(s)
16:46:21  baselineEval.src.loading  INFO       8249_T1a_ADOS: 12 segment(s)
16:46:21  baselineEval.src.loading  INFO       8253_T1a_ADOS: 24 segment(s)
16:46:21  baselineEval.src.loading  INFO       8256_T1a_ADOS: 33 segment(s)
16:46:21  baselineEval.src.loading  INFO       8279_T1a_ADOS: 32 segment(s)
16:46:21  baselineEval.src.loading  INFO       8311_T2a_ADOS: 30 segment(s)
16:46:21  baselineEval.src.loading  INFO       8318_T1a_ADOS: 41 segment(s)
16:46:21  baselineEval.src.loading  INFO       8378_T1a_ADOS: 26 segment(s)
16:46:21  baselineEval.src.loading  INFO     Computing features for 17 subjects (n_jobs=16) …
Computing features:   0%|          | 0/17 [00:00<?, ?it/s]Computing features: 100%|██████████| 17/17 [00:00<00:00, 21483.33it/s]
/srv/beegfs/scratch/shares/schaerm/schaer2/video_sam2_pose/humanLISBET-paper/baselineEval/src/loading.py:118: RuntimeWarning: Precision loss occurred in moment calculation due to catastrophic cancellation. This occurs when the data are nearly identical. Results may be unreliable.
  skewness = float(scipy_stats.skew(valid_wins, bias=False))
/srv/beegfs/scratch/shares/schaerm/schaer2/video_sam2_pose/humanLISBET-paper/baselineEval/src/loading.py:119: RuntimeWarning: Precision loss occurred in moment calculation due to catastrophic cancellation. This occurs when the data are nearly identical. Results may be unreliable.
  kurtosis = float(scipy_stats.kurtosis(valid_wins, bias=False))
16:47:28  baselineEval.src.loading  INFO     Tukey clipping summary (kinematic): mean=4.17%, max=40.74% across 51 metrics
16:47:28  baselineEval.src.loading  INFO     Feature matrix: 17 subjects × 206 feature columns (+36 meta = 242 total)
16:47:28  ccnEvaluation         INFO       Train (kinematic): 102 subjects × 242 total columns
16:47:28  ccnEvaluation         INFO       Test  (kinematic): 17 subjects × 242 total columns
16:47:28  ccnEvaluation         INFO     ═══ Step 1b: Embedding feature extraction ═══
16:53:28  baselineEval.src.loading  INFO     Tukey clipping summary (embedding): mean=0.02%, max=7.86% across 128 dims
16:53:28  baselineEval.src.loading  INFO     Embedding DataFrame: 102 subjects × 256 embedding features (+36 meta = 292 total)
16:54:25  baselineEval.src.loading  INFO     Tukey clipping summary (embedding): mean=0.03%, max=6.27% across 128 dims
16:54:25  baselineEval.src.loading  INFO     Embedding DataFrame: 17 subjects × 256 embedding features (+36 meta = 292 total)
16:54:25  ccnEvaluation         INFO       Train (embedding): 102 subjects × 292 total columns
16:54:25  ccnEvaluation         INFO       Test  (embedding): 17 subjects × 292 total columns
16:54:25  ccnEvaluation         INFO     ═══ Step 1 (temporal): Temporal max-pooling feature extraction ═══
16:54:25  baselineEval.src.loading  INFO     Clinical CSV: 119 subjects with ASD/TD diagnosis
16:54:28  baselineEval.src.loading  INFO     Found 2974 segment directories in /srv/beegfs/scratch/shares/schaerm/schaer2/video_sam2_pose/humanLISBET-paper/dataset/pose_ready/train
16:54:28  baselineEval.src.loading  INFO     Computing temporal features for 102 subjects (n_jobs=16) …
Computing temporal features:   0%|          | 0/102 [00:00<?, ?it/s]/srv/beegfs/scratch/shares/schaerm/schaer2/video_sam2_pose/humanLISBET-paper/baselineEval/src/loading.py:1291: RuntimeWarning: All-NaN slice encountered
  rows.append(np.nanmax(chunk, axis=0)) # (F,)
Computing temporal features:  31%|███▏      | 32/102 [00:20<00:45,  1.53it/s]/srv/beegfs/scratch/shares/schaerm/schaer2/video_sam2_pose/humanLISBET-paper/baselineEval/src/loading.py:1291: RuntimeWarning: All-NaN slice encountered
  rows.append(np.nanmax(chunk, axis=0)) # (F,)
/srv/beegfs/scratch/shares/schaerm/schaer2/video_sam2_pose/humanLISBET-paper/baselineEval/src/loading.py:1291: RuntimeWarning: All-NaN slice encountered
  rows.append(np.nanmax(chunk, axis=0)) # (F,)
/srv/beegfs/scratch/shares/schaerm/schaer2/video_sam2_pose/humanLISBET-paper/baselineEval/src/loading.py:1291: RuntimeWarning: All-NaN slice encountered
  rows.append(np.nanmax(chunk, axis=0)) # (F,)
/srv/beegfs/scratch/shares/schaerm/schaer2/video_sam2_pose/humanLISBET-paper/baselineEval/src/loading.py:1291: RuntimeWarning: All-NaN slice encountered
  rows.append(np.nanmax(chunk, axis=0)) # (F,)
/srv/beegfs/scratch/shares/schaerm/schaer2/video_sam2_pose/humanLISBET-paper/baselineEval/src/loading.py:1291: RuntimeWarning: All-NaN slice encountered
  rows.append(np.nanmax(chunk, axis=0)) # (F,)
/srv/beegfs/scratch/shares/schaerm/schaer2/video_sam2_pose/humanLISBET-paper/baselineEval/src/loading.py:1291: RuntimeWarning: All-NaN slice encountered
  rows.append(np.nanmax(chunk, axis=0)) # (F,)
/srv/beegfs/scratch/shares/schaerm/schaer2/video_sam2_pose/humanLISBET-paper/baselineEval/src/loading.py:1291: RuntimeWarning: All-NaN slice encountered
  rows.append(np.nanmax(chunk, axis=0)) # (F,)
Computing temporal features:  47%|████▋     | 48/102 [01:16<01:38,  1.82s/it]/srv/beegfs/scratch/shares/schaerm/schaer2/video_sam2_pose/humanLISBET-paper/baselineEval/src/loading.py:1291: RuntimeWarning: All-NaN slice encountered
  rows.append(np.nanmax(chunk, axis=0)) # (F,)
/srv/beegfs/scratch/shares/schaerm/schaer2/video_sam2_pose/humanLISBET-paper/baselineEval/src/loading.py:1291: RuntimeWarning: All-NaN slice encountered
  rows.append(np.nanmax(chunk, axis=0)) # (F,)
/srv/beegfs/scratch/shares/schaerm/schaer2/video_sam2_pose/humanLISBET-paper/baselineEval/src/loading.py:1291: RuntimeWarning: All-NaN slice encountered
  rows.append(np.nanmax(chunk, axis=0)) # (F,)
/srv/beegfs/scratch/shares/schaerm/schaer2/video_sam2_pose/humanLISBET-paper/baselineEval/src/loading.py:1291: RuntimeWarning: All-NaN slice encountered
  rows.append(np.nanmax(chunk, axis=0)) # (F,)
/srv/beegfs/scratch/shares/schaerm/schaer2/video_sam2_pose/humanLISBET-paper/baselineEval/src/loading.py:1291: RuntimeWarning: All-NaN slice encountered
  rows.append(np.nanmax(chunk, axis=0)) # (F,)
/srv/beegfs/scratch/shares/schaerm/schaer2/video_sam2_pose/humanLISBET-paper/baselineEval/src/loading.py:1291: RuntimeWarning: All-NaN slice encountered
  rows.append(np.nanmax(chunk, axis=0)) # (F,)
/srv/beegfs/scratch/shares/schaerm/schaer2/video_sam2_pose/humanLISBET-paper/baselineEval/src/loading.py:1291: RuntimeWarning: All-NaN slice encountered
  rows.append(np.nanmax(chunk, axis=0)) # (F,)
/srv/beegfs/scratch/shares/schaerm/schaer2/video_sam2_pose/humanLISBET-paper/baselineEval/src/loading.py:1291: RuntimeWarning: All-NaN slice encountered
  rows.append(np.nanmax(chunk, axis=0)) # (F,)
Computing temporal features:  63%|██████▎   | 64/102 [01:51<01:14,  1.97s/it]/srv/beegfs/scratch/shares/schaerm/schaer2/video_sam2_pose/humanLISBET-paper/baselineEval/src/loading.py:1291: RuntimeWarning: All-NaN slice encountered
  rows.append(np.nanmax(chunk, axis=0)) # (F,)
/srv/beegfs/scratch/shares/schaerm/schaer2/video_sam2_pose/humanLISBET-paper/baselineEval/src/loading.py:1291: RuntimeWarning: All-NaN slice encountered
  rows.append(np.nanmax(chunk, axis=0)) # (F,)
/srv/beegfs/scratch/shares/schaerm/schaer2/video_sam2_pose/humanLISBET-paper/baselineEval/src/loading.py:1291: RuntimeWarning: All-NaN slice encountered
  rows.append(np.nanmax(chunk, axis=0)) # (F,)
/srv/beegfs/scratch/shares/schaerm/schaer2/video_sam2_pose/humanLISBET-paper/baselineEval/src/loading.py:1291: RuntimeWarning: All-NaN slice encountered
  rows.append(np.nanmax(chunk, axis=0)) # (F,)
/srv/beegfs/scratch/shares/schaerm/schaer2/video_sam2_pose/humanLISBET-paper/baselineEval/src/loading.py:1291: RuntimeWarning: All-NaN slice encountered
  rows.append(np.nanmax(chunk, axis=0)) # (F,)
/srv/beegfs/scratch/shares/schaerm/schaer2/video_sam2_pose/humanLISBET-paper/baselineEval/src/loading.py:1291: RuntimeWarning: All-NaN slice encountered
  rows.append(np.nanmax(chunk, axis=0)) # (F,)
/srv/beegfs/scratch/shares/schaerm/schaer2/video_sam2_pose/humanLISBET-paper/baselineEval/src/loading.py:1291: RuntimeWarning: All-NaN slice encountered
  rows.append(np.nanmax(chunk, axis=0)) # (F,)
/srv/beegfs/scratch/shares/schaerm/schaer2/video_sam2_pose/humanLISBET-paper/baselineEval/src/loading.py:1291: RuntimeWarning: All-NaN slice encountered
  rows.append(np.nanmax(chunk, axis=0)) # (F,)
/srv/beegfs/scratch/shares/schaerm/schaer2/video_sam2_pose/humanLISBET-paper/baselineEval/src/loading.py:1291: RuntimeWarning: All-NaN slice encountered
  rows.append(np.nanmax(chunk, axis=0)) # (F,)
Computing temporal features:  78%|███████▊  | 80/102 [02:27<00:45,  2.06s/it]/srv/beegfs/scratch/shares/schaerm/schaer2/video_sam2_pose/humanLISBET-paper/baselineEval/src/loading.py:1291: RuntimeWarning: All-NaN slice encountered
  rows.append(np.nanmax(chunk, axis=0)) # (F,)
/srv/beegfs/scratch/shares/schaerm/schaer2/video_sam2_pose/humanLISBET-paper/baselineEval/src/loading.py:1291: RuntimeWarning: All-NaN slice encountered
  rows.append(np.nanmax(chunk, axis=0)) # (F,)
/srv/beegfs/scratch/shares/schaerm/schaer2/video_sam2_pose/humanLISBET-paper/baselineEval/src/loading.py:1291: RuntimeWarning: All-NaN slice encountered
  rows.append(np.nanmax(chunk, axis=0)) # (F,)
/srv/beegfs/scratch/shares/schaerm/schaer2/video_sam2_pose/humanLISBET-paper/baselineEval/src/loading.py:1291: RuntimeWarning: All-NaN slice encountered
  rows.append(np.nanmax(chunk, axis=0)) # (F,)
/srv/beegfs/scratch/shares/schaerm/schaer2/video_sam2_pose/humanLISBET-paper/baselineEval/src/loading.py:1291: RuntimeWarning: All-NaN slice encountered
  rows.append(np.nanmax(chunk, axis=0)) # (F,)
/srv/beegfs/scratch/shares/schaerm/schaer2/video_sam2_pose/humanLISBET-paper/baselineEval/src/loading.py:1291: RuntimeWarning: All-NaN slice encountered
  rows.append(np.nanmax(chunk, axis=0)) # (F,)
/srv/beegfs/scratch/shares/schaerm/schaer2/video_sam2_pose/humanLISBET-paper/baselineEval/src/loading.py:1291: RuntimeWarning: All-NaN slice encountered
  rows.append(np.nanmax(chunk, axis=0)) # (F,)
/srv/beegfs/scratch/shares/schaerm/schaer2/video_sam2_pose/humanLISBET-paper/baselineEval/src/loading.py:1291: RuntimeWarning: All-NaN slice encountered
  rows.append(np.nanmax(chunk, axis=0)) # (F,)
/srv/beegfs/scratch/shares/schaerm/schaer2/video_sam2_pose/humanLISBET-paper/baselineEval/src/loading.py:1291: RuntimeWarning: All-NaN slice encountered
  rows.append(np.nanmax(chunk, axis=0)) # (F,)
Computing temporal features:  94%|█████████▍| 96/102 [02:55<00:11,  1.96s/it]Computing temporal features: 100%|██████████| 102/102 [02:55<00:00,  1.72s/it]
/srv/beegfs/scratch/shares/schaerm/schaer2/video_sam2_pose/humanLISBET-paper/baselineEval/src/loading.py:1291: RuntimeWarning: All-NaN slice encountered
  rows.append(np.nanmax(chunk, axis=0)) # (F,)
/srv/beegfs/scratch/shares/schaerm/schaer2/video_sam2_pose/humanLISBET-paper/baselineEval/src/loading.py:1291: RuntimeWarning: All-NaN slice encountered
  rows.append(np.nanmax(chunk, axis=0)) # (F,)
/srv/beegfs/scratch/shares/schaerm/schaer2/video_sam2_pose/humanLISBET-paper/baselineEval/src/loading.py:1291: RuntimeWarning: All-NaN slice encountered
  rows.append(np.nanmax(chunk, axis=0)) # (F,)
/srv/beegfs/scratch/shares/schaerm/schaer2/video_sam2_pose/humanLISBET-paper/baselineEval/src/loading.py:1291: RuntimeWarning: All-NaN slice encountered
  rows.append(np.nanmax(chunk, axis=0)) # (F,)
/srv/beegfs/scratch/shares/schaerm/schaer2/video_sam2_pose/humanLISBET-paper/baselineEval/src/loading.py:1291: RuntimeWarning: All-NaN slice encountered
  rows.append(np.nanmax(chunk, axis=0)) # (F,)
/srv/beegfs/scratch/shares/schaerm/schaer2/video_sam2_pose/humanLISBET-paper/baselineEval/src/loading.py:1291: RuntimeWarning: All-NaN slice encountered
  rows.append(np.nanmax(chunk, axis=0)) # (F,)
/srv/beegfs/scratch/shares/schaerm/schaer2/video_sam2_pose/humanLISBET-paper/baselineEval/src/loading.py:1291: RuntimeWarning: All-NaN slice encountered
  rows.append(np.nanmax(chunk, axis=0)) # (F,)
/srv/beegfs/scratch/shares/schaerm/schaer2/video_sam2_pose/humanLISBET-paper/baselineEval/src/loading.py:1291: RuntimeWarning: All-NaN slice encountered
  rows.append(np.nanmax(chunk, axis=0)) # (F,)
/srv/beegfs/scratch/shares/schaerm/schaer2/video_sam2_pose/humanLISBET-paper/baselineEval/src/loading.py:1291: RuntimeWarning: All-NaN slice encountered
  rows.append(np.nanmax(chunk, axis=0)) # (F,)
/srv/beegfs/scratch/shares/schaerm/schaer2/video_sam2_pose/humanLISBET-paper/baselineEval/src/loading.py:1291: RuntimeWarning: All-NaN slice encountered
  rows.append(np.nanmax(chunk, axis=0)) # (F,)
/srv/beegfs/scratch/shares/schaerm/schaer2/video_sam2_pose/humanLISBET-paper/baselineEval/src/loading.py:1291: RuntimeWarning: All-NaN slice encountered
  rows.append(np.nanmax(chunk, axis=0)) # (F,)
/srv/beegfs/scratch/shares/schaerm/schaer2/video_sam2_pose/humanLISBET-paper/baselineEval/src/loading.py:1291: RuntimeWarning: All-NaN slice encountered
  rows.append(np.nanmax(chunk, axis=0)) # (F,)
/srv/beegfs/scratch/shares/schaerm/schaer2/video_sam2_pose/humanLISBET-paper/baselineEval/src/loading.py:1291: RuntimeWarning: All-NaN slice encountered
  rows.append(np.nanmax(chunk, axis=0)) # (F,)
/srv/beegfs/scratch/shares/schaerm/schaer2/video_sam2_pose/humanLISBET-paper/baselineEval/src/loading.py:1291: RuntimeWarning: All-NaN slice encountered
  rows.append(np.nanmax(chunk, axis=0)) # (F,)
/srv/beegfs/scratch/shares/schaerm/schaer2/video_sam2_pose/humanLISBET-paper/baselineEval/src/loading.py:1291: RuntimeWarning: All-NaN slice encountered
  rows.append(np.nanmax(chunk, axis=0)) # (F,)
/srv/beegfs/scratch/shares/schaerm/schaer2/video_sam2_pose/humanLISBET-paper/baselineEval/src/loading.py:1291: RuntimeWarning: All-NaN slice encountered
  rows.append(np.nanmax(chunk, axis=0)) # (F,)
16:58:58  baselineEval.src.loading  INFO     Temporal kinematic matrix: 102 subjects × 159 feature columns
16:58:58  baselineEval.src.loading  INFO     Clinical CSV: 119 subjects with ASD/TD diagnosis
16:58:59  baselineEval.src.loading  INFO     Found 452 segment directories in /srv/beegfs/scratch/shares/schaerm/schaer2/video_sam2_pose/humanLISBET-paper/dataset/pose_ready/test
16:58:59  baselineEval.src.loading  INFO     Computing temporal features for 17 subjects (n_jobs=16) …
Computing temporal features:   0%|          | 0/17 [00:00<?, ?it/s]Computing temporal features: 100%|██████████| 17/17 [00:00<00:00, 20273.86it/s]
/srv/beegfs/scratch/shares/schaerm/schaer2/video_sam2_pose/humanLISBET-paper/baselineEval/src/loading.py:1291: RuntimeWarning: All-NaN slice encountered
  rows.append(np.nanmax(chunk, axis=0)) # (F,)
/srv/beegfs/scratch/shares/schaerm/schaer2/video_sam2_pose/humanLISBET-paper/baselineEval/src/loading.py:1291: RuntimeWarning: All-NaN slice encountered
  rows.append(np.nanmax(chunk, axis=0)) # (F,)
/srv/beegfs/scratch/shares/schaerm/schaer2/video_sam2_pose/humanLISBET-paper/baselineEval/src/loading.py:1291: RuntimeWarning: All-NaN slice encountered
  rows.append(np.nanmax(chunk, axis=0)) # (F,)
/srv/beegfs/scratch/shares/schaerm/schaer2/video_sam2_pose/humanLISBET-paper/baselineEval/src/loading.py:1291: RuntimeWarning: All-NaN slice encountered
  rows.append(np.nanmax(chunk, axis=0)) # (F,)
/srv/beegfs/scratch/shares/schaerm/schaer2/video_sam2_pose/humanLISBET-paper/baselineEval/src/loading.py:1291: RuntimeWarning: All-NaN slice encountered
  rows.append(np.nanmax(chunk, axis=0)) # (F,)
/srv/beegfs/scratch/shares/schaerm/schaer2/video_sam2_pose/humanLISBET-paper/baselineEval/src/loading.py:1291: RuntimeWarning: All-NaN slice encountered
  rows.append(np.nanmax(chunk, axis=0)) # (F,)
/srv/beegfs/scratch/shares/schaerm/schaer2/video_sam2_pose/humanLISBET-paper/baselineEval/src/loading.py:1291: RuntimeWarning: All-NaN slice encountered
  rows.append(np.nanmax(chunk, axis=0)) # (F,)
/srv/beegfs/scratch/shares/schaerm/schaer2/video_sam2_pose/humanLISBET-paper/baselineEval/src/loading.py:1291: RuntimeWarning: All-NaN slice encountered
  rows.append(np.nanmax(chunk, axis=0)) # (F,)
17:00:06  baselineEval.src.loading  INFO     Temporal kinematic matrix: 17 subjects × 159 feature columns
17:00:06  ccnEvaluation         INFO       Train (temporal kinematic): 102 subjects × 195 total columns
17:00:06  ccnEvaluation         INFO       Test  (temporal kinematic): 17 subjects × 195 total columns
17:00:06  ccnEvaluation         INFO     ═══ Step 1b (temporal): Temporal embedding feature extraction ═══
17:04:46  baselineEval.src.loading  INFO     Embedding temporal window sizes — mean=1120  min=103  max=2448  (N_TEMPORAL_SEGMENTS=35)
17:04:46  baselineEval.src.loading  INFO     Temporal embedding DataFrame: 102 subjects × 384 embedding features
17:05:26  baselineEval.src.loading  INFO     Embedding temporal window sizes — mean=1190  min=409  max=2194  (N_TEMPORAL_SEGMENTS=35)
17:05:26  baselineEval.src.loading  INFO     Temporal embedding DataFrame: 17 subjects × 384 embedding features
17:05:26  ccnEvaluation         INFO       Train (temporal embedding): 102 subjects × 420 total columns
17:05:26  ccnEvaluation         INFO       Test  (temporal embedding): 17 subjects × 420 total columns
17:05:26  ccnEvaluation         INFO     Temporal pooling enabled — added 4 temporal representations.
17:05:26  ccnEvaluation         WARNING  Skipping target 'MSEL_GM_DQ': 72 non-null samples (< 90 minimum).
17:05:26  ccnEvaluation         INFO     ═══ Representation: motor_only ═══
17:05:26  ccnEvaluation         INFO       Features for motor_only: 186 columns
17:05:26  ccnEvaluation         INFO     ═══ Step 2: Preprocessing report ═══
17:05:26  baselineEval.src.preprocessing  INFO     Feature selection (full dataset): 186 features → 131 kept (0 missingness, 0 near-zero-var, 55 correlated)
17:05:26  baselineEval.src.preprocessing  INFO     Feature selection report → /srv/beegfs/scratch/shares/schaerm/schaer2/video_sam2_pose/humanLISBET-paper/baselineEval/results_stats_temporal_maxpool/motor_only/feature_selection_report.csv
17:05:26  baselineEval.src.preprocessing  INFO     PCA explained-variance data → /srv/beegfs/scratch/shares/schaerm/schaer2/video_sam2_pose/humanLISBET-paper/baselineEval/results_stats_temporal_maxpool/motor_only/pca_explained_variance.csv
17:05:28  baselineEval.src.preprocessing  INFO     PCA explained-variance plot → /srv/beegfs/scratch/shares/schaerm/schaer2/video_sam2_pose/humanLISBET-paper/baselineEval/results_stats_temporal_maxpool/motor_only/pca_explained_variance.png
17:05:28  ccnEvaluation         INFO     ── CV for diagnosis (classification) ──
17:05:28  ccnEvaluation         INFO       X: (102, 186), y: (102,) (classes: [0 1])
17:05:39  baselineEval.src.cross_validation  INFO     Classification CV: 2 models, 5×10 nested CV (50 total outer folds)
17:07:11  baselineEval.src.cross_validation  INFO       Saved: predictions_per_subject.csv
17:07:12  baselineEval.src.cross_validation  INFO       CV results: 100 rows → /srv/beegfs/scratch/shares/schaerm/schaer2/video_sam2_pose/humanLISBET-paper/baselineEval/results_stats_temporal_maxpool/motor_only/classification/diagnosis/cv_results.csv
17:07:12  baselineEval.src.cross_validation  INFO     
── Classification AUC-ROC summary (diagnosis) ──
model  auc_roc_mean  auc_roc_std
lasso      0.793069     0.081266
 lgbm      0.792541     0.096305
17:07:12  ccnEvaluation         INFO     ── Held-out for diagnosis (classification | motor_only) ──
17:07:12  baselineEval.src.held_out  INFO     Best classification model: lasso (AUC=0.7931 ± 0.0813)
17:07:12  baselineEval.src.held_out  INFO     Held-out classification (motor_only | diagnosis): model=lasso AUC=0.800 BAcc=0.757 Acc=0.765 [0.501, 0.932]
17:07:28  baselineEval.src.plotting  INFO       Saved: shap_bar_top20.png and shap_beeswarm_top20.png
17:07:28  baselineEval.src.held_out  INFO     SHAP saved → /srv/beegfs/scratch/shares/schaerm/schaer2/video_sam2_pose/humanLISBET-paper/baselineEval/results_stats_temporal_maxpool/motor_only/held_out/classification/diagnosis/shap
17:07:28  ccnEvaluation         INFO     ── CV for ADOS_2_ADOS_G_revised_RRB_level_of_symptoms (classification) ──
17:07:28  ccnEvaluation         INFO       X: (102, 186), y: (102,) (classes: [0 1 2])
17:07:28  baselineEval.src.cross_validation  INFO     Classification CV: 2 models, 5×10 nested CV (50 total outer folds)
17:09:35  baselineEval.src.cross_validation  INFO       Saved: predictions_per_subject.csv
17:09:36  baselineEval.src.cross_validation  INFO       CV results: 100 rows → /srv/beegfs/scratch/shares/schaerm/schaer2/video_sam2_pose/humanLISBET-paper/baselineEval/results_stats_temporal_maxpool/motor_only/classification/ADOS_2_ADOS_G_revised_RRB_level_of_symptoms/cv_results.csv
17:09:36  baselineEval.src.cross_validation  INFO     
── Classification F1-macro summary (ADOS_2_ADOS_G_revised_RRB_level_of_symptoms) ──
model  f1_macro_mean  f1_macro_std
lasso       0.585429      0.135446
 lgbm       0.545032      0.118897
17:09:36  ccnEvaluation         INFO     ── Held-out for ADOS_2_ADOS_G_revised_RRB_level_of_symptoms (classification | motor_only) ──
17:09:36  baselineEval.src.held_out  INFO     Best classification model: lasso (F1-macro=0.5854 ± 0.1354)
17:09:37  baselineEval.src.held_out  INFO     Held-out classification (motor_only | ADOS_2_ADOS_G_revised_RRB_level_of_symptoms): model=lasso F1-macro=0.428 BAcc=0.428 Acc=0.529 [0.278, 0.770]
17:09:40  baselineEval.src.plotting  INFO       Saved: shap_bar_top20.png and shap_beeswarm_top20.png
17:09:40  baselineEval.src.held_out  INFO     SHAP saved → /srv/beegfs/scratch/shares/schaerm/schaer2/video_sam2_pose/humanLISBET-paper/baselineEval/results_stats_temporal_maxpool/motor_only/held_out/classification/ADOS_2_ADOS_G_revised_RRB_level_of_symptoms/shap
17:09:40  ccnEvaluation         INFO     ── CV for ADOS_2_ADOS_G_REVISED_SA_LEVEL_OF_SYMPTOMS (classification) ──
17:09:40  ccnEvaluation         INFO       X: (102, 186), y: (102,) (classes: [0 1 2 3])
17:09:40  baselineEval.src.cross_validation  INFO     Classification CV: 2 models, 5×10 nested CV (50 total outer folds)
17:12:10  baselineEval.src.cross_validation  INFO       Saved: predictions_per_subject.csv
17:12:11  baselineEval.src.cross_validation  INFO       CV results: 100 rows → /srv/beegfs/scratch/shares/schaerm/schaer2/video_sam2_pose/humanLISBET-paper/baselineEval/results_stats_temporal_maxpool/motor_only/classification/ADOS_2_ADOS_G_REVISED_SA_LEVEL_OF_SYMPTOMS/cv_results.csv
17:12:11  baselineEval.src.cross_validation  INFO     
── Classification F1-macro summary (ADOS_2_ADOS_G_REVISED_SA_LEVEL_OF_SYMPTOMS) ──
model  f1_macro_mean  f1_macro_std
lasso       0.395573      0.110206
 lgbm       0.402359      0.088541
17:12:11  ccnEvaluation         INFO     ── Held-out for ADOS_2_ADOS_G_REVISED_SA_LEVEL_OF_SYMPTOMS (classification | motor_only) ──
17:12:11  baselineEval.src.held_out  INFO     Best classification model: lgbm (F1-macro=0.4024 ± 0.0885)
17:12:11  baselineEval.src.held_out  INFO     Held-out classification (motor_only | ADOS_2_ADOS_G_REVISED_SA_LEVEL_OF_SYMPTOMS): model=lgbm F1-macro=0.163 BAcc=0.190 Acc=0.235 [0.068, 0.499]
17:12:15  baselineEval.src.plotting  INFO       Saved: shap_bar_top20.png and shap_beeswarm_top20.png
17:12:15  baselineEval.src.held_out  INFO     SHAP saved → /srv/beegfs/scratch/shares/schaerm/schaer2/video_sam2_pose/humanLISBET-paper/baselineEval/results_stats_temporal_maxpool/motor_only/held_out/classification/ADOS_2_ADOS_G_REVISED_SA_LEVEL_OF_SYMPTOMS/shap
17:12:15  ccnEvaluation         INFO     ── CV for ADOS_G_ADOS_2_TOTAL_score_de_severite (regression) ──
17:12:15  ccnEvaluation         INFO       X: (102, 186), y: (102,) (classes: [ 1.  2.  3.  4.  5.  6.  7.  8.  9. 10.])
17:12:15  baselineEval.src.cross_validation  INFO     Regression CV: 2 models, 5×10 nested CV (50 total outer folds)
17:13:10  baselineEval.src.cross_validation  INFO       Saved: predictions_per_subject.csv
17:13:10  baselineEval.src.cross_validation  INFO       CV results: 100 rows → /srv/beegfs/scratch/shares/schaerm/schaer2/video_sam2_pose/humanLISBET-paper/baselineEval/results_stats_temporal_maxpool/motor_only/regression/ADOS_G_ADOS_2_TOTAL_score_de_severite/cv_results.csv
17:13:10  baselineEval.src.cross_validation  INFO     
── Regression summary (ADOS_G_ADOS_2_TOTAL_score_de_severite) ──
model     rmse       r2  spearman_r
lasso 2.827040 0.278863    0.581779
 lgbm 2.804141 0.280987    0.557046
17:13:10  ccnEvaluation         INFO     ── Held-out for ADOS_G_ADOS_2_TOTAL_score_de_severite (regression | motor_only) ──
17:13:10  baselineEval.src.held_out  INFO     Best regression model: lgbm (RMSE=2.8041 ± 0.4017)
17:13:11  baselineEval.src.held_out  INFO     Held-out regression (motor_only | ADOS_G_ADOS_2_TOTAL_score_de_severite): model=lgbm RMSE=3.155 [2.016, 4.201] R²=0.190 [-0.528, 0.624] ρ=0.459
17:13:14  baselineEval.src.plotting  INFO       Saved: shap_bar_top20.png and shap_beeswarm_top20.png
17:13:14  baselineEval.src.held_out  INFO     SHAP saved → /srv/beegfs/scratch/shares/schaerm/schaer2/video_sam2_pose/humanLISBET-paper/baselineEval/results_stats_temporal_maxpool/motor_only/held_out/regression/ADOS_G_ADOS_2_TOTAL_score_de_severite/shap
17:13:14  ccnEvaluation         INFO     ── CV for ADOS_2_ADOS_G_REVISED_SA_SEVERITY_SCORE (regression) ──
17:13:14  ccnEvaluation         INFO       X: (102, 186), y: (102,) (classes: [ 1.  2.  3.  4.  5.  6.  7.  9. 10.])
17:13:14  baselineEval.src.cross_validation  INFO     Regression CV: 2 models, 5×10 nested CV (50 total outer folds)
17:14:08  baselineEval.src.cross_validation  INFO       Saved: predictions_per_subject.csv
17:14:08  baselineEval.src.cross_validation  INFO       CV results: 100 rows → /srv/beegfs/scratch/shares/schaerm/schaer2/video_sam2_pose/humanLISBET-paper/baselineEval/results_stats_temporal_maxpool/motor_only/regression/ADOS_2_ADOS_G_REVISED_SA_SEVERITY_SCORE/cv_results.csv
17:14:08  baselineEval.src.cross_validation  INFO     
── Regression summary (ADOS_2_ADOS_G_REVISED_SA_SEVERITY_SCORE) ──
model     rmse       r2  spearman_r
lasso 2.498342 0.329590    0.591861
 lgbm 2.621372 0.252179    0.516822
17:14:08  ccnEvaluation         INFO     ── Held-out for ADOS_2_ADOS_G_REVISED_SA_SEVERITY_SCORE (regression | motor_only) ──
17:14:08  baselineEval.src.held_out  INFO     Best regression model: lasso (RMSE=2.4983 ± 0.3201)
17:14:09  baselineEval.src.held_out  INFO     Held-out regression (motor_only | ADOS_2_ADOS_G_REVISED_SA_SEVERITY_SCORE): model=lasso RMSE=2.627 [1.401, 3.807] R²=0.162 [-0.657, 0.724] ρ=0.530
17:14:12  baselineEval.src.plotting  INFO       Saved: shap_bar_top20.png and shap_beeswarm_top20.png
17:14:12  baselineEval.src.held_out  INFO     SHAP saved → /srv/beegfs/scratch/shares/schaerm/schaer2/video_sam2_pose/humanLISBET-paper/baselineEval/results_stats_temporal_maxpool/motor_only/held_out/regression/ADOS_2_ADOS_G_REVISED_SA_SEVERITY_SCORE/shap
17:14:12  ccnEvaluation         INFO     ── CV for ADOS_2_ADOS_G_REVISED_RRB_SEVERITY_SCORE_new (regression) ──
17:14:12  ccnEvaluation         INFO       X: (102, 186), y: (102,) (classes: [ 1.  5.  6.  7.  8.  9. 10.])
17:14:12  baselineEval.src.cross_validation  INFO     Regression CV: 2 models, 5×10 nested CV (50 total outer folds)
17:15:07  baselineEval.src.cross_validation  INFO       Saved: predictions_per_subject.csv
17:15:07  baselineEval.src.cross_validation  INFO       CV results: 100 rows → /srv/beegfs/scratch/shares/schaerm/schaer2/video_sam2_pose/humanLISBET-paper/baselineEval/results_stats_temporal_maxpool/motor_only/regression/ADOS_2_ADOS_G_REVISED_RRB_SEVERITY_SCORE_new/cv_results.csv
17:15:07  baselineEval.src.cross_validation  INFO     
── Regression summary (ADOS_2_ADOS_G_REVISED_RRB_SEVERITY_SCORE_new) ──
model     rmse       r2  spearman_r
lasso 2.929841 0.126683    0.457123
 lgbm 2.823920 0.176374    0.503509
17:15:07  ccnEvaluation         INFO     ── Held-out for ADOS_2_ADOS_G_REVISED_RRB_SEVERITY_SCORE_new (regression | motor_only) ──
17:15:07  baselineEval.src.held_out  INFO     Best regression model: lgbm (RMSE=2.8239 ± 0.3843)
17:15:08  baselineEval.src.held_out  INFO     Held-out regression (motor_only | ADOS_2_ADOS_G_REVISED_RRB_SEVERITY_SCORE_new): model=lgbm RMSE=2.586 [1.760, 3.319] R²=0.528 [0.085, 0.754] ρ=0.843
17:15:12  baselineEval.src.plotting  INFO       Saved: shap_bar_top20.png and shap_beeswarm_top20.png
17:15:12  baselineEval.src.held_out  INFO     SHAP saved → /srv/beegfs/scratch/shares/schaerm/schaer2/video_sam2_pose/humanLISBET-paper/baselineEval/results_stats_temporal_maxpool/motor_only/held_out/regression/ADOS_2_ADOS_G_REVISED_RRB_SEVERITY_SCORE_new/shap
17:15:12  ccnEvaluation         INFO     ── CV for VLDII_AdSS (regression) ──
17:15:12  ccnEvaluation         INFO       X: (95, 186), y: (95,) (classes: [ 51.  63.  64.  65.  66.  68.  69.  70.  71.  72.  73.  74.  75.  76.
  77.  78.  79.  80.  81.  83.  84.  85.  86.  87.  88.  89.  90.  91.
  92.  93.  94.  95.  96.  97.  99. 100. 102. 103. 104. 105. 107. 108.
 109. 110. 113. 115. 117.])
17:15:12  baselineEval.src.cross_validation  INFO     Regression CV: 2 models, 5×10 nested CV (50 total outer folds)
17:16:05  baselineEval.src.cross_validation  INFO       Saved: predictions_per_subject.csv
17:16:05  baselineEval.src.cross_validation  INFO       CV results: 100 rows → /srv/beegfs/scratch/shares/schaerm/schaer2/video_sam2_pose/humanLISBET-paper/baselineEval/results_stats_temporal_maxpool/motor_only/regression/VLDII_AdSS/cv_results.csv
17:16:05  baselineEval.src.cross_validation  INFO     
── Regression summary (VLDII_AdSS) ──
model      rmse       r2  spearman_r
lasso 13.678278 0.117173    0.405784
 lgbm 13.995779 0.073967    0.349140
17:16:05  ccnEvaluation         INFO     ── Held-out for VLDII_AdSS (regression | motor_only) ──
17:16:05  baselineEval.src.held_out  INFO     Best regression model: lasso (RMSE=13.6783 ± 1.4921)
17:16:06  baselineEval.src.held_out  INFO     Held-out regression (motor_only | VLDII_AdSS): model=lasso RMSE=11.896 [9.253, 14.204] R²=0.435 [0.155, 0.549] ρ=0.749
17:16:09  baselineEval.src.plotting  INFO       Saved: shap_bar_top20.png and shap_beeswarm_top20.png
17:16:09  baselineEval.src.held_out  INFO     SHAP saved → /srv/beegfs/scratch/shares/schaerm/schaer2/video_sam2_pose/humanLISBET-paper/baselineEval/results_stats_temporal_maxpool/motor_only/held_out/regression/VLDII_AdSS/shap
17:16:09  ccnEvaluation         INFO     ── CV for VLDII_MotorSS (regression) ──
17:16:09  ccnEvaluation         INFO       X: (95, 186), y: (95,) (classes: [ 56.  67.  69.  70.  72.  75.  79.  81.  82.  84.  85.  88.  90.  93.
  94.  95.  96.  97. 100. 102. 104. 105. 106. 108. 111. 114. 121. 131.])
17:16:09  baselineEval.src.cross_validation  INFO     Regression CV: 2 models, 5×10 nested CV (50 total outer folds)
17:17:03  baselineEval.src.cross_validation  INFO       Saved: predictions_per_subject.csv
17:17:03  baselineEval.src.cross_validation  INFO       CV results: 100 rows → /srv/beegfs/scratch/shares/schaerm/schaer2/video_sam2_pose/humanLISBET-paper/baselineEval/results_stats_temporal_maxpool/motor_only/regression/VLDII_MotorSS/cv_results.csv
17:17:03  baselineEval.src.cross_validation  INFO     
── Regression summary (VLDII_MotorSS) ──
model      rmse        r2  spearman_r
lasso 12.481750 -0.028611   -0.091847
 lgbm 12.846648 -0.097030    0.063045
17:17:03  ccnEvaluation         INFO     ── Held-out for VLDII_MotorSS (regression | motor_only) ──
17:17:03  baselineEval.src.held_out  INFO     Best regression model: lasso (RMSE=12.4817 ± 1.4037)
/srv/beegfs/scratch/shares/schaerm/schaer2/video_sam2_pose/humanLISBET-paper/baselineEval/src/held_out.py:422: ConstantInputWarning: An input array is constant; the correlation coefficient is not defined.
  sp_r, _ = spearmanr(y_test, y_pred)
/srv/beegfs/scratch/shares/schaerm/schaer2/video_sam2_pose/humanLISBET-paper/baselineEval/src/held_out.py:423: ConstantInputWarning: An input array is constant; the correlation coefficient is not defined.
  pe_r, _ = pearsonr(y_test, y_pred)
17:17:04  baselineEval.src.held_out  INFO     Held-out regression (motor_only | VLDII_MotorSS): model=lasso RMSE=12.713 [9.358, 16.144] R²=-0.009 [-0.572, -0.000] ρ=nan
17:17:07  baselineEval.src.plotting  INFO       Saved: shap_bar_top20.png and shap_beeswarm_top20.png
17:17:07  baselineEval.src.held_out  INFO     SHAP saved → /srv/beegfs/scratch/shares/schaerm/schaer2/video_sam2_pose/humanLISBET-paper/baselineEval/results_stats_temporal_maxpool/motor_only/held_out/regression/VLDII_MotorSS/shap
17:17:07  ccnEvaluation         INFO     ── CV for VLDII_gmsVS (regression) ──
17:17:07  ccnEvaluation         INFO       X: (95, 186), y: (95,) (classes: [ 8.  9. 10. 11. 12. 13. 14. 15. 16. 17. 18. 22.])
17:17:07  baselineEval.src.cross_validation  INFO     Regression CV: 2 models, 5×10 nested CV (50 total outer folds)
17:17:59  baselineEval.src.cross_validation  INFO       Saved: predictions_per_subject.csv
17:17:59  baselineEval.src.cross_validation  INFO       CV results: 100 rows → /srv/beegfs/scratch/shares/schaerm/schaer2/video_sam2_pose/humanLISBET-paper/baselineEval/results_stats_temporal_maxpool/motor_only/regression/VLDII_gmsVS/cv_results.csv
17:17:59  baselineEval.src.cross_validation  INFO     
── Regression summary (VLDII_gmsVS) ──
model     rmse        r2  spearman_r
lasso 2.124833 -0.023052   -0.378994
 lgbm 2.188772 -0.102252    0.101837
17:17:59  ccnEvaluation         INFO     ── Held-out for VLDII_gmsVS (regression | motor_only) ──
17:17:59  baselineEval.src.held_out  INFO     Best regression model: lasso (RMSE=2.1248 ± 0.3509)
/srv/beegfs/scratch/shares/schaerm/schaer2/video_sam2_pose/humanLISBET-paper/baselineEval/src/held_out.py:422: ConstantInputWarning: An input array is constant; the correlation coefficient is not defined.
  sp_r, _ = spearmanr(y_test, y_pred)
/srv/beegfs/scratch/shares/schaerm/schaer2/video_sam2_pose/humanLISBET-paper/baselineEval/src/held_out.py:423: ConstantInputWarning: An input array is constant; the correlation coefficient is not defined.
  pe_r, _ = pearsonr(y_test, y_pred)
17:18:00  baselineEval.src.held_out  INFO     Held-out regression (motor_only | VLDII_gmsVS): model=lasso RMSE=1.893 [1.289, 2.418] R²=-0.014 [-0.494, -0.000] ρ=nan
17:18:04  baselineEval.src.plotting  INFO       Saved: shap_bar_top20.png and shap_beeswarm_top20.png
17:18:04  baselineEval.src.held_out  INFO     SHAP saved → /srv/beegfs/scratch/shares/schaerm/schaer2/video_sam2_pose/humanLISBET-paper/baselineEval/results_stats_temporal_maxpool/motor_only/held_out/regression/VLDII_gmsVS/shap
17:18:04  ccnEvaluation         INFO     ── CV for VLDII_fmsVS (regression) ──
17:18:04  ccnEvaluation         INFO       X: (95, 186), y: (95,) (classes: [ 7.  8.  9. 10. 11. 12. 13. 14. 15. 16. 17. 18.])
17:18:04  baselineEval.src.cross_validation  INFO     Regression CV: 2 models, 5×10 nested CV (50 total outer folds)
17:18:56  baselineEval.src.cross_validation  INFO       Saved: predictions_per_subject.csv
17:18:56  baselineEval.src.cross_validation  INFO       CV results: 100 rows → /srv/beegfs/scratch/shares/schaerm/schaer2/video_sam2_pose/humanLISBET-paper/baselineEval/results_stats_temporal_maxpool/motor_only/regression/VLDII_fmsVS/cv_results.csv
17:18:56  baselineEval.src.cross_validation  INFO     
── Regression summary (VLDII_fmsVS) ──
model    rmse        r2  spearman_r
lasso 2.46322 -0.021579    0.020722
 lgbm 2.61557 -0.163411   -0.021694
17:18:56  ccnEvaluation         INFO     ── Held-out for VLDII_fmsVS (regression | motor_only) ──
17:18:56  baselineEval.src.held_out  INFO     Best regression model: lasso (RMSE=2.4632 ± 0.2499)
/srv/beegfs/scratch/shares/schaerm/schaer2/video_sam2_pose/humanLISBET-paper/baselineEval/src/held_out.py:422: ConstantInputWarning: An input array is constant; the correlation coefficient is not defined.
  sp_r, _ = spearmanr(y_test, y_pred)
/srv/beegfs/scratch/shares/schaerm/schaer2/video_sam2_pose/humanLISBET-paper/baselineEval/src/held_out.py:423: ConstantInputWarning: An input array is constant; the correlation coefficient is not defined.
  pe_r, _ = pearsonr(y_test, y_pred)
17:18:57  baselineEval.src.held_out  INFO     Held-out regression (motor_only | VLDII_fmsVS): model=lasso RMSE=2.495 [1.826, 3.138] R²=-0.013 [-0.555, -0.000] ρ=nan
17:19:00  baselineEval.src.plotting  INFO       Saved: shap_bar_top20.png and shap_beeswarm_top20.png
17:19:00  baselineEval.src.held_out  INFO     SHAP saved → /srv/beegfs/scratch/shares/schaerm/schaer2/video_sam2_pose/humanLISBET-paper/baselineEval/results_stats_temporal_maxpool/motor_only/held_out/regression/VLDII_fmsVS/shap
17:19:00  ccnEvaluation         INFO     ── CV for VLDII_SocSS (regression) ──
17:19:00  ccnEvaluation         INFO       X: (95, 186), y: (95,) (classes: [ 59.  65.  66.  68.  70.  72.  74.  75.  76.  78.  79.  80.  81.  82.
  84.  86.  88.  89.  90.  91.  92.  94.  95.  96.  98. 100. 101. 102.
 105. 109. 111. 112. 114.])
17:19:00  baselineEval.src.cross_validation  INFO     Regression CV: 2 models, 5×10 nested CV (50 total outer folds)
17:19:54  baselineEval.src.cross_validation  INFO       Saved: predictions_per_subject.csv
17:19:54  baselineEval.src.cross_validation  INFO       CV results: 100 rows → /srv/beegfs/scratch/shares/schaerm/schaer2/video_sam2_pose/humanLISBET-paper/baselineEval/results_stats_temporal_maxpool/motor_only/regression/VLDII_SocSS/cv_results.csv
17:19:54  baselineEval.src.cross_validation  INFO     
── Regression summary (VLDII_SocSS) ──
model      rmse       r2  spearman_r
lasso 11.325395 0.122884    0.445063
 lgbm 11.173084 0.145442    0.457020
17:19:54  ccnEvaluation         INFO     ── Held-out for VLDII_SocSS (regression | motor_only) ──
17:19:54  baselineEval.src.held_out  INFO     Best regression model: lgbm (RMSE=11.1731 ± 1.4421)
17:19:54  baselineEval.src.held_out  INFO     Held-out regression (motor_only | VLDII_SocSS): model=lgbm RMSE=10.448 [8.214, 12.343] R²=0.282 [-0.189, 0.455] ρ=0.497
17:19:58  baselineEval.src.plotting  INFO       Saved: shap_bar_top20.png and shap_beeswarm_top20.png
17:19:58  baselineEval.src.held_out  INFO     SHAP saved → /srv/beegfs/scratch/shares/schaerm/schaer2/video_sam2_pose/humanLISBET-paper/baselineEval/results_stats_temporal_maxpool/motor_only/held_out/regression/VLDII_SocSS/shap
17:19:58  ccnEvaluation         INFO     ── CV for VLDII_intVS (regression) ──
17:19:58  ccnEvaluation         INFO       X: (95, 186), y: (95,) (classes: [ 6.  8.  9. 10. 11. 12. 13. 14. 15. 16. 17. 18. 19. 20.])
17:19:58  baselineEval.src.cross_validation  INFO     Regression CV: 2 models, 5×10 nested CV (50 total outer folds)
17:20:50  baselineEval.src.cross_validation  INFO       Saved: predictions_per_subject.csv
17:20:50  baselineEval.src.cross_validation  INFO       CV results: 100 rows → /srv/beegfs/scratch/shares/schaerm/schaer2/video_sam2_pose/humanLISBET-paper/baselineEval/results_stats_temporal_maxpool/motor_only/regression/VLDII_intVS/cv_results.csv
17:20:50  baselineEval.src.cross_validation  INFO     
── Regression summary (VLDII_intVS) ──
model     rmse      r2  spearman_r
lasso 2.519810 0.11557    0.458231
 lgbm 2.460187 0.15187    0.491469
17:20:50  ccnEvaluation         INFO     ── Held-out for VLDII_intVS (regression | motor_only) ──
17:20:50  baselineEval.src.held_out  INFO     Best regression model: lgbm (RMSE=2.4602 ± 0.3392)
17:20:51  baselineEval.src.held_out  INFO     Held-out regression (motor_only | VLDII_intVS): model=lgbm RMSE=2.563 [2.036, 3.030] R²=0.267 [-0.250, 0.475] ρ=0.518
17:20:54  baselineEval.src.plotting  INFO       Saved: shap_bar_top20.png and shap_beeswarm_top20.png
17:20:54  baselineEval.src.held_out  INFO     SHAP saved → /srv/beegfs/scratch/shares/schaerm/schaer2/video_sam2_pose/humanLISBET-paper/baselineEval/results_stats_temporal_maxpool/motor_only/held_out/regression/VLDII_intVS/shap
17:20:54  ccnEvaluation         INFO     ── CV for VLDII_plaVS (regression) ──
17:20:54  ccnEvaluation         INFO       X: (95, 186), y: (95,) (classes: [ 7.  8.  9. 10. 11. 12. 13. 14. 15. 16. 17. 18. 19.])
17:20:54  baselineEval.src.cross_validation  INFO     Regression CV: 2 models, 5×10 nested CV (50 total outer folds)
17:21:47  baselineEval.src.cross_validation  INFO       Saved: predictions_per_subject.csv
17:21:47  baselineEval.src.cross_validation  INFO       CV results: 100 rows → /srv/beegfs/scratch/shares/schaerm/schaer2/video_sam2_pose/humanLISBET-paper/baselineEval/results_stats_temporal_maxpool/motor_only/regression/VLDII_plaVS/cv_results.csv
17:21:47  baselineEval.src.cross_validation  INFO     
── Regression summary (VLDII_plaVS) ──
model     rmse       r2  spearman_r
lasso 2.376049 0.127559    0.394869
 lgbm 2.492352 0.039572    0.344813
17:21:47  ccnEvaluation         INFO     ── Held-out for VLDII_plaVS (regression | motor_only) ──
17:21:47  baselineEval.src.held_out  INFO     Best regression model: lasso (RMSE=2.3760 ± 0.2931)
17:21:48  baselineEval.src.held_out  INFO     Held-out regression (motor_only | VLDII_plaVS): model=lasso RMSE=1.735 [1.306, 2.127] R²=0.530 [0.260, 0.638] ρ=0.772
17:21:51  baselineEval.src.plotting  INFO       Saved: shap_bar_top20.png and shap_beeswarm_top20.png
17:21:51  baselineEval.src.held_out  INFO     SHAP saved → /srv/beegfs/scratch/shares/schaerm/schaer2/video_sam2_pose/humanLISBET-paper/baselineEval/results_stats_temporal_maxpool/motor_only/held_out/regression/VLDII_plaVS/shap
17:21:51  ccnEvaluation         INFO     ── CV for VLDII_copVS (regression) ──
17:21:51  ccnEvaluation         INFO       X: (95, 186), y: (95,) (classes: [ 9. 10. 11. 12. 13. 14. 15. 16. 17.])
17:21:51  baselineEval.src.cross_validation  INFO     Regression CV: 2 models, 5×10 nested CV (50 total outer folds)
17:22:44  baselineEval.src.cross_validation  INFO       Saved: predictions_per_subject.csv
17:22:44  baselineEval.src.cross_validation  INFO       CV results: 100 rows → /srv/beegfs/scratch/shares/schaerm/schaer2/video_sam2_pose/humanLISBET-paper/baselineEval/results_stats_temporal_maxpool/motor_only/regression/VLDII_copVS/cv_results.csv
17:22:44  baselineEval.src.cross_validation  INFO     
── Regression summary (VLDII_copVS) ──
model     rmse       r2  spearman_r
lasso 2.032355 0.005031    0.310735
 lgbm 2.025505 0.011874    0.297097
17:22:44  ccnEvaluation         INFO     ── Held-out for VLDII_copVS (regression | motor_only) ──
17:22:44  baselineEval.src.held_out  INFO     Best regression model: lgbm (RMSE=2.0255 ± 0.2129)
17:22:44  baselineEval.src.held_out  INFO     Held-out regression (motor_only | VLDII_copVS): model=lgbm RMSE=1.768 [1.194, 2.358] R²=-0.129 [-1.312, 0.331] ρ=0.212
17:22:48  baselineEval.src.plotting  INFO       Saved: shap_bar_top20.png and shap_beeswarm_top20.png
17:22:48  baselineEval.src.held_out  INFO     SHAP saved → /srv/beegfs/scratch/shares/schaerm/schaer2/video_sam2_pose/humanLISBET-paper/baselineEval/results_stats_temporal_maxpool/motor_only/held_out/regression/VLDII_copVS/shap
17:22:48  ccnEvaluation         INFO     ── CV for VLDII_DaiSS (regression) ──
17:22:48  ccnEvaluation         INFO       X: (95, 186), y: (95,) (classes: [ 53.  62.  65.  67.  69.  71.  73.  75.  77.  78.  80.  81.  82.  83.
  86.  87.  89.  91.  93.  95.  96.  98. 100. 101. 102. 103. 104. 105.
 107. 109. 111. 113. 115. 118. 121.])
17:22:48  baselineEval.src.cross_validation  INFO     Regression CV: 2 models, 5×10 nested CV (50 total outer folds)
17:23:41  baselineEval.src.cross_validation  INFO       Saved: predictions_per_subject.csv
17:23:41  baselineEval.src.cross_validation  INFO       CV results: 100 rows → /srv/beegfs/scratch/shares/schaerm/schaer2/video_sam2_pose/humanLISBET-paper/baselineEval/results_stats_temporal_maxpool/motor_only/regression/VLDII_DaiSS/cv_results.csv
17:23:41  baselineEval.src.cross_validation  INFO     
── Regression summary (VLDII_DaiSS) ──
model      rmse       r2  spearman_r
lasso 12.896171 0.095314    0.386726
 lgbm 13.378943 0.016761    0.309900
17:23:41  ccnEvaluation         INFO     ── Held-out for VLDII_DaiSS (regression | motor_only) ──
17:23:41  baselineEval.src.held_out  INFO     Best regression model: lasso (RMSE=12.8962 ± 1.2310)
17:23:42  baselineEval.src.held_out  INFO     Held-out regression (motor_only | VLDII_DaiSS): model=lasso RMSE=10.076 [7.325, 12.386] R²=0.517 [0.161, 0.671] ρ=0.745
17:23:45  baselineEval.src.plotting  INFO       Saved: shap_bar_top20.png and shap_beeswarm_top20.png
17:23:45  baselineEval.src.held_out  INFO     SHAP saved → /srv/beegfs/scratch/shares/schaerm/schaer2/video_sam2_pose/humanLISBET-paper/baselineEval/results_stats_temporal_maxpool/motor_only/held_out/regression/VLDII_DaiSS/shap
17:23:45  ccnEvaluation         INFO     ── CV for VLDII_perVS (regression) ──
17:23:45  ccnEvaluation         INFO       X: (95, 186), y: (95,) (classes: [ 7.  8.  9. 10. 11. 12. 13. 14. 15. 16. 17. 18.])
17:23:45  baselineEval.src.cross_validation  INFO     Regression CV: 2 models, 5×10 nested CV (50 total outer folds)
17:24:38  baselineEval.src.cross_validation  INFO       Saved: predictions_per_subject.csv
17:24:38  baselineEval.src.cross_validation  INFO       CV results: 100 rows → /srv/beegfs/scratch/shares/schaerm/schaer2/video_sam2_pose/humanLISBET-paper/baselineEval/results_stats_temporal_maxpool/motor_only/regression/VLDII_perVS/cv_results.csv
17:24:38  baselineEval.src.cross_validation  INFO     
── Regression summary (VLDII_perVS) ──
model     rmse        r2  spearman_r
lasso 2.703459 -0.008864    0.230983
 lgbm 2.717914 -0.029358    0.237352
17:24:38  ccnEvaluation         INFO     ── Held-out for VLDII_perVS (regression | motor_only) ──
17:24:38  baselineEval.src.held_out  INFO     Best regression model: lasso (RMSE=2.7035 ± 0.2890)
17:24:38  baselineEval.src.held_out  INFO     Held-out regression (motor_only | VLDII_perVS): model=lasso RMSE=2.182 [1.757, 2.571] R²=0.176 [-0.276, 0.242] ρ=0.610
17:24:42  baselineEval.src.plotting  INFO       Saved: shap_bar_top20.png and shap_beeswarm_top20.png
17:24:42  baselineEval.src.held_out  INFO     SHAP saved → /srv/beegfs/scratch/shares/schaerm/schaer2/video_sam2_pose/humanLISBET-paper/baselineEval/results_stats_temporal_maxpool/motor_only/held_out/regression/VLDII_perVS/shap
17:24:42  ccnEvaluation         INFO     ── CV for VLDII_comVS (regression) ──
17:24:42  ccnEvaluation         INFO       X: (95, 186), y: (95,) (classes: [ 7. 10. 11. 12. 13. 14. 15. 16. 17. 18. 20.])
17:24:42  baselineEval.src.cross_validation  INFO     Regression CV: 2 models, 5×10 nested CV (50 total outer folds)
17:25:35  baselineEval.src.cross_validation  INFO       Saved: predictions_per_subject.csv
17:25:35  baselineEval.src.cross_validation  INFO       CV results: 100 rows → /srv/beegfs/scratch/shares/schaerm/schaer2/video_sam2_pose/humanLISBET-paper/baselineEval/results_stats_temporal_maxpool/motor_only/regression/VLDII_comVS/cv_results.csv
17:25:35  baselineEval.src.cross_validation  INFO     
── Regression summary (VLDII_comVS) ──
model     rmse        r2  spearman_r
lasso 2.285854 -0.027218    0.150776
 lgbm 2.311774 -0.061148    0.195284
17:25:35  ccnEvaluation         INFO     ── Held-out for VLDII_comVS (regression | motor_only) ──
17:25:35  baselineEval.src.held_out  INFO     Best regression model: lasso (RMSE=2.2859 ± 0.2349)
17:25:35  baselineEval.src.held_out  INFO     Held-out regression (motor_only | VLDII_comVS): model=lasso RMSE=2.587 [1.672, 3.459] R²=0.200 [-0.223, 0.440] ρ=0.460
17:25:39  baselineEval.src.plotting  INFO       Saved: shap_bar_top20.png and shap_beeswarm_top20.png
17:25:39  baselineEval.src.held_out  INFO     SHAP saved → /srv/beegfs/scratch/shares/schaerm/schaer2/video_sam2_pose/humanLISBET-paper/baselineEval/results_stats_temporal_maxpool/motor_only/held_out/regression/VLDII_comVS/shap
17:25:39  ccnEvaluation         INFO     ── CV for VLDII_domVS (regression) ──
17:25:39  ccnEvaluation         INFO       X: (95, 186), y: (95,) (classes: [ 9. 10. 11. 12. 13. 14. 15. 16. 17. 18. 19. 20. 22.])
17:25:39  baselineEval.src.cross_validation  INFO     Regression CV: 2 models, 5×10 nested CV (50 total outer folds)
17:26:31  baselineEval.src.cross_validation  INFO       Saved: predictions_per_subject.csv
17:26:31  baselineEval.src.cross_validation  INFO       CV results: 100 rows → /srv/beegfs/scratch/shares/schaerm/schaer2/video_sam2_pose/humanLISBET-paper/baselineEval/results_stats_temporal_maxpool/motor_only/regression/VLDII_domVS/cv_results.csv
17:26:31  baselineEval.src.cross_validation  INFO     
── Regression summary (VLDII_domVS) ──
model     rmse       r2  spearman_r
lasso 2.537497 0.149982    0.432973
 lgbm 2.636856 0.078240    0.373743
17:26:31  ccnEvaluation         INFO     ── Held-out for VLDII_domVS (regression | motor_only) ──
17:26:31  baselineEval.src.held_out  INFO     Best regression model: lasso (RMSE=2.5375 ± 0.2320)
17:26:32  baselineEval.src.held_out  INFO     Held-out regression (motor_only | VLDII_domVS): model=lasso RMSE=2.176 [1.485, 2.777] R²=0.463 [-0.141, 0.649] ρ=0.737
17:26:35  baselineEval.src.plotting  INFO       Saved: shap_bar_top20.png and shap_beeswarm_top20.png
17:26:35  baselineEval.src.held_out  INFO     SHAP saved → /srv/beegfs/scratch/shares/schaerm/schaer2/video_sam2_pose/humanLISBET-paper/baselineEval/results_stats_temporal_maxpool/motor_only/held_out/regression/VLDII_domVS/shap
17:26:35  ccnEvaluation         INFO     ── CV for VLDII_ComSS (regression) ──
17:26:35  ccnEvaluation         INFO       X: (95, 186), y: (95,) (classes: [ 44.  52.  54.  58.  59.  61.  63.  64.  65.  66.  69.  71.  72.  73.
  74.  76.  79.  80.  81.  84.  85.  86.  89.  90.  91.  93.  95.  97.
 100. 101. 102. 103. 104. 105. 107. 108. 110. 112. 113. 116. 118. 121.
 122. 125.])
17:26:35  baselineEval.src.cross_validation  INFO     Regression CV: 2 models, 5×10 nested CV (50 total outer folds)
17:27:29  baselineEval.src.cross_validation  INFO       Saved: predictions_per_subject.csv
17:27:29  baselineEval.src.cross_validation  INFO       CV results: 100 rows → /srv/beegfs/scratch/shares/schaerm/schaer2/video_sam2_pose/humanLISBET-paper/baselineEval/results_stats_temporal_maxpool/motor_only/regression/VLDII_ComSS/cv_results.csv
17:27:29  baselineEval.src.cross_validation  INFO     
── Regression summary (VLDII_ComSS) ──
model      rmse       r2  spearman_r
lasso 17.467111 0.169162    0.474582
 lgbm 17.987762 0.110682    0.396026
17:27:29  ccnEvaluation         INFO     ── Held-out for VLDII_ComSS (regression | motor_only) ──
17:27:29  baselineEval.src.held_out  INFO     Best regression model: lasso (RMSE=17.4671 ± 1.6066)
17:27:30  baselineEval.src.held_out  INFO     Held-out regression (motor_only | VLDII_ComSS): model=lasso RMSE=16.542 [13.153, 19.557] R²=0.422 [0.044, 0.558] ρ=0.633
17:27:33  baselineEval.src.plotting  INFO       Saved: shap_bar_top20.png and shap_beeswarm_top20.png
17:27:33  baselineEval.src.held_out  INFO     SHAP saved → /srv/beegfs/scratch/shares/schaerm/schaer2/video_sam2_pose/humanLISBET-paper/baselineEval/results_stats_temporal_maxpool/motor_only/held_out/regression/VLDII_ComSS/shap
17:27:33  ccnEvaluation         INFO     ── CV for VLDII_expVS (regression) ──
17:27:33  ccnEvaluation         INFO       X: (95, 186), y: (95,) (classes: [ 6.  7.  8.  9. 10. 11. 12. 13. 14. 15. 16. 17. 18. 19. 20.])
17:27:33  baselineEval.src.cross_validation  INFO     Regression CV: 2 models, 5×10 nested CV (50 total outer folds)
17:28:25  baselineEval.src.cross_validation  INFO       Saved: predictions_per_subject.csv
17:28:25  baselineEval.src.cross_validation  INFO       CV results: 100 rows → /srv/beegfs/scratch/shares/schaerm/schaer2/video_sam2_pose/humanLISBET-paper/baselineEval/results_stats_temporal_maxpool/motor_only/regression/VLDII_expVS/cv_results.csv
17:28:25  baselineEval.src.cross_validation  INFO     
── Regression summary (VLDII_expVS) ──
model     rmse       r2  spearman_r
lasso 3.289775 0.179386    0.491263
 lgbm 3.289067 0.173262    0.451126
17:28:25  ccnEvaluation         INFO     ── Held-out for VLDII_expVS (regression | motor_only) ──
17:28:25  baselineEval.src.held_out  INFO     Best regression model: lgbm (RMSE=3.2891 ± 0.3937)
17:28:26  baselineEval.src.held_out  INFO     Held-out regression (motor_only | VLDII_expVS): model=lgbm RMSE=2.634 [1.925, 3.324] R²=0.478 [0.009, 0.706] ρ=0.573
17:28:29  baselineEval.src.plotting  INFO       Saved: shap_bar_top20.png and shap_beeswarm_top20.png
17:28:29  baselineEval.src.held_out  INFO     SHAP saved → /srv/beegfs/scratch/shares/schaerm/schaer2/video_sam2_pose/humanLISBET-paper/baselineEval/results_stats_temporal_maxpool/motor_only/held_out/regression/VLDII_expVS/shap
17:28:29  ccnEvaluation         INFO     ── CV for VLDII_recVS (regression) ──
17:28:29  ccnEvaluation         INFO       X: (95, 186), y: (95,) (classes: [ 3.  5.  6.  7.  8.  9. 10. 11. 12. 13. 14. 15. 16. 17. 18. 19. 20. 21.])
17:28:29  baselineEval.src.cross_validation  INFO     Regression CV: 2 models, 5×10 nested CV (50 total outer folds)
17:29:22  baselineEval.src.cross_validation  INFO       Saved: predictions_per_subject.csv
17:29:22  baselineEval.src.cross_validation  INFO       CV results: 100 rows → /srv/beegfs/scratch/shares/schaerm/schaer2/video_sam2_pose/humanLISBET-paper/baselineEval/results_stats_temporal_maxpool/motor_only/regression/VLDII_recVS/cv_results.csv
17:29:22  baselineEval.src.cross_validation  INFO     
── Regression summary (VLDII_recVS) ──
model     rmse       r2  spearman_r
lasso 3.577304 0.197132    0.515025
 lgbm 3.723502 0.121962    0.441994
17:29:22  ccnEvaluation         INFO     ── Held-out for VLDII_recVS (regression | motor_only) ──
17:29:22  baselineEval.src.held_out  INFO     Best regression model: lasso (RMSE=3.5773 ± 0.4065)
17:29:23  baselineEval.src.held_out  INFO     Held-out regression (motor_only | VLDII_recVS): model=lasso RMSE=3.443 [2.625, 4.222] R²=0.442 [0.080, 0.599] ρ=0.694
17:29:26  baselineEval.src.plotting  INFO       Saved: shap_bar_top20.png and shap_beeswarm_top20.png
17:29:26  baselineEval.src.held_out  INFO     SHAP saved → /srv/beegfs/scratch/shares/schaerm/schaer2/video_sam2_pose/humanLISBET-paper/baselineEval/results_stats_temporal_maxpool/motor_only/held_out/regression/VLDII_recVS/shap
17:29:26  ccnEvaluation         INFO     ── CV for MSEL_TOTAL_DQ (regression) ──
17:29:26  ccnEvaluation         INFO       X: (100, 186), y: (100,) (classes: [ 18.02469136  32.43483412  34.59785415  38.08884914  38.95032984
  40.09469697  40.66399287  41.7597914   48.35352006  48.38185274
  48.56808071  49.32034527  52.60163835  52.78815173  53.41769972
  54.6043883   54.66514664  55.9129902   57.80945419  58.00856827
  58.01880411  58.49358974  60.55385401  60.73988735  61.21267952
  61.65540541  62.6717033   64.54699612  64.58014537  65.85307734
  66.03346902  66.56582561  67.46408956  68.67474001  69.12878788
  69.58887965  70.42091476  70.5832302   71.22161779  72.65127389
  72.74744284  73.39929215  73.55044202  73.63718709  74.37652068
  76.23385285  77.89159198  78.63298081  79.93217054  79.97485632
  80.39067013  81.47321429  82.45481928  83.44764518  83.72463299
  88.69235986  88.94106636  91.04190422  91.67078393  92.86194316
  92.9187448   93.08301946  94.84225533  95.62583836  96.63388805
  97.48931624  98.02617856 102.9518543  103.811149   107.0353937
 107.8029726  108.1764296  108.385181   108.6309524  108.7338226
 109.0520026  109.52137    111.8651489  112.1257819  112.192623
 112.5198886  112.8090659  112.8284389  113.5791843  115.0573568
 116.0376082  116.1326915  118.2653171  119.351962   120.5538618
 121.574912   125.622437   128.0608788  130.5093403  130.8806655
 132.3244751  135.4820159  139.7760116  149.1013072  149.4299051 ])
17:29:26  baselineEval.src.cross_validation  INFO     Regression CV: 2 models, 5×10 nested CV (50 total outer folds)
17:30:22  baselineEval.src.cross_validation  INFO       Saved: predictions_per_subject.csv
17:30:22  baselineEval.src.cross_validation  INFO       CV results: 100 rows → /srv/beegfs/scratch/shares/schaerm/schaer2/video_sam2_pose/humanLISBET-paper/baselineEval/results_stats_temporal_maxpool/motor_only/regression/MSEL_TOTAL_DQ/cv_results.csv
17:30:22  baselineEval.src.cross_validation  INFO     
── Regression summary (MSEL_TOTAL_DQ) ──
model      rmse       r2  spearman_r
lasso 25.109643 0.241009    0.537985
 lgbm 25.226277 0.225426    0.501955
17:30:22  ccnEvaluation         INFO     ── Held-out for MSEL_TOTAL_DQ (regression | motor_only) ──
17:30:22  baselineEval.src.held_out  INFO     Best regression model: lasso (RMSE=25.1096 ± 2.9718)
17:30:23  baselineEval.src.held_out  INFO     Held-out regression (motor_only | MSEL_TOTAL_DQ): model=lasso RMSE=22.997 [17.630, 27.723] R²=0.513 [0.243, 0.609] ρ=0.855
17:30:26  baselineEval.src.plotting  INFO       Saved: shap_bar_top20.png and shap_beeswarm_top20.png
17:30:26  baselineEval.src.held_out  INFO     SHAP saved → /srv/beegfs/scratch/shares/schaerm/schaer2/video_sam2_pose/humanLISBET-paper/baselineEval/results_stats_temporal_maxpool/motor_only/held_out/regression/MSEL_TOTAL_DQ/shap
17:30:26  ccnEvaluation         INFO     ── CV for MSEL_FM_DQ (regression) ──
17:30:26  ccnEvaluation         INFO       X: (100, 186), y: (100,) (classes: [ 18.02469136  46.4649432   48.97137746  50.05646983  54.38484461
  55.25934702  55.26116578  55.3030303   59.06148867  60.89132507
  63.6627907   63.73690338  64.77896096  65.16194848  65.41218638
  65.72629052  69.06338694  69.12878788  69.33210784  70.91968912
  73.53479853  75.06258941  75.18022657  75.486618    75.66334992
  75.86923658  75.90612002  75.91514143  77.07927225  77.89159198
  78.29257829  79.43695591  79.91242474  80.18453427  80.89539007
  80.95690748  82.62072435  82.81765677  83.43724023  83.84379786
  83.94209957  85.6233244   85.79059829  85.92278719  87.62002743
  87.84596871  87.86462758  87.98209366  89.15229885  90.64569536
  90.75497288  90.7960199   92.60343482  92.99363057  93.43003413
  93.95109395  95.05208333  95.38327526  96.20155039  96.63388805
  96.66313559  97.1113645   97.65160523  97.76785714  98.45857418
  98.95429899  98.97788903  99.40087146  99.64898596 102.1903821
 102.8432377  103.6931818  103.811149   104.7045324  105.1267281
 105.4303871  106.1046512  106.538237   107.1589883  108.1764296
 108.201581   108.6309524  109.939759   111.4163614  111.6891065
 112.258348   112.5198886  113.5687229  114.1644325  115.1790314
 119.8555166  120.5538618  121.1819389  121.197515   121.574912
 122.124634   122.1456693  122.8956229  123.8687783  143.1372549 ])
17:30:26  baselineEval.src.cross_validation  INFO     Regression CV: 2 models, 5×10 nested CV (50 total outer folds)
17:31:22  baselineEval.src.cross_validation  INFO       Saved: predictions_per_subject.csv
17:31:22  baselineEval.src.cross_validation  INFO       CV results: 100 rows → /srv/beegfs/scratch/shares/schaerm/schaer2/video_sam2_pose/humanLISBET-paper/baselineEval/results_stats_temporal_maxpool/motor_only/regression/MSEL_FM_DQ/cv_results.csv
17:31:22  baselineEval.src.cross_validation  INFO     
── Regression summary (MSEL_FM_DQ) ──
model      rmse       r2  spearman_r
lasso 20.601069 0.044776    0.309085
 lgbm 20.276991 0.062741    0.373985
17:31:22  ccnEvaluation         INFO     ── Held-out for MSEL_FM_DQ (regression | motor_only) ──
17:31:22  baselineEval.src.held_out  INFO     Best regression model: lgbm (RMSE=20.2770 ± 2.6392)
17:31:23  baselineEval.src.held_out  INFO     Held-out regression (motor_only | MSEL_FM_DQ): model=lgbm RMSE=17.036 [11.377, 22.745] R²=0.392 [-0.199, 0.616] ρ=0.620
17:31:26  baselineEval.src.plotting  INFO       Saved: shap_bar_top20.png and shap_beeswarm_top20.png
17:31:26  baselineEval.src.held_out  INFO     SHAP saved → /srv/beegfs/scratch/shares/schaerm/schaer2/video_sam2_pose/humanLISBET-paper/baselineEval/results_stats_temporal_maxpool/motor_only/held_out/regression/MSEL_FM_DQ/shap
17:31:26  ccnEvaluation         INFO     ── CV for MSEL_VR_DQ (regression) ──
17:31:26  ccnEvaluation         INFO       X: (100, 186), y: (100,) (classes: [ 24.78395062  38.27847693  40.84386519  44.24242424  48.97137746
  55.48645661  56.65502522  56.92959002  62.16881151  62.75283172
  64.71631206  65.27181688  65.72629052  66.12318841  66.69049889
  67.74833589  69.92337165  70.46332046  70.66795741  71.15009747
  72.16608084  73.80514706  73.80800341  75.41322314  76.86522262
  77.69631031  77.99145299  78.31273601  78.41474446  78.6637931
  79.18580909  79.31783825  80.21978022  83.77964805  84.0389186
  84.56192081  84.81797057  84.88372093  85.28037383  87.43066062
  88.66708914  89.11889597  89.35566001  89.46078431  89.57533077
  89.615829    90.15860634  92.33630952  93.50512357  93.81764069
  94.1109736   94.6140553   96.17918314  96.20155039  97.93244949
  98.97788903 100.5796275  102.1289538  103.2884465  104.0746873
 104.3095565  106.0098302  106.3795337  108.127254   109.5515537
 110.1055807  110.1609658  110.297536   111.6891065  113.7780549
 114.2017705  114.5637163  115.3090847  116.9871795  118.5064935
 121.4642263  123.6822289  124.5733788  125.1905488  125.2213369
 129.0167095  130.7503771  133.1727963  133.6408905  133.8188664
 134.9544937  135.1851852  136.0094851  136.515748   146.7828418
 147.3675711  148.8166269  148.8393977  151.821572   153.0708874
 158.9721254  159.8073555  175.8188825  192.7226814 ])
17:31:26  baselineEval.src.cross_validation  INFO     Regression CV: 2 models, 5×10 nested CV (50 total outer folds)
17:32:22  baselineEval.src.cross_validation  INFO       Saved: predictions_per_subject.csv
17:32:22  baselineEval.src.cross_validation  INFO       CV results: 100 rows → /srv/beegfs/scratch/shares/schaerm/schaer2/video_sam2_pose/humanLISBET-paper/baselineEval/results_stats_temporal_maxpool/motor_only/regression/MSEL_VR_DQ/cv_results.csv
17:32:22  baselineEval.src.cross_validation  INFO     
── Regression summary (MSEL_VR_DQ) ──
model      rmse       r2  spearman_r
lasso 29.550112 0.103973    0.393034
 lgbm 30.176618 0.061017    0.381474
17:32:22  ccnEvaluation         INFO     ── Held-out for MSEL_VR_DQ (regression | motor_only) ──
17:32:22  baselineEval.src.held_out  INFO     Best regression model: lasso (RMSE=29.5501 ± 3.6265)
17:32:23  baselineEval.src.held_out  INFO     Held-out regression (motor_only | MSEL_VR_DQ): model=lasso RMSE=26.459 [20.691, 32.031] R²=0.380 [0.108, 0.460] ρ=0.760
17:32:26  baselineEval.src.plotting  INFO       Saved: shap_bar_top20.png and shap_beeswarm_top20.png
17:32:26  baselineEval.src.held_out  INFO     SHAP saved → /srv/beegfs/scratch/shares/schaerm/schaer2/video_sam2_pose/humanLISBET-paper/baselineEval/results_stats_temporal_maxpool/motor_only/held_out/regression/MSEL_VR_DQ/shap
17:32:26  ccnEvaluation         INFO     ── CV for MSEL_LR_DQ (regression) ──
17:32:26  ccnEvaluation         INFO       X: (100, 186), y: (100,) (classes: [  3.88463176   4.06639929   6.75925926   9.87554113  12.01290153
  16.59090909  18.70972466  20.22384752  20.94811754  21.24563446
  25.56022409  26.50048403  28.99586908  29.92695289  32.38948048
  32.63590844  35.30956329  37.26391016  38.9957265   40.25735294
  40.48807543  43.06091806  44.2961165   44.83182162  46.05097149
  46.79487179  47.45189808  48.93770627  50.11618082  50.37154989
  52.84749035  53.52588625  53.65219358  54.90373045  59.29174789
  59.55070281  62.02209006  62.16545012  62.65018881  63.07603687
  64.61056645  64.9288451   66.12318841  66.75811614  70.61011905
  70.91968912  71.94102807  73.19518717  74.25406872  76.30178639
  76.39534884  77.74980635  77.81007752  77.89159198  78.6637931
  79.07279029  79.43695591  80.19460138  82.52583979  83.43724023
  83.56227106  84.15678524  87.60560676  91.80080483  96.34238311
  96.50411281 102.7847309  104.0746873  105.9596995  107.2715207
 108.1764296  108.8902148  110.0871314  115.4120767  115.9171748
 116.9871795  117.5351288  118.5064935  119.2178672  119.8802164
 120.1122726  120.9753788  121.1819389  122.3190349  122.5189726
 124.5733788  126.9356955  127.766486   128.1288156  130.2021403
 130.5093403  132.9263068  138.2575758  142.6500252  144.1714836
 144.3321617  147.1132898  148.8393977  153.6195286  157.0567986 ])
17:32:26  baselineEval.src.cross_validation  INFO     Regression CV: 2 models, 5×10 nested CV (50 total outer folds)
17:33:21  baselineEval.src.cross_validation  INFO       Saved: predictions_per_subject.csv
17:33:21  baselineEval.src.cross_validation  INFO       CV results: 100 rows → /srv/beegfs/scratch/shares/schaerm/schaer2/video_sam2_pose/humanLISBET-paper/baselineEval/results_stats_temporal_maxpool/motor_only/regression/MSEL_LR_DQ/cv_results.csv
17:33:21  baselineEval.src.cross_validation  INFO     
── Regression summary (MSEL_LR_DQ) ──
model      rmse       r2  spearman_r
lasso 33.519746 0.295625    0.588872
 lgbm 34.036094 0.272154    0.542947
17:33:21  ccnEvaluation         INFO     ── Held-out for MSEL_LR_DQ (regression | motor_only) ──
17:33:21  baselineEval.src.held_out  INFO     Best regression model: lasso (RMSE=33.5197 ± 3.4772)
17:33:22  baselineEval.src.held_out  INFO     Held-out regression (motor_only | MSEL_LR_DQ): model=lasso RMSE=27.782 [20.094, 33.877] R²=0.625 [0.346, 0.749] ρ=0.799
17:33:25  baselineEval.src.plotting  INFO       Saved: shap_bar_top20.png and shap_beeswarm_top20.png
17:33:25  baselineEval.src.held_out  INFO     SHAP saved → /srv/beegfs/scratch/shares/schaerm/schaer2/video_sam2_pose/humanLISBET-paper/baselineEval/results_stats_temporal_maxpool/motor_only/held_out/regression/MSEL_LR_DQ/shap
17:33:25  ccnEvaluation         INFO     ── CV for MSEL_LE_DQ (regression) ──
17:33:25  ccnEvaluation         INFO       X: (100, 186), y: (100,) (classes: [  9.94008715  14.16375631  17.66698935  21.62322275  22.5308642
  23.71669916  24.48568873  29.32736455  29.93313147  31.1965812
  31.83139535  32.5311943   34.96168582  35.3339787   36.51460584
  36.64658635  37.69462981  40.09226714  40.25735294  40.48807543
  41.27091814  41.92189893  43.37492573  44.24242424  44.2961165
  44.43993506  44.83182162  45.69027182  46.51656754  46.72299027
  47.44367418  50.11618082  50.12015105  50.13736264  50.93023256
  52.58200355  54.8048048   55.8530987   56.46658416  56.94227769
  57.72506083  58.12101911  59.82097832  59.93431856  60.11198946
  61.49957877  65.17857143  65.57490326  66.18574582  66.20785318
  69.12878788  69.55030488  71.37484958  72.66780432  73.41954023
  75.10288066  76.33526384  77.99145299  78.1455863   79.85282418
  80.57395143  81.54602324  82.20720721  83.94209957  84.10138249
  85.23058961  86.67962003  89.35128519  89.92073693  90.17483846
  91.02244389  91.36420526  91.65097301  93.77792672  94.24218952
  96.25527426  96.94555113  97.92085848 100.2099483  100.2747253
 103.2239819  106.0553231  108.127254   109.939759   111.2804878
 111.8651489  112.258348   114.1922639  115.7352358  116.9871795
 120.9753788  122.124634   124.6584699  128.4817876  128.8841808
 137.775842   140.655106   143.7007874  170.9694989 ])
17:33:25  baselineEval.src.cross_validation  INFO     Regression CV: 2 models, 5×10 nested CV (50 total outer folds)
17:34:22  baselineEval.src.cross_validation  INFO       Saved: predictions_per_subject.csv
17:34:22  baselineEval.src.cross_validation  INFO       CV results: 100 rows → /srv/beegfs/scratch/shares/schaerm/schaer2/video_sam2_pose/humanLISBET-paper/baselineEval/results_stats_temporal_maxpool/motor_only/regression/MSEL_LE_DQ/cv_results.csv
17:34:22  baselineEval.src.cross_validation  INFO     
── Regression summary (MSEL_LE_DQ) ──
model      rmse       r2  spearman_r
lasso 30.659030 0.161287    0.460983
 lgbm 29.782622 0.207789    0.451688
17:34:22  ccnEvaluation         INFO     ── Held-out for MSEL_LE_DQ (regression | motor_only) ──
17:34:22  baselineEval.src.held_out  INFO     Best regression model: lgbm (RMSE=29.7826 ± 4.1938)
17:34:22  baselineEval.src.held_out  INFO     Held-out regression (motor_only | MSEL_LE_DQ): model=lgbm RMSE=27.276 [21.232, 32.255] R²=0.468 [0.085, 0.592] ρ=0.708
17:34:26  baselineEval.src.plotting  INFO       Saved: shap_bar_top20.png and shap_beeswarm_top20.png
17:34:26  baselineEval.src.held_out  INFO     SHAP saved → /srv/beegfs/scratch/shares/schaerm/schaer2/video_sam2_pose/humanLISBET-paper/baselineEval/results_stats_temporal_maxpool/motor_only/held_out/regression/MSEL_LE_DQ/shap
17:34:26  ccnEvaluation         INFO     ── CV for MSEL_NV_DQ (regression) ──
17:34:26  ccnEvaluation         INFO       X: (100, 186), y: (100,) (classes: [ 21.40432099  44.16747338  48.05160611  48.97137746  49.77272727
  58.71498864  60.1959643   60.90716019  63.02918895  63.79091198
  64.09642401  65.57490326  65.72629052  66.58026114  67.72345918
  67.91030161  70.16720315  71.56862745  72.80585106  73.37984863
  74.11468486  74.27325581  74.37794938  74.47079827  74.91789819
  76.17530756  76.74648129  76.87728938  77.59353741  79.97251931
  81.51480347  81.6976584   81.89102564  81.99943836  82.20720721
  82.35559567  83.73346137  83.90804598  84.15678524  84.60538218
  84.81199831  86.57250071  88.46431518  88.6496114   88.80778589
  88.87987013  91.05626327  91.88613478  92.03227433  92.13004822
  94.43082789  94.90379615  95.05208333  95.96479195  96.20155039
  96.39084507  96.49226641  97.36019132  97.52310803  97.94594067
  98.60764755  98.68968386  98.84549601  98.97788903  99.87039171
 100.2432517  102.1903821  103.1073446  109.0017065  109.0761612
 109.2369828  110.0871314  111.4163614  111.6531427  111.6891065
 114.2017705  115.7352358  116.0376082  116.2030831  116.810994
 116.9871795  119.3828214  119.8555166  121.5842367  122.8722053
 122.9496192  123.2016379  125.1071123  126.1626445  126.7361111
 127.1777003  128.2630522  128.3820346  129.3307087  130.6682578
 135.4820159  137.1387283  139.16122    139.8314361  157.8091521 ])
17:34:26  baselineEval.src.cross_validation  INFO     Regression CV: 2 models, 5×10 nested CV (50 total outer folds)
17:35:21  baselineEval.src.cross_validation  INFO       Saved: predictions_per_subject.csv
17:35:21  baselineEval.src.cross_validation  INFO       CV results: 100 rows → /srv/beegfs/scratch/shares/schaerm/schaer2/video_sam2_pose/humanLISBET-paper/baselineEval/results_stats_temporal_maxpool/motor_only/regression/MSEL_NV_DQ/cv_results.csv
17:35:21  baselineEval.src.cross_validation  INFO     
── Regression summary (MSEL_NV_DQ) ──
model      rmse       r2  spearman_r
lasso 22.991442 0.120612    0.447338
 lgbm 22.471218 0.152012    0.482977
17:35:21  ccnEvaluation         INFO     ── Held-out for MSEL_NV_DQ (regression | motor_only) ──
17:35:21  baselineEval.src.held_out  INFO     Best regression model: lgbm (RMSE=22.4712 ± 2.9806)
17:35:22  baselineEval.src.held_out  INFO     Held-out regression (motor_only | MSEL_NV_DQ): model=lgbm RMSE=19.719 [14.123, 25.578] R²=0.424 [-0.069, 0.688] ρ=0.635
17:35:26  baselineEval.src.plotting  INFO       Saved: shap_bar_top20.png and shap_beeswarm_top20.png
17:35:26  baselineEval.src.held_out  INFO     SHAP saved → /srv/beegfs/scratch/shares/schaerm/schaer2/video_sam2_pose/humanLISBET-paper/baselineEval/results_stats_temporal_maxpool/motor_only/held_out/regression/MSEL_NV_DQ/shap
17:35:26  ccnEvaluation         INFO     ── CV for MSEL_V_DQ (regression) ──
17:35:26  ccnEvaluation         INFO       X: (100, 186), y: (100,) (classes: [ 14.64506173  16.81806214  17.70469538  18.29879679  19.42315879
  25.02823491  25.13774105  27.1577381   27.20632081  29.4009959
  30.41666667  30.91723136  31.03741497  33.34524944  35.09615385
  36.40292553  37.2753268   37.99205148  39.16309013  39.59290454
  40.25735294  40.48807543  41.50422352  44.2961165   44.83182162
  47.46155586  48.09864458  48.46611722  48.93286143  50.11618082
  50.44223328  52.19708788  52.70214521  54.2462845   54.2693288
  54.68949248  54.82073643  54.89951357  56.38516993  58.28505645
  59.94525547  62.43158183  63.11758893  63.13929001  63.25823224
  63.6627907   64.59137709  67.89434524  69.06338694  70.46826734
  70.9304984   72.04972258  76.04166667  78.79965458  80.77686203
  81.15118577  83.23831243  85.25467149  85.85349462  85.92278719
  85.99599793  87.22984206  89.35566001  91.36789406  92.32431935
  92.73373984  94.37151949  94.86083166  95.8165773   97.07446809
  98.62059158  99.7831825  101.2242965  101.2355018  102.3816809
 103.6931818  103.8747811  107.1158763  108.0484808  109.063745
 110.7318923  111.4235219  114.0037352  114.2017705  115.3090847
 116.9871795  119.5234869  120.9753788  121.0967994  121.1872446
 122.9686881  124.051024   128.2952548  128.9440573  133.4982788
 135.3182415  135.4820159  141.0506581  142.4132948  159.0413943 ])
17:35:26  baselineEval.src.cross_validation  INFO     Regression CV: 2 models, 5×10 nested CV (50 total outer folds)
17:36:21  baselineEval.src.cross_validation  INFO       Saved: predictions_per_subject.csv
17:36:21  baselineEval.src.cross_validation  INFO       CV results: 100 rows → /srv/beegfs/scratch/shares/schaerm/schaer2/video_sam2_pose/humanLISBET-paper/baselineEval/results_stats_temporal_maxpool/motor_only/regression/MSEL_V_DQ/cv_results.csv
17:36:21  baselineEval.src.cross_validation  INFO     
── Regression summary (MSEL_V_DQ) ──
model      rmse       r2  spearman_r
lasso 29.844745 0.279587    0.584180
 lgbm 29.845981 0.272486    0.551128
17:36:21  ccnEvaluation         INFO     ── Held-out for MSEL_V_DQ (regression | motor_only) ──
17:36:21  baselineEval.src.held_out  INFO     Best regression model: lasso (RMSE=29.8447 ± 3.5012)
17:36:22  baselineEval.src.held_out  INFO     Held-out regression (motor_only | MSEL_V_DQ): model=lasso RMSE=26.187 [19.928, 32.574] R²=0.588 [0.301, 0.700] ρ=0.882
17:36:25  baselineEval.src.plotting  INFO       Saved: shap_bar_top20.png and shap_beeswarm_top20.png
17:36:25  baselineEval.src.held_out  INFO     SHAP saved → /srv/beegfs/scratch/shares/schaerm/schaer2/video_sam2_pose/humanLISBET-paper/baselineEval/results_stats_temporal_maxpool/motor_only/held_out/regression/MSEL_V_DQ/shap
17:36:25  ccnEvaluation         INFO     ═══ Representation: full_kinematic ═══
17:36:25  ccnEvaluation         INFO       Features for full_kinematic: 206 columns
17:36:25  ccnEvaluation         INFO     ═══ Step 2: Preprocessing report ═══
17:36:26  baselineEval.src.preprocessing  INFO     Feature selection (full dataset): 206 features → 150 kept (0 missingness, 0 near-zero-var, 56 correlated)
17:36:26  baselineEval.src.preprocessing  INFO     Feature selection report → /srv/beegfs/scratch/shares/schaerm/schaer2/video_sam2_pose/humanLISBET-paper/baselineEval/results_stats_temporal_maxpool/full_kinematic/feature_selection_report.csv
17:36:26  baselineEval.src.preprocessing  INFO     PCA explained-variance data → /srv/beegfs/scratch/shares/schaerm/schaer2/video_sam2_pose/humanLISBET-paper/baselineEval/results_stats_temporal_maxpool/full_kinematic/pca_explained_variance.csv
17:36:26  baselineEval.src.preprocessing  INFO     PCA explained-variance plot → /srv/beegfs/scratch/shares/schaerm/schaer2/video_sam2_pose/humanLISBET-paper/baselineEval/results_stats_temporal_maxpool/full_kinematic/pca_explained_variance.png
17:36:26  ccnEvaluation         INFO     ── CV for diagnosis (classification) ──
17:36:27  ccnEvaluation         INFO       X: (102, 206), y: (102,) (classes: [0 1])
17:36:27  baselineEval.src.cross_validation  INFO     Classification CV: 2 models, 5×10 nested CV (50 total outer folds)
17:37:44  baselineEval.src.cross_validation  INFO       Saved: predictions_per_subject.csv
17:37:44  baselineEval.src.cross_validation  INFO       CV results: 100 rows → /srv/beegfs/scratch/shares/schaerm/schaer2/video_sam2_pose/humanLISBET-paper/baselineEval/results_stats_temporal_maxpool/full_kinematic/classification/diagnosis/cv_results.csv
17:37:44  baselineEval.src.cross_validation  INFO     
── Classification AUC-ROC summary (diagnosis) ──
model  auc_roc_mean  auc_roc_std
lasso      0.777920     0.098101
 lgbm      0.801748     0.101865
17:37:44  ccnEvaluation         INFO     ── Held-out for diagnosis (classification | full_kinematic) ──
17:37:44  baselineEval.src.held_out  INFO     Best classification model: lgbm (AUC=0.8017 ± 0.1019)
17:37:44  baselineEval.src.held_out  INFO     Held-out classification (full_kinematic | diagnosis): model=lgbm AUC=0.843 BAcc=0.664 Acc=0.706 [0.440, 0.897]
17:37:47  baselineEval.src.plotting  INFO       Saved: shap_bar_top20.png and shap_beeswarm_top20.png
17:37:47  baselineEval.src.held_out  INFO     SHAP saved → /srv/beegfs/scratch/shares/schaerm/schaer2/video_sam2_pose/humanLISBET-paper/baselineEval/results_stats_temporal_maxpool/full_kinematic/held_out/classification/diagnosis/shap
17:37:47  ccnEvaluation         INFO     ── CV for ADOS_2_ADOS_G_revised_RRB_level_of_symptoms (classification) ──
17:37:47  ccnEvaluation         INFO       X: (102, 206), y: (102,) (classes: [0 1 2])
17:37:47  baselineEval.src.cross_validation  INFO     Classification CV: 2 models, 5×10 nested CV (50 total outer folds)
17:40:06  baselineEval.src.cross_validation  INFO       Saved: predictions_per_subject.csv
17:40:06  baselineEval.src.cross_validation  INFO       CV results: 100 rows → /srv/beegfs/scratch/shares/schaerm/schaer2/video_sam2_pose/humanLISBET-paper/baselineEval/results_stats_temporal_maxpool/full_kinematic/classification/ADOS_2_ADOS_G_revised_RRB_level_of_symptoms/cv_results.csv
17:40:06  baselineEval.src.cross_validation  INFO     
── Classification F1-macro summary (ADOS_2_ADOS_G_revised_RRB_level_of_symptoms) ──
model  f1_macro_mean  f1_macro_std
lasso       0.597898      0.119189
 lgbm       0.542459      0.131082
17:40:06  ccnEvaluation         INFO     ── Held-out for ADOS_2_ADOS_G_revised_RRB_level_of_symptoms (classification | full_kinematic) ──
17:40:06  baselineEval.src.held_out  INFO     Best classification model: lasso (F1-macro=0.5979 ± 0.1192)
17:40:06  baselineEval.src.held_out  INFO     Held-out classification (full_kinematic | ADOS_2_ADOS_G_revised_RRB_level_of_symptoms): model=lasso F1-macro=0.552 BAcc=0.544 Acc=0.647 [0.383, 0.858]
17:40:10  baselineEval.src.plotting  INFO       Saved: shap_bar_top20.png and shap_beeswarm_top20.png
17:40:10  baselineEval.src.held_out  INFO     SHAP saved → /srv/beegfs/scratch/shares/schaerm/schaer2/video_sam2_pose/humanLISBET-paper/baselineEval/results_stats_temporal_maxpool/full_kinematic/held_out/classification/ADOS_2_ADOS_G_revised_RRB_level_of_symptoms/shap
17:40:10  ccnEvaluation         INFO     ── CV for ADOS_2_ADOS_G_REVISED_SA_LEVEL_OF_SYMPTOMS (classification) ──
17:40:10  ccnEvaluation         INFO       X: (102, 206), y: (102,) (classes: [0 1 2 3])
17:40:10  baselineEval.src.cross_validation  INFO     Classification CV: 2 models, 5×10 nested CV (50 total outer folds)
17:42:51  baselineEval.src.cross_validation  INFO       Saved: predictions_per_subject.csv
17:42:51  baselineEval.src.cross_validation  INFO       CV results: 100 rows → /srv/beegfs/scratch/shares/schaerm/schaer2/video_sam2_pose/humanLISBET-paper/baselineEval/results_stats_temporal_maxpool/full_kinematic/classification/ADOS_2_ADOS_G_REVISED_SA_LEVEL_OF_SYMPTOMS/cv_results.csv
17:42:51  baselineEval.src.cross_validation  INFO     
── Classification F1-macro summary (ADOS_2_ADOS_G_REVISED_SA_LEVEL_OF_SYMPTOMS) ──
model  f1_macro_mean  f1_macro_std
lasso       0.415432      0.093263
 lgbm       0.420837      0.087552
17:42:51  ccnEvaluation         INFO     ── Held-out for ADOS_2_ADOS_G_REVISED_SA_LEVEL_OF_SYMPTOMS (classification | full_kinematic) ──
17:42:51  baselineEval.src.held_out  INFO     Best classification model: lgbm (F1-macro=0.4208 ± 0.0876)
17:42:51  baselineEval.src.held_out  INFO     Held-out classification (full_kinematic | ADOS_2_ADOS_G_REVISED_SA_LEVEL_OF_SYMPTOMS): model=lgbm F1-macro=0.299 BAcc=0.381 Acc=0.471 [0.230, 0.722]
17:42:55  baselineEval.src.plotting  INFO       Saved: shap_bar_top20.png and shap_beeswarm_top20.png
17:42:55  baselineEval.src.held_out  INFO     SHAP saved → /srv/beegfs/scratch/shares/schaerm/schaer2/video_sam2_pose/humanLISBET-paper/baselineEval/results_stats_temporal_maxpool/full_kinematic/held_out/classification/ADOS_2_ADOS_G_REVISED_SA_LEVEL_OF_SYMPTOMS/shap
17:42:55  ccnEvaluation         INFO     ── CV for ADOS_G_ADOS_2_TOTAL_score_de_severite (regression) ──
17:42:55  ccnEvaluation         INFO       X: (102, 206), y: (102,) (classes: [ 1.  2.  3.  4.  5.  6.  7.  8.  9. 10.])
17:42:55  baselineEval.src.cross_validation  INFO     Regression CV: 2 models, 5×10 nested CV (50 total outer folds)
17:43:53  baselineEval.src.cross_validation  INFO       Saved: predictions_per_subject.csv
17:43:53  baselineEval.src.cross_validation  INFO       CV results: 100 rows → /srv/beegfs/scratch/shares/schaerm/schaer2/video_sam2_pose/humanLISBET-paper/baselineEval/results_stats_temporal_maxpool/full_kinematic/regression/ADOS_G_ADOS_2_TOTAL_score_de_severite/cv_results.csv
17:43:53  baselineEval.src.cross_validation  INFO     
── Regression summary (ADOS_G_ADOS_2_TOTAL_score_de_severite) ──
model     rmse       r2  spearman_r
lasso 2.805407 0.286121    0.617685
 lgbm 2.751433 0.309509    0.583431
17:43:53  ccnEvaluation         INFO     ── Held-out for ADOS_G_ADOS_2_TOTAL_score_de_severite (regression | full_kinematic) ──
17:43:53  baselineEval.src.held_out  INFO     Best regression model: lgbm (RMSE=2.7514 ± 0.3642)
17:43:54  baselineEval.src.held_out  INFO     Held-out regression (full_kinematic | ADOS_G_ADOS_2_TOTAL_score_de_severite): model=lgbm RMSE=3.031 [2.036, 3.996] R²=0.252 [-0.419, 0.637] ρ=0.490
17:43:58  baselineEval.src.plotting  INFO       Saved: shap_bar_top20.png and shap_beeswarm_top20.png
17:43:58  baselineEval.src.held_out  INFO     SHAP saved → /srv/beegfs/scratch/shares/schaerm/schaer2/video_sam2_pose/humanLISBET-paper/baselineEval/results_stats_temporal_maxpool/full_kinematic/held_out/regression/ADOS_G_ADOS_2_TOTAL_score_de_severite/shap
17:43:58  ccnEvaluation         INFO     ── CV for ADOS_2_ADOS_G_REVISED_SA_SEVERITY_SCORE (regression) ──
17:43:58  ccnEvaluation         INFO       X: (102, 206), y: (102,) (classes: [ 1.  2.  3.  4.  5.  6.  7.  9. 10.])
17:43:58  baselineEval.src.cross_validation  INFO     Regression CV: 2 models, 5×10 nested CV (50 total outer folds)
17:44:57  baselineEval.src.cross_validation  INFO       Saved: predictions_per_subject.csv
17:44:57  baselineEval.src.cross_validation  INFO       CV results: 100 rows → /srv/beegfs/scratch/shares/schaerm/schaer2/video_sam2_pose/humanLISBET-paper/baselineEval/results_stats_temporal_maxpool/full_kinematic/regression/ADOS_2_ADOS_G_REVISED_SA_SEVERITY_SCORE/cv_results.csv
17:44:57  baselineEval.src.cross_validation  INFO     
── Regression summary (ADOS_2_ADOS_G_REVISED_SA_SEVERITY_SCORE) ──
model     rmse       r2  spearman_r
lasso 2.520882 0.316094    0.583396
 lgbm 2.576405 0.278616    0.547051
17:44:57  ccnEvaluation         INFO     ── Held-out for ADOS_2_ADOS_G_REVISED_SA_SEVERITY_SCORE (regression | full_kinematic) ──
17:44:57  baselineEval.src.held_out  INFO     Best regression model: lasso (RMSE=2.5209 ± 0.2936)
17:44:57  baselineEval.src.held_out  INFO     Held-out regression (full_kinematic | ADOS_2_ADOS_G_REVISED_SA_SEVERITY_SCORE): model=lasso RMSE=2.267 [1.223, 3.191] R²=0.376 [-0.184, 0.773] ρ=0.621
17:45:00  baselineEval.src.plotting  INFO       Saved: shap_bar_top20.png and shap_beeswarm_top20.png
17:45:00  baselineEval.src.held_out  INFO     SHAP saved → /srv/beegfs/scratch/shares/schaerm/schaer2/video_sam2_pose/humanLISBET-paper/baselineEval/results_stats_temporal_maxpool/full_kinematic/held_out/regression/ADOS_2_ADOS_G_REVISED_SA_SEVERITY_SCORE/shap
17:45:00  ccnEvaluation         INFO     ── CV for ADOS_2_ADOS_G_REVISED_RRB_SEVERITY_SCORE_new (regression) ──
17:45:00  ccnEvaluation         INFO       X: (102, 206), y: (102,) (classes: [ 1.  5.  6.  7.  8.  9. 10.])
17:45:00  baselineEval.src.cross_validation  INFO     Regression CV: 2 models, 5×10 nested CV (50 total outer folds)
17:46:00  baselineEval.src.cross_validation  INFO       Saved: predictions_per_subject.csv
17:46:00  baselineEval.src.cross_validation  INFO       CV results: 100 rows → /srv/beegfs/scratch/shares/schaerm/schaer2/video_sam2_pose/humanLISBET-paper/baselineEval/results_stats_temporal_maxpool/full_kinematic/regression/ADOS_2_ADOS_G_REVISED_RRB_SEVERITY_SCORE_new/cv_results.csv
17:46:00  baselineEval.src.cross_validation  INFO     
── Regression summary (ADOS_2_ADOS_G_REVISED_RRB_SEVERITY_SCORE_new) ──
model     rmse       r2  spearman_r
lasso 2.923411 0.131681    0.476249
 lgbm 2.797759 0.194078    0.533983
17:46:00  ccnEvaluation         INFO     ── Held-out for ADOS_2_ADOS_G_REVISED_RRB_SEVERITY_SCORE_new (regression | full_kinematic) ──
17:46:00  baselineEval.src.held_out  INFO     Best regression model: lgbm (RMSE=2.7978 ± 0.3373)
17:46:01  baselineEval.src.held_out  INFO     Held-out regression (full_kinematic | ADOS_2_ADOS_G_REVISED_RRB_SEVERITY_SCORE_new): model=lgbm RMSE=2.574 [1.865, 3.202] R²=0.532 [0.028, 0.704] ρ=0.767
17:46:04  baselineEval.src.plotting  INFO       Saved: shap_bar_top20.png and shap_beeswarm_top20.png
17:46:04  baselineEval.src.held_out  INFO     SHAP saved → /srv/beegfs/scratch/shares/schaerm/schaer2/video_sam2_pose/humanLISBET-paper/baselineEval/results_stats_temporal_maxpool/full_kinematic/held_out/regression/ADOS_2_ADOS_G_REVISED_RRB_SEVERITY_SCORE_new/shap
17:46:04  ccnEvaluation         INFO     ── CV for VLDII_AdSS (regression) ──
17:46:04  ccnEvaluation         INFO       X: (95, 206), y: (95,) (classes: [ 51.  63.  64.  65.  66.  68.  69.  70.  71.  72.  73.  74.  75.  76.
  77.  78.  79.  80.  81.  83.  84.  85.  86.  87.  88.  89.  90.  91.
  92.  93.  94.  95.  96.  97.  99. 100. 102. 103. 104. 105. 107. 108.
 109. 110. 113. 115. 117.])
17:46:04  baselineEval.src.cross_validation  INFO     Regression CV: 2 models, 5×10 nested CV (50 total outer folds)
17:47:02  baselineEval.src.cross_validation  INFO       Saved: predictions_per_subject.csv
17:47:02  baselineEval.src.cross_validation  INFO       CV results: 100 rows → /srv/beegfs/scratch/shares/schaerm/schaer2/video_sam2_pose/humanLISBET-paper/baselineEval/results_stats_temporal_maxpool/full_kinematic/regression/VLDII_AdSS/cv_results.csv
17:47:02  baselineEval.src.cross_validation  INFO     
── Regression summary (VLDII_AdSS) ──
model      rmse       r2  spearman_r
lasso 13.420864 0.154732    0.437432
 lgbm 13.568999 0.128989    0.411176
17:47:02  ccnEvaluation         INFO     ── Held-out for VLDII_AdSS (regression | full_kinematic) ──
17:47:02  baselineEval.src.held_out  INFO     Best regression model: lasso (RMSE=13.4209 ± 1.2986)
17:47:03  baselineEval.src.held_out  INFO     Held-out regression (full_kinematic | VLDII_AdSS): model=lasso RMSE=11.763 [9.005, 14.223] R²=0.447 [0.159, 0.591] ρ=0.744
17:47:06  baselineEval.src.plotting  INFO       Saved: shap_bar_top20.png and shap_beeswarm_top20.png
17:47:06  baselineEval.src.held_out  INFO     SHAP saved → /srv/beegfs/scratch/shares/schaerm/schaer2/video_sam2_pose/humanLISBET-paper/baselineEval/results_stats_temporal_maxpool/full_kinematic/held_out/regression/VLDII_AdSS/shap
17:47:06  ccnEvaluation         INFO     ── CV for VLDII_MotorSS (regression) ──
17:47:06  ccnEvaluation         INFO       X: (95, 206), y: (95,) (classes: [ 56.  67.  69.  70.  72.  75.  79.  81.  82.  84.  85.  88.  90.  93.
  94.  95.  96.  97. 100. 102. 104. 105. 106. 108. 111. 114. 121. 131.])
17:47:06  baselineEval.src.cross_validation  INFO     Regression CV: 2 models, 5×10 nested CV (50 total outer folds)
17:48:04  baselineEval.src.cross_validation  INFO       Saved: predictions_per_subject.csv
17:48:04  baselineEval.src.cross_validation  INFO       CV results: 100 rows → /srv/beegfs/scratch/shares/schaerm/schaer2/video_sam2_pose/humanLISBET-paper/baselineEval/results_stats_temporal_maxpool/full_kinematic/regression/VLDII_MotorSS/cv_results.csv
17:48:04  baselineEval.src.cross_validation  INFO     
── Regression summary (VLDII_MotorSS) ──
model      rmse        r2  spearman_r
lasso 12.495983 -0.031451   -0.085417
 lgbm 12.727237 -0.079744    0.097109
17:48:04  ccnEvaluation         INFO     ── Held-out for VLDII_MotorSS (regression | full_kinematic) ──
17:48:04  baselineEval.src.held_out  INFO     Best regression model: lasso (RMSE=12.4960 ± 1.3968)
/srv/beegfs/scratch/shares/schaerm/schaer2/video_sam2_pose/humanLISBET-paper/baselineEval/src/held_out.py:422: ConstantInputWarning: An input array is constant; the correlation coefficient is not defined.
  sp_r, _ = spearmanr(y_test, y_pred)
/srv/beegfs/scratch/shares/schaerm/schaer2/video_sam2_pose/humanLISBET-paper/baselineEval/src/held_out.py:423: ConstantInputWarning: An input array is constant; the correlation coefficient is not defined.
  pe_r, _ = pearsonr(y_test, y_pred)
17:48:05  baselineEval.src.held_out  INFO     Held-out regression (full_kinematic | VLDII_MotorSS): model=lasso RMSE=12.713 [9.358, 16.144] R²=-0.009 [-0.572, -0.000] ρ=nan
17:48:08  baselineEval.src.plotting  INFO       Saved: shap_bar_top20.png and shap_beeswarm_top20.png
17:48:08  baselineEval.src.held_out  INFO     SHAP saved → /srv/beegfs/scratch/shares/schaerm/schaer2/video_sam2_pose/humanLISBET-paper/baselineEval/results_stats_temporal_maxpool/full_kinematic/held_out/regression/VLDII_MotorSS/shap
17:48:08  ccnEvaluation         INFO     ── CV for VLDII_gmsVS (regression) ──
17:48:08  ccnEvaluation         INFO       X: (95, 206), y: (95,) (classes: [ 8.  9. 10. 11. 12. 13. 14. 15. 16. 17. 18. 22.])
17:48:08  baselineEval.src.cross_validation  INFO     Regression CV: 2 models, 5×10 nested CV (50 total outer folds)
17:49:05  baselineEval.src.cross_validation  INFO       Saved: predictions_per_subject.csv
17:49:05  baselineEval.src.cross_validation  INFO       CV results: 100 rows → /srv/beegfs/scratch/shares/schaerm/schaer2/video_sam2_pose/humanLISBET-paper/baselineEval/results_stats_temporal_maxpool/full_kinematic/regression/VLDII_gmsVS/cv_results.csv
17:49:05  baselineEval.src.cross_validation  INFO     
── Regression summary (VLDII_gmsVS) ──
model     rmse        r2  spearman_r
lasso 2.137806 -0.035926   -0.252335
 lgbm 2.155355 -0.058143    0.129261
17:49:05  ccnEvaluation         INFO     ── Held-out for VLDII_gmsVS (regression | full_kinematic) ──
17:49:05  baselineEval.src.held_out  INFO     Best regression model: lasso (RMSE=2.1378 ± 0.3574)
/srv/beegfs/scratch/shares/schaerm/schaer2/video_sam2_pose/humanLISBET-paper/baselineEval/src/held_out.py:422: ConstantInputWarning: An input array is constant; the correlation coefficient is not defined.
  sp_r, _ = spearmanr(y_test, y_pred)
/srv/beegfs/scratch/shares/schaerm/schaer2/video_sam2_pose/humanLISBET-paper/baselineEval/src/held_out.py:423: ConstantInputWarning: An input array is constant; the correlation coefficient is not defined.
  pe_r, _ = pearsonr(y_test, y_pred)
17:49:06  baselineEval.src.held_out  INFO     Held-out regression (full_kinematic | VLDII_gmsVS): model=lasso RMSE=1.893 [1.289, 2.418] R²=-0.014 [-0.494, -0.000] ρ=nan
17:49:09  baselineEval.src.plotting  INFO       Saved: shap_bar_top20.png and shap_beeswarm_top20.png
17:49:09  baselineEval.src.held_out  INFO     SHAP saved → /srv/beegfs/scratch/shares/schaerm/schaer2/video_sam2_pose/humanLISBET-paper/baselineEval/results_stats_temporal_maxpool/full_kinematic/held_out/regression/VLDII_gmsVS/shap
17:49:09  ccnEvaluation         INFO     ── CV for VLDII_fmsVS (regression) ──
17:49:09  ccnEvaluation         INFO       X: (95, 206), y: (95,) (classes: [ 7.  8.  9. 10. 11. 12. 13. 14. 15. 16. 17. 18.])
17:49:09  baselineEval.src.cross_validation  INFO     Regression CV: 2 models, 5×10 nested CV (50 total outer folds)
17:50:06  baselineEval.src.cross_validation  INFO       Saved: predictions_per_subject.csv
17:50:06  baselineEval.src.cross_validation  INFO       CV results: 100 rows → /srv/beegfs/scratch/shares/schaerm/schaer2/video_sam2_pose/humanLISBET-paper/baselineEval/results_stats_temporal_maxpool/full_kinematic/regression/VLDII_fmsVS/cv_results.csv
17:50:06  baselineEval.src.cross_validation  INFO     
── Regression summary (VLDII_fmsVS) ──
model     rmse        r2  spearman_r
lasso 2.473876 -0.033901    0.142941
 lgbm 2.557014 -0.115970    0.081588
17:50:06  ccnEvaluation         INFO     ── Held-out for VLDII_fmsVS (regression | full_kinematic) ──
17:50:06  baselineEval.src.held_out  INFO     Best regression model: lasso (RMSE=2.4739 ± 0.2417)
/srv/beegfs/scratch/shares/schaerm/schaer2/video_sam2_pose/humanLISBET-paper/baselineEval/src/held_out.py:422: ConstantInputWarning: An input array is constant; the correlation coefficient is not defined.
  sp_r, _ = spearmanr(y_test, y_pred)
/srv/beegfs/scratch/shares/schaerm/schaer2/video_sam2_pose/humanLISBET-paper/baselineEval/src/held_out.py:423: ConstantInputWarning: An input array is constant; the correlation coefficient is not defined.
  pe_r, _ = pearsonr(y_test, y_pred)
17:50:06  baselineEval.src.held_out  INFO     Held-out regression (full_kinematic | VLDII_fmsVS): model=lasso RMSE=2.495 [1.826, 3.138] R²=-0.013 [-0.555, -0.000] ρ=nan
17:50:09  baselineEval.src.plotting  INFO       Saved: shap_bar_top20.png and shap_beeswarm_top20.png
17:50:09  baselineEval.src.held_out  INFO     SHAP saved → /srv/beegfs/scratch/shares/schaerm/schaer2/video_sam2_pose/humanLISBET-paper/baselineEval/results_stats_temporal_maxpool/full_kinematic/held_out/regression/VLDII_fmsVS/shap
17:50:09  ccnEvaluation         INFO     ── CV for VLDII_SocSS (regression) ──
17:50:09  ccnEvaluation         INFO       X: (95, 206), y: (95,) (classes: [ 59.  65.  66.  68.  70.  72.  74.  75.  76.  78.  79.  80.  81.  82.
  84.  86.  88.  89.  90.  91.  92.  94.  95.  96.  98. 100. 101. 102.
 105. 109. 111. 112. 114.])
17:50:09  baselineEval.src.cross_validation  INFO     Regression CV: 2 models, 5×10 nested CV (50 total outer folds)
17:51:07  baselineEval.src.cross_validation  INFO       Saved: predictions_per_subject.csv
17:51:07  baselineEval.src.cross_validation  INFO       CV results: 100 rows → /srv/beegfs/scratch/shares/schaerm/schaer2/video_sam2_pose/humanLISBET-paper/baselineEval/results_stats_temporal_maxpool/full_kinematic/regression/VLDII_SocSS/cv_results.csv
17:51:07  baselineEval.src.cross_validation  INFO     
── Regression summary (VLDII_SocSS) ──
model      rmse       r2  spearman_r
lasso 11.478326 0.101924    0.445865
 lgbm 11.218352 0.136555    0.448901
17:51:07  ccnEvaluation         INFO     ── Held-out for VLDII_SocSS (regression | full_kinematic) ──
17:51:07  baselineEval.src.held_out  INFO     Best regression model: lgbm (RMSE=11.2184 ± 1.2788)
17:51:08  baselineEval.src.held_out  INFO     Held-out regression (full_kinematic | VLDII_SocSS): model=lgbm RMSE=10.285 [8.327, 11.980] R²=0.305 [-0.129, 0.430] ρ=0.506
17:51:11  baselineEval.src.plotting  INFO       Saved: shap_bar_top20.png and shap_beeswarm_top20.png
17:51:11  baselineEval.src.held_out  INFO     SHAP saved → /srv/beegfs/scratch/shares/schaerm/schaer2/video_sam2_pose/humanLISBET-paper/baselineEval/results_stats_temporal_maxpool/full_kinematic/held_out/regression/VLDII_SocSS/shap
17:51:11  ccnEvaluation         INFO     ── CV for VLDII_intVS (regression) ──
17:51:11  ccnEvaluation         INFO       X: (95, 206), y: (95,) (classes: [ 6.  8.  9. 10. 11. 12. 13. 14. 15. 16. 17. 18. 19. 20.])
17:51:11  baselineEval.src.cross_validation  INFO     Regression CV: 2 models, 5×10 nested CV (50 total outer folds)
17:52:08  baselineEval.src.cross_validation  INFO       Saved: predictions_per_subject.csv
17:52:08  baselineEval.src.cross_validation  INFO       CV results: 100 rows → /srv/beegfs/scratch/shares/schaerm/schaer2/video_sam2_pose/humanLISBET-paper/baselineEval/results_stats_temporal_maxpool/full_kinematic/regression/VLDII_intVS/cv_results.csv
17:52:08  baselineEval.src.cross_validation  INFO     
── Regression summary (VLDII_intVS) ──
model     rmse       r2  spearman_r
lasso 2.522090 0.116178    0.444589
 lgbm 2.441775 0.165733    0.511845
17:52:08  ccnEvaluation         INFO     ── Held-out for VLDII_intVS (regression | full_kinematic) ──
17:52:08  baselineEval.src.held_out  INFO     Best regression model: lgbm (RMSE=2.4418 ± 0.3497)
17:52:09  baselineEval.src.held_out  INFO     Held-out regression (full_kinematic | VLDII_intVS): model=lgbm RMSE=2.239 [1.702, 2.738] R²=0.441 [-0.080, 0.651] ρ=0.666
17:52:12  baselineEval.src.plotting  INFO       Saved: shap_bar_top20.png and shap_beeswarm_top20.png
17:52:12  baselineEval.src.held_out  INFO     SHAP saved → /srv/beegfs/scratch/shares/schaerm/schaer2/video_sam2_pose/humanLISBET-paper/baselineEval/results_stats_temporal_maxpool/full_kinematic/held_out/regression/VLDII_intVS/shap
17:52:12  ccnEvaluation         INFO     ── CV for VLDII_plaVS (regression) ──
17:52:12  ccnEvaluation         INFO       X: (95, 206), y: (95,) (classes: [ 7.  8.  9. 10. 11. 12. 13. 14. 15. 16. 17. 18. 19.])
17:52:12  baselineEval.src.cross_validation  INFO     Regression CV: 2 models, 5×10 nested CV (50 total outer folds)
17:53:09  baselineEval.src.cross_validation  INFO       Saved: predictions_per_subject.csv
17:53:09  baselineEval.src.cross_validation  INFO       CV results: 100 rows → /srv/beegfs/scratch/shares/schaerm/schaer2/video_sam2_pose/humanLISBET-paper/baselineEval/results_stats_temporal_maxpool/full_kinematic/regression/VLDII_plaVS/cv_results.csv
17:53:09  baselineEval.src.cross_validation  INFO     
── Regression summary (VLDII_plaVS) ──
model     rmse       r2  spearman_r
lasso 2.400397 0.113371    0.376348
 lgbm 2.523570 0.014050    0.341143
17:53:09  ccnEvaluation         INFO     ── Held-out for VLDII_plaVS (regression | full_kinematic) ──
17:53:09  baselineEval.src.held_out  INFO     Best regression model: lasso (RMSE=2.4004 ± 0.2873)
17:53:10  baselineEval.src.held_out  INFO     Held-out regression (full_kinematic | VLDII_plaVS): model=lasso RMSE=1.670 [1.253, 2.033] R²=0.565 [0.263, 0.684] ρ=0.810
17:53:13  baselineEval.src.plotting  INFO       Saved: shap_bar_top20.png and shap_beeswarm_top20.png
17:53:13  baselineEval.src.held_out  INFO     SHAP saved → /srv/beegfs/scratch/shares/schaerm/schaer2/video_sam2_pose/humanLISBET-paper/baselineEval/results_stats_temporal_maxpool/full_kinematic/held_out/regression/VLDII_plaVS/shap
17:53:13  ccnEvaluation         INFO     ── CV for VLDII_copVS (regression) ──
17:53:13  ccnEvaluation         INFO       X: (95, 206), y: (95,) (classes: [ 9. 10. 11. 12. 13. 14. 15. 16. 17.])
17:53:13  baselineEval.src.cross_validation  INFO     Regression CV: 2 models, 5×10 nested CV (50 total outer folds)
17:54:10  baselineEval.src.cross_validation  INFO       Saved: predictions_per_subject.csv
17:54:10  baselineEval.src.cross_validation  INFO       CV results: 100 rows → /srv/beegfs/scratch/shares/schaerm/schaer2/video_sam2_pose/humanLISBET-paper/baselineEval/results_stats_temporal_maxpool/full_kinematic/regression/VLDII_copVS/cv_results.csv
17:54:10  baselineEval.src.cross_validation  INFO     
── Regression summary (VLDII_copVS) ──
model     rmse        r2  spearman_r
lasso 2.032167  0.008360    0.313184
 lgbm 2.050693 -0.008556    0.252092
17:54:10  ccnEvaluation         INFO     ── Held-out for VLDII_copVS (regression | full_kinematic) ──
17:54:10  baselineEval.src.held_out  INFO     Best regression model: lasso (RMSE=2.0322 ± 0.1542)
17:54:11  baselineEval.src.held_out  INFO     Held-out regression (full_kinematic | VLDII_copVS): model=lasso RMSE=1.632 [1.155, 2.135] R²=0.038 [-1.056, 0.392] ρ=0.355
17:54:14  baselineEval.src.plotting  INFO       Saved: shap_bar_top20.png and shap_beeswarm_top20.png
17:54:14  baselineEval.src.held_out  INFO     SHAP saved → /srv/beegfs/scratch/shares/schaerm/schaer2/video_sam2_pose/humanLISBET-paper/baselineEval/results_stats_temporal_maxpool/full_kinematic/held_out/regression/VLDII_copVS/shap
17:54:14  ccnEvaluation         INFO     ── CV for VLDII_DaiSS (regression) ──
17:54:14  ccnEvaluation         INFO       X: (95, 206), y: (95,) (classes: [ 53.  62.  65.  67.  69.  71.  73.  75.  77.  78.  80.  81.  82.  83.
  86.  87.  89.  91.  93.  95.  96.  98. 100. 101. 102. 103. 104. 105.
 107. 109. 111. 113. 115. 118. 121.])
17:54:14  baselineEval.src.cross_validation  INFO     Regression CV: 2 models, 5×10 nested CV (50 total outer folds)
17:55:12  baselineEval.src.cross_validation  INFO       Saved: predictions_per_subject.csv
17:55:12  baselineEval.src.cross_validation  INFO       CV results: 100 rows → /srv/beegfs/scratch/shares/schaerm/schaer2/video_sam2_pose/humanLISBET-paper/baselineEval/results_stats_temporal_maxpool/full_kinematic/regression/VLDII_DaiSS/cv_results.csv
17:55:12  baselineEval.src.cross_validation  INFO     
── Regression summary (VLDII_DaiSS) ──
model      rmse       r2  spearman_r
lasso 12.956970 0.089895    0.404452
 lgbm 12.856697 0.097901    0.407664
17:55:12  ccnEvaluation         INFO     ── Held-out for VLDII_DaiSS (regression | full_kinematic) ──
17:55:12  baselineEval.src.held_out  INFO     Best regression model: lgbm (RMSE=12.8567 ± 1.3381)
17:55:13  baselineEval.src.held_out  INFO     Held-out regression (full_kinematic | VLDII_DaiSS): model=lgbm RMSE=10.652 [7.732, 13.255] R²=0.460 [0.112, 0.592] ρ=0.755
17:55:16  baselineEval.src.plotting  INFO       Saved: shap_bar_top20.png and shap_beeswarm_top20.png
17:55:16  baselineEval.src.held_out  INFO     SHAP saved → /srv/beegfs/scratch/shares/schaerm/schaer2/video_sam2_pose/humanLISBET-paper/baselineEval/results_stats_temporal_maxpool/full_kinematic/held_out/regression/VLDII_DaiSS/shap
17:55:16  ccnEvaluation         INFO     ── CV for VLDII_perVS (regression) ──
17:55:16  ccnEvaluation         INFO       X: (95, 206), y: (95,) (classes: [ 7.  8.  9. 10. 11. 12. 13. 14. 15. 16. 17. 18.])
17:55:16  baselineEval.src.cross_validation  INFO     Regression CV: 2 models, 5×10 nested CV (50 total outer folds)
17:56:13  baselineEval.src.cross_validation  INFO       Saved: predictions_per_subject.csv
17:56:13  baselineEval.src.cross_validation  INFO       CV results: 100 rows → /srv/beegfs/scratch/shares/schaerm/schaer2/video_sam2_pose/humanLISBET-paper/baselineEval/results_stats_temporal_maxpool/full_kinematic/regression/VLDII_perVS/cv_results.csv
17:56:13  baselineEval.src.cross_validation  INFO     
── Regression summary (VLDII_perVS) ──
model     rmse        r2  spearman_r
lasso 2.673704  0.013796    0.331536
 lgbm 2.724565 -0.035354    0.249084
17:56:13  ccnEvaluation         INFO     ── Held-out for VLDII_perVS (regression | full_kinematic) ──
17:56:13  baselineEval.src.held_out  INFO     Best regression model: lasso (RMSE=2.6737 ± 0.3008)
17:56:14  baselineEval.src.held_out  INFO     Held-out regression (full_kinematic | VLDII_perVS): model=lasso RMSE=2.042 [1.599, 2.467] R²=0.279 [-0.116, 0.417] ρ=0.751
17:56:17  baselineEval.src.plotting  INFO       Saved: shap_bar_top20.png and shap_beeswarm_top20.png
17:56:17  baselineEval.src.held_out  INFO     SHAP saved → /srv/beegfs/scratch/shares/schaerm/schaer2/video_sam2_pose/humanLISBET-paper/baselineEval/results_stats_temporal_maxpool/full_kinematic/held_out/regression/VLDII_perVS/shap
17:56:17  ccnEvaluation         INFO     ── CV for VLDII_comVS (regression) ──
17:56:17  ccnEvaluation         INFO       X: (95, 206), y: (95,) (classes: [ 7. 10. 11. 12. 13. 14. 15. 16. 17. 18. 20.])
17:56:17  baselineEval.src.cross_validation  INFO     Regression CV: 2 models, 5×10 nested CV (50 total outer folds)
17:57:14  baselineEval.src.cross_validation  INFO       Saved: predictions_per_subject.csv
17:57:14  baselineEval.src.cross_validation  INFO       CV results: 100 rows → /srv/beegfs/scratch/shares/schaerm/schaer2/video_sam2_pose/humanLISBET-paper/baselineEval/results_stats_temporal_maxpool/full_kinematic/regression/VLDII_comVS/cv_results.csv
17:57:14  baselineEval.src.cross_validation  INFO     
── Regression summary (VLDII_comVS) ──
model     rmse        r2  spearman_r
lasso 2.295974 -0.036241    0.167826
 lgbm 2.303145 -0.054018    0.244426
17:57:14  ccnEvaluation         INFO     ── Held-out for VLDII_comVS (regression | full_kinematic) ──
17:57:14  baselineEval.src.held_out  INFO     Best regression model: lasso (RMSE=2.2960 ± 0.2463)
17:57:15  baselineEval.src.held_out  INFO     Held-out regression (full_kinematic | VLDII_comVS): model=lasso RMSE=2.574 [1.677, 3.443] R²=0.208 [-0.232, 0.454] ρ=0.471
17:57:18  baselineEval.src.plotting  INFO       Saved: shap_bar_top20.png and shap_beeswarm_top20.png
17:57:18  baselineEval.src.held_out  INFO     SHAP saved → /srv/beegfs/scratch/shares/schaerm/schaer2/video_sam2_pose/humanLISBET-paper/baselineEval/results_stats_temporal_maxpool/full_kinematic/held_out/regression/VLDII_comVS/shap
17:57:18  ccnEvaluation         INFO     ── CV for VLDII_domVS (regression) ──
17:57:18  ccnEvaluation         INFO       X: (95, 206), y: (95,) (classes: [ 9. 10. 11. 12. 13. 14. 15. 16. 17. 18. 19. 20. 22.])
17:57:18  baselineEval.src.cross_validation  INFO     Regression CV: 2 models, 5×10 nested CV (50 total outer folds)
17:58:14  baselineEval.src.cross_validation  INFO       Saved: predictions_per_subject.csv
17:58:14  baselineEval.src.cross_validation  INFO       CV results: 100 rows → /srv/beegfs/scratch/shares/schaerm/schaer2/video_sam2_pose/humanLISBET-paper/baselineEval/results_stats_temporal_maxpool/full_kinematic/regression/VLDII_domVS/cv_results.csv
17:58:14  baselineEval.src.cross_validation  INFO     
── Regression summary (VLDII_domVS) ──
model     rmse       r2  spearman_r
lasso 2.542906 0.148618    0.428348
 lgbm 2.585547 0.116987    0.406054
17:58:14  ccnEvaluation         INFO     ── Held-out for VLDII_domVS (regression | full_kinematic) ──
17:58:14  baselineEval.src.held_out  INFO     Best regression model: lasso (RMSE=2.5429 ± 0.2020)
17:58:15  baselineEval.src.held_out  INFO     Held-out regression (full_kinematic | VLDII_domVS): model=lasso RMSE=2.193 [1.468, 2.823] R²=0.455 [-0.161, 0.648] ρ=0.744
17:58:18  baselineEval.src.plotting  INFO       Saved: shap_bar_top20.png and shap_beeswarm_top20.png
17:58:18  baselineEval.src.held_out  INFO     SHAP saved → /srv/beegfs/scratch/shares/schaerm/schaer2/video_sam2_pose/humanLISBET-paper/baselineEval/results_stats_temporal_maxpool/full_kinematic/held_out/regression/VLDII_domVS/shap
17:58:18  ccnEvaluation         INFO     ── CV for VLDII_ComSS (regression) ──
17:58:18  ccnEvaluation         INFO       X: (95, 206), y: (95,) (classes: [ 44.  52.  54.  58.  59.  61.  63.  64.  65.  66.  69.  71.  72.  73.
  74.  76.  79.  80.  81.  84.  85.  86.  89.  90.  91.  93.  95.  97.
 100. 101. 102. 103. 104. 105. 107. 108. 110. 112. 113. 116. 118. 121.
 122. 125.])
17:58:18  baselineEval.src.cross_validation  INFO     Regression CV: 2 models, 5×10 nested CV (50 total outer folds)
17:59:16  baselineEval.src.cross_validation  INFO       Saved: predictions_per_subject.csv
17:59:16  baselineEval.src.cross_validation  INFO       CV results: 100 rows → /srv/beegfs/scratch/shares/schaerm/schaer2/video_sam2_pose/humanLISBET-paper/baselineEval/results_stats_temporal_maxpool/full_kinematic/regression/VLDII_ComSS/cv_results.csv
17:59:16  baselineEval.src.cross_validation  INFO     
── Regression summary (VLDII_ComSS) ──
model      rmse       r2  spearman_r
lasso 17.555379 0.161335    0.456011
 lgbm 17.964647 0.110314    0.396465
17:59:16  ccnEvaluation         INFO     ── Held-out for VLDII_ComSS (regression | full_kinematic) ──
17:59:16  baselineEval.src.held_out  INFO     Best regression model: lasso (RMSE=17.5554 ± 1.4166)
17:59:17  baselineEval.src.held_out  INFO     Held-out regression (full_kinematic | VLDII_ComSS): model=lasso RMSE=16.771 [13.039, 20.469] R²=0.405 [-0.034, 0.568] ρ=0.620
17:59:20  baselineEval.src.plotting  INFO       Saved: shap_bar_top20.png and shap_beeswarm_top20.png
17:59:20  baselineEval.src.held_out  INFO     SHAP saved → /srv/beegfs/scratch/shares/schaerm/schaer2/video_sam2_pose/humanLISBET-paper/baselineEval/results_stats_temporal_maxpool/full_kinematic/held_out/regression/VLDII_ComSS/shap
17:59:20  ccnEvaluation         INFO     ── CV for VLDII_expVS (regression) ──
17:59:20  ccnEvaluation         INFO       X: (95, 206), y: (95,) (classes: [ 6.  7.  8.  9. 10. 11. 12. 13. 14. 15. 16. 17. 18. 19. 20.])
17:59:20  baselineEval.src.cross_validation  INFO     Regression CV: 2 models, 5×10 nested CV (50 total outer folds)
18:00:16  baselineEval.src.cross_validation  INFO       Saved: predictions_per_subject.csv
18:00:16  baselineEval.src.cross_validation  INFO       CV results: 100 rows → /srv/beegfs/scratch/shares/schaerm/schaer2/video_sam2_pose/humanLISBET-paper/baselineEval/results_stats_temporal_maxpool/full_kinematic/regression/VLDII_expVS/cv_results.csv
18:00:16  baselineEval.src.cross_validation  INFO     
── Regression summary (VLDII_expVS) ──
model     rmse       r2  spearman_r
lasso 3.330319 0.159051    0.447627
 lgbm 3.323591 0.156622    0.431026
18:00:16  ccnEvaluation         INFO     ── Held-out for VLDII_expVS (regression | full_kinematic) ──
18:00:16  baselineEval.src.held_out  INFO     Best regression model: lgbm (RMSE=3.3236 ± 0.3788)
18:00:17  baselineEval.src.held_out  INFO     Held-out regression (full_kinematic | VLDII_expVS): model=lgbm RMSE=2.777 [1.936, 3.659] R²=0.419 [-0.220, 0.684] ρ=0.555
18:00:21  baselineEval.src.plotting  INFO       Saved: shap_bar_top20.png and shap_beeswarm_top20.png
18:00:21  baselineEval.src.held_out  INFO     SHAP saved → /srv/beegfs/scratch/shares/schaerm/schaer2/video_sam2_pose/humanLISBET-paper/baselineEval/results_stats_temporal_maxpool/full_kinematic/held_out/regression/VLDII_expVS/shap
18:00:21  ccnEvaluation         INFO     ── CV for VLDII_recVS (regression) ──
18:00:21  ccnEvaluation         INFO       X: (95, 206), y: (95,) (classes: [ 3.  5.  6.  7.  8.  9. 10. 11. 12. 13. 14. 15. 16. 17. 18. 19. 20. 21.])
18:00:21  baselineEval.src.cross_validation  INFO     Regression CV: 2 models, 5×10 nested CV (50 total outer folds)
18:01:18  baselineEval.src.cross_validation  INFO       Saved: predictions_per_subject.csv
18:01:18  baselineEval.src.cross_validation  INFO       CV results: 100 rows → /srv/beegfs/scratch/shares/schaerm/schaer2/video_sam2_pose/humanLISBET-paper/baselineEval/results_stats_temporal_maxpool/full_kinematic/regression/VLDII_recVS/cv_results.csv
18:01:18  baselineEval.src.cross_validation  INFO     
── Regression summary (VLDII_recVS) ──
model     rmse       r2  spearman_r
lasso 3.574178 0.198331    0.508594
 lgbm 3.666942 0.150297    0.460990
18:01:18  ccnEvaluation         INFO     ── Held-out for VLDII_recVS (regression | full_kinematic) ──
18:01:18  baselineEval.src.held_out  INFO     Best regression model: lasso (RMSE=3.5742 ± 0.4444)
18:01:19  baselineEval.src.held_out  INFO     Held-out regression (full_kinematic | VLDII_recVS): model=lasso RMSE=3.502 [2.654, 4.375] R²=0.422 [-0.009, 0.605] ρ=0.666
18:01:22  baselineEval.src.plotting  INFO       Saved: shap_bar_top20.png and shap_beeswarm_top20.png
18:01:22  baselineEval.src.held_out  INFO     SHAP saved → /srv/beegfs/scratch/shares/schaerm/schaer2/video_sam2_pose/humanLISBET-paper/baselineEval/results_stats_temporal_maxpool/full_kinematic/held_out/regression/VLDII_recVS/shap
18:01:22  ccnEvaluation         INFO     ── CV for MSEL_TOTAL_DQ (regression) ──
18:01:22  ccnEvaluation         INFO       X: (100, 206), y: (100,) (classes: [ 18.02469136  32.43483412  34.59785415  38.08884914  38.95032984
  40.09469697  40.66399287  41.7597914   48.35352006  48.38185274
  48.56808071  49.32034527  52.60163835  52.78815173  53.41769972
  54.6043883   54.66514664  55.9129902   57.80945419  58.00856827
  58.01880411  58.49358974  60.55385401  60.73988735  61.21267952
  61.65540541  62.6717033   64.54699612  64.58014537  65.85307734
  66.03346902  66.56582561  67.46408956  68.67474001  69.12878788
  69.58887965  70.42091476  70.5832302   71.22161779  72.65127389
  72.74744284  73.39929215  73.55044202  73.63718709  74.37652068
  76.23385285  77.89159198  78.63298081  79.93217054  79.97485632
  80.39067013  81.47321429  82.45481928  83.44764518  83.72463299
  88.69235986  88.94106636  91.04190422  91.67078393  92.86194316
  92.9187448   93.08301946  94.84225533  95.62583836  96.63388805
  97.48931624  98.02617856 102.9518543  103.811149   107.0353937
 107.8029726  108.1764296  108.385181   108.6309524  108.7338226
 109.0520026  109.52137    111.8651489  112.1257819  112.192623
 112.5198886  112.8090659  112.8284389  113.5791843  115.0573568
 116.0376082  116.1326915  118.2653171  119.351962   120.5538618
 121.574912   125.622437   128.0608788  130.5093403  130.8806655
 132.3244751  135.4820159  139.7760116  149.1013072  149.4299051 ])
18:01:22  baselineEval.src.cross_validation  INFO     Regression CV: 2 models, 5×10 nested CV (50 total outer folds)
18:02:22  baselineEval.src.cross_validation  INFO       Saved: predictions_per_subject.csv
18:02:22  baselineEval.src.cross_validation  INFO       CV results: 100 rows → /srv/beegfs/scratch/shares/schaerm/schaer2/video_sam2_pose/humanLISBET-paper/baselineEval/results_stats_temporal_maxpool/full_kinematic/regression/MSEL_TOTAL_DQ/cv_results.csv
18:02:22  baselineEval.src.cross_validation  INFO     
── Regression summary (MSEL_TOTAL_DQ) ──
model      rmse       r2  spearman_r
lasso 25.106685 0.241586    0.532000
 lgbm 25.725193 0.193299    0.470075
18:02:22  ccnEvaluation         INFO     ── Held-out for MSEL_TOTAL_DQ (regression | full_kinematic) ──
18:02:22  baselineEval.src.held_out  INFO     Best regression model: lasso (RMSE=25.1067 ± 3.0105)
18:02:23  baselineEval.src.held_out  INFO     Held-out regression (full_kinematic | MSEL_TOTAL_DQ): model=lasso RMSE=22.380 [17.326, 27.012] R²=0.539 [0.285, 0.631] ρ=0.887
18:02:26  baselineEval.src.plotting  INFO       Saved: shap_bar_top20.png and shap_beeswarm_top20.png
18:02:26  baselineEval.src.held_out  INFO     SHAP saved → /srv/beegfs/scratch/shares/schaerm/schaer2/video_sam2_pose/humanLISBET-paper/baselineEval/results_stats_temporal_maxpool/full_kinematic/held_out/regression/MSEL_TOTAL_DQ/shap
18:02:26  ccnEvaluation         INFO     ── CV for MSEL_FM_DQ (regression) ──
18:02:26  ccnEvaluation         INFO       X: (100, 206), y: (100,) (classes: [ 18.02469136  46.4649432   48.97137746  50.05646983  54.38484461
  55.25934702  55.26116578  55.3030303   59.06148867  60.89132507
  63.6627907   63.73690338  64.77896096  65.16194848  65.41218638
  65.72629052  69.06338694  69.12878788  69.33210784  70.91968912
  73.53479853  75.06258941  75.18022657  75.486618    75.66334992
  75.86923658  75.90612002  75.91514143  77.07927225  77.89159198
  78.29257829  79.43695591  79.91242474  80.18453427  80.89539007
  80.95690748  82.62072435  82.81765677  83.43724023  83.84379786
  83.94209957  85.6233244   85.79059829  85.92278719  87.62002743
  87.84596871  87.86462758  87.98209366  89.15229885  90.64569536
  90.75497288  90.7960199   92.60343482  92.99363057  93.43003413
  93.95109395  95.05208333  95.38327526  96.20155039  96.63388805
  96.66313559  97.1113645   97.65160523  97.76785714  98.45857418
  98.95429899  98.97788903  99.40087146  99.64898596 102.1903821
 102.8432377  103.6931818  103.811149   104.7045324  105.1267281
 105.4303871  106.1046512  106.538237   107.1589883  108.1764296
 108.201581   108.6309524  109.939759   111.4163614  111.6891065
 112.258348   112.5198886  113.5687229  114.1644325  115.1790314
 119.8555166  120.5538618  121.1819389  121.197515   121.574912
 122.124634   122.1456693  122.8956229  123.8687783  143.1372549 ])
18:02:26  baselineEval.src.cross_validation  INFO     Regression CV: 2 models, 5×10 nested CV (50 total outer folds)
18:03:26  baselineEval.src.cross_validation  INFO       Saved: predictions_per_subject.csv
18:03:26  baselineEval.src.cross_validation  INFO       CV results: 100 rows → /srv/beegfs/scratch/shares/schaerm/schaer2/video_sam2_pose/humanLISBET-paper/baselineEval/results_stats_temporal_maxpool/full_kinematic/regression/MSEL_FM_DQ/cv_results.csv
18:03:26  baselineEval.src.cross_validation  INFO     
── Regression summary (MSEL_FM_DQ) ──
model      rmse       r2  spearman_r
lasso 20.348827 0.069616    0.385594
 lgbm 19.737338 0.115786    0.418316
18:03:26  ccnEvaluation         INFO     ── Held-out for MSEL_FM_DQ (regression | full_kinematic) ──
18:03:26  baselineEval.src.held_out  INFO     Best regression model: lgbm (RMSE=19.7373 ± 2.8723)
18:03:27  baselineEval.src.held_out  INFO     Held-out regression (full_kinematic | MSEL_FM_DQ): model=lgbm RMSE=18.494 [12.889, 23.511] R²=0.283 [-0.255, 0.462] ρ=0.623
18:03:30  baselineEval.src.plotting  INFO       Saved: shap_bar_top20.png and shap_beeswarm_top20.png
18:03:30  baselineEval.src.held_out  INFO     SHAP saved → /srv/beegfs/scratch/shares/schaerm/schaer2/video_sam2_pose/humanLISBET-paper/baselineEval/results_stats_temporal_maxpool/full_kinematic/held_out/regression/MSEL_FM_DQ/shap
18:03:30  ccnEvaluation         INFO     ── CV for MSEL_VR_DQ (regression) ──
18:03:30  ccnEvaluation         INFO       X: (100, 206), y: (100,) (classes: [ 24.78395062  38.27847693  40.84386519  44.24242424  48.97137746
  55.48645661  56.65502522  56.92959002  62.16881151  62.75283172
  64.71631206  65.27181688  65.72629052  66.12318841  66.69049889
  67.74833589  69.92337165  70.46332046  70.66795741  71.15009747
  72.16608084  73.80514706  73.80800341  75.41322314  76.86522262
  77.69631031  77.99145299  78.31273601  78.41474446  78.6637931
  79.18580909  79.31783825  80.21978022  83.77964805  84.0389186
  84.56192081  84.81797057  84.88372093  85.28037383  87.43066062
  88.66708914  89.11889597  89.35566001  89.46078431  89.57533077
  89.615829    90.15860634  92.33630952  93.50512357  93.81764069
  94.1109736   94.6140553   96.17918314  96.20155039  97.93244949
  98.97788903 100.5796275  102.1289538  103.2884465  104.0746873
 104.3095565  106.0098302  106.3795337  108.127254   109.5515537
 110.1055807  110.1609658  110.297536   111.6891065  113.7780549
 114.2017705  114.5637163  115.3090847  116.9871795  118.5064935
 121.4642263  123.6822289  124.5733788  125.1905488  125.2213369
 129.0167095  130.7503771  133.1727963  133.6408905  133.8188664
 134.9544937  135.1851852  136.0094851  136.515748   146.7828418
 147.3675711  148.8166269  148.8393977  151.821572   153.0708874
 158.9721254  159.8073555  175.8188825  192.7226814 ])
18:03:30  baselineEval.src.cross_validation  INFO     Regression CV: 2 models, 5×10 nested CV (50 total outer folds)
18:04:31  baselineEval.src.cross_validation  INFO       Saved: predictions_per_subject.csv
18:04:31  baselineEval.src.cross_validation  INFO       CV results: 100 rows → /srv/beegfs/scratch/shares/schaerm/schaer2/video_sam2_pose/humanLISBET-paper/baselineEval/results_stats_temporal_maxpool/full_kinematic/regression/MSEL_VR_DQ/cv_results.csv
18:04:31  baselineEval.src.cross_validation  INFO     
── Regression summary (MSEL_VR_DQ) ──
model     rmse       r2  spearman_r
lasso 29.71445 0.092374    0.388101
 lgbm 30.59596 0.034705    0.304557
18:04:31  ccnEvaluation         INFO     ── Held-out for MSEL_VR_DQ (regression | full_kinematic) ──
18:04:31  baselineEval.src.held_out  INFO     Best regression model: lasso (RMSE=29.7145 ± 3.7200)
18:04:32  baselineEval.src.held_out  INFO     Held-out regression (full_kinematic | MSEL_VR_DQ): model=lasso RMSE=26.231 [20.413, 31.792] R²=0.391 [0.128, 0.470] ρ=0.770
18:04:34  baselineEval.src.plotting  INFO       Saved: shap_bar_top20.png and shap_beeswarm_top20.png
18:04:34  baselineEval.src.held_out  INFO     SHAP saved → /srv/beegfs/scratch/shares/schaerm/schaer2/video_sam2_pose/humanLISBET-paper/baselineEval/results_stats_temporal_maxpool/full_kinematic/held_out/regression/MSEL_VR_DQ/shap
18:04:34  ccnEvaluation         INFO     ── CV for MSEL_LR_DQ (regression) ──
18:04:34  ccnEvaluation         INFO       X: (100, 206), y: (100,) (classes: [  3.88463176   4.06639929   6.75925926   9.87554113  12.01290153
  16.59090909  18.70972466  20.22384752  20.94811754  21.24563446
  25.56022409  26.50048403  28.99586908  29.92695289  32.38948048
  32.63590844  35.30956329  37.26391016  38.9957265   40.25735294
  40.48807543  43.06091806  44.2961165   44.83182162  46.05097149
  46.79487179  47.45189808  48.93770627  50.11618082  50.37154989
  52.84749035  53.52588625  53.65219358  54.90373045  59.29174789
  59.55070281  62.02209006  62.16545012  62.65018881  63.07603687
  64.61056645  64.9288451   66.12318841  66.75811614  70.61011905
  70.91968912  71.94102807  73.19518717  74.25406872  76.30178639
  76.39534884  77.74980635  77.81007752  77.89159198  78.6637931
  79.07279029  79.43695591  80.19460138  82.52583979  83.43724023
  83.56227106  84.15678524  87.60560676  91.80080483  96.34238311
  96.50411281 102.7847309  104.0746873  105.9596995  107.2715207
 108.1764296  108.8902148  110.0871314  115.4120767  115.9171748
 116.9871795  117.5351288  118.5064935  119.2178672  119.8802164
 120.1122726  120.9753788  121.1819389  122.3190349  122.5189726
 124.5733788  126.9356955  127.766486   128.1288156  130.2021403
 130.5093403  132.9263068  138.2575758  142.6500252  144.1714836
 144.3321617  147.1132898  148.8393977  153.6195286  157.0567986 ])
18:04:34  baselineEval.src.cross_validation  INFO     Regression CV: 2 models, 5×10 nested CV (50 total outer folds)
18:05:35  baselineEval.src.cross_validation  INFO       Saved: predictions_per_subject.csv
18:05:35  baselineEval.src.cross_validation  INFO       CV results: 100 rows → /srv/beegfs/scratch/shares/schaerm/schaer2/video_sam2_pose/humanLISBET-paper/baselineEval/results_stats_temporal_maxpool/full_kinematic/regression/MSEL_LR_DQ/cv_results.csv
18:05:35  baselineEval.src.cross_validation  INFO     
── Regression summary (MSEL_LR_DQ) ──
model      rmse       r2  spearman_r
lasso 33.891707 0.279701    0.583489
 lgbm 35.296943 0.214867    0.493624
18:05:35  ccnEvaluation         INFO     ── Held-out for MSEL_LR_DQ (regression | full_kinematic) ──
18:05:35  baselineEval.src.held_out  INFO     Best regression model: lasso (RMSE=33.8917 ± 3.4550)
18:05:36  baselineEval.src.held_out  INFO     Held-out regression (full_kinematic | MSEL_LR_DQ): model=lasso RMSE=27.389 [19.670, 33.344] R²=0.635 [0.360, 0.755] ρ=0.799
18:05:38  baselineEval.src.plotting  INFO       Saved: shap_bar_top20.png and shap_beeswarm_top20.png
18:05:38  baselineEval.src.held_out  INFO     SHAP saved → /srv/beegfs/scratch/shares/schaerm/schaer2/video_sam2_pose/humanLISBET-paper/baselineEval/results_stats_temporal_maxpool/full_kinematic/held_out/regression/MSEL_LR_DQ/shap
18:05:38  ccnEvaluation         INFO     ── CV for MSEL_LE_DQ (regression) ──
18:05:38  ccnEvaluation         INFO       X: (100, 206), y: (100,) (classes: [  9.94008715  14.16375631  17.66698935  21.62322275  22.5308642
  23.71669916  24.48568873  29.32736455  29.93313147  31.1965812
  31.83139535  32.5311943   34.96168582  35.3339787   36.51460584
  36.64658635  37.69462981  40.09226714  40.25735294  40.48807543
  41.27091814  41.92189893  43.37492573  44.24242424  44.2961165
  44.43993506  44.83182162  45.69027182  46.51656754  46.72299027
  47.44367418  50.11618082  50.12015105  50.13736264  50.93023256
  52.58200355  54.8048048   55.8530987   56.46658416  56.94227769
  57.72506083  58.12101911  59.82097832  59.93431856  60.11198946
  61.49957877  65.17857143  65.57490326  66.18574582  66.20785318
  69.12878788  69.55030488  71.37484958  72.66780432  73.41954023
  75.10288066  76.33526384  77.99145299  78.1455863   79.85282418
  80.57395143  81.54602324  82.20720721  83.94209957  84.10138249
  85.23058961  86.67962003  89.35128519  89.92073693  90.17483846
  91.02244389  91.36420526  91.65097301  93.77792672  94.24218952
  96.25527426  96.94555113  97.92085848 100.2099483  100.2747253
 103.2239819  106.0553231  108.127254   109.939759   111.2804878
 111.8651489  112.258348   114.1922639  115.7352358  116.9871795
 120.9753788  122.124634   124.6584699  128.4817876  128.8841808
 137.775842   140.655106   143.7007874  170.9694989 ])
18:05:38  baselineEval.src.cross_validation  INFO     Regression CV: 2 models, 5×10 nested CV (50 total outer folds)
18:06:39  baselineEval.src.cross_validation  INFO       Saved: predictions_per_subject.csv
18:06:39  baselineEval.src.cross_validation  INFO       CV results: 100 rows → /srv/beegfs/scratch/shares/schaerm/schaer2/video_sam2_pose/humanLISBET-paper/baselineEval/results_stats_temporal_maxpool/full_kinematic/regression/MSEL_LE_DQ/cv_results.csv
18:06:39  baselineEval.src.cross_validation  INFO     
── Regression summary (MSEL_LE_DQ) ──
model      rmse       r2  spearman_r
lasso 30.239893 0.187246    0.464651
 lgbm 30.647369 0.161857    0.418711
18:06:39  ccnEvaluation         INFO     ── Held-out for MSEL_LE_DQ (regression | full_kinematic) ──
18:06:39  baselineEval.src.held_out  INFO     Best regression model: lasso (RMSE=30.2399 ± 3.9159)
18:06:40  baselineEval.src.held_out  INFO     Held-out regression (full_kinematic | MSEL_LE_DQ): model=lasso RMSE=25.558 [19.192, 31.321] R²=0.533 [0.126, 0.672] ρ=0.863
18:06:43  baselineEval.src.plotting  INFO       Saved: shap_bar_top20.png and shap_beeswarm_top20.png
18:06:43  baselineEval.src.held_out  INFO     SHAP saved → /srv/beegfs/scratch/shares/schaerm/schaer2/video_sam2_pose/humanLISBET-paper/baselineEval/results_stats_temporal_maxpool/full_kinematic/held_out/regression/MSEL_LE_DQ/shap
18:06:43  ccnEvaluation         INFO     ── CV for MSEL_NV_DQ (regression) ──
18:06:43  ccnEvaluation         INFO       X: (100, 206), y: (100,) (classes: [ 21.40432099  44.16747338  48.05160611  48.97137746  49.77272727
  58.71498864  60.1959643   60.90716019  63.02918895  63.79091198
  64.09642401  65.57490326  65.72629052  66.58026114  67.72345918
  67.91030161  70.16720315  71.56862745  72.80585106  73.37984863
  74.11468486  74.27325581  74.37794938  74.47079827  74.91789819
  76.17530756  76.74648129  76.87728938  77.59353741  79.97251931
  81.51480347  81.6976584   81.89102564  81.99943836  82.20720721
  82.35559567  83.73346137  83.90804598  84.15678524  84.60538218
  84.81199831  86.57250071  88.46431518  88.6496114   88.80778589
  88.87987013  91.05626327  91.88613478  92.03227433  92.13004822
  94.43082789  94.90379615  95.05208333  95.96479195  96.20155039
  96.39084507  96.49226641  97.36019132  97.52310803  97.94594067
  98.60764755  98.68968386  98.84549601  98.97788903  99.87039171
 100.2432517  102.1903821  103.1073446  109.0017065  109.0761612
 109.2369828  110.0871314  111.4163614  111.6531427  111.6891065
 114.2017705  115.7352358  116.0376082  116.2030831  116.810994
 116.9871795  119.3828214  119.8555166  121.5842367  122.8722053
 122.9496192  123.2016379  125.1071123  126.1626445  126.7361111
 127.1777003  128.2630522  128.3820346  129.3307087  130.6682578
 135.4820159  137.1387283  139.16122    139.8314361  157.8091521 ])
18:06:43  baselineEval.src.cross_validation  INFO     Regression CV: 2 models, 5×10 nested CV (50 total outer folds)
18:07:43  baselineEval.src.cross_validation  INFO       Saved: predictions_per_subject.csv
18:07:43  baselineEval.src.cross_validation  INFO       CV results: 100 rows → /srv/beegfs/scratch/shares/schaerm/schaer2/video_sam2_pose/humanLISBET-paper/baselineEval/results_stats_temporal_maxpool/full_kinematic/regression/MSEL_NV_DQ/cv_results.csv
18:07:43  baselineEval.src.cross_validation  INFO     
── Regression summary (MSEL_NV_DQ) ──
model      rmse       r2  spearman_r
lasso 23.397656 0.089855    0.411759
 lgbm 23.176787 0.095391    0.428571
18:07:43  ccnEvaluation         INFO     ── Held-out for MSEL_NV_DQ (regression | full_kinematic) ──
18:07:43  baselineEval.src.held_out  INFO     Best regression model: lgbm (RMSE=23.1768 ± 3.1287)
18:07:44  baselineEval.src.held_out  INFO     Held-out regression (full_kinematic | MSEL_NV_DQ): model=lgbm RMSE=19.961 [14.846, 25.247] R²=0.410 [-0.058, 0.652] ρ=0.605
18:07:47  baselineEval.src.plotting  INFO       Saved: shap_bar_top20.png and shap_beeswarm_top20.png
18:07:47  baselineEval.src.held_out  INFO     SHAP saved → /srv/beegfs/scratch/shares/schaerm/schaer2/video_sam2_pose/humanLISBET-paper/baselineEval/results_stats_temporal_maxpool/full_kinematic/held_out/regression/MSEL_NV_DQ/shap
18:07:47  ccnEvaluation         INFO     ── CV for MSEL_V_DQ (regression) ──
18:07:47  ccnEvaluation         INFO       X: (100, 206), y: (100,) (classes: [ 14.64506173  16.81806214  17.70469538  18.29879679  19.42315879
  25.02823491  25.13774105  27.1577381   27.20632081  29.4009959
  30.41666667  30.91723136  31.03741497  33.34524944  35.09615385
  36.40292553  37.2753268   37.99205148  39.16309013  39.59290454
  40.25735294  40.48807543  41.50422352  44.2961165   44.83182162
  47.46155586  48.09864458  48.46611722  48.93286143  50.11618082
  50.44223328  52.19708788  52.70214521  54.2462845   54.2693288
  54.68949248  54.82073643  54.89951357  56.38516993  58.28505645
  59.94525547  62.43158183  63.11758893  63.13929001  63.25823224
  63.6627907   64.59137709  67.89434524  69.06338694  70.46826734
  70.9304984   72.04972258  76.04166667  78.79965458  80.77686203
  81.15118577  83.23831243  85.25467149  85.85349462  85.92278719
  85.99599793  87.22984206  89.35566001  91.36789406  92.32431935
  92.73373984  94.37151949  94.86083166  95.8165773   97.07446809
  98.62059158  99.7831825  101.2242965  101.2355018  102.3816809
 103.6931818  103.8747811  107.1158763  108.0484808  109.063745
 110.7318923  111.4235219  114.0037352  114.2017705  115.3090847
 116.9871795  119.5234869  120.9753788  121.0967994  121.1872446
 122.9686881  124.051024   128.2952548  128.9440573  133.4982788
 135.3182415  135.4820159  141.0506581  142.4132948  159.0413943 ])
18:07:47  baselineEval.src.cross_validation  INFO     Regression CV: 2 models, 5×10 nested CV (50 total outer folds)
18:08:48  baselineEval.src.cross_validation  INFO       Saved: predictions_per_subject.csv
18:08:48  baselineEval.src.cross_validation  INFO       CV results: 100 rows → /srv/beegfs/scratch/shares/schaerm/schaer2/video_sam2_pose/humanLISBET-paper/baselineEval/results_stats_temporal_maxpool/full_kinematic/regression/MSEL_V_DQ/cv_results.csv
18:08:48  baselineEval.src.cross_validation  INFO     
── Regression summary (MSEL_V_DQ) ──
model      rmse       r2  spearman_r
lasso 29.768308 0.283823    0.577233
 lgbm 30.899375 0.222430    0.508812
18:08:48  ccnEvaluation         INFO     ── Held-out for MSEL_V_DQ (regression | full_kinematic) ──
18:08:48  baselineEval.src.held_out  INFO     Best regression model: lasso (RMSE=29.7683 ± 3.3725)
18:08:48  baselineEval.src.held_out  INFO     Held-out regression (full_kinematic | MSEL_V_DQ): model=lasso RMSE=25.656 [19.569, 31.572] R²=0.605 [0.305, 0.710] ρ=0.904
18:08:51  baselineEval.src.plotting  INFO       Saved: shap_bar_top20.png and shap_beeswarm_top20.png
18:08:51  baselineEval.src.held_out  INFO     SHAP saved → /srv/beegfs/scratch/shares/schaerm/schaer2/video_sam2_pose/humanLISBET-paper/baselineEval/results_stats_temporal_maxpool/full_kinematic/held_out/regression/MSEL_V_DQ/shap
18:08:51  ccnEvaluation         INFO     ═══ Representation: embedding ═══
18:08:51  ccnEvaluation         INFO       Features for embedding: 256 columns
18:08:51  ccnEvaluation         INFO     ═══ Step 2: Preprocessing report ═══
18:08:51  baselineEval.src.preprocessing  INFO     Feature selection (full dataset): 256 features → 256 kept (0 missingness, 0 near-zero-var, 0 correlated)
18:08:51  baselineEval.src.preprocessing  INFO     Feature selection report → /srv/beegfs/scratch/shares/schaerm/schaer2/video_sam2_pose/humanLISBET-paper/baselineEval/results_stats_temporal_maxpool/embedding/feature_selection_report.csv
18:08:51  baselineEval.src.preprocessing  INFO     PCA explained-variance data → /srv/beegfs/scratch/shares/schaerm/schaer2/video_sam2_pose/humanLISBET-paper/baselineEval/results_stats_temporal_maxpool/embedding/pca_explained_variance.csv
18:08:52  baselineEval.src.preprocessing  INFO     PCA explained-variance plot → /srv/beegfs/scratch/shares/schaerm/schaer2/video_sam2_pose/humanLISBET-paper/baselineEval/results_stats_temporal_maxpool/embedding/pca_explained_variance.png
18:08:52  ccnEvaluation         INFO     ── CV for diagnosis (classification) ──
18:08:52  ccnEvaluation         INFO       X: (102, 256), y: (102,) (classes: [0 1])
18:08:52  baselineEval.src.cross_validation  INFO     Classification CV: 2 models, 5×10 nested CV (50 total outer folds)
18:10:28  baselineEval.src.cross_validation  INFO       Saved: predictions_per_subject.csv
18:10:28  baselineEval.src.cross_validation  INFO       CV results: 100 rows → /srv/beegfs/scratch/shares/schaerm/schaer2/video_sam2_pose/humanLISBET-paper/baselineEval/results_stats_temporal_maxpool/embedding/classification/diagnosis/cv_results.csv
18:10:28  baselineEval.src.cross_validation  INFO     
── Classification AUC-ROC summary (diagnosis) ──
model  auc_roc_mean  auc_roc_std
lasso      0.744500     0.105950
 lgbm      0.766928     0.095047
18:10:28  ccnEvaluation         INFO     ── Held-out for diagnosis (classification | embedding) ──
18:10:28  baselineEval.src.held_out  INFO     Best classification model: lgbm (AUC=0.7669 ± 0.0950)
18:10:28  baselineEval.src.held_out  INFO     Held-out classification (embedding | diagnosis): model=lgbm AUC=0.657 BAcc=0.564 Acc=0.588 [0.329, 0.816]
18:10:28  ccnEvaluation         INFO     ── CV for ADOS_2_ADOS_G_revised_RRB_level_of_symptoms (classification) ──
18:10:28  ccnEvaluation         INFO       X: (102, 256), y: (102,) (classes: [0 1 2])
18:10:28  baselineEval.src.cross_validation  INFO     Classification CV: 2 models, 5×10 nested CV (50 total outer folds)
18:13:16  baselineEval.src.cross_validation  INFO       Saved: predictions_per_subject.csv
18:13:16  baselineEval.src.cross_validation  INFO       CV results: 100 rows → /srv/beegfs/scratch/shares/schaerm/schaer2/video_sam2_pose/humanLISBET-paper/baselineEval/results_stats_temporal_maxpool/embedding/classification/ADOS_2_ADOS_G_revised_RRB_level_of_symptoms/cv_results.csv
18:13:16  baselineEval.src.cross_validation  INFO     
── Classification F1-macro summary (ADOS_2_ADOS_G_revised_RRB_level_of_symptoms) ──
model  f1_macro_mean  f1_macro_std
lasso       0.520395      0.121092
 lgbm       0.453761      0.095446
18:13:16  ccnEvaluation         INFO     ── Held-out for ADOS_2_ADOS_G_revised_RRB_level_of_symptoms (classification | embedding) ──
18:13:16  baselineEval.src.held_out  INFO     Best classification model: lasso (F1-macro=0.5204 ± 0.1211)
18:13:17  baselineEval.src.held_out  INFO     Held-out classification (embedding | ADOS_2_ADOS_G_revised_RRB_level_of_symptoms): model=lasso F1-macro=0.515 BAcc=0.511 Acc=0.588 [0.329, 0.816]
18:13:17  ccnEvaluation         INFO     ── CV for ADOS_2_ADOS_G_REVISED_SA_LEVEL_OF_SYMPTOMS (classification) ──
18:13:17  ccnEvaluation         INFO       X: (102, 256), y: (102,) (classes: [0 1 2 3])
18:13:17  baselineEval.src.cross_validation  INFO     Classification CV: 2 models, 5×10 nested CV (50 total outer folds)
18:16:34  baselineEval.src.cross_validation  INFO       Saved: predictions_per_subject.csv
18:16:34  baselineEval.src.cross_validation  INFO       CV results: 100 rows → /srv/beegfs/scratch/shares/schaerm/schaer2/video_sam2_pose/humanLISBET-paper/baselineEval/results_stats_temporal_maxpool/embedding/classification/ADOS_2_ADOS_G_REVISED_SA_LEVEL_OF_SYMPTOMS/cv_results.csv
18:16:34  baselineEval.src.cross_validation  INFO     
── Classification F1-macro summary (ADOS_2_ADOS_G_REVISED_SA_LEVEL_OF_SYMPTOMS) ──
model  f1_macro_mean  f1_macro_std
lasso       0.302824      0.094030
 lgbm       0.326584      0.067729
18:16:34  ccnEvaluation         INFO     ── Held-out for ADOS_2_ADOS_G_REVISED_SA_LEVEL_OF_SYMPTOMS (classification | embedding) ──
18:16:34  baselineEval.src.held_out  INFO     Best classification model: lgbm (F1-macro=0.3266 ± 0.0677)
18:16:34  baselineEval.src.held_out  INFO     Held-out classification (embedding | ADOS_2_ADOS_G_REVISED_SA_LEVEL_OF_SYMPTOMS): model=lgbm F1-macro=0.317 BAcc=0.324 Acc=0.412 [0.184, 0.671]
18:16:34  ccnEvaluation         INFO     ── CV for ADOS_G_ADOS_2_TOTAL_score_de_severite (regression) ──
18:16:34  ccnEvaluation         INFO       X: (102, 256), y: (102,) (classes: [ 1.  2.  3.  4.  5.  6.  7.  8.  9. 10.])
18:16:34  baselineEval.src.cross_validation  INFO     Regression CV: 2 models, 5×10 nested CV (50 total outer folds)
18:17:45  baselineEval.src.cross_validation  INFO       Saved: predictions_per_subject.csv
18:17:45  baselineEval.src.cross_validation  INFO       CV results: 100 rows → /srv/beegfs/scratch/shares/schaerm/schaer2/video_sam2_pose/humanLISBET-paper/baselineEval/results_stats_temporal_maxpool/embedding/regression/ADOS_G_ADOS_2_TOTAL_score_de_severite/cv_results.csv
18:17:45  baselineEval.src.cross_validation  INFO     
── Regression summary (ADOS_G_ADOS_2_TOTAL_score_de_severite) ──
model     rmse       r2  spearman_r
lasso 2.997136 0.192319    0.518350
 lgbm 3.021329 0.175934    0.477019
18:17:45  ccnEvaluation         INFO     ── Held-out for ADOS_G_ADOS_2_TOTAL_score_de_severite (regression | embedding) ──
18:17:45  baselineEval.src.held_out  INFO     Best regression model: lasso (RMSE=2.9971 ± 0.2526)
18:17:46  baselineEval.src.held_out  INFO     Held-out regression (embedding | ADOS_G_ADOS_2_TOTAL_score_de_severite): model=lasso RMSE=3.221 [2.428, 3.919] R²=0.156 [-0.227, 0.367] ρ=0.323
18:17:46  ccnEvaluation         INFO     ── CV for ADOS_2_ADOS_G_REVISED_SA_SEVERITY_SCORE (regression) ──
18:17:46  ccnEvaluation         INFO       X: (102, 256), y: (102,) (classes: [ 1.  2.  3.  4.  5.  6.  7.  9. 10.])
18:17:46  baselineEval.src.cross_validation  INFO     Regression CV: 2 models, 5×10 nested CV (50 total outer folds)
18:18:56  baselineEval.src.cross_validation  INFO       Saved: predictions_per_subject.csv
18:18:56  baselineEval.src.cross_validation  INFO       CV results: 100 rows → /srv/beegfs/scratch/shares/schaerm/schaer2/video_sam2_pose/humanLISBET-paper/baselineEval/results_stats_temporal_maxpool/embedding/regression/ADOS_2_ADOS_G_REVISED_SA_SEVERITY_SCORE/cv_results.csv
18:18:56  baselineEval.src.cross_validation  INFO     
── Regression summary (ADOS_2_ADOS_G_REVISED_SA_SEVERITY_SCORE) ──
model     rmse       r2  spearman_r
lasso 2.875877 0.120539    0.421305
 lgbm 2.866912 0.119535    0.390262
18:18:56  ccnEvaluation         INFO     ── Held-out for ADOS_2_ADOS_G_REVISED_SA_SEVERITY_SCORE (regression | embedding) ──
18:18:56  baselineEval.src.held_out  INFO     Best regression model: lgbm (RMSE=2.8669 ± 0.2759)
18:18:57  baselineEval.src.held_out  INFO     Held-out regression (embedding | ADOS_2_ADOS_G_REVISED_SA_SEVERITY_SCORE): model=lgbm RMSE=2.620 [1.805, 3.310] R²=0.166 [-0.335, 0.455] ρ=0.489
18:18:57  ccnEvaluation         INFO     ── CV for ADOS_2_ADOS_G_REVISED_RRB_SEVERITY_SCORE_new (regression) ──
18:18:57  ccnEvaluation         INFO       X: (102, 256), y: (102,) (classes: [ 1.  5.  6.  7.  8.  9. 10.])
18:18:57  baselineEval.src.cross_validation  INFO     Regression CV: 2 models, 5×10 nested CV (50 total outer folds)
18:20:08  baselineEval.src.cross_validation  INFO       Saved: predictions_per_subject.csv
18:20:08  baselineEval.src.cross_validation  INFO       CV results: 100 rows → /srv/beegfs/scratch/shares/schaerm/schaer2/video_sam2_pose/humanLISBET-paper/baselineEval/results_stats_temporal_maxpool/embedding/regression/ADOS_2_ADOS_G_REVISED_RRB_SEVERITY_SCORE_new/cv_results.csv
18:20:08  baselineEval.src.cross_validation  INFO     
── Regression summary (ADOS_2_ADOS_G_REVISED_RRB_SEVERITY_SCORE_new) ──
model     rmse       r2  spearman_r
lasso 2.939801 0.119177    0.562372
 lgbm 2.945124 0.119237    0.488556
18:20:08  ccnEvaluation         INFO     ── Held-out for ADOS_2_ADOS_G_REVISED_RRB_SEVERITY_SCORE_new (regression | embedding) ──
18:20:08  baselineEval.src.held_out  INFO     Best regression model: lasso (RMSE=2.9398 ± 0.3649)
18:20:09  baselineEval.src.held_out  INFO     Held-out regression (embedding | ADOS_2_ADOS_G_REVISED_RRB_SEVERITY_SCORE_new): model=lasso RMSE=3.434 [2.723, 4.108] R²=0.168 [-0.217, 0.297] ρ=0.469
18:20:09  ccnEvaluation         INFO     ── CV for VLDII_AdSS (regression) ──
18:20:09  ccnEvaluation         INFO       X: (95, 256), y: (95,) (classes: [ 51.  63.  64.  65.  66.  68.  69.  70.  71.  72.  73.  74.  75.  76.
  77.  78.  79.  80.  81.  83.  84.  85.  86.  87.  88.  89.  90.  91.
  92.  93.  94.  95.  96.  97.  99. 100. 102. 103. 104. 105. 107. 108.
 109. 110. 113. 115. 117.])
18:20:09  baselineEval.src.cross_validation  INFO     Regression CV: 2 models, 5×10 nested CV (50 total outer folds)
18:21:18  baselineEval.src.cross_validation  INFO       Saved: predictions_per_subject.csv
18:21:18  baselineEval.src.cross_validation  INFO       CV results: 100 rows → /srv/beegfs/scratch/shares/schaerm/schaer2/video_sam2_pose/humanLISBET-paper/baselineEval/results_stats_temporal_maxpool/embedding/regression/VLDII_AdSS/cv_results.csv
18:21:18  baselineEval.src.cross_validation  INFO     
── Regression summary (VLDII_AdSS) ──
model      rmse       r2  spearman_r
lasso 13.260926 0.173701    0.486557
 lgbm 13.964580 0.078820    0.334233
18:21:18  ccnEvaluation         INFO     ── Held-out for VLDII_AdSS (regression | embedding) ──
18:21:18  baselineEval.src.held_out  INFO     Best regression model: lasso (RMSE=13.2609 ± 1.1125)
18:21:19  baselineEval.src.held_out  INFO     Held-out regression (embedding | VLDII_AdSS): model=lasso RMSE=14.554 [11.659, 17.061] R²=0.154 [-0.232, 0.281] ρ=0.398
18:21:19  ccnEvaluation         INFO     ── CV for VLDII_MotorSS (regression) ──
18:21:19  ccnEvaluation         INFO       X: (95, 256), y: (95,) (classes: [ 56.  67.  69.  70.  72.  75.  79.  81.  82.  84.  85.  88.  90.  93.
  94.  95.  96.  97. 100. 102. 104. 105. 106. 108. 111. 114. 121. 131.])
18:21:19  baselineEval.src.cross_validation  INFO     Regression CV: 2 models, 5×10 nested CV (50 total outer folds)
18:22:28  baselineEval.src.cross_validation  INFO       Saved: predictions_per_subject.csv
18:22:28  baselineEval.src.cross_validation  INFO       CV results: 100 rows → /srv/beegfs/scratch/shares/schaerm/schaer2/video_sam2_pose/humanLISBET-paper/baselineEval/results_stats_temporal_maxpool/embedding/regression/VLDII_MotorSS/cv_results.csv
18:22:28  baselineEval.src.cross_validation  INFO     
── Regression summary (VLDII_MotorSS) ──
model      rmse        r2  spearman_r
lasso 12.367604 -0.009367    0.069326
 lgbm 13.075486 -0.135144   -0.022395
18:22:28  ccnEvaluation         INFO     ── Held-out for VLDII_MotorSS (regression | embedding) ──
18:22:28  baselineEval.src.held_out  INFO     Best regression model: lasso (RMSE=12.3676 ± 1.4178)
18:22:29  baselineEval.src.held_out  INFO     Held-out regression (embedding | VLDII_MotorSS): model=lasso RMSE=12.942 [9.410, 16.369] R²=-0.045 [-0.599, 0.044] ρ=-0.036
18:22:29  ccnEvaluation         INFO     ── CV for VLDII_gmsVS (regression) ──
18:22:29  ccnEvaluation         INFO       X: (95, 256), y: (95,) (classes: [ 8.  9. 10. 11. 12. 13. 14. 15. 16. 17. 18. 22.])
18:22:29  baselineEval.src.cross_validation  INFO     Regression CV: 2 models, 5×10 nested CV (50 total outer folds)
18:23:38  baselineEval.src.cross_validation  INFO       Saved: predictions_per_subject.csv
18:23:38  baselineEval.src.cross_validation  INFO       CV results: 100 rows → /srv/beegfs/scratch/shares/schaerm/schaer2/video_sam2_pose/humanLISBET-paper/baselineEval/results_stats_temporal_maxpool/embedding/regression/VLDII_gmsVS/cv_results.csv
18:23:38  baselineEval.src.cross_validation  INFO     
── Regression summary (VLDII_gmsVS) ──
model     rmse        r2  spearman_r
lasso 2.125767 -0.024615    0.033156
 lgbm 2.224176 -0.130042   -0.073891
18:23:38  ccnEvaluation         INFO     ── Held-out for VLDII_gmsVS (regression | embedding) ──
18:23:38  baselineEval.src.held_out  INFO     Best regression model: lasso (RMSE=2.1258 ± 0.3446)
/srv/beegfs/scratch/shares/schaerm/schaer2/video_sam2_pose/humanLISBET-paper/baselineEval/src/held_out.py:422: ConstantInputWarning: An input array is constant; the correlation coefficient is not defined.
  sp_r, _ = spearmanr(y_test, y_pred)
/srv/beegfs/scratch/shares/schaerm/schaer2/video_sam2_pose/humanLISBET-paper/baselineEval/src/held_out.py:423: ConstantInputWarning: An input array is constant; the correlation coefficient is not defined.
  pe_r, _ = pearsonr(y_test, y_pred)
18:23:39  baselineEval.src.held_out  INFO     Held-out regression (embedding | VLDII_gmsVS): model=lasso RMSE=1.893 [1.289, 2.418] R²=-0.014 [-0.494, -0.000] ρ=nan
18:23:39  ccnEvaluation         INFO     ── CV for VLDII_fmsVS (regression) ──
18:23:39  ccnEvaluation         INFO       X: (95, 256), y: (95,) (classes: [ 7.  8.  9. 10. 11. 12. 13. 14. 15. 16. 17. 18.])
18:23:39  baselineEval.src.cross_validation  INFO     Regression CV: 2 models, 5×10 nested CV (50 total outer folds)
18:24:46  baselineEval.src.cross_validation  INFO       Saved: predictions_per_subject.csv
18:24:46  baselineEval.src.cross_validation  INFO       CV results: 100 rows → /srv/beegfs/scratch/shares/schaerm/schaer2/video_sam2_pose/humanLISBET-paper/baselineEval/results_stats_temporal_maxpool/embedding/regression/VLDII_fmsVS/cv_results.csv
18:24:46  baselineEval.src.cross_validation  INFO     
── Regression summary (VLDII_fmsVS) ──
model     rmse        r2  spearman_r
lasso 2.472007 -0.033527   -0.067935
 lgbm 2.568500 -0.117987    0.020634
18:24:46  ccnEvaluation         INFO     ── Held-out for VLDII_fmsVS (regression | embedding) ──
18:24:46  baselineEval.src.held_out  INFO     Best regression model: lasso (RMSE=2.4720 ± 0.2478)
/srv/beegfs/scratch/shares/schaerm/schaer2/video_sam2_pose/humanLISBET-paper/baselineEval/src/held_out.py:422: ConstantInputWarning: An input array is constant; the correlation coefficient is not defined.
  sp_r, _ = spearmanr(y_test, y_pred)
/srv/beegfs/scratch/shares/schaerm/schaer2/video_sam2_pose/humanLISBET-paper/baselineEval/src/held_out.py:423: ConstantInputWarning: An input array is constant; the correlation coefficient is not defined.
  pe_r, _ = pearsonr(y_test, y_pred)
18:24:47  baselineEval.src.held_out  INFO     Held-out regression (embedding | VLDII_fmsVS): model=lasso RMSE=2.495 [1.826, 3.138] R²=-0.013 [-0.555, -0.000] ρ=nan
18:24:47  ccnEvaluation         INFO     ── CV for VLDII_SocSS (regression) ──
18:24:47  ccnEvaluation         INFO       X: (95, 256), y: (95,) (classes: [ 59.  65.  66.  68.  70.  72.  74.  75.  76.  78.  79.  80.  81.  82.
  84.  86.  88.  89.  90.  91.  92.  94.  95.  96.  98. 100. 101. 102.
 105. 109. 111. 112. 114.])
18:24:47  baselineEval.src.cross_validation  INFO     Regression CV: 2 models, 5×10 nested CV (50 total outer folds)
18:25:56  baselineEval.src.cross_validation  INFO       Saved: predictions_per_subject.csv
18:25:56  baselineEval.src.cross_validation  INFO       CV results: 100 rows → /srv/beegfs/scratch/shares/schaerm/schaer2/video_sam2_pose/humanLISBET-paper/baselineEval/results_stats_temporal_maxpool/embedding/regression/VLDII_SocSS/cv_results.csv
18:25:56  baselineEval.src.cross_validation  INFO     
── Regression summary (VLDII_SocSS) ──
model      rmse       r2  spearman_r
lasso 11.004743 0.176730    0.493257
 lgbm 11.426769 0.099361    0.400567
18:25:56  ccnEvaluation         INFO     ── Held-out for VLDII_SocSS (regression | embedding) ──
18:25:56  baselineEval.src.held_out  INFO     Best regression model: lasso (RMSE=11.0047 ± 1.2122)
18:25:57  baselineEval.src.held_out  INFO     Held-out regression (embedding | VLDII_SocSS): model=lasso RMSE=11.538 [8.688, 14.196] R²=0.125 [-0.256, 0.251] ρ=0.293
18:25:57  ccnEvaluation         INFO     ── CV for VLDII_intVS (regression) ──
18:25:57  ccnEvaluation         INFO       X: (95, 256), y: (95,) (classes: [ 6.  8.  9. 10. 11. 12. 13. 14. 15. 16. 17. 18. 19. 20.])
18:25:57  baselineEval.src.cross_validation  INFO     Regression CV: 2 models, 5×10 nested CV (50 total outer folds)
18:27:05  baselineEval.src.cross_validation  INFO       Saved: predictions_per_subject.csv
18:27:05  baselineEval.src.cross_validation  INFO       CV results: 100 rows → /srv/beegfs/scratch/shares/schaerm/schaer2/video_sam2_pose/humanLISBET-paper/baselineEval/results_stats_temporal_maxpool/embedding/regression/VLDII_intVS/cv_results.csv
18:27:05  baselineEval.src.cross_validation  INFO     
── Regression summary (VLDII_intVS) ──
model     rmse       r2  spearman_r
lasso 2.423114 0.179583    0.527781
 lgbm 2.535632 0.098844    0.411079
18:27:05  ccnEvaluation         INFO     ── Held-out for VLDII_intVS (regression | embedding) ──
18:27:05  baselineEval.src.held_out  INFO     Best regression model: lasso (RMSE=2.4231 ± 0.2537)
18:27:06  baselineEval.src.held_out  INFO     Held-out regression (embedding | VLDII_intVS): model=lasso RMSE=2.892 [2.276, 3.480] R²=0.068 [-0.472, 0.302] ρ=0.175
18:27:06  ccnEvaluation         INFO     ── CV for VLDII_plaVS (regression) ──
18:27:06  ccnEvaluation         INFO       X: (95, 256), y: (95,) (classes: [ 7.  8.  9. 10. 11. 12. 13. 14. 15. 16. 17. 18. 19.])
18:27:06  baselineEval.src.cross_validation  INFO     Regression CV: 2 models, 5×10 nested CV (50 total outer folds)
18:28:14  baselineEval.src.cross_validation  INFO       Saved: predictions_per_subject.csv
18:28:14  baselineEval.src.cross_validation  INFO       CV results: 100 rows → /srv/beegfs/scratch/shares/schaerm/schaer2/video_sam2_pose/humanLISBET-paper/baselineEval/results_stats_temporal_maxpool/embedding/regression/VLDII_plaVS/cv_results.csv
18:28:14  baselineEval.src.cross_validation  INFO     
── Regression summary (VLDII_plaVS) ──
model     rmse       r2  spearman_r
lasso 2.432185 0.091236    0.393137
 lgbm 2.435396 0.078415    0.390619
18:28:14  ccnEvaluation         INFO     ── Held-out for VLDII_plaVS (regression | embedding) ──
18:28:14  baselineEval.src.held_out  INFO     Best regression model: lasso (RMSE=2.4322 ± 0.2049)
18:28:15  baselineEval.src.held_out  INFO     Held-out regression (embedding | VLDII_plaVS): model=lasso RMSE=2.102 [1.485, 2.665] R²=0.310 [-0.032, 0.458] ρ=0.619
18:28:15  ccnEvaluation         INFO     ── CV for VLDII_copVS (regression) ──
18:28:15  ccnEvaluation         INFO       X: (95, 256), y: (95,) (classes: [ 9. 10. 11. 12. 13. 14. 15. 16. 17.])
18:28:15  baselineEval.src.cross_validation  INFO     Regression CV: 2 models, 5×10 nested CV (50 total outer folds)
18:29:23  baselineEval.src.cross_validation  INFO       Saved: predictions_per_subject.csv
18:29:23  baselineEval.src.cross_validation  INFO       CV results: 100 rows → /srv/beegfs/scratch/shares/schaerm/schaer2/video_sam2_pose/humanLISBET-paper/baselineEval/results_stats_temporal_maxpool/embedding/regression/VLDII_copVS/cv_results.csv
18:29:23  baselineEval.src.cross_validation  INFO     
── Regression summary (VLDII_copVS) ──
model     rmse       r2  spearman_r
lasso 2.009542 0.033246    0.271421
 lgbm 2.028573 0.003419    0.250208
18:29:23  ccnEvaluation         INFO     ── Held-out for VLDII_copVS (regression | embedding) ──
18:29:23  baselineEval.src.held_out  INFO     Best regression model: lasso (RMSE=2.0095 ± 0.1627)
18:29:23  baselineEval.src.held_out  INFO     Held-out regression (embedding | VLDII_copVS): model=lasso RMSE=1.740 [1.340, 2.145] R²=-0.094 [-1.077, 0.205] ρ=0.123
18:29:23  ccnEvaluation         INFO     ── CV for VLDII_DaiSS (regression) ──
18:29:23  ccnEvaluation         INFO       X: (95, 256), y: (95,) (classes: [ 53.  62.  65.  67.  69.  71.  73.  75.  77.  78.  80.  81.  82.  83.
  86.  87.  89.  91.  93.  95.  96.  98. 100. 101. 102. 103. 104. 105.
 107. 109. 111. 113. 115. 118. 121.])
18:29:23  baselineEval.src.cross_validation  INFO     Regression CV: 2 models, 5×10 nested CV (50 total outer folds)
18:30:32  baselineEval.src.cross_validation  INFO       Saved: predictions_per_subject.csv
18:30:32  baselineEval.src.cross_validation  INFO       CV results: 100 rows → /srv/beegfs/scratch/shares/schaerm/schaer2/video_sam2_pose/humanLISBET-paper/baselineEval/results_stats_temporal_maxpool/embedding/regression/VLDII_DaiSS/cv_results.csv
18:30:32  baselineEval.src.cross_validation  INFO     
── Regression summary (VLDII_DaiSS) ──
model      rmse       r2  spearman_r
lasso 12.689002 0.128629    0.451999
 lgbm 13.103744 0.066764    0.364162
18:30:32  ccnEvaluation         INFO     ── Held-out for VLDII_DaiSS (regression | embedding) ──
18:30:32  baselineEval.src.held_out  INFO     Best regression model: lasso (RMSE=12.6890 ± 1.4034)
18:30:33  baselineEval.src.held_out  INFO     Held-out regression (embedding | VLDII_DaiSS): model=lasso RMSE=13.795 [10.017, 17.043] R²=0.095 [-0.333, 0.250] ρ=0.343
18:30:33  ccnEvaluation         INFO     ── CV for VLDII_perVS (regression) ──
18:30:33  ccnEvaluation         INFO       X: (95, 256), y: (95,) (classes: [ 7.  8.  9. 10. 11. 12. 13. 14. 15. 16. 17. 18.])
18:30:33  baselineEval.src.cross_validation  INFO     Regression CV: 2 models, 5×10 nested CV (50 total outer folds)
18:31:41  baselineEval.src.cross_validation  INFO       Saved: predictions_per_subject.csv
18:31:41  baselineEval.src.cross_validation  INFO       CV results: 100 rows → /srv/beegfs/scratch/shares/schaerm/schaer2/video_sam2_pose/humanLISBET-paper/baselineEval/results_stats_temporal_maxpool/embedding/regression/VLDII_perVS/cv_results.csv
18:31:41  baselineEval.src.cross_validation  INFO     
── Regression summary (VLDII_perVS) ──
model     rmse       r2  spearman_r
lasso 2.532836 0.114625    0.443705
 lgbm 2.542766 0.102417    0.355006
18:31:41  ccnEvaluation         INFO     ── Held-out for VLDII_perVS (regression | embedding) ──
18:31:41  baselineEval.src.held_out  INFO     Best regression model: lasso (RMSE=2.5328 ± 0.2424)
18:31:42  baselineEval.src.held_out  INFO     Held-out regression (embedding | VLDII_perVS): model=lasso RMSE=2.355 [1.814, 2.833] R²=0.040 [-0.423, 0.224] ρ=0.271
18:31:42  ccnEvaluation         INFO     ── CV for VLDII_comVS (regression) ──
18:31:42  ccnEvaluation         INFO       X: (95, 256), y: (95,) (classes: [ 7. 10. 11. 12. 13. 14. 15. 16. 17. 18. 20.])
18:31:42  baselineEval.src.cross_validation  INFO     Regression CV: 2 models, 5×10 nested CV (50 total outer folds)
18:32:50  baselineEval.src.cross_validation  INFO       Saved: predictions_per_subject.csv
18:32:50  baselineEval.src.cross_validation  INFO       CV results: 100 rows → /srv/beegfs/scratch/shares/schaerm/schaer2/video_sam2_pose/humanLISBET-paper/baselineEval/results_stats_temporal_maxpool/embedding/regression/VLDII_comVS/cv_results.csv
18:32:50  baselineEval.src.cross_validation  INFO     
── Regression summary (VLDII_comVS) ──
model     rmse       r2  spearman_r
lasso 2.101883 0.131803    0.447086
 lgbm 2.213038 0.033733    0.326007
18:32:50  ccnEvaluation         INFO     ── Held-out for VLDII_comVS (regression | embedding) ──
18:32:50  baselineEval.src.held_out  INFO     Best regression model: lasso (RMSE=2.1019 ± 0.2405)
18:32:51  baselineEval.src.held_out  INFO     Held-out regression (embedding | VLDII_comVS): model=lasso RMSE=3.054 [2.049, 3.985] R²=-0.115 [-0.687, 0.066] ρ=-0.025
18:32:51  ccnEvaluation         INFO     ── CV for VLDII_domVS (regression) ──
18:32:51  ccnEvaluation         INFO       X: (95, 256), y: (95,) (classes: [ 9. 10. 11. 12. 13. 14. 15. 16. 17. 18. 19. 20. 22.])
18:32:51  baselineEval.src.cross_validation  INFO     Regression CV: 2 models, 5×10 nested CV (50 total outer folds)
18:33:59  baselineEval.src.cross_validation  INFO       Saved: predictions_per_subject.csv
18:33:59  baselineEval.src.cross_validation  INFO       CV results: 100 rows → /srv/beegfs/scratch/shares/schaerm/schaer2/video_sam2_pose/humanLISBET-paper/baselineEval/results_stats_temporal_maxpool/embedding/regression/VLDII_domVS/cv_results.csv
18:33:59  baselineEval.src.cross_validation  INFO     
── Regression summary (VLDII_domVS) ──
model     rmse       r2  spearman_r
lasso 2.685833 0.054931    0.286586
 lgbm 2.701642 0.036816    0.298238
18:33:59  ccnEvaluation         INFO     ── Held-out for VLDII_domVS (regression | embedding) ──
18:33:59  baselineEval.src.held_out  INFO     Best regression model: lasso (RMSE=2.6858 ± 0.2289)
18:33:59  baselineEval.src.held_out  INFO     Held-out regression (embedding | VLDII_domVS): model=lasso RMSE=2.809 [1.815, 3.677] R²=0.106 [-0.306, 0.219] ρ=0.417
18:33:59  ccnEvaluation         INFO     ── CV for VLDII_ComSS (regression) ──
18:33:59  ccnEvaluation         INFO       X: (95, 256), y: (95,) (classes: [ 44.  52.  54.  58.  59.  61.  63.  64.  65.  66.  69.  71.  72.  73.
  74.  76.  79.  80.  81.  84.  85.  86.  89.  90.  91.  93.  95.  97.
 100. 101. 102. 103. 104. 105. 107. 108. 110. 112. 113. 116. 118. 121.
 122. 125.])
18:33:59  baselineEval.src.cross_validation  INFO     Regression CV: 2 models, 5×10 nested CV (50 total outer folds)
18:35:09  baselineEval.src.cross_validation  INFO       Saved: predictions_per_subject.csv
18:35:09  baselineEval.src.cross_validation  INFO       CV results: 100 rows → /srv/beegfs/scratch/shares/schaerm/schaer2/video_sam2_pose/humanLISBET-paper/baselineEval/results_stats_temporal_maxpool/embedding/regression/VLDII_ComSS/cv_results.csv
18:35:09  baselineEval.src.cross_validation  INFO     
── Regression summary (VLDII_ComSS) ──
model      rmse       r2  spearman_r
lasso 17.300073 0.185017    0.476600
 lgbm 18.879676 0.025001    0.316283
18:35:09  ccnEvaluation         INFO     ── Held-out for VLDII_ComSS (regression | embedding) ──
18:35:09  baselineEval.src.held_out  INFO     Best regression model: lasso (RMSE=17.3001 ± 1.6620)
18:35:09  baselineEval.src.held_out  INFO     Held-out regression (embedding | VLDII_ComSS): model=lasso RMSE=20.519 [15.833, 24.619] R²=0.110 [-0.401, 0.327] ρ=0.400
18:35:09  ccnEvaluation         INFO     ── CV for VLDII_expVS (regression) ──
18:35:09  ccnEvaluation         INFO       X: (95, 256), y: (95,) (classes: [ 6.  7.  8.  9. 10. 11. 12. 13. 14. 15. 16. 17. 18. 19. 20.])
18:35:09  baselineEval.src.cross_validation  INFO     Regression CV: 2 models, 5×10 nested CV (50 total outer folds)
18:36:18  baselineEval.src.cross_validation  INFO       Saved: predictions_per_subject.csv
18:36:18  baselineEval.src.cross_validation  INFO       CV results: 100 rows → /srv/beegfs/scratch/shares/schaerm/schaer2/video_sam2_pose/humanLISBET-paper/baselineEval/results_stats_temporal_maxpool/embedding/regression/VLDII_expVS/cv_results.csv
18:36:18  baselineEval.src.cross_validation  INFO     
── Regression summary (VLDII_expVS) ──
model     rmse       r2  spearman_r
lasso 3.380244 0.129143    0.448381
 lgbm 3.535545 0.046305    0.317317
18:36:18  ccnEvaluation         INFO     ── Held-out for VLDII_expVS (regression | embedding) ──
18:36:18  baselineEval.src.held_out  INFO     Best regression model: lasso (RMSE=3.3802 ± 0.3350)
18:36:18  baselineEval.src.held_out  INFO     Held-out regression (embedding | VLDII_expVS): model=lasso RMSE=3.466 [2.708, 4.253] R²=0.096 [-0.420, 0.297] ρ=0.313
18:36:18  ccnEvaluation         INFO     ── CV for VLDII_recVS (regression) ──
18:36:18  ccnEvaluation         INFO       X: (95, 256), y: (95,) (classes: [ 3.  5.  6.  7.  8.  9. 10. 11. 12. 13. 14. 15. 16. 17. 18. 19. 20. 21.])
18:36:18  baselineEval.src.cross_validation  INFO     Regression CV: 2 models, 5×10 nested CV (50 total outer folds)
18:37:27  baselineEval.src.cross_validation  INFO       Saved: predictions_per_subject.csv
18:37:27  baselineEval.src.cross_validation  INFO       CV results: 100 rows → /srv/beegfs/scratch/shares/schaerm/schaer2/video_sam2_pose/humanLISBET-paper/baselineEval/results_stats_temporal_maxpool/embedding/regression/VLDII_recVS/cv_results.csv
18:37:27  baselineEval.src.cross_validation  INFO     
── Regression summary (VLDII_recVS) ──
model     rmse       r2  spearman_r
lasso 3.476110 0.240001    0.574866
 lgbm 3.812985 0.083025    0.405266
18:37:27  ccnEvaluation         INFO     ── Held-out for VLDII_recVS (regression | embedding) ──
18:37:27  baselineEval.src.held_out  INFO     Best regression model: lasso (RMSE=3.4761 ± 0.4671)
18:37:28  baselineEval.src.held_out  INFO     Held-out regression (embedding | VLDII_recVS): model=lasso RMSE=4.393 [3.574, 5.092] R²=0.091 [-0.411, 0.282] ρ=0.421
18:37:28  ccnEvaluation         INFO     ── CV for MSEL_TOTAL_DQ (regression) ──
18:37:28  ccnEvaluation         INFO       X: (100, 256), y: (100,) (classes: [ 18.02469136  32.43483412  34.59785415  38.08884914  38.95032984
  40.09469697  40.66399287  41.7597914   48.35352006  48.38185274
  48.56808071  49.32034527  52.60163835  52.78815173  53.41769972
  54.6043883   54.66514664  55.9129902   57.80945419  58.00856827
  58.01880411  58.49358974  60.55385401  60.73988735  61.21267952
  61.65540541  62.6717033   64.54699612  64.58014537  65.85307734
  66.03346902  66.56582561  67.46408956  68.67474001  69.12878788
  69.58887965  70.42091476  70.5832302   71.22161779  72.65127389
  72.74744284  73.39929215  73.55044202  73.63718709  74.37652068
  76.23385285  77.89159198  78.63298081  79.93217054  79.97485632
  80.39067013  81.47321429  82.45481928  83.44764518  83.72463299
  88.69235986  88.94106636  91.04190422  91.67078393  92.86194316
  92.9187448   93.08301946  94.84225533  95.62583836  96.63388805
  97.48931624  98.02617856 102.9518543  103.811149   107.0353937
 107.8029726  108.1764296  108.385181   108.6309524  108.7338226
 109.0520026  109.52137    111.8651489  112.1257819  112.192623
 112.5198886  112.8090659  112.8284389  113.5791843  115.0573568
 116.0376082  116.1326915  118.2653171  119.351962   120.5538618
 121.574912   125.622437   128.0608788  130.5093403  130.8806655
 132.3244751  135.4820159  139.7760116  149.1013072  149.4299051 ])
18:37:28  baselineEval.src.cross_validation  INFO     Regression CV: 2 models, 5×10 nested CV (50 total outer folds)
18:38:40  baselineEval.src.cross_validation  INFO       Saved: predictions_per_subject.csv
18:38:40  baselineEval.src.cross_validation  INFO       CV results: 100 rows → /srv/beegfs/scratch/shares/schaerm/schaer2/video_sam2_pose/humanLISBET-paper/baselineEval/results_stats_temporal_maxpool/embedding/regression/MSEL_TOTAL_DQ/cv_results.csv
18:38:40  baselineEval.src.cross_validation  INFO     
── Regression summary (MSEL_TOTAL_DQ) ──
model      rmse       r2  spearman_r
lasso 25.028490 0.247147    0.572481
 lgbm 26.930889 0.123644    0.426797
18:38:40  ccnEvaluation         INFO     ── Held-out for MSEL_TOTAL_DQ (regression | embedding) ──
18:38:40  baselineEval.src.held_out  INFO     Best regression model: lasso (RMSE=25.0285 ± 2.7954)
18:38:41  baselineEval.src.held_out  INFO     Held-out regression (embedding | MSEL_TOTAL_DQ): model=lasso RMSE=29.725 [22.833, 36.455] R²=0.186 [-0.314, 0.367] ρ=0.458
18:38:41  ccnEvaluation         INFO     ── CV for MSEL_FM_DQ (regression) ──
18:38:41  ccnEvaluation         INFO       X: (100, 256), y: (100,) (classes: [ 18.02469136  46.4649432   48.97137746  50.05646983  54.38484461
  55.25934702  55.26116578  55.3030303   59.06148867  60.89132507
  63.6627907   63.73690338  64.77896096  65.16194848  65.41218638
  65.72629052  69.06338694  69.12878788  69.33210784  70.91968912
  73.53479853  75.06258941  75.18022657  75.486618    75.66334992
  75.86923658  75.90612002  75.91514143  77.07927225  77.89159198
  78.29257829  79.43695591  79.91242474  80.18453427  80.89539007
  80.95690748  82.62072435  82.81765677  83.43724023  83.84379786
  83.94209957  85.6233244   85.79059829  85.92278719  87.62002743
  87.84596871  87.86462758  87.98209366  89.15229885  90.64569536
  90.75497288  90.7960199   92.60343482  92.99363057  93.43003413
  93.95109395  95.05208333  95.38327526  96.20155039  96.63388805
  96.66313559  97.1113645   97.65160523  97.76785714  98.45857418
  98.95429899  98.97788903  99.40087146  99.64898596 102.1903821
 102.8432377  103.6931818  103.811149   104.7045324  105.1267281
 105.4303871  106.1046512  106.538237   107.1589883  108.1764296
 108.201581   108.6309524  109.939759   111.4163614  111.6891065
 112.258348   112.5198886  113.5687229  114.1644325  115.1790314
 119.8555166  120.5538618  121.1819389  121.197515   121.574912
 122.124634   122.1456693  122.8956229  123.8687783  143.1372549 ])
18:38:41  baselineEval.src.cross_validation  INFO     Regression CV: 2 models, 5×10 nested CV (50 total outer folds)
18:39:52  baselineEval.src.cross_validation  INFO       Saved: predictions_per_subject.csv
18:39:52  baselineEval.src.cross_validation  INFO       CV results: 100 rows → /srv/beegfs/scratch/shares/schaerm/schaer2/video_sam2_pose/humanLISBET-paper/baselineEval/results_stats_temporal_maxpool/embedding/regression/MSEL_FM_DQ/cv_results.csv
18:39:52  baselineEval.src.cross_validation  INFO     
── Regression summary (MSEL_FM_DQ) ──
model      rmse        r2  spearman_r
lasso 20.499081  0.059104    0.374904
 lgbm 21.210083 -0.009162    0.227338
18:39:52  ccnEvaluation         INFO     ── Held-out for MSEL_FM_DQ (regression | embedding) ──
18:39:52  baselineEval.src.held_out  INFO     Best regression model: lasso (RMSE=20.4991 ± 2.9516)
18:39:53  baselineEval.src.held_out  INFO     Held-out regression (embedding | MSEL_FM_DQ): model=lasso RMSE=21.308 [14.957, 26.758] R²=0.048 [-0.425, 0.157] ρ=0.311
18:39:53  ccnEvaluation         INFO     ── CV for MSEL_VR_DQ (regression) ──
18:39:53  ccnEvaluation         INFO       X: (100, 256), y: (100,) (classes: [ 24.78395062  38.27847693  40.84386519  44.24242424  48.97137746
  55.48645661  56.65502522  56.92959002  62.16881151  62.75283172
  64.71631206  65.27181688  65.72629052  66.12318841  66.69049889
  67.74833589  69.92337165  70.46332046  70.66795741  71.15009747
  72.16608084  73.80514706  73.80800341  75.41322314  76.86522262
  77.69631031  77.99145299  78.31273601  78.41474446  78.6637931
  79.18580909  79.31783825  80.21978022  83.77964805  84.0389186
  84.56192081  84.81797057  84.88372093  85.28037383  87.43066062
  88.66708914  89.11889597  89.35566001  89.46078431  89.57533077
  89.615829    90.15860634  92.33630952  93.50512357  93.81764069
  94.1109736   94.6140553   96.17918314  96.20155039  97.93244949
  98.97788903 100.5796275  102.1289538  103.2884465  104.0746873
 104.3095565  106.0098302  106.3795337  108.127254   109.5515537
 110.1055807  110.1609658  110.297536   111.6891065  113.7780549
 114.2017705  114.5637163  115.3090847  116.9871795  118.5064935
 121.4642263  123.6822289  124.5733788  125.1905488  125.2213369
 129.0167095  130.7503771  133.1727963  133.6408905  133.8188664
 134.9544937  135.1851852  136.0094851  136.515748   146.7828418
 147.3675711  148.8166269  148.8393977  151.821572   153.0708874
 158.9721254  159.8073555  175.8188825  192.7226814 ])
18:39:53  baselineEval.src.cross_validation  INFO     Regression CV: 2 models, 5×10 nested CV (50 total outer folds)
18:41:05  baselineEval.src.cross_validation  INFO       Saved: predictions_per_subject.csv
18:41:05  baselineEval.src.cross_validation  INFO       CV results: 100 rows → /srv/beegfs/scratch/shares/schaerm/schaer2/video_sam2_pose/humanLISBET-paper/baselineEval/results_stats_temporal_maxpool/embedding/regression/MSEL_VR_DQ/cv_results.csv
18:41:05  baselineEval.src.cross_validation  INFO     
── Regression summary (MSEL_VR_DQ) ──
model      rmse       r2  spearman_r
lasso 29.642275 0.099221    0.421388
 lgbm 29.896249 0.075945    0.347774
18:41:05  ccnEvaluation         INFO     ── Held-out for MSEL_VR_DQ (regression | embedding) ──
18:41:05  baselineEval.src.held_out  INFO     Best regression model: lasso (RMSE=29.6423 ± 3.8366)
18:41:06  baselineEval.src.held_out  INFO     Held-out regression (embedding | MSEL_VR_DQ): model=lasso RMSE=28.866 [22.470, 34.488] R²=0.262 [-0.058, 0.348] ρ=0.632
18:41:06  ccnEvaluation         INFO     ── CV for MSEL_LR_DQ (regression) ──
18:41:06  ccnEvaluation         INFO       X: (100, 256), y: (100,) (classes: [  3.88463176   4.06639929   6.75925926   9.87554113  12.01290153
  16.59090909  18.70972466  20.22384752  20.94811754  21.24563446
  25.56022409  26.50048403  28.99586908  29.92695289  32.38948048
  32.63590844  35.30956329  37.26391016  38.9957265   40.25735294
  40.48807543  43.06091806  44.2961165   44.83182162  46.05097149
  46.79487179  47.45189808  48.93770627  50.11618082  50.37154989
  52.84749035  53.52588625  53.65219358  54.90373045  59.29174789
  59.55070281  62.02209006  62.16545012  62.65018881  63.07603687
  64.61056645  64.9288451   66.12318841  66.75811614  70.61011905
  70.91968912  71.94102807  73.19518717  74.25406872  76.30178639
  76.39534884  77.74980635  77.81007752  77.89159198  78.6637931
  79.07279029  79.43695591  80.19460138  82.52583979  83.43724023
  83.56227106  84.15678524  87.60560676  91.80080483  96.34238311
  96.50411281 102.7847309  104.0746873  105.9596995  107.2715207
 108.1764296  108.8902148  110.0871314  115.4120767  115.9171748
 116.9871795  117.5351288  118.5064935  119.2178672  119.8802164
 120.1122726  120.9753788  121.1819389  122.3190349  122.5189726
 124.5733788  126.9356955  127.766486   128.1288156  130.2021403
 130.5093403  132.9263068  138.2575758  142.6500252  144.1714836
 144.3321617  147.1132898  148.8393977  153.6195286  157.0567986 ])
18:41:06  baselineEval.src.cross_validation  INFO     Regression CV: 2 models, 5×10 nested CV (50 total outer folds)
18:42:18  baselineEval.src.cross_validation  INFO       Saved: predictions_per_subject.csv
18:42:18  baselineEval.src.cross_validation  INFO       CV results: 100 rows → /srv/beegfs/scratch/shares/schaerm/schaer2/video_sam2_pose/humanLISBET-paper/baselineEval/results_stats_temporal_maxpool/embedding/regression/MSEL_LR_DQ/cv_results.csv
18:42:18  baselineEval.src.cross_validation  INFO     
── Regression summary (MSEL_LR_DQ) ──
model      rmse       r2  spearman_r
lasso 34.286041 0.260878    0.584120
 lgbm 36.695649 0.154388    0.458436
18:42:18  ccnEvaluation         INFO     ── Held-out for MSEL_LR_DQ (regression | embedding) ──
18:42:18  baselineEval.src.held_out  INFO     Best regression model: lasso (RMSE=34.2860 ± 3.2020)
18:42:19  baselineEval.src.held_out  INFO     Held-out regression (embedding | MSEL_LR_DQ): model=lasso RMSE=40.567 [30.019, 51.093] R²=0.200 [-0.304, 0.423] ρ=0.380
18:42:19  ccnEvaluation         INFO     ── CV for MSEL_LE_DQ (regression) ──
18:42:19  ccnEvaluation         INFO       X: (100, 256), y: (100,) (classes: [  9.94008715  14.16375631  17.66698935  21.62322275  22.5308642
  23.71669916  24.48568873  29.32736455  29.93313147  31.1965812
  31.83139535  32.5311943   34.96168582  35.3339787   36.51460584
  36.64658635  37.69462981  40.09226714  40.25735294  40.48807543
  41.27091814  41.92189893  43.37492573  44.24242424  44.2961165
  44.43993506  44.83182162  45.69027182  46.51656754  46.72299027
  47.44367418  50.11618082  50.12015105  50.13736264  50.93023256
  52.58200355  54.8048048   55.8530987   56.46658416  56.94227769
  57.72506083  58.12101911  59.82097832  59.93431856  60.11198946
  61.49957877  65.17857143  65.57490326  66.18574582  66.20785318
  69.12878788  69.55030488  71.37484958  72.66780432  73.41954023
  75.10288066  76.33526384  77.99145299  78.1455863   79.85282418
  80.57395143  81.54602324  82.20720721  83.94209957  84.10138249
  85.23058961  86.67962003  89.35128519  89.92073693  90.17483846
  91.02244389  91.36420526  91.65097301  93.77792672  94.24218952
  96.25527426  96.94555113  97.92085848 100.2099483  100.2747253
 103.2239819  106.0553231  108.127254   109.939759   111.2804878
 111.8651489  112.258348   114.1922639  115.7352358  116.9871795
 120.9753788  122.124634   124.6584699  128.4817876  128.8841808
 137.775842   140.655106   143.7007874  170.9694989 ])
18:42:19  baselineEval.src.cross_validation  INFO     Regression CV: 2 models, 5×10 nested CV (50 total outer folds)
18:43:31  baselineEval.src.cross_validation  INFO       Saved: predictions_per_subject.csv
18:43:31  baselineEval.src.cross_validation  INFO       CV results: 100 rows → /srv/beegfs/scratch/shares/schaerm/schaer2/video_sam2_pose/humanLISBET-paper/baselineEval/results_stats_temporal_maxpool/embedding/regression/MSEL_LE_DQ/cv_results.csv
18:43:31  baselineEval.src.cross_validation  INFO     
── Regression summary (MSEL_LE_DQ) ──
model      rmse       r2  spearman_r
lasso 29.746408 0.215167    0.550199
 lgbm 30.537093 0.167315    0.488935
18:43:31  ccnEvaluation         INFO     ── Held-out for MSEL_LE_DQ (regression | embedding) ──
18:43:31  baselineEval.src.held_out  INFO     Best regression model: lasso (RMSE=29.7464 ± 3.3592)
18:43:32  baselineEval.src.held_out  INFO     Held-out regression (embedding | MSEL_LE_DQ): model=lasso RMSE=33.749 [25.229, 42.084] R²=0.186 [-0.491, 0.419] ρ=0.392
18:43:32  ccnEvaluation         INFO     ── CV for MSEL_NV_DQ (regression) ──
18:43:32  ccnEvaluation         INFO       X: (100, 256), y: (100,) (classes: [ 21.40432099  44.16747338  48.05160611  48.97137746  49.77272727
  58.71498864  60.1959643   60.90716019  63.02918895  63.79091198
  64.09642401  65.57490326  65.72629052  66.58026114  67.72345918
  67.91030161  70.16720315  71.56862745  72.80585106  73.37984863
  74.11468486  74.27325581  74.37794938  74.47079827  74.91789819
  76.17530756  76.74648129  76.87728938  77.59353741  79.97251931
  81.51480347  81.6976584   81.89102564  81.99943836  82.20720721
  82.35559567  83.73346137  83.90804598  84.15678524  84.60538218
  84.81199831  86.57250071  88.46431518  88.6496114   88.80778589
  88.87987013  91.05626327  91.88613478  92.03227433  92.13004822
  94.43082789  94.90379615  95.05208333  95.96479195  96.20155039
  96.39084507  96.49226641  97.36019132  97.52310803  97.94594067
  98.60764755  98.68968386  98.84549601  98.97788903  99.87039171
 100.2432517  102.1903821  103.1073446  109.0017065  109.0761612
 109.2369828  110.0871314  111.4163614  111.6531427  111.6891065
 114.2017705  115.7352358  116.0376082  116.2030831  116.810994
 116.9871795  119.3828214  119.8555166  121.5842367  122.8722053
 122.9496192  123.2016379  125.1071123  126.1626445  126.7361111
 127.1777003  128.2630522  128.3820346  129.3307087  130.6682578
 135.4820159  137.1387283  139.16122    139.8314361  157.8091521 ])
18:43:32  baselineEval.src.cross_validation  INFO     Regression CV: 2 models, 5×10 nested CV (50 total outer folds)
18:44:44  baselineEval.src.cross_validation  INFO       Saved: predictions_per_subject.csv
18:44:44  baselineEval.src.cross_validation  INFO       CV results: 100 rows → /srv/beegfs/scratch/shares/schaerm/schaer2/video_sam2_pose/humanLISBET-paper/baselineEval/results_stats_temporal_maxpool/embedding/regression/MSEL_NV_DQ/cv_results.csv
18:44:44  baselineEval.src.cross_validation  INFO     
── Regression summary (MSEL_NV_DQ) ──
model      rmse       r2  spearman_r
lasso 23.467521 0.085605    0.438738
 lgbm 23.597526 0.067859    0.314526
18:44:44  ccnEvaluation         INFO     ── Held-out for MSEL_NV_DQ (regression | embedding) ──
18:44:44  baselineEval.src.held_out  INFO     Best regression model: lasso (RMSE=23.4675 ± 3.2157)
18:44:44  baselineEval.src.held_out  INFO     Held-out regression (embedding | MSEL_NV_DQ): model=lasso RMSE=24.025 [19.647, 28.072] R²=0.145 [-0.267, 0.261] ρ=0.547
18:44:44  ccnEvaluation         INFO     ── CV for MSEL_V_DQ (regression) ──
18:44:44  ccnEvaluation         INFO       X: (100, 256), y: (100,) (classes: [ 14.64506173  16.81806214  17.70469538  18.29879679  19.42315879
  25.02823491  25.13774105  27.1577381   27.20632081  29.4009959
  30.41666667  30.91723136  31.03741497  33.34524944  35.09615385
  36.40292553  37.2753268   37.99205148  39.16309013  39.59290454
  40.25735294  40.48807543  41.50422352  44.2961165   44.83182162
  47.46155586  48.09864458  48.46611722  48.93286143  50.11618082
  50.44223328  52.19708788  52.70214521  54.2462845   54.2693288
  54.68949248  54.82073643  54.89951357  56.38516993  58.28505645
  59.94525547  62.43158183  63.11758893  63.13929001  63.25823224
  63.6627907   64.59137709  67.89434524  69.06338694  70.46826734
  70.9304984   72.04972258  76.04166667  78.79965458  80.77686203
  81.15118577  83.23831243  85.25467149  85.85349462  85.92278719
  85.99599793  87.22984206  89.35566001  91.36789406  92.32431935
  92.73373984  94.37151949  94.86083166  95.8165773   97.07446809
  98.62059158  99.7831825  101.2242965  101.2355018  102.3816809
 103.6931818  103.8747811  107.1158763  108.0484808  109.063745
 110.7318923  111.4235219  114.0037352  114.2017705  115.3090847
 116.9871795  119.5234869  120.9753788  121.0967994  121.1872446
 122.9686881  124.051024   128.2952548  128.9440573  133.4982788
 135.3182415  135.4820159  141.0506581  142.4132948  159.0413943 ])
18:44:44  baselineEval.src.cross_validation  INFO     Regression CV: 2 models, 5×10 nested CV (50 total outer folds)
18:45:56  baselineEval.src.cross_validation  INFO       Saved: predictions_per_subject.csv
18:45:56  baselineEval.src.cross_validation  INFO       CV results: 100 rows → /srv/beegfs/scratch/shares/schaerm/schaer2/video_sam2_pose/humanLISBET-paper/baselineEval/results_stats_temporal_maxpool/embedding/regression/MSEL_V_DQ/cv_results.csv
18:45:56  baselineEval.src.cross_validation  INFO     
── Regression summary (MSEL_V_DQ) ──
model      rmse       r2  spearman_r
lasso 29.549884 0.294146    0.602677
 lgbm 32.420357 0.148237    0.449744
18:45:56  ccnEvaluation         INFO     ── Held-out for MSEL_V_DQ (regression | embedding) ──
18:45:56  baselineEval.src.held_out  INFO     Best regression model: lasso (RMSE=29.5499 ± 2.8683)
18:45:57  baselineEval.src.held_out  INFO     Held-out regression (embedding | MSEL_V_DQ): model=lasso RMSE=37.325 [28.470, 47.045] R²=0.163 [-0.453, 0.397] ρ=0.456
18:45:57  ccnEvaluation         INFO     ═══ Representation: full_kinematic_embedding ═══
18:45:57  baselineEval.src.loading  INFO     Merged kinematic (102) + embedding (102) → 102 subjects
18:45:57  baselineEval.src.loading  INFO     Merged kinematic (17) + embedding (17) → 17 subjects
18:45:57  ccnEvaluation         INFO       Features for full_kinematic_embedding: 462 columns
18:45:57  ccnEvaluation         INFO     ═══ Step 2: Preprocessing report ═══
18:45:57  baselineEval.src.preprocessing  INFO     Feature selection (full dataset): 462 features → 406 kept (0 missingness, 0 near-zero-var, 56 correlated)
18:45:57  baselineEval.src.preprocessing  INFO     Feature selection report → /srv/beegfs/scratch/shares/schaerm/schaer2/video_sam2_pose/humanLISBET-paper/baselineEval/results_stats_temporal_maxpool/full_kinematic_embedding/feature_selection_report.csv
18:45:57  baselineEval.src.preprocessing  INFO     PCA explained-variance data → /srv/beegfs/scratch/shares/schaerm/schaer2/video_sam2_pose/humanLISBET-paper/baselineEval/results_stats_temporal_maxpool/full_kinematic_embedding/pca_explained_variance.csv
18:45:58  baselineEval.src.preprocessing  INFO     PCA explained-variance plot → /srv/beegfs/scratch/shares/schaerm/schaer2/video_sam2_pose/humanLISBET-paper/baselineEval/results_stats_temporal_maxpool/full_kinematic_embedding/pca_explained_variance.png
18:45:58  ccnEvaluation         INFO     ── CV for diagnosis (classification) ──
18:45:58  ccnEvaluation         INFO       X: (102, 462), y: (102,) (classes: [0 1])
18:45:58  baselineEval.src.cross_validation  INFO     Classification CV: 2 models, 5×10 nested CV (50 total outer folds)
18:48:46  baselineEval.src.cross_validation  INFO       Saved: predictions_per_subject.csv
18:48:46  baselineEval.src.cross_validation  INFO       CV results: 100 rows → /srv/beegfs/scratch/shares/schaerm/schaer2/video_sam2_pose/humanLISBET-paper/baselineEval/results_stats_temporal_maxpool/full_kinematic_embedding/classification/diagnosis/cv_results.csv
18:48:46  baselineEval.src.cross_validation  INFO     
── Classification AUC-ROC summary (diagnosis) ──
model  auc_roc_mean  auc_roc_std
lasso      0.773182     0.096573
 lgbm      0.788833     0.093496
18:48:46  ccnEvaluation         INFO     ── Held-out for diagnosis (classification | full_kinematic_embedding) ──
18:48:46  baselineEval.src.held_out  INFO     Best classification model: lgbm (AUC=0.7888 ± 0.0935)
18:48:46  baselineEval.src.held_out  INFO     Held-out classification (full_kinematic_embedding | diagnosis): model=lgbm AUC=0.857 BAcc=0.686 Acc=0.706 [0.440, 0.897]
18:48:49  baselineEval.src.plotting  INFO       Saved: shap_bar_top20.png and shap_beeswarm_top20.png
18:48:49  baselineEval.src.held_out  INFO     SHAP saved → /srv/beegfs/scratch/shares/schaerm/schaer2/video_sam2_pose/humanLISBET-paper/baselineEval/results_stats_temporal_maxpool/full_kinematic_embedding/held_out/classification/diagnosis/shap
18:48:49  ccnEvaluation         INFO     ── CV for ADOS_2_ADOS_G_revised_RRB_level_of_symptoms (classification) ──
18:48:49  ccnEvaluation         INFO       X: (102, 462), y: (102,) (classes: [0 1 2])
18:48:49  baselineEval.src.cross_validation  INFO     Classification CV: 2 models, 5×10 nested CV (50 total outer folds)
18:53:48  baselineEval.src.cross_validation  INFO       Saved: predictions_per_subject.csv
18:53:48  baselineEval.src.cross_validation  INFO       CV results: 100 rows → /srv/beegfs/scratch/shares/schaerm/schaer2/video_sam2_pose/humanLISBET-paper/baselineEval/results_stats_temporal_maxpool/full_kinematic_embedding/classification/ADOS_2_ADOS_G_revised_RRB_level_of_symptoms/cv_results.csv
18:53:48  baselineEval.src.cross_validation  INFO     
── Classification F1-macro summary (ADOS_2_ADOS_G_revised_RRB_level_of_symptoms) ──
model  f1_macro_mean  f1_macro_std
lasso       0.582142      0.125048
 lgbm       0.521326      0.117451
18:53:48  ccnEvaluation         INFO     ── Held-out for ADOS_2_ADOS_G_revised_RRB_level_of_symptoms (classification | full_kinematic_embedding) ──
18:53:48  baselineEval.src.held_out  INFO     Best classification model: lasso (F1-macro=0.5821 ± 0.1250)
18:53:50  baselineEval.src.held_out  INFO     Held-out classification (full_kinematic_embedding | ADOS_2_ADOS_G_revised_RRB_level_of_symptoms): model=lasso F1-macro=0.598 BAcc=0.622 Acc=0.647 [0.383, 0.858]
18:53:52  baselineEval.src.plotting  INFO       Saved: shap_bar_top20.png and shap_beeswarm_top20.png
18:53:52  baselineEval.src.held_out  INFO     SHAP saved → /srv/beegfs/scratch/shares/schaerm/schaer2/video_sam2_pose/humanLISBET-paper/baselineEval/results_stats_temporal_maxpool/full_kinematic_embedding/held_out/classification/ADOS_2_ADOS_G_revised_RRB_level_of_symptoms/shap
18:53:52  ccnEvaluation         INFO     ── CV for ADOS_2_ADOS_G_REVISED_SA_LEVEL_OF_SYMPTOMS (classification) ──
18:53:52  ccnEvaluation         INFO       X: (102, 462), y: (102,) (classes: [0 1 2 3])
18:53:52  baselineEval.src.cross_validation  INFO     Classification CV: 2 models, 5×10 nested CV (50 total outer folds)
18:59:39  baselineEval.src.cross_validation  INFO       Saved: predictions_per_subject.csv
18:59:39  baselineEval.src.cross_validation  INFO       CV results: 100 rows → /srv/beegfs/scratch/shares/schaerm/schaer2/video_sam2_pose/humanLISBET-paper/baselineEval/results_stats_temporal_maxpool/full_kinematic_embedding/classification/ADOS_2_ADOS_G_REVISED_SA_LEVEL_OF_SYMPTOMS/cv_results.csv
18:59:39  baselineEval.src.cross_validation  INFO     
── Classification F1-macro summary (ADOS_2_ADOS_G_REVISED_SA_LEVEL_OF_SYMPTOMS) ──
model  f1_macro_mean  f1_macro_std
lasso       0.388046      0.112320
 lgbm       0.387563      0.100103
18:59:39  ccnEvaluation         INFO     ── Held-out for ADOS_2_ADOS_G_REVISED_SA_LEVEL_OF_SYMPTOMS (classification | full_kinematic_embedding) ──
18:59:39  baselineEval.src.held_out  INFO     Best classification model: lasso (F1-macro=0.3880 ± 0.1123)
18:59:41  baselineEval.src.held_out  INFO     Held-out classification (full_kinematic_embedding | ADOS_2_ADOS_G_REVISED_SA_LEVEL_OF_SYMPTOMS): model=lasso F1-macro=0.341 BAcc=0.372 Acc=0.412 [0.184, 0.671]
18:59:43  baselineEval.src.plotting  INFO       Saved: shap_bar_top20.png and shap_beeswarm_top20.png
18:59:43  baselineEval.src.held_out  INFO     SHAP saved → /srv/beegfs/scratch/shares/schaerm/schaer2/video_sam2_pose/humanLISBET-paper/baselineEval/results_stats_temporal_maxpool/full_kinematic_embedding/held_out/classification/ADOS_2_ADOS_G_REVISED_SA_LEVEL_OF_SYMPTOMS/shap
18:59:43  ccnEvaluation         INFO     ── CV for ADOS_G_ADOS_2_TOTAL_score_de_severite (regression) ──
18:59:43  ccnEvaluation         INFO       X: (102, 462), y: (102,) (classes: [ 1.  2.  3.  4.  5.  6.  7.  8.  9. 10.])
18:59:43  baselineEval.src.cross_validation  INFO     Regression CV: 2 models, 5×10 nested CV (50 total outer folds)
19:01:44  baselineEval.src.cross_validation  INFO       Saved: predictions_per_subject.csv
19:01:44  baselineEval.src.cross_validation  INFO       CV results: 100 rows → /srv/beegfs/scratch/shares/schaerm/schaer2/video_sam2_pose/humanLISBET-paper/baselineEval/results_stats_temporal_maxpool/full_kinematic_embedding/regression/ADOS_G_ADOS_2_TOTAL_score_de_severite/cv_results.csv
19:01:44  baselineEval.src.cross_validation  INFO     
── Regression summary (ADOS_G_ADOS_2_TOTAL_score_de_severite) ──
model     rmse       r2  spearman_r
lasso 2.854336 0.260085    0.595384
 lgbm 2.904933 0.234440    0.517366
19:01:44  ccnEvaluation         INFO     ── Held-out for ADOS_G_ADOS_2_TOTAL_score_de_severite (regression | full_kinematic_embedding) ──
19:01:44  baselineEval.src.held_out  INFO     Best regression model: lasso (RMSE=2.8543 ± 0.4066)
19:01:45  baselineEval.src.held_out  INFO     Held-out regression (full_kinematic_embedding | ADOS_G_ADOS_2_TOTAL_score_de_severite): model=lasso RMSE=2.684 [1.709, 3.573] R²=0.414 [-0.044, 0.723] ρ=0.651
19:01:47  baselineEval.src.plotting  INFO       Saved: shap_bar_top20.png and shap_beeswarm_top20.png
19:01:47  baselineEval.src.held_out  INFO     SHAP saved → /srv/beegfs/scratch/shares/schaerm/schaer2/video_sam2_pose/humanLISBET-paper/baselineEval/results_stats_temporal_maxpool/full_kinematic_embedding/held_out/regression/ADOS_G_ADOS_2_TOTAL_score_de_severite/shap
19:01:47  ccnEvaluation         INFO     ── CV for ADOS_2_ADOS_G_REVISED_SA_SEVERITY_SCORE (regression) ──
19:01:47  ccnEvaluation         INFO       X: (102, 462), y: (102,) (classes: [ 1.  2.  3.  4.  5.  6.  7.  9. 10.])
19:01:47  baselineEval.src.cross_validation  INFO     Regression CV: 2 models, 5×10 nested CV (50 total outer folds)
19:03:47  baselineEval.src.cross_validation  INFO       Saved: predictions_per_subject.csv
19:03:47  baselineEval.src.cross_validation  INFO       CV results: 100 rows → /srv/beegfs/scratch/shares/schaerm/schaer2/video_sam2_pose/humanLISBET-paper/baselineEval/results_stats_temporal_maxpool/full_kinematic_embedding/regression/ADOS_2_ADOS_G_REVISED_SA_SEVERITY_SCORE/cv_results.csv
19:03:47  baselineEval.src.cross_validation  INFO     
── Regression summary (ADOS_2_ADOS_G_REVISED_SA_SEVERITY_SCORE) ──
model     rmse       r2  spearman_r
lasso 2.529735 0.311690    0.584371
 lgbm 2.663124 0.234652    0.489706
19:03:47  ccnEvaluation         INFO     ── Held-out for ADOS_2_ADOS_G_REVISED_SA_SEVERITY_SCORE (regression | full_kinematic_embedding) ──
19:03:47  baselineEval.src.held_out  INFO     Best regression model: lasso (RMSE=2.5297 ± 0.2946)
19:03:48  baselineEval.src.held_out  INFO     Held-out regression (full_kinematic_embedding | ADOS_2_ADOS_G_REVISED_SA_SEVERITY_SCORE): model=lasso RMSE=2.305 [1.281, 3.272] R²=0.355 [-0.193, 0.758] ρ=0.638
19:03:50  baselineEval.src.plotting  INFO       Saved: shap_bar_top20.png and shap_beeswarm_top20.png
19:03:50  baselineEval.src.held_out  INFO     SHAP saved → /srv/beegfs/scratch/shares/schaerm/schaer2/video_sam2_pose/humanLISBET-paper/baselineEval/results_stats_temporal_maxpool/full_kinematic_embedding/held_out/regression/ADOS_2_ADOS_G_REVISED_SA_SEVERITY_SCORE/shap
19:03:50  ccnEvaluation         INFO     ── CV for ADOS_2_ADOS_G_REVISED_RRB_SEVERITY_SCORE_new (regression) ──
19:03:50  ccnEvaluation         INFO       X: (102, 462), y: (102,) (classes: [ 1.  5.  6.  7.  8.  9. 10.])
19:03:50  baselineEval.src.cross_validation  INFO     Regression CV: 2 models, 5×10 nested CV (50 total outer folds)
19:05:52  baselineEval.src.cross_validation  INFO       Saved: predictions_per_subject.csv
19:05:52  baselineEval.src.cross_validation  INFO       CV results: 100 rows → /srv/beegfs/scratch/shares/schaerm/schaer2/video_sam2_pose/humanLISBET-paper/baselineEval/results_stats_temporal_maxpool/full_kinematic_embedding/regression/ADOS_2_ADOS_G_REVISED_RRB_SEVERITY_SCORE_new/cv_results.csv
19:05:52  baselineEval.src.cross_validation  INFO     
── Regression summary (ADOS_2_ADOS_G_REVISED_RRB_SEVERITY_SCORE_new) ──
model     rmse       r2  spearman_r
lasso 2.934211 0.118685    0.511811
 lgbm 2.856244 0.166463    0.523757
19:05:52  ccnEvaluation         INFO     ── Held-out for ADOS_2_ADOS_G_REVISED_RRB_SEVERITY_SCORE_new (regression | full_kinematic_embedding) ──
19:05:52  baselineEval.src.held_out  INFO     Best regression model: lgbm (RMSE=2.8562 ± 0.3886)
19:05:53  baselineEval.src.held_out  INFO     Held-out regression (full_kinematic_embedding | ADOS_2_ADOS_G_REVISED_RRB_SEVERITY_SCORE_new): model=lgbm RMSE=3.265 [2.336, 3.949] R²=0.248 [-0.364, 0.508] ρ=0.488
19:05:55  baselineEval.src.plotting  INFO       Saved: shap_bar_top20.png and shap_beeswarm_top20.png
19:05:55  baselineEval.src.held_out  INFO     SHAP saved → /srv/beegfs/scratch/shares/schaerm/schaer2/video_sam2_pose/humanLISBET-paper/baselineEval/results_stats_temporal_maxpool/full_kinematic_embedding/held_out/regression/ADOS_2_ADOS_G_REVISED_RRB_SEVERITY_SCORE_new/shap
19:05:55  ccnEvaluation         INFO     ── CV for VLDII_AdSS (regression) ──
19:05:55  ccnEvaluation         INFO       X: (95, 462), y: (95,) (classes: [ 51.  63.  64.  65.  66.  68.  69.  70.  71.  72.  73.  74.  75.  76.
  77.  78.  79.  80.  81.  83.  84.  85.  86.  87.  88.  89.  90.  91.
  92.  93.  94.  95.  96.  97.  99. 100. 102. 103. 104. 105. 107. 108.
 109. 110. 113. 115. 117.])
19:05:55  baselineEval.src.cross_validation  INFO     Regression CV: 2 models, 5×10 nested CV (50 total outer folds)
19:07:52  baselineEval.src.cross_validation  INFO       Saved: predictions_per_subject.csv
19:07:53  baselineEval.src.cross_validation  INFO       CV results: 100 rows → /srv/beegfs/scratch/shares/schaerm/schaer2/video_sam2_pose/humanLISBET-paper/baselineEval/results_stats_temporal_maxpool/full_kinematic_embedding/regression/VLDII_AdSS/cv_results.csv
19:07:53  baselineEval.src.cross_validation  INFO     
── Regression summary (VLDII_AdSS) ──
model      rmse       r2  spearman_r
lasso 13.196462 0.180380    0.458038
 lgbm 13.691014 0.116212    0.390914
19:07:53  ccnEvaluation         INFO     ── Held-out for VLDII_AdSS (regression | full_kinematic_embedding) ──
19:07:53  baselineEval.src.held_out  INFO     Best regression model: lasso (RMSE=13.1965 ± 1.2326)
19:07:54  baselineEval.src.held_out  INFO     Held-out regression (full_kinematic_embedding | VLDII_AdSS): model=lasso RMSE=12.449 [10.056, 14.675] R²=0.381 [0.084, 0.491] ρ=0.725
19:07:57  baselineEval.src.plotting  INFO       Saved: shap_bar_top20.png and shap_beeswarm_top20.png
19:07:57  baselineEval.src.held_out  INFO     SHAP saved → /srv/beegfs/scratch/shares/schaerm/schaer2/video_sam2_pose/humanLISBET-paper/baselineEval/results_stats_temporal_maxpool/full_kinematic_embedding/held_out/regression/VLDII_AdSS/shap
19:07:57  ccnEvaluation         INFO     ── CV for VLDII_MotorSS (regression) ──
19:07:57  ccnEvaluation         INFO       X: (95, 462), y: (95,) (classes: [ 56.  67.  69.  70.  72.  75.  79.  81.  82.  84.  85.  88.  90.  93.
  94.  95.  96.  97. 100. 102. 104. 105. 106. 108. 111. 114. 121. 131.])
19:07:57  baselineEval.src.cross_validation  INFO     Regression CV: 2 models, 5×10 nested CV (50 total outer folds)
19:09:55  baselineEval.src.cross_validation  INFO       Saved: predictions_per_subject.csv
19:09:55  baselineEval.src.cross_validation  INFO       CV results: 100 rows → /srv/beegfs/scratch/shares/schaerm/schaer2/video_sam2_pose/humanLISBET-paper/baselineEval/results_stats_temporal_maxpool/full_kinematic_embedding/regression/VLDII_MotorSS/cv_results.csv
19:09:55  baselineEval.src.cross_validation  INFO     
── Regression summary (VLDII_MotorSS) ──
model      rmse        r2  spearman_r
lasso 12.483582 -0.030901    0.010916
 lgbm 13.161190 -0.151002   -0.031209
19:09:55  ccnEvaluation         INFO     ── Held-out for VLDII_MotorSS (regression | full_kinematic_embedding) ──
19:09:55  baselineEval.src.held_out  INFO     Best regression model: lasso (RMSE=12.4836 ± 1.4275)
/srv/beegfs/scratch/shares/schaerm/schaer2/video_sam2_pose/humanLISBET-paper/baselineEval/src/held_out.py:422: ConstantInputWarning: An input array is constant; the correlation coefficient is not defined.
  sp_r, _ = spearmanr(y_test, y_pred)
/srv/beegfs/scratch/shares/schaerm/schaer2/video_sam2_pose/humanLISBET-paper/baselineEval/src/held_out.py:423: ConstantInputWarning: An input array is constant; the correlation coefficient is not defined.
  pe_r, _ = pearsonr(y_test, y_pred)
19:09:56  baselineEval.src.held_out  INFO     Held-out regression (full_kinematic_embedding | VLDII_MotorSS): model=lasso RMSE=12.713 [9.358, 16.144] R²=-0.009 [-0.572, -0.000] ρ=nan
19:09:58  baselineEval.src.plotting  INFO       Saved: shap_bar_top20.png and shap_beeswarm_top20.png
19:09:58  baselineEval.src.held_out  INFO     SHAP saved → /srv/beegfs/scratch/shares/schaerm/schaer2/video_sam2_pose/humanLISBET-paper/baselineEval/results_stats_temporal_maxpool/full_kinematic_embedding/held_out/regression/VLDII_MotorSS/shap
19:09:58  ccnEvaluation         INFO     ── CV for VLDII_gmsVS (regression) ──
19:09:58  ccnEvaluation         INFO       X: (95, 462), y: (95,) (classes: [ 8.  9. 10. 11. 12. 13. 14. 15. 16. 17. 18. 22.])
19:09:58  baselineEval.src.cross_validation  INFO     Regression CV: 2 models, 5×10 nested CV (50 total outer folds)
19:11:53  baselineEval.src.cross_validation  INFO       Saved: predictions_per_subject.csv
19:11:54  baselineEval.src.cross_validation  INFO       CV results: 100 rows → /srv/beegfs/scratch/shares/schaerm/schaer2/video_sam2_pose/humanLISBET-paper/baselineEval/results_stats_temporal_maxpool/full_kinematic_embedding/regression/VLDII_gmsVS/cv_results.csv
19:11:54  baselineEval.src.cross_validation  INFO     
── Regression summary (VLDII_gmsVS) ──
model     rmse        r2  spearman_r
lasso 2.144257 -0.044613   -0.038249
 lgbm 2.223667 -0.132526   -0.067130
19:11:54  ccnEvaluation         INFO     ── Held-out for VLDII_gmsVS (regression | full_kinematic_embedding) ──
19:11:54  baselineEval.src.held_out  INFO     Best regression model: lasso (RMSE=2.1443 ± 0.3436)
/srv/beegfs/scratch/shares/schaerm/schaer2/video_sam2_pose/humanLISBET-paper/baselineEval/src/held_out.py:422: ConstantInputWarning: An input array is constant; the correlation coefficient is not defined.
  sp_r, _ = spearmanr(y_test, y_pred)
/srv/beegfs/scratch/shares/schaerm/schaer2/video_sam2_pose/humanLISBET-paper/baselineEval/src/held_out.py:423: ConstantInputWarning: An input array is constant; the correlation coefficient is not defined.
  pe_r, _ = pearsonr(y_test, y_pred)
19:11:54  baselineEval.src.held_out  INFO     Held-out regression (full_kinematic_embedding | VLDII_gmsVS): model=lasso RMSE=1.893 [1.289, 2.418] R²=-0.014 [-0.494, -0.000] ρ=nan
19:11:56  baselineEval.src.plotting  INFO       Saved: shap_bar_top20.png and shap_beeswarm_top20.png
19:11:56  baselineEval.src.held_out  INFO     SHAP saved → /srv/beegfs/scratch/shares/schaerm/schaer2/video_sam2_pose/humanLISBET-paper/baselineEval/results_stats_temporal_maxpool/full_kinematic_embedding/held_out/regression/VLDII_gmsVS/shap
19:11:56  ccnEvaluation         INFO     ── CV for VLDII_fmsVS (regression) ──
19:11:56  ccnEvaluation         INFO       X: (95, 462), y: (95,) (classes: [ 7.  8.  9. 10. 11. 12. 13. 14. 15. 16. 17. 18.])
19:11:56  baselineEval.src.cross_validation  INFO     Regression CV: 2 models, 5×10 nested CV (50 total outer folds)
19:13:52  baselineEval.src.cross_validation  INFO       Saved: predictions_per_subject.csv
19:13:52  baselineEval.src.cross_validation  INFO       CV results: 100 rows → /srv/beegfs/scratch/shares/schaerm/schaer2/video_sam2_pose/humanLISBET-paper/baselineEval/results_stats_temporal_maxpool/full_kinematic_embedding/regression/VLDII_fmsVS/cv_results.csv
19:13:52  baselineEval.src.cross_validation  INFO     
── Regression summary (VLDII_fmsVS) ──
model     rmse        r2  spearman_r
lasso 2.466097 -0.024248   -0.025662
 lgbm 2.565423 -0.115810    0.009761
19:13:52  ccnEvaluation         INFO     ── Held-out for VLDII_fmsVS (regression | full_kinematic_embedding) ──
19:13:52  baselineEval.src.held_out  INFO     Best regression model: lasso (RMSE=2.4661 ± 0.2511)
/srv/beegfs/scratch/shares/schaerm/schaer2/video_sam2_pose/humanLISBET-paper/baselineEval/src/held_out.py:422: ConstantInputWarning: An input array is constant; the correlation coefficient is not defined.
  sp_r, _ = spearmanr(y_test, y_pred)
/srv/beegfs/scratch/shares/schaerm/schaer2/video_sam2_pose/humanLISBET-paper/baselineEval/src/held_out.py:423: ConstantInputWarning: An input array is constant; the correlation coefficient is not defined.
  pe_r, _ = pearsonr(y_test, y_pred)
19:13:52  baselineEval.src.held_out  INFO     Held-out regression (full_kinematic_embedding | VLDII_fmsVS): model=lasso RMSE=2.495 [1.826, 3.138] R²=-0.013 [-0.555, -0.000] ρ=nan
19:13:54  baselineEval.src.plotting  INFO       Saved: shap_bar_top20.png and shap_beeswarm_top20.png
19:13:54  baselineEval.src.held_out  INFO     SHAP saved → /srv/beegfs/scratch/shares/schaerm/schaer2/video_sam2_pose/humanLISBET-paper/baselineEval/results_stats_temporal_maxpool/full_kinematic_embedding/held_out/regression/VLDII_fmsVS/shap
19:13:54  ccnEvaluation         INFO     ── CV for VLDII_SocSS (regression) ──
19:13:54  ccnEvaluation         INFO       X: (95, 462), y: (95,) (classes: [ 59.  65.  66.  68.  70.  72.  74.  75.  76.  78.  79.  80.  81.  82.
  84.  86.  88.  89.  90.  91.  92.  94.  95.  96.  98. 100. 101. 102.
 105. 109. 111. 112. 114.])
19:13:54  baselineEval.src.cross_validation  INFO     Regression CV: 2 models, 5×10 nested CV (50 total outer folds)
19:15:51  baselineEval.src.cross_validation  INFO       Saved: predictions_per_subject.csv
19:15:51  baselineEval.src.cross_validation  INFO       CV results: 100 rows → /srv/beegfs/scratch/shares/schaerm/schaer2/video_sam2_pose/humanLISBET-paper/baselineEval/results_stats_temporal_maxpool/full_kinematic_embedding/regression/VLDII_SocSS/cv_results.csv
19:15:51  baselineEval.src.cross_validation  INFO     
── Regression summary (VLDII_SocSS) ──
model      rmse       r2  spearman_r
lasso 11.027630 0.170660    0.492329
 lgbm 11.173142 0.142886    0.435605
19:15:51  ccnEvaluation         INFO     ── Held-out for VLDII_SocSS (regression | full_kinematic_embedding) ──
19:15:51  baselineEval.src.held_out  INFO     Best regression model: lasso (RMSE=11.0276 ± 1.2586)
19:15:52  baselineEval.src.held_out  INFO     Held-out regression (full_kinematic_embedding | VLDII_SocSS): model=lasso RMSE=10.393 [7.856, 12.784] R²=0.290 [-0.049, 0.415] ρ=0.600
19:15:55  baselineEval.src.plotting  INFO       Saved: shap_bar_top20.png and shap_beeswarm_top20.png
19:15:55  baselineEval.src.held_out  INFO     SHAP saved → /srv/beegfs/scratch/shares/schaerm/schaer2/video_sam2_pose/humanLISBET-paper/baselineEval/results_stats_temporal_maxpool/full_kinematic_embedding/held_out/regression/VLDII_SocSS/shap
19:15:55  ccnEvaluation         INFO     ── CV for VLDII_intVS (regression) ──
19:15:55  ccnEvaluation         INFO       X: (95, 462), y: (95,) (classes: [ 6.  8.  9. 10. 11. 12. 13. 14. 15. 16. 17. 18. 19. 20.])
19:15:55  baselineEval.src.cross_validation  INFO     Regression CV: 2 models, 5×10 nested CV (50 total outer folds)
19:17:51  baselineEval.src.cross_validation  INFO       Saved: predictions_per_subject.csv
19:17:51  baselineEval.src.cross_validation  INFO       CV results: 100 rows → /srv/beegfs/scratch/shares/schaerm/schaer2/video_sam2_pose/humanLISBET-paper/baselineEval/results_stats_temporal_maxpool/full_kinematic_embedding/regression/VLDII_intVS/cv_results.csv
19:17:51  baselineEval.src.cross_validation  INFO     
── Regression summary (VLDII_intVS) ──
model     rmse       r2  spearman_r
lasso 2.443831 0.166482    0.488829
 lgbm 2.486291 0.134685    0.461616
19:17:51  ccnEvaluation         INFO     ── Held-out for VLDII_intVS (regression | full_kinematic_embedding) ──
19:17:51  baselineEval.src.held_out  INFO     Best regression model: lasso (RMSE=2.4438 ± 0.2467)
19:17:51  baselineEval.src.held_out  INFO     Held-out regression (full_kinematic_embedding | VLDII_intVS): model=lasso RMSE=2.467 [1.938, 2.949] R²=0.322 [-0.112, 0.511] ρ=0.557
19:17:54  baselineEval.src.plotting  INFO       Saved: shap_bar_top20.png and shap_beeswarm_top20.png
19:17:54  baselineEval.src.held_out  INFO     SHAP saved → /srv/beegfs/scratch/shares/schaerm/schaer2/video_sam2_pose/humanLISBET-paper/baselineEval/results_stats_temporal_maxpool/full_kinematic_embedding/held_out/regression/VLDII_intVS/shap
19:17:54  ccnEvaluation         INFO     ── CV for VLDII_plaVS (regression) ──
19:17:54  ccnEvaluation         INFO       X: (95, 462), y: (95,) (classes: [ 7.  8.  9. 10. 11. 12. 13. 14. 15. 16. 17. 18. 19.])
19:17:54  baselineEval.src.cross_validation  INFO     Regression CV: 2 models, 5×10 nested CV (50 total outer folds)
19:19:49  baselineEval.src.cross_validation  INFO       Saved: predictions_per_subject.csv
19:19:49  baselineEval.src.cross_validation  INFO       CV results: 100 rows → /srv/beegfs/scratch/shares/schaerm/schaer2/video_sam2_pose/humanLISBET-paper/baselineEval/results_stats_temporal_maxpool/full_kinematic_embedding/regression/VLDII_plaVS/cv_results.csv
19:19:49  baselineEval.src.cross_validation  INFO     
── Regression summary (VLDII_plaVS) ──
model     rmse       r2  spearman_r
lasso 2.456581 0.073582    0.356627
 lgbm 2.467499 0.059595    0.346617
19:19:49  ccnEvaluation         INFO     ── Held-out for VLDII_plaVS (regression | full_kinematic_embedding) ──
19:19:49  baselineEval.src.held_out  INFO     Best regression model: lasso (RMSE=2.4566 ± 0.2205)
19:19:50  baselineEval.src.held_out  INFO     Held-out regression (full_kinematic_embedding | VLDII_plaVS): model=lasso RMSE=1.768 [1.238, 2.251] R²=0.512 [0.261, 0.630] ρ=0.809
19:19:53  baselineEval.src.plotting  INFO       Saved: shap_bar_top20.png and shap_beeswarm_top20.png
19:19:53  baselineEval.src.held_out  INFO     SHAP saved → /srv/beegfs/scratch/shares/schaerm/schaer2/video_sam2_pose/humanLISBET-paper/baselineEval/results_stats_temporal_maxpool/full_kinematic_embedding/held_out/regression/VLDII_plaVS/shap
19:19:53  ccnEvaluation         INFO     ── CV for VLDII_copVS (regression) ──
19:19:53  ccnEvaluation         INFO       X: (95, 462), y: (95,) (classes: [ 9. 10. 11. 12. 13. 14. 15. 16. 17.])
19:19:53  baselineEval.src.cross_validation  INFO     Regression CV: 2 models, 5×10 nested CV (50 total outer folds)
19:21:48  baselineEval.src.cross_validation  INFO       Saved: predictions_per_subject.csv
19:21:48  baselineEval.src.cross_validation  INFO       CV results: 100 rows → /srv/beegfs/scratch/shares/schaerm/schaer2/video_sam2_pose/humanLISBET-paper/baselineEval/results_stats_temporal_maxpool/full_kinematic_embedding/regression/VLDII_copVS/cv_results.csv
19:21:48  baselineEval.src.cross_validation  INFO     
── Regression summary (VLDII_copVS) ──
model     rmse        r2  spearman_r
lasso 2.051155 -0.010744    0.230893
 lgbm 2.012530  0.026956    0.272400
19:21:48  ccnEvaluation         INFO     ── Held-out for VLDII_copVS (regression | full_kinematic_embedding) ──
19:21:48  baselineEval.src.held_out  INFO     Best regression model: lgbm (RMSE=2.0125 ± 0.1953)
19:21:48  baselineEval.src.held_out  INFO     Held-out regression (full_kinematic_embedding | VLDII_copVS): model=lgbm RMSE=1.922 [1.420, 2.481] R²=-0.334 [-1.700, 0.177] ρ=0.089
19:21:51  baselineEval.src.plotting  INFO       Saved: shap_bar_top20.png and shap_beeswarm_top20.png
19:21:51  baselineEval.src.held_out  INFO     SHAP saved → /srv/beegfs/scratch/shares/schaerm/schaer2/video_sam2_pose/humanLISBET-paper/baselineEval/results_stats_temporal_maxpool/full_kinematic_embedding/held_out/regression/VLDII_copVS/shap
19:21:51  ccnEvaluation         INFO     ── CV for VLDII_DaiSS (regression) ──
19:21:51  ccnEvaluation         INFO       X: (95, 462), y: (95,) (classes: [ 53.  62.  65.  67.  69.  71.  73.  75.  77.  78.  80.  81.  82.  83.
  86.  87.  89.  91.  93.  95.  96.  98. 100. 101. 102. 103. 104. 105.
 107. 109. 111. 113. 115. 118. 121.])
19:21:51  baselineEval.src.cross_validation  INFO     Regression CV: 2 models, 5×10 nested CV (50 total outer folds)
19:23:48  baselineEval.src.cross_validation  INFO       Saved: predictions_per_subject.csv
19:23:48  baselineEval.src.cross_validation  INFO       CV results: 100 rows → /srv/beegfs/scratch/shares/schaerm/schaer2/video_sam2_pose/humanLISBET-paper/baselineEval/results_stats_temporal_maxpool/full_kinematic_embedding/regression/VLDII_DaiSS/cv_results.csv
19:23:48  baselineEval.src.cross_validation  INFO     
── Regression summary (VLDII_DaiSS) ──
model      rmse       r2  spearman_r
lasso 12.602244 0.135844    0.481245
 lgbm 12.706670 0.119415    0.404936
19:23:48  ccnEvaluation         INFO     ── Held-out for VLDII_DaiSS (regression | full_kinematic_embedding) ──
19:23:48  baselineEval.src.held_out  INFO     Best regression model: lasso (RMSE=12.6022 ± 1.3595)
19:23:49  baselineEval.src.held_out  INFO     Held-out regression (full_kinematic_embedding | VLDII_DaiSS): model=lasso RMSE=11.896 [8.882, 14.791] R²=0.327 [0.033, 0.422] ρ=0.696
19:23:52  baselineEval.src.plotting  INFO       Saved: shap_bar_top20.png and shap_beeswarm_top20.png
19:23:52  baselineEval.src.held_out  INFO     SHAP saved → /srv/beegfs/scratch/shares/schaerm/schaer2/video_sam2_pose/humanLISBET-paper/baselineEval/results_stats_temporal_maxpool/full_kinematic_embedding/held_out/regression/VLDII_DaiSS/shap
19:23:52  ccnEvaluation         INFO     ── CV for VLDII_perVS (regression) ──
19:23:52  ccnEvaluation         INFO       X: (95, 462), y: (95,) (classes: [ 7.  8.  9. 10. 11. 12. 13. 14. 15. 16. 17. 18.])
19:23:52  baselineEval.src.cross_validation  INFO     Regression CV: 2 models, 5×10 nested CV (50 total outer folds)
19:25:47  baselineEval.src.cross_validation  INFO       Saved: predictions_per_subject.csv
19:25:47  baselineEval.src.cross_validation  INFO       CV results: 100 rows → /srv/beegfs/scratch/shares/schaerm/schaer2/video_sam2_pose/humanLISBET-paper/baselineEval/results_stats_temporal_maxpool/full_kinematic_embedding/regression/VLDII_perVS/cv_results.csv
19:25:47  baselineEval.src.cross_validation  INFO     
── Regression summary (VLDII_perVS) ──
model     rmse       r2  spearman_r
lasso 2.559604 0.093718    0.412592
 lgbm 2.578015 0.070828    0.332708
19:25:47  ccnEvaluation         INFO     ── Held-out for VLDII_perVS (regression | full_kinematic_embedding) ──
19:25:47  baselineEval.src.held_out  INFO     Best regression model: lasso (RMSE=2.5596 ± 0.2672)
19:25:47  baselineEval.src.held_out  INFO     Held-out regression (full_kinematic_embedding | VLDII_perVS): model=lasso RMSE=2.167 [1.666, 2.618] R²=0.188 [-0.221, 0.335] ρ=0.522
19:25:51  baselineEval.src.plotting  INFO       Saved: shap_bar_top20.png and shap_beeswarm_top20.png
19:25:51  baselineEval.src.held_out  INFO     SHAP saved → /srv/beegfs/scratch/shares/schaerm/schaer2/video_sam2_pose/humanLISBET-paper/baselineEval/results_stats_temporal_maxpool/full_kinematic_embedding/held_out/regression/VLDII_perVS/shap
19:25:51  ccnEvaluation         INFO     ── CV for VLDII_comVS (regression) ──
19:25:51  ccnEvaluation         INFO       X: (95, 462), y: (95,) (classes: [ 7. 10. 11. 12. 13. 14. 15. 16. 17. 18. 20.])
19:25:51  baselineEval.src.cross_validation  INFO     Regression CV: 2 models, 5×10 nested CV (50 total outer folds)
19:27:46  baselineEval.src.cross_validation  INFO       Saved: predictions_per_subject.csv
19:27:46  baselineEval.src.cross_validation  INFO       CV results: 100 rows → /srv/beegfs/scratch/shares/schaerm/schaer2/video_sam2_pose/humanLISBET-paper/baselineEval/results_stats_temporal_maxpool/full_kinematic_embedding/regression/VLDII_comVS/cv_results.csv
19:27:46  baselineEval.src.cross_validation  INFO     
── Regression summary (VLDII_comVS) ──
model     rmse       r2  spearman_r
lasso 2.143428 0.098719    0.384497
 lgbm 2.192299 0.043427    0.347567
19:27:46  ccnEvaluation         INFO     ── Held-out for VLDII_comVS (regression | full_kinematic_embedding) ──
19:27:46  baselineEval.src.held_out  INFO     Best regression model: lasso (RMSE=2.1434 ± 0.2529)
19:27:47  baselineEval.src.held_out  INFO     Held-out regression (full_kinematic_embedding | VLDII_comVS): model=lasso RMSE=2.942 [1.943, 3.929] R²=-0.035 [-0.470, 0.062] ρ=0.001
19:27:50  baselineEval.src.plotting  INFO       Saved: shap_bar_top20.png and shap_beeswarm_top20.png
19:27:50  baselineEval.src.held_out  INFO     SHAP saved → /srv/beegfs/scratch/shares/schaerm/schaer2/video_sam2_pose/humanLISBET-paper/baselineEval/results_stats_temporal_maxpool/full_kinematic_embedding/held_out/regression/VLDII_comVS/shap
19:27:50  ccnEvaluation         INFO     ── CV for VLDII_domVS (regression) ──
19:27:50  ccnEvaluation         INFO       X: (95, 462), y: (95,) (classes: [ 9. 10. 11. 12. 13. 14. 15. 16. 17. 18. 19. 20. 22.])
19:27:50  baselineEval.src.cross_validation  INFO     Regression CV: 2 models, 5×10 nested CV (50 total outer folds)
19:29:44  baselineEval.src.cross_validation  INFO       Saved: predictions_per_subject.csv
19:29:44  baselineEval.src.cross_validation  INFO       CV results: 100 rows → /srv/beegfs/scratch/shares/schaerm/schaer2/video_sam2_pose/humanLISBET-paper/baselineEval/results_stats_temporal_maxpool/full_kinematic_embedding/regression/VLDII_domVS/cv_results.csv
19:29:44  baselineEval.src.cross_validation  INFO     
── Regression summary (VLDII_domVS) ──
model     rmse       r2  spearman_r
lasso 2.641301 0.084410    0.377450
 lgbm 2.611574 0.101533    0.381219
19:29:44  ccnEvaluation         INFO     ── Held-out for VLDII_domVS (regression | full_kinematic_embedding) ──
19:29:44  baselineEval.src.held_out  INFO     Best regression model: lgbm (RMSE=2.6116 ± 0.2600)
19:29:45  baselineEval.src.held_out  INFO     Held-out regression (full_kinematic_embedding | VLDII_domVS): model=lgbm RMSE=2.319 [1.713, 2.902] R²=0.391 [-0.055, 0.524] ρ=0.672
19:29:47  baselineEval.src.plotting  INFO       Saved: shap_bar_top20.png and shap_beeswarm_top20.png
19:29:47  baselineEval.src.held_out  INFO     SHAP saved → /srv/beegfs/scratch/shares/schaerm/schaer2/video_sam2_pose/humanLISBET-paper/baselineEval/results_stats_temporal_maxpool/full_kinematic_embedding/held_out/regression/VLDII_domVS/shap
19:29:47  ccnEvaluation         INFO     ── CV for VLDII_ComSS (regression) ──
19:29:47  ccnEvaluation         INFO       X: (95, 462), y: (95,) (classes: [ 44.  52.  54.  58.  59.  61.  63.  64.  65.  66.  69.  71.  72.  73.
  74.  76.  79.  80.  81.  84.  85.  86.  89.  90.  91.  93.  95.  97.
 100. 101. 102. 103. 104. 105. 107. 108. 110. 112. 113. 116. 118. 121.
 122. 125.])
19:29:47  baselineEval.src.cross_validation  INFO     Regression CV: 2 models, 5×10 nested CV (50 total outer folds)
19:31:45  baselineEval.src.cross_validation  INFO       Saved: predictions_per_subject.csv
19:31:45  baselineEval.src.cross_validation  INFO       CV results: 100 rows → /srv/beegfs/scratch/shares/schaerm/schaer2/video_sam2_pose/humanLISBET-paper/baselineEval/results_stats_temporal_maxpool/full_kinematic_embedding/regression/VLDII_ComSS/cv_results.csv
19:31:45  baselineEval.src.cross_validation  INFO     
── Regression summary (VLDII_ComSS) ──
model      rmse       r2  spearman_r
lasso 17.707764 0.142985    0.441704
 lgbm 18.135478 0.092396    0.387878
19:31:45  ccnEvaluation         INFO     ── Held-out for VLDII_ComSS (regression | full_kinematic_embedding) ──
19:31:45  baselineEval.src.held_out  INFO     Best regression model: lasso (RMSE=17.7078 ± 1.7359)
19:31:46  baselineEval.src.held_out  INFO     Held-out regression (full_kinematic_embedding | VLDII_ComSS): model=lasso RMSE=17.609 [13.625, 21.035] R²=0.345 [-0.039, 0.522] ρ=0.591
19:31:49  baselineEval.src.plotting  INFO       Saved: shap_bar_top20.png and shap_beeswarm_top20.png
19:31:49  baselineEval.src.held_out  INFO     SHAP saved → /srv/beegfs/scratch/shares/schaerm/schaer2/video_sam2_pose/humanLISBET-paper/baselineEval/results_stats_temporal_maxpool/full_kinematic_embedding/held_out/regression/VLDII_ComSS/shap
19:31:49  ccnEvaluation         INFO     ── CV for VLDII_expVS (regression) ──
19:31:49  ccnEvaluation         INFO       X: (95, 462), y: (95,) (classes: [ 6.  7.  8.  9. 10. 11. 12. 13. 14. 15. 16. 17. 18. 19. 20.])
19:31:49  baselineEval.src.cross_validation  INFO     Regression CV: 2 models, 5×10 nested CV (50 total outer folds)
19:33:44  baselineEval.src.cross_validation  INFO       Saved: predictions_per_subject.csv
19:33:44  baselineEval.src.cross_validation  INFO       CV results: 100 rows → /srv/beegfs/scratch/shares/schaerm/schaer2/video_sam2_pose/humanLISBET-paper/baselineEval/results_stats_temporal_maxpool/full_kinematic_embedding/regression/VLDII_expVS/cv_results.csv
19:33:44  baselineEval.src.cross_validation  INFO     
── Regression summary (VLDII_expVS) ──
model     rmse       r2  spearman_r
lasso 3.433376 0.097098    0.427567
 lgbm 3.416366 0.106898    0.379605
19:33:44  ccnEvaluation         INFO     ── Held-out for VLDII_expVS (regression | full_kinematic_embedding) ──
19:33:44  baselineEval.src.held_out  INFO     Best regression model: lgbm (RMSE=3.4164 ± 0.3820)
19:33:45  baselineEval.src.held_out  INFO     Held-out regression (full_kinematic_embedding | VLDII_expVS): model=lgbm RMSE=3.273 [2.568, 3.977] R²=0.193 [-0.329, 0.411] ρ=0.408
19:33:47  baselineEval.src.plotting  INFO       Saved: shap_bar_top20.png and shap_beeswarm_top20.png
19:33:47  baselineEval.src.held_out  INFO     SHAP saved → /srv/beegfs/scratch/shares/schaerm/schaer2/video_sam2_pose/humanLISBET-paper/baselineEval/results_stats_temporal_maxpool/full_kinematic_embedding/held_out/regression/VLDII_expVS/shap
19:33:47  ccnEvaluation         INFO     ── CV for VLDII_recVS (regression) ──
19:33:47  ccnEvaluation         INFO       X: (95, 462), y: (95,) (classes: [ 3.  5.  6.  7.  8.  9. 10. 11. 12. 13. 14. 15. 16. 17. 18. 19. 20. 21.])
19:33:47  baselineEval.src.cross_validation  INFO     Regression CV: 2 models, 5×10 nested CV (50 total outer folds)
19:35:42  baselineEval.src.cross_validation  INFO       Saved: predictions_per_subject.csv
19:35:42  baselineEval.src.cross_validation  INFO       CV results: 100 rows → /srv/beegfs/scratch/shares/schaerm/schaer2/video_sam2_pose/humanLISBET-paper/baselineEval/results_stats_temporal_maxpool/full_kinematic_embedding/regression/VLDII_recVS/cv_results.csv
19:35:42  baselineEval.src.cross_validation  INFO     
── Regression summary (VLDII_recVS) ──
model     rmse       r2  spearman_r
lasso 3.531405 0.214888    0.528660
 lgbm 3.752288 0.111904    0.428497
19:35:42  ccnEvaluation         INFO     ── Held-out for VLDII_recVS (regression | full_kinematic_embedding) ──
19:35:42  baselineEval.src.held_out  INFO     Best regression model: lasso (RMSE=3.5314 ± 0.4487)
19:35:43  baselineEval.src.held_out  INFO     Held-out regression (full_kinematic_embedding | VLDII_recVS): model=lasso RMSE=3.705 [2.902, 4.384] R²=0.353 [-0.006, 0.511] ρ=0.681
19:35:46  baselineEval.src.plotting  INFO       Saved: shap_bar_top20.png and shap_beeswarm_top20.png
19:35:46  baselineEval.src.held_out  INFO     SHAP saved → /srv/beegfs/scratch/shares/schaerm/schaer2/video_sam2_pose/humanLISBET-paper/baselineEval/results_stats_temporal_maxpool/full_kinematic_embedding/held_out/regression/VLDII_recVS/shap
19:35:46  ccnEvaluation         INFO     ── CV for MSEL_TOTAL_DQ (regression) ──
19:35:46  ccnEvaluation         INFO       X: (100, 462), y: (100,) (classes: [ 18.02469136  32.43483412  34.59785415  38.08884914  38.95032984
  40.09469697  40.66399287  41.7597914   48.35352006  48.38185274
  48.56808071  49.32034527  52.60163835  52.78815173  53.41769972
  54.6043883   54.66514664  55.9129902   57.80945419  58.00856827
  58.01880411  58.49358974  60.55385401  60.73988735  61.21267952
  61.65540541  62.6717033   64.54699612  64.58014537  65.85307734
  66.03346902  66.56582561  67.46408956  68.67474001  69.12878788
  69.58887965  70.42091476  70.5832302   71.22161779  72.65127389
  72.74744284  73.39929215  73.55044202  73.63718709  74.37652068
  76.23385285  77.89159198  78.63298081  79.93217054  79.97485632
  80.39067013  81.47321429  82.45481928  83.44764518  83.72463299
  88.69235986  88.94106636  91.04190422  91.67078393  92.86194316
  92.9187448   93.08301946  94.84225533  95.62583836  96.63388805
  97.48931624  98.02617856 102.9518543  103.811149   107.0353937
 107.8029726  108.1764296  108.385181   108.6309524  108.7338226
 109.0520026  109.52137    111.8651489  112.1257819  112.192623
 112.5198886  112.8090659  112.8284389  113.5791843  115.0573568
 116.0376082  116.1326915  118.2653171  119.351962   120.5538618
 121.574912   125.622437   128.0608788  130.5093403  130.8806655
 132.3244751  135.4820159  139.7760116  149.1013072  149.4299051 ])
19:35:46  baselineEval.src.cross_validation  INFO     Regression CV: 2 models, 5×10 nested CV (50 total outer folds)
19:37:49  baselineEval.src.cross_validation  INFO       Saved: predictions_per_subject.csv
19:37:49  baselineEval.src.cross_validation  INFO       CV results: 100 rows → /srv/beegfs/scratch/shares/schaerm/schaer2/video_sam2_pose/humanLISBET-paper/baselineEval/results_stats_temporal_maxpool/full_kinematic_embedding/regression/MSEL_TOTAL_DQ/cv_results.csv
19:37:49  baselineEval.src.cross_validation  INFO     
── Regression summary (MSEL_TOTAL_DQ) ──
model      rmse       r2  spearman_r
lasso 25.153794 0.238172    0.545444
 lgbm 26.019531 0.178301    0.469895
19:37:49  ccnEvaluation         INFO     ── Held-out for MSEL_TOTAL_DQ (regression | full_kinematic_embedding) ──
19:37:49  baselineEval.src.held_out  INFO     Best regression model: lasso (RMSE=25.1538 ± 2.9117)
19:37:49  baselineEval.src.held_out  INFO     Held-out regression (full_kinematic_embedding | MSEL_TOTAL_DQ): model=lasso RMSE=25.412 [19.768, 30.811] R²=0.405 [0.066, 0.532] ρ=0.799
19:37:52  baselineEval.src.plotting  INFO       Saved: shap_bar_top20.png and shap_beeswarm_top20.png
19:37:52  baselineEval.src.held_out  INFO     SHAP saved → /srv/beegfs/scratch/shares/schaerm/schaer2/video_sam2_pose/humanLISBET-paper/baselineEval/results_stats_temporal_maxpool/full_kinematic_embedding/held_out/regression/MSEL_TOTAL_DQ/shap
19:37:52  ccnEvaluation         INFO     ── CV for MSEL_FM_DQ (regression) ──
19:37:52  ccnEvaluation         INFO       X: (100, 462), y: (100,) (classes: [ 18.02469136  46.4649432   48.97137746  50.05646983  54.38484461
  55.25934702  55.26116578  55.3030303   59.06148867  60.89132507
  63.6627907   63.73690338  64.77896096  65.16194848  65.41218638
  65.72629052  69.06338694  69.12878788  69.33210784  70.91968912
  73.53479853  75.06258941  75.18022657  75.486618    75.66334992
  75.86923658  75.90612002  75.91514143  77.07927225  77.89159198
  78.29257829  79.43695591  79.91242474  80.18453427  80.89539007
  80.95690748  82.62072435  82.81765677  83.43724023  83.84379786
  83.94209957  85.6233244   85.79059829  85.92278719  87.62002743
  87.84596871  87.86462758  87.98209366  89.15229885  90.64569536
  90.75497288  90.7960199   92.60343482  92.99363057  93.43003413
  93.95109395  95.05208333  95.38327526  96.20155039  96.63388805
  96.66313559  97.1113645   97.65160523  97.76785714  98.45857418
  98.95429899  98.97788903  99.40087146  99.64898596 102.1903821
 102.8432377  103.6931818  103.811149   104.7045324  105.1267281
 105.4303871  106.1046512  106.538237   107.1589883  108.1764296
 108.201581   108.6309524  109.939759   111.4163614  111.6891065
 112.258348   112.5198886  113.5687229  114.1644325  115.1790314
 119.8555166  120.5538618  121.1819389  121.197515   121.574912
 122.124634   122.1456693  122.8956229  123.8687783  143.1372549 ])
19:37:52  baselineEval.src.cross_validation  INFO     Regression CV: 2 models, 5×10 nested CV (50 total outer folds)
19:39:54  baselineEval.src.cross_validation  INFO       Saved: predictions_per_subject.csv
19:39:54  baselineEval.src.cross_validation  INFO       CV results: 100 rows → /srv/beegfs/scratch/shares/schaerm/schaer2/video_sam2_pose/humanLISBET-paper/baselineEval/results_stats_temporal_maxpool/full_kinematic_embedding/regression/MSEL_FM_DQ/cv_results.csv
19:39:54  baselineEval.src.cross_validation  INFO     
── Regression summary (MSEL_FM_DQ) ──
model      rmse       r2  spearman_r
lasso 20.512676 0.054322    0.381922
 lgbm 20.479794 0.053085    0.331068
19:39:54  ccnEvaluation         INFO     ── Held-out for MSEL_FM_DQ (regression | full_kinematic_embedding) ──
19:39:54  baselineEval.src.held_out  INFO     Best regression model: lgbm (RMSE=20.4798 ± 3.1101)
19:39:55  baselineEval.src.held_out  INFO     Held-out regression (full_kinematic_embedding | MSEL_FM_DQ): model=lgbm RMSE=20.051 [13.169, 25.967] R²=0.157 [-0.298, 0.331] ρ=0.564
19:39:57  baselineEval.src.plotting  INFO       Saved: shap_bar_top20.png and shap_beeswarm_top20.png
19:39:57  baselineEval.src.held_out  INFO     SHAP saved → /srv/beegfs/scratch/shares/schaerm/schaer2/video_sam2_pose/humanLISBET-paper/baselineEval/results_stats_temporal_maxpool/full_kinematic_embedding/held_out/regression/MSEL_FM_DQ/shap
19:39:57  ccnEvaluation         INFO     ── CV for MSEL_VR_DQ (regression) ──
19:39:57  ccnEvaluation         INFO       X: (100, 462), y: (100,) (classes: [ 24.78395062  38.27847693  40.84386519  44.24242424  48.97137746
  55.48645661  56.65502522  56.92959002  62.16881151  62.75283172
  64.71631206  65.27181688  65.72629052  66.12318841  66.69049889
  67.74833589  69.92337165  70.46332046  70.66795741  71.15009747
  72.16608084  73.80514706  73.80800341  75.41322314  76.86522262
  77.69631031  77.99145299  78.31273601  78.41474446  78.6637931
  79.18580909  79.31783825  80.21978022  83.77964805  84.0389186
  84.56192081  84.81797057  84.88372093  85.28037383  87.43066062
  88.66708914  89.11889597  89.35566001  89.46078431  89.57533077
  89.615829    90.15860634  92.33630952  93.50512357  93.81764069
  94.1109736   94.6140553   96.17918314  96.20155039  97.93244949
  98.97788903 100.5796275  102.1289538  103.2884465  104.0746873
 104.3095565  106.0098302  106.3795337  108.127254   109.5515537
 110.1055807  110.1609658  110.297536   111.6891065  113.7780549
 114.2017705  114.5637163  115.3090847  116.9871795  118.5064935
 121.4642263  123.6822289  124.5733788  125.1905488  125.2213369
 129.0167095  130.7503771  133.1727963  133.6408905  133.8188664
 134.9544937  135.1851852  136.0094851  136.515748   146.7828418
 147.3675711  148.8166269  148.8393977  151.821572   153.0708874
 158.9721254  159.8073555  175.8188825  192.7226814 ])
19:39:57  baselineEval.src.cross_validation  INFO     Regression CV: 2 models, 5×10 nested CV (50 total outer folds)
19:41:59  baselineEval.src.cross_validation  INFO       Saved: predictions_per_subject.csv
19:41:59  baselineEval.src.cross_validation  INFO       CV results: 100 rows → /srv/beegfs/scratch/shares/schaerm/schaer2/video_sam2_pose/humanLISBET-paper/baselineEval/results_stats_temporal_maxpool/full_kinematic_embedding/regression/MSEL_VR_DQ/cv_results.csv
19:41:59  baselineEval.src.cross_validation  INFO     
── Regression summary (MSEL_VR_DQ) ──
model      rmse       r2  spearman_r
lasso 29.896814 0.084127    0.381822
 lgbm 29.678592 0.092853    0.373535
19:41:59  ccnEvaluation         INFO     ── Held-out for MSEL_VR_DQ (regression | full_kinematic_embedding) ──
19:41:59  baselineEval.src.held_out  INFO     Best regression model: lgbm (RMSE=29.6786 ± 4.0131)
19:42:00  baselineEval.src.held_out  INFO     Held-out regression (full_kinematic_embedding | MSEL_VR_DQ): model=lgbm RMSE=28.603 [22.060, 34.551] R²=0.276 [-0.402, 0.548] ρ=0.532
19:42:03  baselineEval.src.plotting  INFO       Saved: shap_bar_top20.png and shap_beeswarm_top20.png
19:42:03  baselineEval.src.held_out  INFO     SHAP saved → /srv/beegfs/scratch/shares/schaerm/schaer2/video_sam2_pose/humanLISBET-paper/baselineEval/results_stats_temporal_maxpool/full_kinematic_embedding/held_out/regression/MSEL_VR_DQ/shap
19:42:03  ccnEvaluation         INFO     ── CV for MSEL_LR_DQ (regression) ──
19:42:03  ccnEvaluation         INFO       X: (100, 462), y: (100,) (classes: [  3.88463176   4.06639929   6.75925926   9.87554113  12.01290153
  16.59090909  18.70972466  20.22384752  20.94811754  21.24563446
  25.56022409  26.50048403  28.99586908  29.92695289  32.38948048
  32.63590844  35.30956329  37.26391016  38.9957265   40.25735294
  40.48807543  43.06091806  44.2961165   44.83182162  46.05097149
  46.79487179  47.45189808  48.93770627  50.11618082  50.37154989
  52.84749035  53.52588625  53.65219358  54.90373045  59.29174789
  59.55070281  62.02209006  62.16545012  62.65018881  63.07603687
  64.61056645  64.9288451   66.12318841  66.75811614  70.61011905
  70.91968912  71.94102807  73.19518717  74.25406872  76.30178639
  76.39534884  77.74980635  77.81007752  77.89159198  78.6637931
  79.07279029  79.43695591  80.19460138  82.52583979  83.43724023
  83.56227106  84.15678524  87.60560676  91.80080483  96.34238311
  96.50411281 102.7847309  104.0746873  105.9596995  107.2715207
 108.1764296  108.8902148  110.0871314  115.4120767  115.9171748
 116.9871795  117.5351288  118.5064935  119.2178672  119.8802164
 120.1122726  120.9753788  121.1819389  122.3190349  122.5189726
 124.5733788  126.9356955  127.766486   128.1288156  130.2021403
 130.5093403  132.9263068  138.2575758  142.6500252  144.1714836
 144.3321617  147.1132898  148.8393977  153.6195286  157.0567986 ])
19:42:03  baselineEval.src.cross_validation  INFO     Regression CV: 2 models, 5×10 nested CV (50 total outer folds)
19:44:05  baselineEval.src.cross_validation  INFO       Saved: predictions_per_subject.csv
19:44:05  baselineEval.src.cross_validation  INFO       CV results: 100 rows → /srv/beegfs/scratch/shares/schaerm/schaer2/video_sam2_pose/humanLISBET-paper/baselineEval/results_stats_temporal_maxpool/full_kinematic_embedding/regression/MSEL_LR_DQ/cv_results.csv
19:44:05  baselineEval.src.cross_validation  INFO     
── Regression summary (MSEL_LR_DQ) ──
model      rmse       r2  spearman_r
lasso 33.955848 0.275843    0.594556
 lgbm 34.863853 0.234590    0.521353
19:44:05  ccnEvaluation         INFO     ── Held-out for MSEL_LR_DQ (regression | full_kinematic_embedding) ──
19:44:05  baselineEval.src.held_out  INFO     Best regression model: lasso (RMSE=33.9558 ± 3.1931)
19:44:06  baselineEval.src.held_out  INFO     Held-out regression (full_kinematic_embedding | MSEL_LR_DQ): model=lasso RMSE=32.066 [22.806, 39.820] R²=0.500 [0.161, 0.671] ρ=0.745
19:44:09  baselineEval.src.plotting  INFO       Saved: shap_bar_top20.png and shap_beeswarm_top20.png
19:44:09  baselineEval.src.held_out  INFO     SHAP saved → /srv/beegfs/scratch/shares/schaerm/schaer2/video_sam2_pose/humanLISBET-paper/baselineEval/results_stats_temporal_maxpool/full_kinematic_embedding/held_out/regression/MSEL_LR_DQ/shap
19:44:09  ccnEvaluation         INFO     ── CV for MSEL_LE_DQ (regression) ──
19:44:09  ccnEvaluation         INFO       X: (100, 462), y: (100,) (classes: [  9.94008715  14.16375631  17.66698935  21.62322275  22.5308642
  23.71669916  24.48568873  29.32736455  29.93313147  31.1965812
  31.83139535  32.5311943   34.96168582  35.3339787   36.51460584
  36.64658635  37.69462981  40.09226714  40.25735294  40.48807543
  41.27091814  41.92189893  43.37492573  44.24242424  44.2961165
  44.43993506  44.83182162  45.69027182  46.51656754  46.72299027
  47.44367418  50.11618082  50.12015105  50.13736264  50.93023256
  52.58200355  54.8048048   55.8530987   56.46658416  56.94227769
  57.72506083  58.12101911  59.82097832  59.93431856  60.11198946
  61.49957877  65.17857143  65.57490326  66.18574582  66.20785318
  69.12878788  69.55030488  71.37484958  72.66780432  73.41954023
  75.10288066  76.33526384  77.99145299  78.1455863   79.85282418
  80.57395143  81.54602324  82.20720721  83.94209957  84.10138249
  85.23058961  86.67962003  89.35128519  89.92073693  90.17483846
  91.02244389  91.36420526  91.65097301  93.77792672  94.24218952
  96.25527426  96.94555113  97.92085848 100.2099483  100.2747253
 103.2239819  106.0553231  108.127254   109.939759   111.2804878
 111.8651489  112.258348   114.1922639  115.7352358  116.9871795
 120.9753788  122.124634   124.6584699  128.4817876  128.8841808
 137.775842   140.655106   143.7007874  170.9694989 ])
19:44:09  baselineEval.src.cross_validation  INFO     Regression CV: 2 models, 5×10 nested CV (50 total outer folds)
19:46:11  baselineEval.src.cross_validation  INFO       Saved: predictions_per_subject.csv
19:46:11  baselineEval.src.cross_validation  INFO       CV results: 100 rows → /srv/beegfs/scratch/shares/schaerm/schaer2/video_sam2_pose/humanLISBET-paper/baselineEval/results_stats_temporal_maxpool/full_kinematic_embedding/regression/MSEL_LE_DQ/cv_results.csv
19:46:11  baselineEval.src.cross_validation  INFO     
── Regression summary (MSEL_LE_DQ) ──
model      rmse       r2  spearman_r
lasso 30.282449 0.186550    0.493358
 lgbm 29.740825 0.210414    0.513581
19:46:11  ccnEvaluation         INFO     ── Held-out for MSEL_LE_DQ (regression | full_kinematic_embedding) ──
19:46:11  baselineEval.src.held_out  INFO     Best regression model: lgbm (RMSE=29.7408 ± 4.2308)
19:46:12  baselineEval.src.held_out  INFO     Held-out regression (full_kinematic_embedding | MSEL_LE_DQ): model=lgbm RMSE=32.308 [23.623, 40.435] R²=0.254 [-0.403, 0.501] ρ=0.493
19:46:14  baselineEval.src.plotting  INFO       Saved: shap_bar_top20.png and shap_beeswarm_top20.png
19:46:14  baselineEval.src.held_out  INFO     SHAP saved → /srv/beegfs/scratch/shares/schaerm/schaer2/video_sam2_pose/humanLISBET-paper/baselineEval/results_stats_temporal_maxpool/full_kinematic_embedding/held_out/regression/MSEL_LE_DQ/shap
19:46:14  ccnEvaluation         INFO     ── CV for MSEL_NV_DQ (regression) ──
19:46:14  ccnEvaluation         INFO       X: (100, 462), y: (100,) (classes: [ 21.40432099  44.16747338  48.05160611  48.97137746  49.77272727
  58.71498864  60.1959643   60.90716019  63.02918895  63.79091198
  64.09642401  65.57490326  65.72629052  66.58026114  67.72345918
  67.91030161  70.16720315  71.56862745  72.80585106  73.37984863
  74.11468486  74.27325581  74.37794938  74.47079827  74.91789819
  76.17530756  76.74648129  76.87728938  77.59353741  79.97251931
  81.51480347  81.6976584   81.89102564  81.99943836  82.20720721
  82.35559567  83.73346137  83.90804598  84.15678524  84.60538218
  84.81199831  86.57250071  88.46431518  88.6496114   88.80778589
  88.87987013  91.05626327  91.88613478  92.03227433  92.13004822
  94.43082789  94.90379615  95.05208333  95.96479195  96.20155039
  96.39084507  96.49226641  97.36019132  97.52310803  97.94594067
  98.60764755  98.68968386  98.84549601  98.97788903  99.87039171
 100.2432517  102.1903821  103.1073446  109.0017065  109.0761612
 109.2369828  110.0871314  111.4163614  111.6531427  111.6891065
 114.2017705  115.7352358  116.0376082  116.2030831  116.810994
 116.9871795  119.3828214  119.8555166  121.5842367  122.8722053
 122.9496192  123.2016379  125.1071123  126.1626445  126.7361111
 127.1777003  128.2630522  128.3820346  129.3307087  130.6682578
 135.4820159  137.1387283  139.16122    139.8314361  157.8091521 ])
19:46:14  baselineEval.src.cross_validation  INFO     Regression CV: 2 models, 5×10 nested CV (50 total outer folds)
19:48:16  baselineEval.src.cross_validation  INFO       Saved: predictions_per_subject.csv
19:48:16  baselineEval.src.cross_validation  INFO       CV results: 100 rows → /srv/beegfs/scratch/shares/schaerm/schaer2/video_sam2_pose/humanLISBET-paper/baselineEval/results_stats_temporal_maxpool/full_kinematic_embedding/regression/MSEL_NV_DQ/cv_results.csv
19:48:16  baselineEval.src.cross_validation  INFO     
── Regression summary (MSEL_NV_DQ) ──
model      rmse       r2  spearman_r
lasso 23.573288 0.074598    0.424499
 lgbm 23.153071 0.100116    0.398647
19:48:16  ccnEvaluation         INFO     ── Held-out for MSEL_NV_DQ (regression | full_kinematic_embedding) ──
19:48:16  baselineEval.src.held_out  INFO     Best regression model: lgbm (RMSE=23.1531 ± 2.7500)
19:48:17  baselineEval.src.held_out  INFO     Held-out regression (full_kinematic_embedding | MSEL_NV_DQ): model=lgbm RMSE=21.495 [16.397, 26.134] R²=0.316 [-0.116, 0.545] ρ=0.507
19:48:20  baselineEval.src.plotting  INFO       Saved: shap_bar_top20.png and shap_beeswarm_top20.png
19:48:20  baselineEval.src.held_out  INFO     SHAP saved → /srv/beegfs/scratch/shares/schaerm/schaer2/video_sam2_pose/humanLISBET-paper/baselineEval/results_stats_temporal_maxpool/full_kinematic_embedding/held_out/regression/MSEL_NV_DQ/shap
19:48:20  ccnEvaluation         INFO     ── CV for MSEL_V_DQ (regression) ──
19:48:20  ccnEvaluation         INFO       X: (100, 462), y: (100,) (classes: [ 14.64506173  16.81806214  17.70469538  18.29879679  19.42315879
  25.02823491  25.13774105  27.1577381   27.20632081  29.4009959
  30.41666667  30.91723136  31.03741497  33.34524944  35.09615385
  36.40292553  37.2753268   37.99205148  39.16309013  39.59290454
  40.25735294  40.48807543  41.50422352  44.2961165   44.83182162
  47.46155586  48.09864458  48.46611722  48.93286143  50.11618082
  50.44223328  52.19708788  52.70214521  54.2462845   54.2693288
  54.68949248  54.82073643  54.89951357  56.38516993  58.28505645
  59.94525547  62.43158183  63.11758893  63.13929001  63.25823224
  63.6627907   64.59137709  67.89434524  69.06338694  70.46826734
  70.9304984   72.04972258  76.04166667  78.79965458  80.77686203
  81.15118577  83.23831243  85.25467149  85.85349462  85.92278719
  85.99599793  87.22984206  89.35566001  91.36789406  92.32431935
  92.73373984  94.37151949  94.86083166  95.8165773   97.07446809
  98.62059158  99.7831825  101.2242965  101.2355018  102.3816809
 103.6931818  103.8747811  107.1158763  108.0484808  109.063745
 110.7318923  111.4235219  114.0037352  114.2017705  115.3090847
 116.9871795  119.5234869  120.9753788  121.0967994  121.1872446
 122.9686881  124.051024   128.2952548  128.9440573  133.4982788
 135.3182415  135.4820159  141.0506581  142.4132948  159.0413943 ])
19:48:20  baselineEval.src.cross_validation  INFO     Regression CV: 2 models, 5×10 nested CV (50 total outer folds)
19:50:22  baselineEval.src.cross_validation  INFO       Saved: predictions_per_subject.csv
19:50:22  baselineEval.src.cross_validation  INFO       CV results: 100 rows → /srv/beegfs/scratch/shares/schaerm/schaer2/video_sam2_pose/humanLISBET-paper/baselineEval/results_stats_temporal_maxpool/full_kinematic_embedding/regression/MSEL_V_DQ/cv_results.csv
19:50:22  baselineEval.src.cross_validation  INFO     
── Regression summary (MSEL_V_DQ) ──
model      rmse       r2  spearman_r
lasso 29.165013 0.312263    0.613925
 lgbm 30.443762 0.245132    0.529684
19:50:22  ccnEvaluation         INFO     ── Held-out for MSEL_V_DQ (regression | full_kinematic_embedding) ──
19:50:22  baselineEval.src.held_out  INFO     Best regression model: lasso (RMSE=29.1650 ± 3.3384)
19:50:23  baselineEval.src.held_out  INFO     Held-out regression (full_kinematic_embedding | MSEL_V_DQ): model=lasso RMSE=30.479 [23.343, 38.146] R²=0.442 [0.002, 0.617] ρ=0.799
19:50:26  baselineEval.src.plotting  INFO       Saved: shap_bar_top20.png and shap_beeswarm_top20.png
19:50:26  baselineEval.src.held_out  INFO     SHAP saved → /srv/beegfs/scratch/shares/schaerm/schaer2/video_sam2_pose/humanLISBET-paper/baselineEval/results_stats_temporal_maxpool/full_kinematic_embedding/held_out/regression/MSEL_V_DQ/shap
19:50:26  ccnEvaluation         INFO     ═══ Representation: motor_only_temporal ═══
19:50:26  ccnEvaluation         INFO       Features for motor_only_temporal: 144 columns
19:50:26  ccnEvaluation         INFO     ═══ Step 2: Preprocessing report ═══
19:50:26  baselineEval.src.preprocessing  INFO     Feature selection (full dataset): 144 features → 110 kept (0 missingness, 2 near-zero-var, 32 correlated)
19:50:26  baselineEval.src.preprocessing  INFO     Feature selection report → /srv/beegfs/scratch/shares/schaerm/schaer2/video_sam2_pose/humanLISBET-paper/baselineEval/results_stats_temporal_maxpool/motor_only_temporal/feature_selection_report.csv
19:50:26  baselineEval.src.preprocessing  INFO     PCA explained-variance data → /srv/beegfs/scratch/shares/schaerm/schaer2/video_sam2_pose/humanLISBET-paper/baselineEval/results_stats_temporal_maxpool/motor_only_temporal/pca_explained_variance.csv
19:50:27  baselineEval.src.preprocessing  INFO     PCA explained-variance plot → /srv/beegfs/scratch/shares/schaerm/schaer2/video_sam2_pose/humanLISBET-paper/baselineEval/results_stats_temporal_maxpool/motor_only_temporal/pca_explained_variance.png
19:50:27  ccnEvaluation         INFO     ── CV for diagnosis (classification) ──
19:50:27  ccnEvaluation         INFO       X: (102, 144), y: (102,) (classes: [0 1])
19:50:27  baselineEval.src.cross_validation  INFO     Classification CV: 2 models, 5×10 nested CV (50 total outer folds)
19:51:25  baselineEval.src.cross_validation  INFO       Saved: predictions_per_subject.csv
19:51:25  baselineEval.src.cross_validation  INFO       CV results: 100 rows → /srv/beegfs/scratch/shares/schaerm/schaer2/video_sam2_pose/humanLISBET-paper/baselineEval/results_stats_temporal_maxpool/motor_only_temporal/classification/diagnosis/cv_results.csv
19:51:25  baselineEval.src.cross_validation  INFO     
── Classification AUC-ROC summary (diagnosis) ──
model  auc_roc_mean  auc_roc_std
lasso      0.644333     0.118541
 lgbm      0.579882     0.116470
19:51:25  ccnEvaluation         INFO     ── Held-out for diagnosis (classification | motor_only_temporal) ──
19:51:25  baselineEval.src.held_out  INFO     Best classification model: lasso (AUC=0.6443 ± 0.1185)
19:51:26  baselineEval.src.held_out  INFO     Held-out classification (motor_only_temporal | diagnosis): model=lasso AUC=0.643 BAcc=0.536 Acc=0.529 [0.278, 0.770]
19:51:29  baselineEval.src.plotting  INFO       Saved: shap_bar_top20.png and shap_beeswarm_top20.png
19:51:29  baselineEval.src.held_out  INFO     SHAP saved → /srv/beegfs/scratch/shares/schaerm/schaer2/video_sam2_pose/humanLISBET-paper/baselineEval/results_stats_temporal_maxpool/motor_only_temporal/held_out/classification/diagnosis/shap
19:51:29  ccnEvaluation         INFO     ── CV for ADOS_2_ADOS_G_revised_RRB_level_of_symptoms (classification) ──
19:51:29  ccnEvaluation         INFO       X: (102, 144), y: (102,) (classes: [0 1 2])
19:51:29  baselineEval.src.cross_validation  INFO     Classification CV: 2 models, 5×10 nested CV (50 total outer folds)
19:53:14  baselineEval.src.cross_validation  INFO       Saved: predictions_per_subject.csv
19:53:14  baselineEval.src.cross_validation  INFO       CV results: 100 rows → /srv/beegfs/scratch/shares/schaerm/schaer2/video_sam2_pose/humanLISBET-paper/baselineEval/results_stats_temporal_maxpool/motor_only_temporal/classification/ADOS_2_ADOS_G_revised_RRB_level_of_symptoms/cv_results.csv
19:53:14  baselineEval.src.cross_validation  INFO     
── Classification F1-macro summary (ADOS_2_ADOS_G_revised_RRB_level_of_symptoms) ──
model  f1_macro_mean  f1_macro_std
lasso       0.347538      0.105904
 lgbm       0.367313      0.101591
19:53:14  ccnEvaluation         INFO     ── Held-out for ADOS_2_ADOS_G_revised_RRB_level_of_symptoms (classification | motor_only_temporal) ──
19:53:14  baselineEval.src.held_out  INFO     Best classification model: lgbm (F1-macro=0.3673 ± 0.1016)
19:53:15  baselineEval.src.held_out  INFO     Held-out classification (motor_only_temporal | ADOS_2_ADOS_G_revised_RRB_level_of_symptoms): model=lgbm F1-macro=0.296 BAcc=0.344 Acc=0.471 [0.230, 0.722]
19:53:18  baselineEval.src.plotting  INFO       Saved: shap_bar_top20.png and shap_beeswarm_top20.png
19:53:18  baselineEval.src.held_out  INFO     SHAP saved → /srv/beegfs/scratch/shares/schaerm/schaer2/video_sam2_pose/humanLISBET-paper/baselineEval/results_stats_temporal_maxpool/motor_only_temporal/held_out/classification/ADOS_2_ADOS_G_revised_RRB_level_of_symptoms/shap
19:53:18  ccnEvaluation         INFO     ── CV for ADOS_2_ADOS_G_REVISED_SA_LEVEL_OF_SYMPTOMS (classification) ──
19:53:18  ccnEvaluation         INFO       X: (102, 144), y: (102,) (classes: [0 1 2 3])
19:53:18  baselineEval.src.cross_validation  INFO     Classification CV: 2 models, 5×10 nested CV (50 total outer folds)
19:55:21  baselineEval.src.cross_validation  INFO       Saved: predictions_per_subject.csv
19:55:21  baselineEval.src.cross_validation  INFO       CV results: 100 rows → /srv/beegfs/scratch/shares/schaerm/schaer2/video_sam2_pose/humanLISBET-paper/baselineEval/results_stats_temporal_maxpool/motor_only_temporal/classification/ADOS_2_ADOS_G_REVISED_SA_LEVEL_OF_SYMPTOMS/cv_results.csv
19:55:21  baselineEval.src.cross_validation  INFO     
── Classification F1-macro summary (ADOS_2_ADOS_G_REVISED_SA_LEVEL_OF_SYMPTOMS) ──
model  f1_macro_mean  f1_macro_std
lasso       0.317083      0.093374
 lgbm       0.272860      0.081960
19:55:21  ccnEvaluation         INFO     ── Held-out for ADOS_2_ADOS_G_REVISED_SA_LEVEL_OF_SYMPTOMS (classification | motor_only_temporal) ──
19:55:21  baselineEval.src.held_out  INFO     Best classification model: lasso (F1-macro=0.3171 ± 0.0934)
19:55:21  baselineEval.src.held_out  INFO     Held-out classification (motor_only_temporal | ADOS_2_ADOS_G_REVISED_SA_LEVEL_OF_SYMPTOMS): model=lasso F1-macro=0.188 BAcc=0.226 Acc=0.294 [0.103, 0.560]
19:55:25  baselineEval.src.plotting  INFO       Saved: shap_bar_top20.png and shap_beeswarm_top20.png
19:55:25  baselineEval.src.held_out  INFO     SHAP saved → /srv/beegfs/scratch/shares/schaerm/schaer2/video_sam2_pose/humanLISBET-paper/baselineEval/results_stats_temporal_maxpool/motor_only_temporal/held_out/classification/ADOS_2_ADOS_G_REVISED_SA_LEVEL_OF_SYMPTOMS/shap
19:55:25  ccnEvaluation         INFO     ── CV for ADOS_G_ADOS_2_TOTAL_score_de_severite (regression) ──
19:55:25  ccnEvaluation         INFO       X: (102, 144), y: (102,) (classes: [ 1.  2.  3.  4.  5.  6.  7.  8.  9. 10.])
19:55:25  baselineEval.src.cross_validation  INFO     Regression CV: 2 models, 5×10 nested CV (50 total outer folds)
19:56:09  baselineEval.src.cross_validation  INFO       Saved: predictions_per_subject.csv
19:56:09  baselineEval.src.cross_validation  INFO       CV results: 100 rows → /srv/beegfs/scratch/shares/schaerm/schaer2/video_sam2_pose/humanLISBET-paper/baselineEval/results_stats_temporal_maxpool/motor_only_temporal/regression/ADOS_G_ADOS_2_TOTAL_score_de_severite/cv_results.csv
19:56:09  baselineEval.src.cross_validation  INFO     
── Regression summary (ADOS_G_ADOS_2_TOTAL_score_de_severite) ──
model     rmse       r2  spearman_r
lasso 3.295721 0.019063    0.417186
 lgbm 3.247154 0.052287    0.301707
19:56:09  ccnEvaluation         INFO     ── Held-out for ADOS_G_ADOS_2_TOTAL_score_de_severite (regression | motor_only_temporal) ──
19:56:09  baselineEval.src.held_out  INFO     Best regression model: lgbm (RMSE=3.2472 ± 0.2340)
19:56:10  baselineEval.src.held_out  INFO     Held-out regression (motor_only_temporal | ADOS_G_ADOS_2_TOTAL_score_de_severite): model=lgbm RMSE=3.671 [2.850, 4.429] R²=-0.097 [-0.741, 0.225] ρ=-0.005
19:56:13  baselineEval.src.plotting  INFO       Saved: shap_bar_top20.png and shap_beeswarm_top20.png
19:56:13  baselineEval.src.held_out  INFO     SHAP saved → /srv/beegfs/scratch/shares/schaerm/schaer2/video_sam2_pose/humanLISBET-paper/baselineEval/results_stats_temporal_maxpool/motor_only_temporal/held_out/regression/ADOS_G_ADOS_2_TOTAL_score_de_severite/shap
19:56:13  ccnEvaluation         INFO     ── CV for ADOS_2_ADOS_G_REVISED_SA_SEVERITY_SCORE (regression) ──
19:56:13  ccnEvaluation         INFO       X: (102, 144), y: (102,) (classes: [ 1.  2.  3.  4.  5.  6.  7.  9. 10.])
19:56:13  baselineEval.src.cross_validation  INFO     Regression CV: 2 models, 5×10 nested CV (50 total outer folds)
19:56:58  baselineEval.src.cross_validation  INFO       Saved: predictions_per_subject.csv
19:56:58  baselineEval.src.cross_validation  INFO       CV results: 100 rows → /srv/beegfs/scratch/shares/schaerm/schaer2/video_sam2_pose/humanLISBET-paper/baselineEval/results_stats_temporal_maxpool/motor_only_temporal/regression/ADOS_2_ADOS_G_REVISED_SA_SEVERITY_SCORE/cv_results.csv
19:56:58  baselineEval.src.cross_validation  INFO     
── Regression summary (ADOS_2_ADOS_G_REVISED_SA_SEVERITY_SCORE) ──
model     rmse        r2  spearman_r
lasso 3.192447 -0.096682    0.279622
 lgbm 2.988542  0.044911    0.307948
19:56:58  ccnEvaluation         INFO     ── Held-out for ADOS_2_ADOS_G_REVISED_SA_SEVERITY_SCORE (regression | motor_only_temporal) ──
19:56:58  baselineEval.src.held_out  INFO     Best regression model: lgbm (RMSE=2.9885 ± 0.2810)
19:56:59  baselineEval.src.held_out  INFO     Held-out regression (motor_only_temporal | ADOS_2_ADOS_G_REVISED_SA_SEVERITY_SCORE): model=lgbm RMSE=2.965 [2.254, 3.610] R²=-0.068 [-0.967, 0.204] ρ=0.095
19:57:02  baselineEval.src.plotting  INFO       Saved: shap_bar_top20.png and shap_beeswarm_top20.png
19:57:02  baselineEval.src.held_out  INFO     SHAP saved → /srv/beegfs/scratch/shares/schaerm/schaer2/video_sam2_pose/humanLISBET-paper/baselineEval/results_stats_temporal_maxpool/motor_only_temporal/held_out/regression/ADOS_2_ADOS_G_REVISED_SA_SEVERITY_SCORE/shap
19:57:02  ccnEvaluation         INFO     ── CV for ADOS_2_ADOS_G_REVISED_RRB_SEVERITY_SCORE_new (regression) ──
19:57:02  ccnEvaluation         INFO       X: (102, 144), y: (102,) (classes: [ 1.  5.  6.  7.  8.  9. 10.])
19:57:02  baselineEval.src.cross_validation  INFO     Regression CV: 2 models, 5×10 nested CV (50 total outer folds)
19:57:47  baselineEval.src.cross_validation  INFO       Saved: predictions_per_subject.csv
19:57:47  baselineEval.src.cross_validation  INFO       CV results: 100 rows → /srv/beegfs/scratch/shares/schaerm/schaer2/video_sam2_pose/humanLISBET-paper/baselineEval/results_stats_temporal_maxpool/motor_only_temporal/regression/ADOS_2_ADOS_G_REVISED_RRB_SEVERITY_SCORE_new/cv_results.csv
19:57:47  baselineEval.src.cross_validation  INFO     
── Regression summary (ADOS_2_ADOS_G_REVISED_RRB_SEVERITY_SCORE_new) ──
model     rmse        r2  spearman_r
lasso 3.140457  0.004726    0.231508
 lgbm 3.265686 -0.080925    0.142230
19:57:47  ccnEvaluation         INFO     ── Held-out for ADOS_2_ADOS_G_REVISED_RRB_SEVERITY_SCORE_new (regression | motor_only_temporal) ──
19:57:47  baselineEval.src.held_out  INFO     Best regression model: lasso (RMSE=3.1405 ± 0.3718)
19:57:48  baselineEval.src.held_out  INFO     Held-out regression (motor_only_temporal | ADOS_2_ADOS_G_REVISED_RRB_SEVERITY_SCORE_new): model=lasso RMSE=3.464 [2.623, 4.247] R²=0.154 [-0.177, 0.225] ρ=0.650
19:57:51  baselineEval.src.plotting  INFO       Saved: shap_bar_top20.png and shap_beeswarm_top20.png
19:57:51  baselineEval.src.held_out  INFO     SHAP saved → /srv/beegfs/scratch/shares/schaerm/schaer2/video_sam2_pose/humanLISBET-paper/baselineEval/results_stats_temporal_maxpool/motor_only_temporal/held_out/regression/ADOS_2_ADOS_G_REVISED_RRB_SEVERITY_SCORE_new/shap
19:57:51  ccnEvaluation         INFO     ── CV for VLDII_AdSS (regression) ──
19:57:51  ccnEvaluation         INFO       X: (95, 144), y: (95,) (classes: [ 51.  63.  64.  65.  66.  68.  69.  70.  71.  72.  73.  74.  75.  76.
  77.  78.  79.  80.  81.  83.  84.  85.  86.  87.  88.  89.  90.  91.
  92.  93.  94.  95.  96.  97.  99. 100. 102. 103. 104. 105. 107. 108.
 109. 110. 113. 115. 117.])
19:57:51  baselineEval.src.cross_validation  INFO     Regression CV: 2 models, 5×10 nested CV (50 total outer folds)
19:58:35  baselineEval.src.cross_validation  INFO       Saved: predictions_per_subject.csv
19:58:35  baselineEval.src.cross_validation  INFO       CV results: 100 rows → /srv/beegfs/scratch/shares/schaerm/schaer2/video_sam2_pose/humanLISBET-paper/baselineEval/results_stats_temporal_maxpool/motor_only_temporal/regression/VLDII_AdSS/cv_results.csv
19:58:35  baselineEval.src.cross_validation  INFO     
── Regression summary (VLDII_AdSS) ──
model      rmse       r2  spearman_r
lasso 14.302365 0.040574    0.256943
 lgbm 14.467980 0.015592    0.285433
19:58:35  ccnEvaluation         INFO     ── Held-out for VLDII_AdSS (regression | motor_only_temporal) ──
19:58:35  baselineEval.src.held_out  INFO     Best regression model: lasso (RMSE=14.3024 ± 1.2025)
19:58:35  baselineEval.src.held_out  INFO     Held-out regression (motor_only_temporal | VLDII_AdSS): model=lasso RMSE=15.140 [11.650, 18.221] R²=0.084 [-0.427, 0.207] ρ=0.469
19:58:39  baselineEval.src.plotting  INFO       Saved: shap_bar_top20.png and shap_beeswarm_top20.png
19:58:39  baselineEval.src.held_out  INFO     SHAP saved → /srv/beegfs/scratch/shares/schaerm/schaer2/video_sam2_pose/humanLISBET-paper/baselineEval/results_stats_temporal_maxpool/motor_only_temporal/held_out/regression/VLDII_AdSS/shap
19:58:39  ccnEvaluation         INFO     ── CV for VLDII_MotorSS (regression) ──
19:58:39  ccnEvaluation         INFO       X: (95, 144), y: (95,) (classes: [ 56.  67.  69.  70.  72.  75.  79.  81.  82.  84.  85.  88.  90.  93.
  94.  95.  96.  97. 100. 102. 104. 105. 106. 108. 111. 114. 121. 131.])
19:58:39  baselineEval.src.cross_validation  INFO     Regression CV: 2 models, 5×10 nested CV (50 total outer folds)
19:59:22  baselineEval.src.cross_validation  INFO       Saved: predictions_per_subject.csv
19:59:22  baselineEval.src.cross_validation  INFO       CV results: 100 rows → /srv/beegfs/scratch/shares/schaerm/schaer2/video_sam2_pose/humanLISBET-paper/baselineEval/results_stats_temporal_maxpool/motor_only_temporal/regression/VLDII_MotorSS/cv_results.csv
19:59:22  baselineEval.src.cross_validation  INFO     
── Regression summary (VLDII_MotorSS) ──
model      rmse        r2  spearman_r
lasso 12.483183 -0.028605    0.111353
 lgbm 12.362115 -0.016355    0.181712
19:59:22  ccnEvaluation         INFO     ── Held-out for VLDII_MotorSS (regression | motor_only_temporal) ──
19:59:22  baselineEval.src.held_out  INFO     Best regression model: lgbm (RMSE=12.3621 ± 1.6717)
19:59:23  baselineEval.src.held_out  INFO     Held-out regression (motor_only_temporal | VLDII_MotorSS): model=lgbm RMSE=13.422 [9.126, 17.437] R²=-0.124 [-0.800, 0.144] ρ=-0.006
19:59:27  baselineEval.src.plotting  INFO       Saved: shap_bar_top20.png and shap_beeswarm_top20.png
19:59:27  baselineEval.src.held_out  INFO     SHAP saved → /srv/beegfs/scratch/shares/schaerm/schaer2/video_sam2_pose/humanLISBET-paper/baselineEval/results_stats_temporal_maxpool/motor_only_temporal/held_out/regression/VLDII_MotorSS/shap
19:59:27  ccnEvaluation         INFO     ── CV for VLDII_gmsVS (regression) ──
19:59:27  ccnEvaluation         INFO       X: (95, 144), y: (95,) (classes: [ 8.  9. 10. 11. 12. 13. 14. 15. 16. 17. 18. 22.])
19:59:27  baselineEval.src.cross_validation  INFO     Regression CV: 2 models, 5×10 nested CV (50 total outer folds)
20:00:09  baselineEval.src.cross_validation  INFO       Saved: predictions_per_subject.csv
20:00:09  baselineEval.src.cross_validation  INFO       CV results: 100 rows → /srv/beegfs/scratch/shares/schaerm/schaer2/video_sam2_pose/humanLISBET-paper/baselineEval/results_stats_temporal_maxpool/motor_only_temporal/regression/VLDII_gmsVS/cv_results.csv
20:00:09  baselineEval.src.cross_validation  INFO     
── Regression summary (VLDII_gmsVS) ──
model     rmse        r2  spearman_r
lasso 2.123713 -0.020390    0.109067
 lgbm 2.169476 -0.067719    0.117972
20:00:09  ccnEvaluation         INFO     ── Held-out for VLDII_gmsVS (regression | motor_only_temporal) ──
20:00:09  baselineEval.src.held_out  INFO     Best regression model: lasso (RMSE=2.1237 ± 0.3589)
/srv/beegfs/scratch/shares/schaerm/schaer2/video_sam2_pose/humanLISBET-paper/baselineEval/src/held_out.py:422: ConstantInputWarning: An input array is constant; the correlation coefficient is not defined.
  sp_r, _ = spearmanr(y_test, y_pred)
/srv/beegfs/scratch/shares/schaerm/schaer2/video_sam2_pose/humanLISBET-paper/baselineEval/src/held_out.py:423: ConstantInputWarning: An input array is constant; the correlation coefficient is not defined.
  pe_r, _ = pearsonr(y_test, y_pred)
20:00:10  baselineEval.src.held_out  INFO     Held-out regression (motor_only_temporal | VLDII_gmsVS): model=lasso RMSE=1.893 [1.289, 2.418] R²=-0.014 [-0.494, -0.000] ρ=nan
20:00:13  baselineEval.src.plotting  INFO       Saved: shap_bar_top20.png and shap_beeswarm_top20.png
20:00:13  baselineEval.src.held_out  INFO     SHAP saved → /srv/beegfs/scratch/shares/schaerm/schaer2/video_sam2_pose/humanLISBET-paper/baselineEval/results_stats_temporal_maxpool/motor_only_temporal/held_out/regression/VLDII_gmsVS/shap
20:00:13  ccnEvaluation         INFO     ── CV for VLDII_fmsVS (regression) ──
20:00:14  ccnEvaluation         INFO       X: (95, 144), y: (95,) (classes: [ 7.  8.  9. 10. 11. 12. 13. 14. 15. 16. 17. 18.])
20:00:14  baselineEval.src.cross_validation  INFO     Regression CV: 2 models, 5×10 nested CV (50 total outer folds)
20:00:56  baselineEval.src.cross_validation  INFO       Saved: predictions_per_subject.csv
20:00:56  baselineEval.src.cross_validation  INFO       CV results: 100 rows → /srv/beegfs/scratch/shares/schaerm/schaer2/video_sam2_pose/humanLISBET-paper/baselineEval/results_stats_temporal_maxpool/motor_only_temporal/regression/VLDII_fmsVS/cv_results.csv
20:00:56  baselineEval.src.cross_validation  INFO     
── Regression summary (VLDII_fmsVS) ──
model     rmse        r2  spearman_r
lasso 2.463903 -0.022965    0.084401
 lgbm 2.382025  0.041511    0.278606
20:00:56  ccnEvaluation         INFO     ── Held-out for VLDII_fmsVS (regression | motor_only_temporal) ──
20:00:56  baselineEval.src.held_out  INFO     Best regression model: lgbm (RMSE=2.3820 ± 0.2949)
20:00:57  baselineEval.src.held_out  INFO     Held-out regression (motor_only_temporal | VLDII_fmsVS): model=lgbm RMSE=2.643 [1.671, 3.483] R²=-0.137 [-0.643, 0.128] ρ=0.072
20:01:01  baselineEval.src.plotting  INFO       Saved: shap_bar_top20.png and shap_beeswarm_top20.png
20:01:01  baselineEval.src.held_out  INFO     SHAP saved → /srv/beegfs/scratch/shares/schaerm/schaer2/video_sam2_pose/humanLISBET-paper/baselineEval/results_stats_temporal_maxpool/motor_only_temporal/held_out/regression/VLDII_fmsVS/shap
20:01:01  ccnEvaluation         INFO     ── CV for VLDII_SocSS (regression) ──
20:01:01  ccnEvaluation         INFO       X: (95, 144), y: (95,) (classes: [ 59.  65.  66.  68.  70.  72.  74.  75.  76.  78.  79.  80.  81.  82.
  84.  86.  88.  89.  90.  91.  92.  94.  95.  96.  98. 100. 101. 102.
 105. 109. 111. 112. 114.])
20:01:01  baselineEval.src.cross_validation  INFO     Regression CV: 2 models, 5×10 nested CV (50 total outer folds)
20:01:44  baselineEval.src.cross_validation  INFO       Saved: predictions_per_subject.csv
20:01:44  baselineEval.src.cross_validation  INFO       CV results: 100 rows → /srv/beegfs/scratch/shares/schaerm/schaer2/video_sam2_pose/humanLISBET-paper/baselineEval/results_stats_temporal_maxpool/motor_only_temporal/regression/VLDII_SocSS/cv_results.csv
20:01:44  baselineEval.src.cross_validation  INFO     
── Regression summary (VLDII_SocSS) ──
model     rmse       r2  spearman_r
lasso 11.73617 0.059668    0.240073
 lgbm 11.84005 0.039474    0.329420
20:01:44  ccnEvaluation         INFO     ── Held-out for VLDII_SocSS (regression | motor_only_temporal) ──
20:01:44  baselineEval.src.held_out  INFO     Best regression model: lasso (RMSE=11.7362 ± 1.1079)
20:01:45  baselineEval.src.held_out  INFO     Held-out regression (motor_only_temporal | VLDII_SocSS): model=lasso RMSE=11.116 [8.332, 13.964] R²=0.188 [-0.363, 0.388] ρ=0.353
20:01:48  baselineEval.src.plotting  INFO       Saved: shap_bar_top20.png and shap_beeswarm_top20.png
20:01:48  baselineEval.src.held_out  INFO     SHAP saved → /srv/beegfs/scratch/shares/schaerm/schaer2/video_sam2_pose/humanLISBET-paper/baselineEval/results_stats_temporal_maxpool/motor_only_temporal/held_out/regression/VLDII_SocSS/shap
20:01:48  ccnEvaluation         INFO     ── CV for VLDII_intVS (regression) ──
20:01:48  ccnEvaluation         INFO       X: (95, 144), y: (95,) (classes: [ 6.  8.  9. 10. 11. 12. 13. 14. 15. 16. 17. 18. 19. 20.])
20:01:48  baselineEval.src.cross_validation  INFO     Regression CV: 2 models, 5×10 nested CV (50 total outer folds)
20:02:31  baselineEval.src.cross_validation  INFO       Saved: predictions_per_subject.csv
20:02:31  baselineEval.src.cross_validation  INFO       CV results: 100 rows → /srv/beegfs/scratch/shares/schaerm/schaer2/video_sam2_pose/humanLISBET-paper/baselineEval/results_stats_temporal_maxpool/motor_only_temporal/regression/VLDII_intVS/cv_results.csv
20:02:31  baselineEval.src.cross_validation  INFO     
── Regression summary (VLDII_intVS) ──
model     rmse        r2  spearman_r
lasso 2.635185  0.034733    0.258445
 lgbm 2.712307 -0.026304    0.226965
20:02:31  ccnEvaluation         INFO     ── Held-out for VLDII_intVS (regression | motor_only_temporal) ──
20:02:31  baselineEval.src.held_out  INFO     Best regression model: lasso (RMSE=2.6352 ± 0.2485)
20:02:32  baselineEval.src.held_out  INFO     Held-out regression (motor_only_temporal | VLDII_intVS): model=lasso RMSE=2.723 [2.153, 3.264] R²=0.173 [-0.401, 0.360] ρ=0.410
20:02:35  baselineEval.src.plotting  INFO       Saved: shap_bar_top20.png and shap_beeswarm_top20.png
20:02:35  baselineEval.src.held_out  INFO     SHAP saved → /srv/beegfs/scratch/shares/schaerm/schaer2/video_sam2_pose/humanLISBET-paper/baselineEval/results_stats_temporal_maxpool/motor_only_temporal/held_out/regression/VLDII_intVS/shap
20:02:35  ccnEvaluation         INFO     ── CV for VLDII_plaVS (regression) ──
20:02:35  ccnEvaluation         INFO       X: (95, 144), y: (95,) (classes: [ 7.  8.  9. 10. 11. 12. 13. 14. 15. 16. 17. 18. 19.])
20:02:35  baselineEval.src.cross_validation  INFO     Regression CV: 2 models, 5×10 nested CV (50 total outer folds)
20:03:18  baselineEval.src.cross_validation  INFO       Saved: predictions_per_subject.csv
20:03:18  baselineEval.src.cross_validation  INFO       CV results: 100 rows → /srv/beegfs/scratch/shares/schaerm/schaer2/video_sam2_pose/humanLISBET-paper/baselineEval/results_stats_temporal_maxpool/motor_only_temporal/regression/VLDII_plaVS/cv_results.csv
20:03:18  baselineEval.src.cross_validation  INFO     
── Regression summary (VLDII_plaVS) ──
model     rmse       r2  spearman_r
lasso 2.408871 0.111848    0.363870
 lgbm 2.461563 0.064628    0.302141
20:03:18  ccnEvaluation         INFO     ── Held-out for VLDII_plaVS (regression | motor_only_temporal) ──
20:03:18  baselineEval.src.held_out  INFO     Best regression model: lasso (RMSE=2.4089 ± 0.2332)
20:03:18  baselineEval.src.held_out  INFO     Held-out regression (motor_only_temporal | VLDII_plaVS): model=lasso RMSE=2.367 [1.588, 3.155] R²=0.126 [-0.404, 0.389] ρ=0.464
20:03:22  baselineEval.src.plotting  INFO       Saved: shap_bar_top20.png and shap_beeswarm_top20.png
20:03:22  baselineEval.src.held_out  INFO     SHAP saved → /srv/beegfs/scratch/shares/schaerm/schaer2/video_sam2_pose/humanLISBET-paper/baselineEval/results_stats_temporal_maxpool/motor_only_temporal/held_out/regression/VLDII_plaVS/shap
20:03:22  ccnEvaluation         INFO     ── CV for VLDII_copVS (regression) ──
20:03:22  ccnEvaluation         INFO       X: (95, 144), y: (95,) (classes: [ 9. 10. 11. 12. 13. 14. 15. 16. 17.])
20:03:22  baselineEval.src.cross_validation  INFO     Regression CV: 2 models, 5×10 nested CV (50 total outer folds)
20:04:05  baselineEval.src.cross_validation  INFO       Saved: predictions_per_subject.csv
20:04:05  baselineEval.src.cross_validation  INFO       CV results: 100 rows → /srv/beegfs/scratch/shares/schaerm/schaer2/video_sam2_pose/humanLISBET-paper/baselineEval/results_stats_temporal_maxpool/motor_only_temporal/regression/VLDII_copVS/cv_results.csv
20:04:05  baselineEval.src.cross_validation  INFO     
── Regression summary (VLDII_copVS) ──
model     rmse        r2  spearman_r
lasso 2.050152 -0.003744    0.196207
 lgbm 1.977284  0.058248    0.323705
20:04:05  ccnEvaluation         INFO     ── Held-out for VLDII_copVS (regression | motor_only_temporal) ──
20:04:05  baselineEval.src.held_out  INFO     Best regression model: lgbm (RMSE=1.9773 ± 0.2422)
20:04:06  baselineEval.src.held_out  INFO     Held-out regression (motor_only_temporal | VLDII_copVS): model=lgbm RMSE=1.727 [1.265, 2.128] R²=-0.078 [-0.631, 0.091] ρ=0.263
20:04:09  baselineEval.src.plotting  INFO       Saved: shap_bar_top20.png and shap_beeswarm_top20.png
20:04:09  baselineEval.src.held_out  INFO     SHAP saved → /srv/beegfs/scratch/shares/schaerm/schaer2/video_sam2_pose/humanLISBET-paper/baselineEval/results_stats_temporal_maxpool/motor_only_temporal/held_out/regression/VLDII_copVS/shap
20:04:09  ccnEvaluation         INFO     ── CV for VLDII_DaiSS (regression) ──
20:04:09  ccnEvaluation         INFO       X: (95, 144), y: (95,) (classes: [ 53.  62.  65.  67.  69.  71.  73.  75.  77.  78.  80.  81.  82.  83.
  86.  87.  89.  91.  93.  95.  96.  98. 100. 101. 102. 103. 104. 105.
 107. 109. 111. 113. 115. 118. 121.])
20:04:09  baselineEval.src.cross_validation  INFO     Regression CV: 2 models, 5×10 nested CV (50 total outer folds)
20:04:53  baselineEval.src.cross_validation  INFO       Saved: predictions_per_subject.csv
20:04:53  baselineEval.src.cross_validation  INFO       CV results: 100 rows → /srv/beegfs/scratch/shares/schaerm/schaer2/video_sam2_pose/humanLISBET-paper/baselineEval/results_stats_temporal_maxpool/motor_only_temporal/regression/VLDII_DaiSS/cv_results.csv
20:04:53  baselineEval.src.cross_validation  INFO     
── Regression summary (VLDII_DaiSS) ──
model      rmse       r2  spearman_r
lasso 13.569244 0.005776    0.190328
 lgbm 13.549298 0.003975    0.261787
20:04:53  ccnEvaluation         INFO     ── Held-out for VLDII_DaiSS (regression | motor_only_temporal) ──
20:04:53  baselineEval.src.held_out  INFO     Best regression model: lgbm (RMSE=13.5493 ± 1.5183)
20:04:53  baselineEval.src.held_out  INFO     Held-out regression (motor_only_temporal | VLDII_DaiSS): model=lgbm RMSE=14.794 [10.191, 18.755] R²=-0.041 [-0.620, 0.171] ρ=0.087
20:04:57  baselineEval.src.plotting  INFO       Saved: shap_bar_top20.png and shap_beeswarm_top20.png
20:04:57  baselineEval.src.held_out  INFO     SHAP saved → /srv/beegfs/scratch/shares/schaerm/schaer2/video_sam2_pose/humanLISBET-paper/baselineEval/results_stats_temporal_maxpool/motor_only_temporal/held_out/regression/VLDII_DaiSS/shap
20:04:57  ccnEvaluation         INFO     ── CV for VLDII_perVS (regression) ──
20:04:57  ccnEvaluation         INFO       X: (95, 144), y: (95,) (classes: [ 7.  8.  9. 10. 11. 12. 13. 14. 15. 16. 17. 18.])
20:04:57  baselineEval.src.cross_validation  INFO     Regression CV: 2 models, 5×10 nested CV (50 total outer folds)
20:05:39  baselineEval.src.cross_validation  INFO       Saved: predictions_per_subject.csv
20:05:39  baselineEval.src.cross_validation  INFO       CV results: 100 rows → /srv/beegfs/scratch/shares/schaerm/schaer2/video_sam2_pose/humanLISBET-paper/baselineEval/results_stats_temporal_maxpool/motor_only_temporal/regression/VLDII_perVS/cv_results.csv
20:05:39  baselineEval.src.cross_validation  INFO     
── Regression summary (VLDII_perVS) ──
model     rmse        r2  spearman_r
lasso 2.698236 -0.003342    0.185031
 lgbm 2.713267 -0.026579    0.207451
20:05:39  ccnEvaluation         INFO     ── Held-out for VLDII_perVS (regression | motor_only_temporal) ──
20:05:39  baselineEval.src.held_out  INFO     Best regression model: lasso (RMSE=2.6982 ± 0.2802)
20:05:40  baselineEval.src.held_out  INFO     Held-out regression (motor_only_temporal | VLDII_perVS): model=lasso RMSE=2.199 [1.676, 2.686] R²=0.163 [-0.245, 0.311] ρ=0.530
20:05:44  baselineEval.src.plotting  INFO       Saved: shap_bar_top20.png and shap_beeswarm_top20.png
20:05:44  baselineEval.src.held_out  INFO     SHAP saved → /srv/beegfs/scratch/shares/schaerm/schaer2/video_sam2_pose/humanLISBET-paper/baselineEval/results_stats_temporal_maxpool/motor_only_temporal/held_out/regression/VLDII_perVS/shap
20:05:44  ccnEvaluation         INFO     ── CV for VLDII_comVS (regression) ──
20:05:44  ccnEvaluation         INFO       X: (95, 144), y: (95,) (classes: [ 7. 10. 11. 12. 13. 14. 15. 16. 17. 18. 20.])
20:05:44  baselineEval.src.cross_validation  INFO     Regression CV: 2 models, 5×10 nested CV (50 total outer folds)
20:06:26  baselineEval.src.cross_validation  INFO       Saved: predictions_per_subject.csv
20:06:26  baselineEval.src.cross_validation  INFO       CV results: 100 rows → /srv/beegfs/scratch/shares/schaerm/schaer2/video_sam2_pose/humanLISBET-paper/baselineEval/results_stats_temporal_maxpool/motor_only_temporal/regression/VLDII_comVS/cv_results.csv
20:06:26  baselineEval.src.cross_validation  INFO     
── Regression summary (VLDII_comVS) ──
model     rmse        r2  spearman_r
lasso 2.281202 -0.019040    0.080585
 lgbm 2.268872 -0.015789    0.223529
20:06:26  ccnEvaluation         INFO     ── Held-out for VLDII_comVS (regression | motor_only_temporal) ──
20:06:26  baselineEval.src.held_out  INFO     Best regression model: lgbm (RMSE=2.2689 ± 0.2732)
20:06:27  baselineEval.src.held_out  INFO     Held-out regression (motor_only_temporal | VLDII_comVS): model=lgbm RMSE=2.990 [2.023, 3.842] R²=-0.068 [-0.632, 0.119] ρ=0.072
20:06:30  baselineEval.src.plotting  INFO       Saved: shap_bar_top20.png and shap_beeswarm_top20.png
20:06:30  baselineEval.src.held_out  INFO     SHAP saved → /srv/beegfs/scratch/shares/schaerm/schaer2/video_sam2_pose/humanLISBET-paper/baselineEval/results_stats_temporal_maxpool/motor_only_temporal/held_out/regression/VLDII_comVS/shap
20:06:30  ccnEvaluation         INFO     ── CV for VLDII_domVS (regression) ──
20:06:30  ccnEvaluation         INFO       X: (95, 144), y: (95,) (classes: [ 9. 10. 11. 12. 13. 14. 15. 16. 17. 18. 19. 20. 22.])
20:06:30  baselineEval.src.cross_validation  INFO     Regression CV: 2 models, 5×10 nested CV (50 total outer folds)
20:07:13  baselineEval.src.cross_validation  INFO       Saved: predictions_per_subject.csv
20:07:13  baselineEval.src.cross_validation  INFO       CV results: 100 rows → /srv/beegfs/scratch/shares/schaerm/schaer2/video_sam2_pose/humanLISBET-paper/baselineEval/results_stats_temporal_maxpool/motor_only_temporal/regression/VLDII_domVS/cv_results.csv
20:07:13  baselineEval.src.cross_validation  INFO     
── Regression summary (VLDII_domVS) ──
model     rmse       r2  spearman_r
lasso 2.749573 0.007741    0.148936
 lgbm 2.720033 0.024558    0.267403
20:07:13  ccnEvaluation         INFO     ── Held-out for VLDII_domVS (regression | motor_only_temporal) ──
20:07:13  baselineEval.src.held_out  INFO     Best regression model: lgbm (RMSE=2.7200 ± 0.2982)
20:07:14  baselineEval.src.held_out  INFO     Held-out regression (motor_only_temporal | VLDII_domVS): model=lgbm RMSE=3.119 [2.210, 4.025] R²=-0.102 [-0.845, 0.103] ρ=0.124
20:07:18  baselineEval.src.plotting  INFO       Saved: shap_bar_top20.png and shap_beeswarm_top20.png
20:07:18  baselineEval.src.held_out  INFO     SHAP saved → /srv/beegfs/scratch/shares/schaerm/schaer2/video_sam2_pose/humanLISBET-paper/baselineEval/results_stats_temporal_maxpool/motor_only_temporal/held_out/regression/VLDII_domVS/shap
20:07:18  ccnEvaluation         INFO     ── CV for VLDII_ComSS (regression) ──
20:07:18  ccnEvaluation         INFO       X: (95, 144), y: (95,) (classes: [ 44.  52.  54.  58.  59.  61.  63.  64.  65.  66.  69.  71.  72.  73.
  74.  76.  79.  80.  81.  84.  85.  86.  89.  90.  91.  93.  95.  97.
 100. 101. 102. 103. 104. 105. 107. 108. 110. 112. 113. 116. 118. 121.
 122. 125.])
20:07:18  baselineEval.src.cross_validation  INFO     Regression CV: 2 models, 5×10 nested CV (50 total outer folds)
20:08:01  baselineEval.src.cross_validation  INFO       Saved: predictions_per_subject.csv
20:08:01  baselineEval.src.cross_validation  INFO       CV results: 100 rows → /srv/beegfs/scratch/shares/schaerm/schaer2/video_sam2_pose/humanLISBET-paper/baselineEval/results_stats_temporal_maxpool/motor_only_temporal/regression/VLDII_ComSS/cv_results.csv
20:08:01  baselineEval.src.cross_validation  INFO     
── Regression summary (VLDII_ComSS) ──
model      rmse        r2  spearman_r
lasso 18.702016  0.050707    0.270106
 lgbm 19.659980 -0.051415    0.137500
20:08:01  ccnEvaluation         INFO     ── Held-out for VLDII_ComSS (regression | motor_only_temporal) ──
20:08:01  baselineEval.src.held_out  INFO     Best regression model: lasso (RMSE=18.7020 ± 1.4085)
20:08:02  baselineEval.src.held_out  INFO     Held-out regression (motor_only_temporal | VLDII_ComSS): model=lasso RMSE=18.982 [15.453, 22.167] R²=0.238 [-0.144, 0.335] ρ=0.701
20:08:05  baselineEval.src.plotting  INFO       Saved: shap_bar_top20.png and shap_beeswarm_top20.png
20:08:05  baselineEval.src.held_out  INFO     SHAP saved → /srv/beegfs/scratch/shares/schaerm/schaer2/video_sam2_pose/humanLISBET-paper/baselineEval/results_stats_temporal_maxpool/motor_only_temporal/held_out/regression/VLDII_ComSS/shap
20:08:05  ccnEvaluation         INFO     ── CV for VLDII_expVS (regression) ──
20:08:05  ccnEvaluation         INFO       X: (95, 144), y: (95,) (classes: [ 6.  7.  8.  9. 10. 11. 12. 13. 14. 15. 16. 17. 18. 19. 20.])
20:08:05  baselineEval.src.cross_validation  INFO     Regression CV: 2 models, 5×10 nested CV (50 total outer folds)
20:08:48  baselineEval.src.cross_validation  INFO       Saved: predictions_per_subject.csv
20:08:48  baselineEval.src.cross_validation  INFO       CV results: 100 rows → /srv/beegfs/scratch/shares/schaerm/schaer2/video_sam2_pose/humanLISBET-paper/baselineEval/results_stats_temporal_maxpool/motor_only_temporal/regression/VLDII_expVS/cv_results.csv
20:08:48  baselineEval.src.cross_validation  INFO     
── Regression summary (VLDII_expVS) ──
model     rmse        r2  spearman_r
lasso 3.564101  0.037762    0.273064
 lgbm 3.770068 -0.079540    0.123453
20:08:48  ccnEvaluation         INFO     ── Held-out for VLDII_expVS (regression | motor_only_temporal) ──
20:08:48  baselineEval.src.held_out  INFO     Best regression model: lasso (RMSE=3.5641 ± 0.2573)
20:08:49  baselineEval.src.held_out  INFO     Held-out regression (motor_only_temporal | VLDII_expVS): model=lasso RMSE=3.332 [2.709, 3.970] R²=0.164 [-0.285, 0.248] ρ=0.498
20:08:52  baselineEval.src.plotting  INFO       Saved: shap_bar_top20.png and shap_beeswarm_top20.png
20:08:52  baselineEval.src.held_out  INFO     SHAP saved → /srv/beegfs/scratch/shares/schaerm/schaer2/video_sam2_pose/humanLISBET-paper/baselineEval/results_stats_temporal_maxpool/motor_only_temporal/held_out/regression/VLDII_expVS/shap
20:08:52  ccnEvaluation         INFO     ── CV for VLDII_recVS (regression) ──
20:08:52  ccnEvaluation         INFO       X: (95, 144), y: (95,) (classes: [ 3.  5.  6.  7.  8.  9. 10. 11. 12. 13. 14. 15. 16. 17. 18. 19. 20. 21.])
20:08:52  baselineEval.src.cross_validation  INFO     Regression CV: 2 models, 5×10 nested CV (50 total outer folds)
20:09:35  baselineEval.src.cross_validation  INFO       Saved: predictions_per_subject.csv
20:09:35  baselineEval.src.cross_validation  INFO       CV results: 100 rows → /srv/beegfs/scratch/shares/schaerm/schaer2/video_sam2_pose/humanLISBET-paper/baselineEval/results_stats_temporal_maxpool/motor_only_temporal/regression/VLDII_recVS/cv_results.csv
20:09:35  baselineEval.src.cross_validation  INFO     
── Regression summary (VLDII_recVS) ──
model     rmse        r2  spearman_r
lasso 3.919132  0.035554     0.29865
 lgbm 4.131411 -0.072428     0.16320
20:09:35  ccnEvaluation         INFO     ── Held-out for VLDII_recVS (regression | motor_only_temporal) ──
20:09:35  baselineEval.src.held_out  INFO     Best regression model: lasso (RMSE=3.9191 ± 0.4992)
20:09:36  baselineEval.src.held_out  INFO     Held-out regression (motor_only_temporal | VLDII_recVS): model=lasso RMSE=3.960 [3.298, 4.545] R²=0.261 [-0.107, 0.347] ρ=0.765
20:09:39  baselineEval.src.plotting  INFO       Saved: shap_bar_top20.png and shap_beeswarm_top20.png
20:09:39  baselineEval.src.held_out  INFO     SHAP saved → /srv/beegfs/scratch/shares/schaerm/schaer2/video_sam2_pose/humanLISBET-paper/baselineEval/results_stats_temporal_maxpool/motor_only_temporal/held_out/regression/VLDII_recVS/shap
20:09:39  ccnEvaluation         INFO     ── CV for MSEL_TOTAL_DQ (regression) ──
20:09:39  ccnEvaluation         INFO       X: (100, 144), y: (100,) (classes: [ 18.02469136  32.43483412  34.59785415  38.08884914  38.95032984
  40.09469697  40.66399287  41.7597914   48.35352006  48.38185274
  48.56808071  49.32034527  52.60163835  52.78815173  53.41769972
  54.6043883   54.66514664  55.9129902   57.80945419  58.00856827
  58.01880411  58.49358974  60.55385401  60.73988735  61.21267952
  61.65540541  62.6717033   64.54699612  64.58014537  65.85307734
  66.03346902  66.56582561  67.46408956  68.67474001  69.12878788
  69.58887965  70.42091476  70.5832302   71.22161779  72.65127389
  72.74744284  73.39929215  73.55044202  73.63718709  74.37652068
  76.23385285  77.89159198  78.63298081  79.93217054  79.97485632
  80.39067013  81.47321429  82.45481928  83.44764518  83.72463299
  88.69235986  88.94106636  91.04190422  91.67078393  92.86194316
  92.9187448   93.08301946  94.84225533  95.62583836  96.63388805
  97.48931624  98.02617856 102.9518543  103.811149   107.0353937
 107.8029726  108.1764296  108.385181   108.6309524  108.7338226
 109.0520026  109.52137    111.8651489  112.1257819  112.192623
 112.5198886  112.8090659  112.8284389  113.5791843  115.0573568
 116.0376082  116.1326915  118.2653171  119.351962   120.5538618
 121.574912   125.622437   128.0608788  130.5093403  130.8806655
 132.3244751  135.4820159  139.7760116  149.1013072  149.4299051 ])
20:09:39  baselineEval.src.cross_validation  INFO     Regression CV: 2 models, 5×10 nested CV (50 total outer folds)
20:10:24  baselineEval.src.cross_validation  INFO       Saved: predictions_per_subject.csv
20:10:24  baselineEval.src.cross_validation  INFO       CV results: 100 rows → /srv/beegfs/scratch/shares/schaerm/schaer2/video_sam2_pose/humanLISBET-paper/baselineEval/results_stats_temporal_maxpool/motor_only_temporal/regression/MSEL_TOTAL_DQ/cv_results.csv
20:10:25  baselineEval.src.cross_validation  INFO     
── Regression summary (MSEL_TOTAL_DQ) ──
model      rmse        r2  spearman_r
lasso 28.938887 -0.006666    0.182918
 lgbm 29.498151 -0.051660    0.173383
20:10:25  ccnEvaluation         INFO     ── Held-out for MSEL_TOTAL_DQ (regression | motor_only_temporal) ──
20:10:25  baselineEval.src.held_out  INFO     Best regression model: lasso (RMSE=28.9389 ± 2.5662)
20:10:25  baselineEval.src.held_out  INFO     Held-out regression (motor_only_temporal | MSEL_TOTAL_DQ): model=lasso RMSE=29.517 [23.148, 35.007] R²=0.198 [-0.270, 0.285] ρ=0.846
20:10:29  baselineEval.src.plotting  INFO       Saved: shap_bar_top20.png and shap_beeswarm_top20.png
20:10:29  baselineEval.src.held_out  INFO     SHAP saved → /srv/beegfs/scratch/shares/schaerm/schaer2/video_sam2_pose/humanLISBET-paper/baselineEval/results_stats_temporal_maxpool/motor_only_temporal/held_out/regression/MSEL_TOTAL_DQ/shap
20:10:29  ccnEvaluation         INFO     ── CV for MSEL_FM_DQ (regression) ──
20:10:29  ccnEvaluation         INFO       X: (100, 144), y: (100,) (classes: [ 18.02469136  46.4649432   48.97137746  50.05646983  54.38484461
  55.25934702  55.26116578  55.3030303   59.06148867  60.89132507
  63.6627907   63.73690338  64.77896096  65.16194848  65.41218638
  65.72629052  69.06338694  69.12878788  69.33210784  70.91968912
  73.53479853  75.06258941  75.18022657  75.486618    75.66334992
  75.86923658  75.90612002  75.91514143  77.07927225  77.89159198
  78.29257829  79.43695591  79.91242474  80.18453427  80.89539007
  80.95690748  82.62072435  82.81765677  83.43724023  83.84379786
  83.94209957  85.6233244   85.79059829  85.92278719  87.62002743
  87.84596871  87.86462758  87.98209366  89.15229885  90.64569536
  90.75497288  90.7960199   92.60343482  92.99363057  93.43003413
  93.95109395  95.05208333  95.38327526  96.20155039  96.63388805
  96.66313559  97.1113645   97.65160523  97.76785714  98.45857418
  98.95429899  98.97788903  99.40087146  99.64898596 102.1903821
 102.8432377  103.6931818  103.811149   104.7045324  105.1267281
 105.4303871  106.1046512  106.538237   107.1589883  108.1764296
 108.201581   108.6309524  109.939759   111.4163614  111.6891065
 112.258348   112.5198886  113.5687229  114.1644325  115.1790314
 119.8555166  120.5538618  121.1819389  121.197515   121.574912
 122.124634   122.1456693  122.8956229  123.8687783  143.1372549 ])
20:10:29  baselineEval.src.cross_validation  INFO     Regression CV: 2 models, 5×10 nested CV (50 total outer folds)
20:11:14  baselineEval.src.cross_validation  INFO       Saved: predictions_per_subject.csv
20:11:14  baselineEval.src.cross_validation  INFO       CV results: 100 rows → /srv/beegfs/scratch/shares/schaerm/schaer2/video_sam2_pose/humanLISBET-paper/baselineEval/results_stats_temporal_maxpool/motor_only_temporal/regression/MSEL_FM_DQ/cv_results.csv
20:11:14  baselineEval.src.cross_validation  INFO     
── Regression summary (MSEL_FM_DQ) ──
model      rmse        r2  spearman_r
lasso 21.318284 -0.026708    0.125842
 lgbm 21.276231 -0.020763    0.222105
20:11:14  ccnEvaluation         INFO     ── Held-out for MSEL_FM_DQ (regression | motor_only_temporal) ──
20:11:14  baselineEval.src.held_out  INFO     Best regression model: lgbm (RMSE=21.2762 ± 3.0998)
20:11:15  baselineEval.src.held_out  INFO     Held-out regression (motor_only_temporal | MSEL_FM_DQ): model=lgbm RMSE=24.250 [16.531, 30.764] R²=-0.233 [-1.023, -0.009] ρ=-0.225
20:11:18  baselineEval.src.plotting  INFO       Saved: shap_bar_top20.png and shap_beeswarm_top20.png
20:11:18  baselineEval.src.held_out  INFO     SHAP saved → /srv/beegfs/scratch/shares/schaerm/schaer2/video_sam2_pose/humanLISBET-paper/baselineEval/results_stats_temporal_maxpool/motor_only_temporal/held_out/regression/MSEL_FM_DQ/shap
20:11:18  ccnEvaluation         INFO     ── CV for MSEL_VR_DQ (regression) ──
20:11:18  ccnEvaluation         INFO       X: (100, 144), y: (100,) (classes: [ 24.78395062  38.27847693  40.84386519  44.24242424  48.97137746
  55.48645661  56.65502522  56.92959002  62.16881151  62.75283172
  64.71631206  65.27181688  65.72629052  66.12318841  66.69049889
  67.74833589  69.92337165  70.46332046  70.66795741  71.15009747
  72.16608084  73.80514706  73.80800341  75.41322314  76.86522262
  77.69631031  77.99145299  78.31273601  78.41474446  78.6637931
  79.18580909  79.31783825  80.21978022  83.77964805  84.0389186
  84.56192081  84.81797057  84.88372093  85.28037383  87.43066062
  88.66708914  89.11889597  89.35566001  89.46078431  89.57533077
  89.615829    90.15860634  92.33630952  93.50512357  93.81764069
  94.1109736   94.6140553   96.17918314  96.20155039  97.93244949
  98.97788903 100.5796275  102.1289538  103.2884465  104.0746873
 104.3095565  106.0098302  106.3795337  108.127254   109.5515537
 110.1055807  110.1609658  110.297536   111.6891065  113.7780549
 114.2017705  114.5637163  115.3090847  116.9871795  118.5064935
 121.4642263  123.6822289  124.5733788  125.1905488  125.2213369
 129.0167095  130.7503771  133.1727963  133.6408905  133.8188664
 134.9544937  135.1851852  136.0094851  136.515748   146.7828418
 147.3675711  148.8166269  148.8393977  151.821572   153.0708874
 158.9721254  159.8073555  175.8188825  192.7226814 ])
20:11:18  baselineEval.src.cross_validation  INFO     Regression CV: 2 models, 5×10 nested CV (50 total outer folds)
20:12:03  baselineEval.src.cross_validation  INFO       Saved: predictions_per_subject.csv
20:12:03  baselineEval.src.cross_validation  INFO       CV results: 100 rows → /srv/beegfs/scratch/shares/schaerm/schaer2/video_sam2_pose/humanLISBET-paper/baselineEval/results_stats_temporal_maxpool/motor_only_temporal/regression/MSEL_VR_DQ/cv_results.csv
20:12:03  baselineEval.src.cross_validation  INFO     
── Regression summary (MSEL_VR_DQ) ──
model      rmse        r2  spearman_r
lasso 31.608004 -0.025615   -0.097414
 lgbm 32.410580 -0.083709    0.047189
20:12:03  ccnEvaluation         INFO     ── Held-out for MSEL_VR_DQ (regression | motor_only_temporal) ──
20:12:03  baselineEval.src.held_out  INFO     Best regression model: lasso (RMSE=31.6080 ± 3.3296)
/srv/beegfs/scratch/shares/schaerm/schaer2/video_sam2_pose/humanLISBET-paper/baselineEval/src/held_out.py:422: ConstantInputWarning: An input array is constant; the correlation coefficient is not defined.
  sp_r, _ = spearmanr(y_test, y_pred)
/srv/beegfs/scratch/shares/schaerm/schaer2/video_sam2_pose/humanLISBET-paper/baselineEval/src/held_out.py:423: ConstantInputWarning: An input array is constant; the correlation coefficient is not defined.
  pe_r, _ = pearsonr(y_test, y_pred)
20:12:04  baselineEval.src.held_out  INFO     Held-out regression (motor_only_temporal | MSEL_VR_DQ): model=lasso RMSE=33.816 [25.903, 41.698] R²=-0.012 [-0.406, -0.000] ρ=nan
20:12:08  baselineEval.src.plotting  INFO       Saved: shap_bar_top20.png and shap_beeswarm_top20.png
20:12:08  baselineEval.src.held_out  INFO     SHAP saved → /srv/beegfs/scratch/shares/schaerm/schaer2/video_sam2_pose/humanLISBET-paper/baselineEval/results_stats_temporal_maxpool/motor_only_temporal/held_out/regression/MSEL_VR_DQ/shap
20:12:08  ccnEvaluation         INFO     ── CV for MSEL_LR_DQ (regression) ──
20:12:08  ccnEvaluation         INFO       X: (100, 144), y: (100,) (classes: [  3.88463176   4.06639929   6.75925926   9.87554113  12.01290153
  16.59090909  18.70972466  20.22384752  20.94811754  21.24563446
  25.56022409  26.50048403  28.99586908  29.92695289  32.38948048
  32.63590844  35.30956329  37.26391016  38.9957265   40.25735294
  40.48807543  43.06091806  44.2961165   44.83182162  46.05097149
  46.79487179  47.45189808  48.93770627  50.11618082  50.37154989
  52.84749035  53.52588625  53.65219358  54.90373045  59.29174789
  59.55070281  62.02209006  62.16545012  62.65018881  63.07603687
  64.61056645  64.9288451   66.12318841  66.75811614  70.61011905
  70.91968912  71.94102807  73.19518717  74.25406872  76.30178639
  76.39534884  77.74980635  77.81007752  77.89159198  78.6637931
  79.07279029  79.43695591  80.19460138  82.52583979  83.43724023
  83.56227106  84.15678524  87.60560676  91.80080483  96.34238311
  96.50411281 102.7847309  104.0746873  105.9596995  107.2715207
 108.1764296  108.8902148  110.0871314  115.4120767  115.9171748
 116.9871795  117.5351288  118.5064935  119.2178672  119.8802164
 120.1122726  120.9753788  121.1819389  122.3190349  122.5189726
 124.5733788  126.9356955  127.766486   128.1288156  130.2021403
 130.5093403  132.9263068  138.2575758  142.6500252  144.1714836
 144.3321617  147.1132898  148.8393977  153.6195286  157.0567986 ])
20:12:08  baselineEval.src.cross_validation  INFO     Regression CV: 2 models, 5×10 nested CV (50 total outer folds)
20:12:53  baselineEval.src.cross_validation  INFO       Saved: predictions_per_subject.csv
20:12:53  baselineEval.src.cross_validation  INFO       CV results: 100 rows → /srv/beegfs/scratch/shares/schaerm/schaer2/video_sam2_pose/humanLISBET-paper/baselineEval/results_stats_temporal_maxpool/motor_only_temporal/regression/MSEL_LR_DQ/cv_results.csv
20:12:53  baselineEval.src.cross_validation  INFO     
── Regression summary (MSEL_LR_DQ) ──
model      rmse        r2  spearman_r
lasso 37.829336  0.109204    0.340722
 lgbm 39.984167 -0.001436    0.217083
20:12:53  ccnEvaluation         INFO     ── Held-out for MSEL_LR_DQ (regression | motor_only_temporal) ──
20:12:53  baselineEval.src.held_out  INFO     Best regression model: lasso (RMSE=37.8293 ± 3.3666)
20:12:54  baselineEval.src.held_out  INFO     Held-out regression (motor_only_temporal | MSEL_LR_DQ): model=lasso RMSE=36.047 [26.839, 44.527] R²=0.368 [-0.055, 0.503] ρ=0.797
20:12:57  baselineEval.src.plotting  INFO       Saved: shap_bar_top20.png and shap_beeswarm_top20.png
20:12:57  baselineEval.src.held_out  INFO     SHAP saved → /srv/beegfs/scratch/shares/schaerm/schaer2/video_sam2_pose/humanLISBET-paper/baselineEval/results_stats_temporal_maxpool/motor_only_temporal/held_out/regression/MSEL_LR_DQ/shap
20:12:57  ccnEvaluation         INFO     ── CV for MSEL_LE_DQ (regression) ──
20:12:57  ccnEvaluation         INFO       X: (100, 144), y: (100,) (classes: [  9.94008715  14.16375631  17.66698935  21.62322275  22.5308642
  23.71669916  24.48568873  29.32736455  29.93313147  31.1965812
  31.83139535  32.5311943   34.96168582  35.3339787   36.51460584
  36.64658635  37.69462981  40.09226714  40.25735294  40.48807543
  41.27091814  41.92189893  43.37492573  44.24242424  44.2961165
  44.43993506  44.83182162  45.69027182  46.51656754  46.72299027
  47.44367418  50.11618082  50.12015105  50.13736264  50.93023256
  52.58200355  54.8048048   55.8530987   56.46658416  56.94227769
  57.72506083  58.12101911  59.82097832  59.93431856  60.11198946
  61.49957877  65.17857143  65.57490326  66.18574582  66.20785318
  69.12878788  69.55030488  71.37484958  72.66780432  73.41954023
  75.10288066  76.33526384  77.99145299  78.1455863   79.85282418
  80.57395143  81.54602324  82.20720721  83.94209957  84.10138249
  85.23058961  86.67962003  89.35128519  89.92073693  90.17483846
  91.02244389  91.36420526  91.65097301  93.77792672  94.24218952
  96.25527426  96.94555113  97.92085848 100.2099483  100.2747253
 103.2239819  106.0553231  108.127254   109.939759   111.2804878
 111.8651489  112.258348   114.1922639  115.7352358  116.9871795
 120.9753788  122.124634   124.6584699  128.4817876  128.8841808
 137.775842   140.655106   143.7007874  170.9694989 ])
20:12:57  baselineEval.src.cross_validation  INFO     Regression CV: 2 models, 5×10 nested CV (50 total outer folds)
20:13:43  baselineEval.src.cross_validation  INFO       Saved: predictions_per_subject.csv
20:13:43  baselineEval.src.cross_validation  INFO       CV results: 100 rows → /srv/beegfs/scratch/shares/schaerm/schaer2/video_sam2_pose/humanLISBET-paper/baselineEval/results_stats_temporal_maxpool/motor_only_temporal/regression/MSEL_LE_DQ/cv_results.csv
20:13:43  baselineEval.src.cross_validation  INFO     
── Regression summary (MSEL_LE_DQ) ──
model      rmse        r2  spearman_r
lasso 35.138262 -0.132445    0.243243
 lgbm 33.935948 -0.023423    0.213252
20:13:43  ccnEvaluation         INFO     ── Held-out for MSEL_LE_DQ (regression | motor_only_temporal) ──
20:13:43  baselineEval.src.held_out  INFO     Best regression model: lgbm (RMSE=33.9359 ± 4.3212)
20:13:44  baselineEval.src.held_out  INFO     Held-out regression (motor_only_temporal | MSEL_LE_DQ): model=lgbm RMSE=39.376 [31.297, 46.991] R²=-0.108 [-0.883, 0.139] ρ=0.061
20:13:47  baselineEval.src.plotting  INFO       Saved: shap_bar_top20.png and shap_beeswarm_top20.png
20:13:47  baselineEval.src.held_out  INFO     SHAP saved → /srv/beegfs/scratch/shares/schaerm/schaer2/video_sam2_pose/humanLISBET-paper/baselineEval/results_stats_temporal_maxpool/motor_only_temporal/held_out/regression/MSEL_LE_DQ/shap
20:13:47  ccnEvaluation         INFO     ── CV for MSEL_NV_DQ (regression) ──
20:13:47  ccnEvaluation         INFO       X: (100, 144), y: (100,) (classes: [ 21.40432099  44.16747338  48.05160611  48.97137746  49.77272727
  58.71498864  60.1959643   60.90716019  63.02918895  63.79091198
  64.09642401  65.57490326  65.72629052  66.58026114  67.72345918
  67.91030161  70.16720315  71.56862745  72.80585106  73.37984863
  74.11468486  74.27325581  74.37794938  74.47079827  74.91789819
  76.17530756  76.74648129  76.87728938  77.59353741  79.97251931
  81.51480347  81.6976584   81.89102564  81.99943836  82.20720721
  82.35559567  83.73346137  83.90804598  84.15678524  84.60538218
  84.81199831  86.57250071  88.46431518  88.6496114   88.80778589
  88.87987013  91.05626327  91.88613478  92.03227433  92.13004822
  94.43082789  94.90379615  95.05208333  95.96479195  96.20155039
  96.39084507  96.49226641  97.36019132  97.52310803  97.94594067
  98.60764755  98.68968386  98.84549601  98.97788903  99.87039171
 100.2432517  102.1903821  103.1073446  109.0017065  109.0761612
 109.2369828  110.0871314  111.4163614  111.6531427  111.6891065
 114.2017705  115.7352358  116.0376082  116.2030831  116.810994
 116.9871795  119.3828214  119.8555166  121.5842367  122.8722053
 122.9496192  123.2016379  125.1071123  126.1626445  126.7361111
 127.1777003  128.2630522  128.3820346  129.3307087  130.6682578
 135.4820159  137.1387283  139.16122    139.8314361  157.8091521 ])
20:13:47  baselineEval.src.cross_validation  INFO     Regression CV: 2 models, 5×10 nested CV (50 total outer folds)
20:14:33  baselineEval.src.cross_validation  INFO       Saved: predictions_per_subject.csv
20:14:33  baselineEval.src.cross_validation  INFO       CV results: 100 rows → /srv/beegfs/scratch/shares/schaerm/schaer2/video_sam2_pose/humanLISBET-paper/baselineEval/results_stats_temporal_maxpool/motor_only_temporal/regression/MSEL_NV_DQ/cv_results.csv
20:14:33  baselineEval.src.cross_validation  INFO     
── Regression summary (MSEL_NV_DQ) ──
model      rmse        r2  spearman_r
lasso 24.873814 -0.027401   -0.044171
 lgbm 25.351825 -0.077957    0.122406
20:14:33  ccnEvaluation         INFO     ── Held-out for MSEL_NV_DQ (regression | motor_only_temporal) ──
20:14:33  baselineEval.src.held_out  INFO     Best regression model: lasso (RMSE=24.8738 ± 2.6847)
/srv/beegfs/scratch/shares/schaerm/schaer2/video_sam2_pose/humanLISBET-paper/baselineEval/src/held_out.py:422: ConstantInputWarning: An input array is constant; the correlation coefficient is not defined.
  sp_r, _ = spearmanr(y_test, y_pred)
/srv/beegfs/scratch/shares/schaerm/schaer2/video_sam2_pose/humanLISBET-paper/baselineEval/src/held_out.py:423: ConstantInputWarning: An input array is constant; the correlation coefficient is not defined.
  pe_r, _ = pearsonr(y_test, y_pred)
20:14:33  baselineEval.src.held_out  INFO     Held-out regression (motor_only_temporal | MSEL_NV_DQ): model=lasso RMSE=26.245 [21.560, 30.315] R²=-0.020 [-0.485, -0.000] ρ=nan
20:14:37  baselineEval.src.plotting  INFO       Saved: shap_bar_top20.png and shap_beeswarm_top20.png
20:14:37  baselineEval.src.held_out  INFO     SHAP saved → /srv/beegfs/scratch/shares/schaerm/schaer2/video_sam2_pose/humanLISBET-paper/baselineEval/results_stats_temporal_maxpool/motor_only_temporal/held_out/regression/MSEL_NV_DQ/shap
20:14:37  ccnEvaluation         INFO     ── CV for MSEL_V_DQ (regression) ──
20:14:37  ccnEvaluation         INFO       X: (100, 144), y: (100,) (classes: [ 14.64506173  16.81806214  17.70469538  18.29879679  19.42315879
  25.02823491  25.13774105  27.1577381   27.20632081  29.4009959
  30.41666667  30.91723136  31.03741497  33.34524944  35.09615385
  36.40292553  37.2753268   37.99205148  39.16309013  39.59290454
  40.25735294  40.48807543  41.50422352  44.2961165   44.83182162
  47.46155586  48.09864458  48.46611722  48.93286143  50.11618082
  50.44223328  52.19708788  52.70214521  54.2462845   54.2693288
  54.68949248  54.82073643  54.89951357  56.38516993  58.28505645
  59.94525547  62.43158183  63.11758893  63.13929001  63.25823224
  63.6627907   64.59137709  67.89434524  69.06338694  70.46826734
  70.9304984   72.04972258  76.04166667  78.79965458  80.77686203
  81.15118577  83.23831243  85.25467149  85.85349462  85.92278719
  85.99599793  87.22984206  89.35566001  91.36789406  92.32431935
  92.73373984  94.37151949  94.86083166  95.8165773   97.07446809
  98.62059158  99.7831825  101.2242965  101.2355018  102.3816809
 103.6931818  103.8747811  107.1158763  108.0484808  109.063745
 110.7318923  111.4235219  114.0037352  114.2017705  115.3090847
 116.9871795  119.5234869  120.9753788  121.0967994  121.1872446
 122.9686881  124.051024   128.2952548  128.9440573  133.4982788
 135.3182415  135.4820159  141.0506581  142.4132948  159.0413943 ])
20:14:37  baselineEval.src.cross_validation  INFO     Regression CV: 2 models, 5×10 nested CV (50 total outer folds)
20:15:22  baselineEval.src.cross_validation  INFO       Saved: predictions_per_subject.csv
20:15:22  baselineEval.src.cross_validation  INFO       CV results: 100 rows → /srv/beegfs/scratch/shares/schaerm/schaer2/video_sam2_pose/humanLISBET-paper/baselineEval/results_stats_temporal_maxpool/motor_only_temporal/regression/MSEL_V_DQ/cv_results.csv
20:15:22  baselineEval.src.cross_validation  INFO     
── Regression summary (MSEL_V_DQ) ──
model      rmse       r2  spearman_r
lasso 33.372958 0.098302    0.382851
 lgbm 34.974084 0.011785    0.261414
20:15:22  ccnEvaluation         INFO     ── Held-out for MSEL_V_DQ (regression | motor_only_temporal) ──
20:15:22  baselineEval.src.held_out  INFO     Best regression model: lasso (RMSE=33.3730 ± 3.3444)
20:15:23  baselineEval.src.held_out  INFO     Held-out regression (motor_only_temporal | MSEL_V_DQ): model=lasso RMSE=34.177 [25.950, 41.763] R²=0.298 [-0.178, 0.436] ρ=0.833
20:15:26  baselineEval.src.plotting  INFO       Saved: shap_bar_top20.png and shap_beeswarm_top20.png
20:15:26  baselineEval.src.held_out  INFO     SHAP saved → /srv/beegfs/scratch/shares/schaerm/schaer2/video_sam2_pose/humanLISBET-paper/baselineEval/results_stats_temporal_maxpool/motor_only_temporal/held_out/regression/MSEL_V_DQ/shap
20:15:26  ccnEvaluation         INFO     ═══ Representation: full_kinematic_temporal ═══
20:15:26  ccnEvaluation         INFO       Features for full_kinematic_temporal: 159 columns
20:15:26  ccnEvaluation         INFO     ═══ Step 2: Preprocessing report ═══
20:15:26  baselineEval.src.preprocessing  INFO     Feature selection (full dataset): 159 features → 122 kept (0 missingness, 2 near-zero-var, 35 correlated)
20:15:26  baselineEval.src.preprocessing  INFO     Feature selection report → /srv/beegfs/scratch/shares/schaerm/schaer2/video_sam2_pose/humanLISBET-paper/baselineEval/results_stats_temporal_maxpool/full_kinematic_temporal/feature_selection_report.csv
20:15:26  baselineEval.src.preprocessing  INFO     PCA explained-variance data → /srv/beegfs/scratch/shares/schaerm/schaer2/video_sam2_pose/humanLISBET-paper/baselineEval/results_stats_temporal_maxpool/full_kinematic_temporal/pca_explained_variance.csv
20:15:27  baselineEval.src.preprocessing  INFO     PCA explained-variance plot → /srv/beegfs/scratch/shares/schaerm/schaer2/video_sam2_pose/humanLISBET-paper/baselineEval/results_stats_temporal_maxpool/full_kinematic_temporal/pca_explained_variance.png
20:15:27  ccnEvaluation         INFO     ── CV for diagnosis (classification) ──
20:15:27  ccnEvaluation         INFO       X: (102, 159), y: (102,) (classes: [0 1])
20:15:27  baselineEval.src.cross_validation  INFO     Classification CV: 2 models, 5×10 nested CV (50 total outer folds)
20:16:33  baselineEval.src.cross_validation  INFO       Saved: predictions_per_subject.csv
20:16:33  baselineEval.src.cross_validation  INFO       CV results: 100 rows → /srv/beegfs/scratch/shares/schaerm/schaer2/video_sam2_pose/humanLISBET-paper/baselineEval/results_stats_temporal_maxpool/full_kinematic_temporal/classification/diagnosis/cv_results.csv
20:16:33  baselineEval.src.cross_validation  INFO     
── Classification AUC-ROC summary (diagnosis) ──
model  auc_roc_mean  auc_roc_std
lasso      0.660610     0.110280
 lgbm      0.576319     0.132148
20:16:33  ccnEvaluation         INFO     ── Held-out for diagnosis (classification | full_kinematic_temporal) ──
20:16:33  baselineEval.src.held_out  INFO     Best classification model: lasso (AUC=0.6606 ± 0.1103)
20:16:33  baselineEval.src.held_out  INFO     Held-out classification (full_kinematic_temporal | diagnosis): model=lasso AUC=0.671 BAcc=0.536 Acc=0.529 [0.278, 0.770]
20:16:36  baselineEval.src.plotting  INFO       Saved: shap_bar_top20.png and shap_beeswarm_top20.png
20:16:36  baselineEval.src.held_out  INFO     SHAP saved → /srv/beegfs/scratch/shares/schaerm/schaer2/video_sam2_pose/humanLISBET-paper/baselineEval/results_stats_temporal_maxpool/full_kinematic_temporal/held_out/classification/diagnosis/shap
20:16:36  ccnEvaluation         INFO     ── CV for ADOS_2_ADOS_G_revised_RRB_level_of_symptoms (classification) ──
20:16:36  ccnEvaluation         INFO       X: (102, 159), y: (102,) (classes: [0 1 2])
20:16:36  baselineEval.src.cross_validation  INFO     Classification CV: 2 models, 5×10 nested CV (50 total outer folds)
20:18:32  baselineEval.src.cross_validation  INFO       Saved: predictions_per_subject.csv
20:18:32  baselineEval.src.cross_validation  INFO       CV results: 100 rows → /srv/beegfs/scratch/shares/schaerm/schaer2/video_sam2_pose/humanLISBET-paper/baselineEval/results_stats_temporal_maxpool/full_kinematic_temporal/classification/ADOS_2_ADOS_G_revised_RRB_level_of_symptoms/cv_results.csv
20:18:32  baselineEval.src.cross_validation  INFO     
── Classification F1-macro summary (ADOS_2_ADOS_G_revised_RRB_level_of_symptoms) ──
model  f1_macro_mean  f1_macro_std
lasso       0.379576      0.103268
 lgbm       0.393724      0.117076
20:18:32  ccnEvaluation         INFO     ── Held-out for ADOS_2_ADOS_G_revised_RRB_level_of_symptoms (classification | full_kinematic_temporal) ──
20:18:32  baselineEval.src.held_out  INFO     Best classification model: lgbm (F1-macro=0.3937 ± 0.1171)
20:18:33  baselineEval.src.held_out  INFO     Held-out classification (full_kinematic_temporal | ADOS_2_ADOS_G_revised_RRB_level_of_symptoms): model=lgbm F1-macro=0.328 BAcc=0.378 Acc=0.529 [0.278, 0.770]
20:18:36  baselineEval.src.plotting  INFO       Saved: shap_bar_top20.png and shap_beeswarm_top20.png
20:18:36  baselineEval.src.held_out  INFO     SHAP saved → /srv/beegfs/scratch/shares/schaerm/schaer2/video_sam2_pose/humanLISBET-paper/baselineEval/results_stats_temporal_maxpool/full_kinematic_temporal/held_out/classification/ADOS_2_ADOS_G_revised_RRB_level_of_symptoms/shap
20:18:36  ccnEvaluation         INFO     ── CV for ADOS_2_ADOS_G_REVISED_SA_LEVEL_OF_SYMPTOMS (classification) ──
20:18:36  ccnEvaluation         INFO       X: (102, 159), y: (102,) (classes: [0 1 2 3])
20:18:36  baselineEval.src.cross_validation  INFO     Classification CV: 2 models, 5×10 nested CV (50 total outer folds)
20:20:54  baselineEval.src.cross_validation  INFO       Saved: predictions_per_subject.csv
20:20:54  baselineEval.src.cross_validation  INFO       CV results: 100 rows → /srv/beegfs/scratch/shares/schaerm/schaer2/video_sam2_pose/humanLISBET-paper/baselineEval/results_stats_temporal_maxpool/full_kinematic_temporal/classification/ADOS_2_ADOS_G_REVISED_SA_LEVEL_OF_SYMPTOMS/cv_results.csv
20:20:54  baselineEval.src.cross_validation  INFO     
── Classification F1-macro summary (ADOS_2_ADOS_G_REVISED_SA_LEVEL_OF_SYMPTOMS) ──
model  f1_macro_mean  f1_macro_std
lasso       0.352194      0.103670
 lgbm       0.276948      0.109075
20:20:54  ccnEvaluation         INFO     ── Held-out for ADOS_2_ADOS_G_REVISED_SA_LEVEL_OF_SYMPTOMS (classification | full_kinematic_temporal) ──
20:20:54  baselineEval.src.held_out  INFO     Best classification model: lasso (F1-macro=0.3522 ± 0.1037)
20:20:55  baselineEval.src.held_out  INFO     Held-out classification (full_kinematic_temporal | ADOS_2_ADOS_G_REVISED_SA_LEVEL_OF_SYMPTOMS): model=lasso F1-macro=0.233 BAcc=0.253 Acc=0.294 [0.103, 0.560]
20:20:58  baselineEval.src.plotting  INFO       Saved: shap_bar_top20.png and shap_beeswarm_top20.png
20:20:58  baselineEval.src.held_out  INFO     SHAP saved → /srv/beegfs/scratch/shares/schaerm/schaer2/video_sam2_pose/humanLISBET-paper/baselineEval/results_stats_temporal_maxpool/full_kinematic_temporal/held_out/classification/ADOS_2_ADOS_G_REVISED_SA_LEVEL_OF_SYMPTOMS/shap
20:20:58  ccnEvaluation         INFO     ── CV for ADOS_G_ADOS_2_TOTAL_score_de_severite (regression) ──
20:20:58  ccnEvaluation         INFO       X: (102, 159), y: (102,) (classes: [ 1.  2.  3.  4.  5.  6.  7.  8.  9. 10.])
20:20:58  baselineEval.src.cross_validation  INFO     Regression CV: 2 models, 5×10 nested CV (50 total outer folds)
20:21:46  baselineEval.src.cross_validation  INFO       Saved: predictions_per_subject.csv
20:21:46  baselineEval.src.cross_validation  INFO       CV results: 100 rows → /srv/beegfs/scratch/shares/schaerm/schaer2/video_sam2_pose/humanLISBET-paper/baselineEval/results_stats_temporal_maxpool/full_kinematic_temporal/regression/ADOS_G_ADOS_2_TOTAL_score_de_severite/cv_results.csv
20:21:46  baselineEval.src.cross_validation  INFO     
── Regression summary (ADOS_G_ADOS_2_TOTAL_score_de_severite) ──
model     rmse      r2  spearman_r
lasso 3.257345 0.04045    0.385853
 lgbm 3.227813 0.06109    0.325947
20:21:46  ccnEvaluation         INFO     ── Held-out for ADOS_G_ADOS_2_TOTAL_score_de_severite (regression | full_kinematic_temporal) ──
20:21:46  baselineEval.src.held_out  INFO     Best regression model: lgbm (RMSE=3.2278 ± 0.2803)
20:21:47  baselineEval.src.held_out  INFO     Held-out regression (full_kinematic_temporal | ADOS_G_ADOS_2_TOTAL_score_de_severite): model=lgbm RMSE=3.635 [2.814, 4.364] R²=-0.075 [-0.761, 0.234] ρ=0.064
20:21:51  baselineEval.src.plotting  INFO       Saved: shap_bar_top20.png and shap_beeswarm_top20.png
20:21:51  baselineEval.src.held_out  INFO     SHAP saved → /srv/beegfs/scratch/shares/schaerm/schaer2/video_sam2_pose/humanLISBET-paper/baselineEval/results_stats_temporal_maxpool/full_kinematic_temporal/held_out/regression/ADOS_G_ADOS_2_TOTAL_score_de_severite/shap
20:21:51  ccnEvaluation         INFO     ── CV for ADOS_2_ADOS_G_REVISED_SA_SEVERITY_SCORE (regression) ──
20:21:51  ccnEvaluation         INFO       X: (102, 159), y: (102,) (classes: [ 1.  2.  3.  4.  5.  6.  7.  9. 10.])
20:21:51  baselineEval.src.cross_validation  INFO     Regression CV: 2 models, 5×10 nested CV (50 total outer folds)
20:22:39  baselineEval.src.cross_validation  INFO       Saved: predictions_per_subject.csv
20:22:39  baselineEval.src.cross_validation  INFO       CV results: 100 rows → /srv/beegfs/scratch/shares/schaerm/schaer2/video_sam2_pose/humanLISBET-paper/baselineEval/results_stats_temporal_maxpool/full_kinematic_temporal/regression/ADOS_2_ADOS_G_REVISED_SA_SEVERITY_SCORE/cv_results.csv
20:22:39  baselineEval.src.cross_validation  INFO     
── Regression summary (ADOS_2_ADOS_G_REVISED_SA_SEVERITY_SCORE) ──
model     rmse        r2  spearman_r
lasso 3.185884 -0.097527    0.271819
 lgbm 2.985361  0.045650    0.320726
20:22:39  ccnEvaluation         INFO     ── Held-out for ADOS_2_ADOS_G_REVISED_SA_SEVERITY_SCORE (regression | full_kinematic_temporal) ──
20:22:39  baselineEval.src.held_out  INFO     Best regression model: lgbm (RMSE=2.9854 ± 0.2526)
20:22:40  baselineEval.src.held_out  INFO     Held-out regression (full_kinematic_temporal | ADOS_2_ADOS_G_REVISED_SA_SEVERITY_SCORE): model=lgbm RMSE=3.149 [2.284, 3.874] R²=-0.204 [-1.383, 0.201] ρ=0.038
20:22:43  baselineEval.src.plotting  INFO       Saved: shap_bar_top20.png and shap_beeswarm_top20.png
20:22:43  baselineEval.src.held_out  INFO     SHAP saved → /srv/beegfs/scratch/shares/schaerm/schaer2/video_sam2_pose/humanLISBET-paper/baselineEval/results_stats_temporal_maxpool/full_kinematic_temporal/held_out/regression/ADOS_2_ADOS_G_REVISED_SA_SEVERITY_SCORE/shap
20:22:43  ccnEvaluation         INFO     ── CV for ADOS_2_ADOS_G_REVISED_RRB_SEVERITY_SCORE_new (regression) ──
20:22:43  ccnEvaluation         INFO       X: (102, 159), y: (102,) (classes: [ 1.  5.  6.  7.  8.  9. 10.])
20:22:43  baselineEval.src.cross_validation  INFO     Regression CV: 2 models, 5×10 nested CV (50 total outer folds)
20:23:31  baselineEval.src.cross_validation  INFO       Saved: predictions_per_subject.csv
20:23:31  baselineEval.src.cross_validation  INFO       CV results: 100 rows → /srv/beegfs/scratch/shares/schaerm/schaer2/video_sam2_pose/humanLISBET-paper/baselineEval/results_stats_temporal_maxpool/full_kinematic_temporal/regression/ADOS_2_ADOS_G_REVISED_RRB_SEVERITY_SCORE_new/cv_results.csv
20:23:31  baselineEval.src.cross_validation  INFO     
── Regression summary (ADOS_2_ADOS_G_REVISED_RRB_SEVERITY_SCORE_new) ──
model     rmse        r2  spearman_r
lasso 3.102805  0.029146    0.314035
 lgbm 3.336150 -0.130481    0.088251
20:23:31  ccnEvaluation         INFO     ── Held-out for ADOS_2_ADOS_G_REVISED_RRB_SEVERITY_SCORE_new (regression | full_kinematic_temporal) ──
20:23:31  baselineEval.src.held_out  INFO     Best regression model: lasso (RMSE=3.1028 ± 0.4027)
20:23:32  baselineEval.src.held_out  INFO     Held-out regression (full_kinematic_temporal | ADOS_2_ADOS_G_REVISED_RRB_SEVERITY_SCORE_new): model=lasso RMSE=3.504 [2.667, 4.268] R²=0.134 [-0.206, 0.217] ρ=0.509
20:23:36  baselineEval.src.plotting  INFO       Saved: shap_bar_top20.png and shap_beeswarm_top20.png
20:23:36  baselineEval.src.held_out  INFO     SHAP saved → /srv/beegfs/scratch/shares/schaerm/schaer2/video_sam2_pose/humanLISBET-paper/baselineEval/results_stats_temporal_maxpool/full_kinematic_temporal/held_out/regression/ADOS_2_ADOS_G_REVISED_RRB_SEVERITY_SCORE_new/shap
20:23:36  ccnEvaluation         INFO     ── CV for VLDII_AdSS (regression) ──
20:23:36  ccnEvaluation         INFO       X: (95, 159), y: (95,) (classes: [ 51.  63.  64.  65.  66.  68.  69.  70.  71.  72.  73.  74.  75.  76.
  77.  78.  79.  80.  81.  83.  84.  85.  86.  87.  88.  89.  90.  91.
  92.  93.  94.  95.  96.  97.  99. 100. 102. 103. 104. 105. 107. 108.
 109. 110. 113. 115. 117.])
20:23:36  baselineEval.src.cross_validation  INFO     Regression CV: 2 models, 5×10 nested CV (50 total outer folds)
20:24:22  baselineEval.src.cross_validation  INFO       Saved: predictions_per_subject.csv
20:24:22  baselineEval.src.cross_validation  INFO       CV results: 100 rows → /srv/beegfs/scratch/shares/schaerm/schaer2/video_sam2_pose/humanLISBET-paper/baselineEval/results_stats_temporal_maxpool/full_kinematic_temporal/regression/VLDII_AdSS/cv_results.csv
20:24:22  baselineEval.src.cross_validation  INFO     
── Regression summary (VLDII_AdSS) ──
model      rmse       r2  spearman_r
lasso 13.894192 0.091858    0.347284
 lgbm 14.055260 0.070035    0.360453
20:24:22  ccnEvaluation         INFO     ── Held-out for VLDII_AdSS (regression | full_kinematic_temporal) ──
20:24:22  baselineEval.src.held_out  INFO     Best regression model: lasso (RMSE=13.8942 ± 1.3463)
20:24:23  baselineEval.src.held_out  INFO     Held-out regression (full_kinematic_temporal | VLDII_AdSS): model=lasso RMSE=14.616 [11.233, 17.654] R²=0.147 [-0.289, 0.262] ρ=0.541
20:24:27  baselineEval.src.plotting  INFO       Saved: shap_bar_top20.png and shap_beeswarm_top20.png
20:24:27  baselineEval.src.held_out  INFO     SHAP saved → /srv/beegfs/scratch/shares/schaerm/schaer2/video_sam2_pose/humanLISBET-paper/baselineEval/results_stats_temporal_maxpool/full_kinematic_temporal/held_out/regression/VLDII_AdSS/shap
20:24:27  ccnEvaluation         INFO     ── CV for VLDII_MotorSS (regression) ──
20:24:27  ccnEvaluation         INFO       X: (95, 159), y: (95,) (classes: [ 56.  67.  69.  70.  72.  75.  79.  81.  82.  84.  85.  88.  90.  93.
  94.  95.  96.  97. 100. 102. 104. 105. 106. 108. 111. 114. 121. 131.])
20:24:27  baselineEval.src.cross_validation  INFO     Regression CV: 2 models, 5×10 nested CV (50 total outer folds)
20:25:14  baselineEval.src.cross_validation  INFO       Saved: predictions_per_subject.csv
20:25:14  baselineEval.src.cross_validation  INFO       CV results: 100 rows → /srv/beegfs/scratch/shares/schaerm/schaer2/video_sam2_pose/humanLISBET-paper/baselineEval/results_stats_temporal_maxpool/full_kinematic_temporal/regression/VLDII_MotorSS/cv_results.csv
20:25:14  baselineEval.src.cross_validation  INFO     
── Regression summary (VLDII_MotorSS) ──
model      rmse        r2  spearman_r
lasso 12.582340 -0.049765    0.054083
 lgbm 12.406493 -0.025347    0.174658
20:25:14  ccnEvaluation         INFO     ── Held-out for VLDII_MotorSS (regression | full_kinematic_temporal) ──
20:25:14  baselineEval.src.held_out  INFO     Best regression model: lgbm (RMSE=12.4065 ± 1.6147)
20:25:15  baselineEval.src.held_out  INFO     Held-out regression (full_kinematic_temporal | VLDII_MotorSS): model=lgbm RMSE=13.217 [9.230, 17.034] R²=-0.090 [-0.843, 0.151] ρ=0.166
20:25:18  baselineEval.src.plotting  INFO       Saved: shap_bar_top20.png and shap_beeswarm_top20.png
20:25:18  baselineEval.src.held_out  INFO     SHAP saved → /srv/beegfs/scratch/shares/schaerm/schaer2/video_sam2_pose/humanLISBET-paper/baselineEval/results_stats_temporal_maxpool/full_kinematic_temporal/held_out/regression/VLDII_MotorSS/shap
20:25:18  ccnEvaluation         INFO     ── CV for VLDII_gmsVS (regression) ──
20:25:18  ccnEvaluation         INFO       X: (95, 159), y: (95,) (classes: [ 8.  9. 10. 11. 12. 13. 14. 15. 16. 17. 18. 22.])
20:25:18  baselineEval.src.cross_validation  INFO     Regression CV: 2 models, 5×10 nested CV (50 total outer folds)
20:26:04  baselineEval.src.cross_validation  INFO       Saved: predictions_per_subject.csv
20:26:04  baselineEval.src.cross_validation  INFO       CV results: 100 rows → /srv/beegfs/scratch/shares/schaerm/schaer2/video_sam2_pose/humanLISBET-paper/baselineEval/results_stats_temporal_maxpool/full_kinematic_temporal/regression/VLDII_gmsVS/cv_results.csv
20:26:04  baselineEval.src.cross_validation  INFO     
── Regression summary (VLDII_gmsVS) ──
model     rmse        r2  spearman_r
lasso 2.142400 -0.040544    0.067486
 lgbm 2.163339 -0.060301    0.115347
20:26:04  ccnEvaluation         INFO     ── Held-out for VLDII_gmsVS (regression | full_kinematic_temporal) ──
20:26:04  baselineEval.src.held_out  INFO     Best regression model: lasso (RMSE=2.1424 ± 0.3510)
20:26:05  baselineEval.src.held_out  INFO     Held-out regression (full_kinematic_temporal | VLDII_gmsVS): model=lasso RMSE=1.901 [1.306, 2.424] R²=-0.022 [-0.558, 0.011] ρ=0.098
20:26:08  baselineEval.src.plotting  INFO       Saved: shap_bar_top20.png and shap_beeswarm_top20.png
20:26:08  baselineEval.src.held_out  INFO     SHAP saved → /srv/beegfs/scratch/shares/schaerm/schaer2/video_sam2_pose/humanLISBET-paper/baselineEval/results_stats_temporal_maxpool/full_kinematic_temporal/held_out/regression/VLDII_gmsVS/shap
20:26:08  ccnEvaluation         INFO     ── CV for VLDII_fmsVS (regression) ──
20:26:08  ccnEvaluation         INFO       X: (95, 159), y: (95,) (classes: [ 7.  8.  9. 10. 11. 12. 13. 14. 15. 16. 17. 18.])
20:26:08  baselineEval.src.cross_validation  INFO     Regression CV: 2 models, 5×10 nested CV (50 total outer folds)
20:26:54  baselineEval.src.cross_validation  INFO       Saved: predictions_per_subject.csv
20:26:54  baselineEval.src.cross_validation  INFO       CV results: 100 rows → /srv/beegfs/scratch/shares/schaerm/schaer2/video_sam2_pose/humanLISBET-paper/baselineEval/results_stats_temporal_maxpool/full_kinematic_temporal/regression/VLDII_fmsVS/cv_results.csv
20:26:54  baselineEval.src.cross_validation  INFO     
── Regression summary (VLDII_fmsVS) ──
model     rmse        r2  spearman_r
lasso 2.493960 -0.047626    0.065533
 lgbm 2.372949  0.049509    0.268741
20:26:54  ccnEvaluation         INFO     ── Held-out for VLDII_fmsVS (regression | full_kinematic_temporal) ──
20:26:54  baselineEval.src.held_out  INFO     Best regression model: lgbm (RMSE=2.3729 ± 0.3117)
20:26:55  baselineEval.src.held_out  INFO     Held-out regression (full_kinematic_temporal | VLDII_fmsVS): model=lgbm RMSE=2.534 [1.591, 3.340] R²=-0.045 [-0.549, 0.199] ρ=0.306
20:26:59  baselineEval.src.plotting  INFO       Saved: shap_bar_top20.png and shap_beeswarm_top20.png
20:26:59  baselineEval.src.held_out  INFO     SHAP saved → /srv/beegfs/scratch/shares/schaerm/schaer2/video_sam2_pose/humanLISBET-paper/baselineEval/results_stats_temporal_maxpool/full_kinematic_temporal/held_out/regression/VLDII_fmsVS/shap
20:26:59  ccnEvaluation         INFO     ── CV for VLDII_SocSS (regression) ──
20:26:59  ccnEvaluation         INFO       X: (95, 159), y: (95,) (classes: [ 59.  65.  66.  68.  70.  72.  74.  75.  76.  78.  79.  80.  81.  82.
  84.  86.  88.  89.  90.  91.  92.  94.  95.  96.  98. 100. 101. 102.
 105. 109. 111. 112. 114.])
20:26:59  baselineEval.src.cross_validation  INFO     Regression CV: 2 models, 5×10 nested CV (50 total outer folds)
20:27:46  baselineEval.src.cross_validation  INFO       Saved: predictions_per_subject.csv
20:27:46  baselineEval.src.cross_validation  INFO       CV results: 100 rows → /srv/beegfs/scratch/shares/schaerm/schaer2/video_sam2_pose/humanLISBET-paper/baselineEval/results_stats_temporal_maxpool/full_kinematic_temporal/regression/VLDII_SocSS/cv_results.csv
20:27:46  baselineEval.src.cross_validation  INFO     
── Regression summary (VLDII_SocSS) ──
model      rmse       r2  spearman_r
lasso 11.500662 0.096876    0.355103
 lgbm 11.422386 0.098841    0.378134
20:27:46  ccnEvaluation         INFO     ── Held-out for VLDII_SocSS (regression | full_kinematic_temporal) ──
20:27:46  baselineEval.src.held_out  INFO     Best regression model: lgbm (RMSE=11.4224 ± 1.4187)
20:27:46  baselineEval.src.held_out  INFO     Held-out regression (full_kinematic_temporal | VLDII_SocSS): model=lgbm RMSE=11.633 [8.675, 14.146] R²=0.110 [-0.276, 0.260] ρ=0.458
20:27:50  baselineEval.src.plotting  INFO       Saved: shap_bar_top20.png and shap_beeswarm_top20.png
20:27:50  baselineEval.src.held_out  INFO     SHAP saved → /srv/beegfs/scratch/shares/schaerm/schaer2/video_sam2_pose/humanLISBET-paper/baselineEval/results_stats_temporal_maxpool/full_kinematic_temporal/held_out/regression/VLDII_SocSS/shap
20:27:50  ccnEvaluation         INFO     ── CV for VLDII_intVS (regression) ──
20:27:50  ccnEvaluation         INFO       X: (95, 159), y: (95,) (classes: [ 6.  8.  9. 10. 11. 12. 13. 14. 15. 16. 17. 18. 19. 20.])
20:27:50  baselineEval.src.cross_validation  INFO     Regression CV: 2 models, 5×10 nested CV (50 total outer folds)
20:28:36  baselineEval.src.cross_validation  INFO       Saved: predictions_per_subject.csv
20:28:36  baselineEval.src.cross_validation  INFO       CV results: 100 rows → /srv/beegfs/scratch/shares/schaerm/schaer2/video_sam2_pose/humanLISBET-paper/baselineEval/results_stats_temporal_maxpool/full_kinematic_temporal/regression/VLDII_intVS/cv_results.csv
20:28:36  baselineEval.src.cross_validation  INFO     
── Regression summary (VLDII_intVS) ──
model     rmse      r2  spearman_r
lasso 2.629582 0.03987    0.312019
 lgbm 2.612322 0.04543    0.318227
20:28:36  ccnEvaluation         INFO     ── Held-out for VLDII_intVS (regression | full_kinematic_temporal) ──
20:28:36  baselineEval.src.held_out  INFO     Best regression model: lgbm (RMSE=2.6123 ± 0.3189)
20:28:37  baselineEval.src.held_out  INFO     Held-out regression (full_kinematic_temporal | VLDII_intVS): model=lgbm RMSE=2.806 [2.240, 3.332] R²=0.122 [-0.279, 0.271] ρ=0.407
20:28:41  baselineEval.src.plotting  INFO       Saved: shap_bar_top20.png and shap_beeswarm_top20.png
20:28:41  baselineEval.src.held_out  INFO     SHAP saved → /srv/beegfs/scratch/shares/schaerm/schaer2/video_sam2_pose/humanLISBET-paper/baselineEval/results_stats_temporal_maxpool/full_kinematic_temporal/held_out/regression/VLDII_intVS/shap
20:28:41  ccnEvaluation         INFO     ── CV for VLDII_plaVS (regression) ──
20:28:41  ccnEvaluation         INFO       X: (95, 159), y: (95,) (classes: [ 7.  8.  9. 10. 11. 12. 13. 14. 15. 16. 17. 18. 19.])
20:28:41  baselineEval.src.cross_validation  INFO     Regression CV: 2 models, 5×10 nested CV (50 total outer folds)
20:29:27  baselineEval.src.cross_validation  INFO       Saved: predictions_per_subject.csv
20:29:27  baselineEval.src.cross_validation  INFO       CV results: 100 rows → /srv/beegfs/scratch/shares/schaerm/schaer2/video_sam2_pose/humanLISBET-paper/baselineEval/results_stats_temporal_maxpool/full_kinematic_temporal/regression/VLDII_plaVS/cv_results.csv
20:29:27  baselineEval.src.cross_validation  INFO     
── Regression summary (VLDII_plaVS) ──
model     rmse       r2  spearman_r
lasso 2.390313 0.118337    0.384162
 lgbm 2.444765 0.073870    0.307275
20:29:27  ccnEvaluation         INFO     ── Held-out for VLDII_plaVS (regression | full_kinematic_temporal) ──
20:29:27  baselineEval.src.held_out  INFO     Best regression model: lasso (RMSE=2.3903 ± 0.2959)
20:29:28  baselineEval.src.held_out  INFO     Held-out regression (full_kinematic_temporal | VLDII_plaVS): model=lasso RMSE=2.181 [1.441, 2.898] R²=0.257 [-0.184, 0.487] ρ=0.556
20:29:31  baselineEval.src.plotting  INFO       Saved: shap_bar_top20.png and shap_beeswarm_top20.png
20:29:31  baselineEval.src.held_out  INFO     SHAP saved → /srv/beegfs/scratch/shares/schaerm/schaer2/video_sam2_pose/humanLISBET-paper/baselineEval/results_stats_temporal_maxpool/full_kinematic_temporal/held_out/regression/VLDII_plaVS/shap
20:29:31  ccnEvaluation         INFO     ── CV for VLDII_copVS (regression) ──
20:29:31  ccnEvaluation         INFO       X: (95, 159), y: (95,) (classes: [ 9. 10. 11. 12. 13. 14. 15. 16. 17.])
20:29:31  baselineEval.src.cross_validation  INFO     Regression CV: 2 models, 5×10 nested CV (50 total outer folds)
20:30:17  baselineEval.src.cross_validation  INFO       Saved: predictions_per_subject.csv
20:30:17  baselineEval.src.cross_validation  INFO       CV results: 100 rows → /srv/beegfs/scratch/shares/schaerm/schaer2/video_sam2_pose/humanLISBET-paper/baselineEval/results_stats_temporal_maxpool/full_kinematic_temporal/regression/VLDII_copVS/cv_results.csv
20:30:17  baselineEval.src.cross_validation  INFO     
── Regression summary (VLDII_copVS) ──
model     rmse        r2  spearman_r
lasso 2.051725 -0.008694    0.215177
 lgbm 1.989817  0.047640    0.315562
20:30:17  ccnEvaluation         INFO     ── Held-out for VLDII_copVS (regression | full_kinematic_temporal) ──
20:30:17  baselineEval.src.held_out  INFO     Best regression model: lgbm (RMSE=1.9898 ± 0.2215)
20:30:18  baselineEval.src.held_out  INFO     Held-out regression (full_kinematic_temporal | VLDII_copVS): model=lgbm RMSE=1.759 [1.287, 2.197] R²=-0.118 [-0.795, 0.106] ρ=0.145
20:30:21  baselineEval.src.plotting  INFO       Saved: shap_bar_top20.png and shap_beeswarm_top20.png
20:30:21  baselineEval.src.held_out  INFO     SHAP saved → /srv/beegfs/scratch/shares/schaerm/schaer2/video_sam2_pose/humanLISBET-paper/baselineEval/results_stats_temporal_maxpool/full_kinematic_temporal/held_out/regression/VLDII_copVS/shap
20:30:21  ccnEvaluation         INFO     ── CV for VLDII_DaiSS (regression) ──
20:30:21  ccnEvaluation         INFO       X: (95, 159), y: (95,) (classes: [ 53.  62.  65.  67.  69.  71.  73.  75.  77.  78.  80.  81.  82.  83.
  86.  87.  89.  91.  93.  95.  96.  98. 100. 101. 102. 103. 104. 105.
 107. 109. 111. 113. 115. 118. 121.])
20:30:21  baselineEval.src.cross_validation  INFO     Regression CV: 2 models, 5×10 nested CV (50 total outer folds)
20:31:08  baselineEval.src.cross_validation  INFO       Saved: predictions_per_subject.csv
20:31:08  baselineEval.src.cross_validation  INFO       CV results: 100 rows → /srv/beegfs/scratch/shares/schaerm/schaer2/video_sam2_pose/humanLISBET-paper/baselineEval/results_stats_temporal_maxpool/full_kinematic_temporal/regression/VLDII_DaiSS/cv_results.csv
20:31:08  baselineEval.src.cross_validation  INFO     
── Regression summary (VLDII_DaiSS) ──
model      rmse       r2  spearman_r
lasso 13.230017 0.054686    0.302223
 lgbm 12.860663 0.099839    0.354018
20:31:08  ccnEvaluation         INFO     ── Held-out for VLDII_DaiSS (regression | full_kinematic_temporal) ──
20:31:08  baselineEval.src.held_out  INFO     Best regression model: lgbm (RMSE=12.8607 ± 1.3779)
20:31:09  baselineEval.src.held_out  INFO     Held-out regression (full_kinematic_temporal | VLDII_DaiSS): model=lgbm RMSE=16.643 [10.963, 21.375] R²=-0.317 [-1.231, 0.093] ρ=-0.028
20:31:13  baselineEval.src.plotting  INFO       Saved: shap_bar_top20.png and shap_beeswarm_top20.png
20:31:13  baselineEval.src.held_out  INFO     SHAP saved → /srv/beegfs/scratch/shares/schaerm/schaer2/video_sam2_pose/humanLISBET-paper/baselineEval/results_stats_temporal_maxpool/full_kinematic_temporal/held_out/regression/VLDII_DaiSS/shap
20:31:13  ccnEvaluation         INFO     ── CV for VLDII_perVS (regression) ──
20:31:13  ccnEvaluation         INFO       X: (95, 159), y: (95,) (classes: [ 7.  8.  9. 10. 11. 12. 13. 14. 15. 16. 17. 18.])
20:31:13  baselineEval.src.cross_validation  INFO     Regression CV: 2 models, 5×10 nested CV (50 total outer folds)
20:31:59  baselineEval.src.cross_validation  INFO       Saved: predictions_per_subject.csv
20:31:59  baselineEval.src.cross_validation  INFO       CV results: 100 rows → /srv/beegfs/scratch/shares/schaerm/schaer2/video_sam2_pose/humanLISBET-paper/baselineEval/results_stats_temporal_maxpool/full_kinematic_temporal/regression/VLDII_perVS/cv_results.csv
20:31:59  baselineEval.src.cross_validation  INFO     
── Regression summary (VLDII_perVS) ──
model     rmse        r2  spearman_r
lasso 2.624268  0.048230    0.234606
 lgbm 2.712613 -0.023958    0.218246
20:31:59  ccnEvaluation         INFO     ── Held-out for VLDII_perVS (regression | full_kinematic_temporal) ──
20:31:59  baselineEval.src.held_out  INFO     Best regression model: lasso (RMSE=2.6243 ± 0.2756)
20:31:59  baselineEval.src.held_out  INFO     Held-out regression (full_kinematic_temporal | VLDII_perVS): model=lasso RMSE=2.199 [1.682, 2.699] R²=0.163 [-0.229, 0.330] ρ=0.452
20:32:03  baselineEval.src.plotting  INFO       Saved: shap_bar_top20.png and shap_beeswarm_top20.png
20:32:03  baselineEval.src.held_out  INFO     SHAP saved → /srv/beegfs/scratch/shares/schaerm/schaer2/video_sam2_pose/humanLISBET-paper/baselineEval/results_stats_temporal_maxpool/full_kinematic_temporal/held_out/regression/VLDII_perVS/shap
20:32:03  ccnEvaluation         INFO     ── CV for VLDII_comVS (regression) ──
20:32:03  ccnEvaluation         INFO       X: (95, 159), y: (95,) (classes: [ 7. 10. 11. 12. 13. 14. 15. 16. 17. 18. 20.])
20:32:03  baselineEval.src.cross_validation  INFO     Regression CV: 2 models, 5×10 nested CV (50 total outer folds)
20:32:49  baselineEval.src.cross_validation  INFO       Saved: predictions_per_subject.csv
20:32:49  baselineEval.src.cross_validation  INFO       CV results: 100 rows → /srv/beegfs/scratch/shares/schaerm/schaer2/video_sam2_pose/humanLISBET-paper/baselineEval/results_stats_temporal_maxpool/full_kinematic_temporal/regression/VLDII_comVS/cv_results.csv
20:32:49  baselineEval.src.cross_validation  INFO     
── Regression summary (VLDII_comVS) ──
model     rmse        r2  spearman_r
lasso 2.281935 -0.022038    0.223698
 lgbm 2.191097  0.050256    0.314212
20:32:49  ccnEvaluation         INFO     ── Held-out for VLDII_comVS (regression | full_kinematic_temporal) ──
20:32:49  baselineEval.src.held_out  INFO     Best regression model: lgbm (RMSE=2.1911 ± 0.2192)
20:32:49  baselineEval.src.held_out  INFO     Held-out regression (full_kinematic_temporal | VLDII_comVS): model=lgbm RMSE=2.779 [1.934, 3.567] R²=0.077 [-0.372, 0.197] ρ=0.365
20:32:53  baselineEval.src.plotting  INFO       Saved: shap_bar_top20.png and shap_beeswarm_top20.png
20:32:53  baselineEval.src.held_out  INFO     SHAP saved → /srv/beegfs/scratch/shares/schaerm/schaer2/video_sam2_pose/humanLISBET-paper/baselineEval/results_stats_temporal_maxpool/full_kinematic_temporal/held_out/regression/VLDII_comVS/shap
20:32:53  ccnEvaluation         INFO     ── CV for VLDII_domVS (regression) ──
20:32:53  ccnEvaluation         INFO       X: (95, 159), y: (95,) (classes: [ 9. 10. 11. 12. 13. 14. 15. 16. 17. 18. 19. 20. 22.])
20:32:53  baselineEval.src.cross_validation  INFO     Regression CV: 2 models, 5×10 nested CV (50 total outer folds)
20:33:39  baselineEval.src.cross_validation  INFO       Saved: predictions_per_subject.csv
20:33:39  baselineEval.src.cross_validation  INFO       CV results: 100 rows → /srv/beegfs/scratch/shares/schaerm/schaer2/video_sam2_pose/humanLISBET-paper/baselineEval/results_stats_temporal_maxpool/full_kinematic_temporal/regression/VLDII_domVS/cv_results.csv
20:33:39  baselineEval.src.cross_validation  INFO     
── Regression summary (VLDII_domVS) ──
model     rmse       r2  spearman_r
lasso 2.655217 0.072758    0.261799
 lgbm 2.720261 0.023355    0.256155
20:33:39  ccnEvaluation         INFO     ── Held-out for VLDII_domVS (regression | full_kinematic_temporal) ──
20:33:39  baselineEval.src.held_out  INFO     Best regression model: lasso (RMSE=2.6552 ± 0.2038)
20:33:40  baselineEval.src.held_out  INFO     Held-out regression (full_kinematic_temporal | VLDII_domVS): model=lasso RMSE=2.792 [1.848, 3.659] R²=0.116 [-0.582, 0.308] ρ=0.455
20:33:43  baselineEval.src.plotting  INFO       Saved: shap_bar_top20.png and shap_beeswarm_top20.png
20:33:43  baselineEval.src.held_out  INFO     SHAP saved → /srv/beegfs/scratch/shares/schaerm/schaer2/video_sam2_pose/humanLISBET-paper/baselineEval/results_stats_temporal_maxpool/full_kinematic_temporal/held_out/regression/VLDII_domVS/shap
20:33:43  ccnEvaluation         INFO     ── CV for VLDII_ComSS (regression) ──
20:33:43  ccnEvaluation         INFO       X: (95, 159), y: (95,) (classes: [ 44.  52.  54.  58.  59.  61.  63.  64.  65.  66.  69.  71.  72.  73.
  74.  76.  79.  80.  81.  84.  85.  86.  89.  90.  91.  93.  95.  97.
 100. 101. 102. 103. 104. 105. 107. 108. 110. 112. 113. 116. 118. 121.
 122. 125.])
20:33:43  baselineEval.src.cross_validation  INFO     Regression CV: 2 models, 5×10 nested CV (50 total outer folds)
20:34:30  baselineEval.src.cross_validation  INFO       Saved: predictions_per_subject.csv
20:34:30  baselineEval.src.cross_validation  INFO       CV results: 100 rows → /srv/beegfs/scratch/shares/schaerm/schaer2/video_sam2_pose/humanLISBET-paper/baselineEval/results_stats_temporal_maxpool/full_kinematic_temporal/regression/VLDII_ComSS/cv_results.csv
20:34:30  baselineEval.src.cross_validation  INFO     
── Regression summary (VLDII_ComSS) ──
model      rmse        r2  spearman_r
lasso 17.862511  0.135035    0.380276
 lgbm 19.202997 -0.005099    0.242151
20:34:30  ccnEvaluation         INFO     ── Held-out for VLDII_ComSS (regression | full_kinematic_temporal) ──
20:34:30  baselineEval.src.held_out  INFO     Best regression model: lasso (RMSE=17.8625 ± 1.5219)
20:34:31  baselineEval.src.held_out  INFO     Held-out regression (full_kinematic_temporal | VLDII_ComSS): model=lasso RMSE=18.257 [14.361, 21.699] R²=0.295 [-0.065, 0.410] ρ=0.754
20:34:34  baselineEval.src.plotting  INFO       Saved: shap_bar_top20.png and shap_beeswarm_top20.png
20:34:34  baselineEval.src.held_out  INFO     SHAP saved → /srv/beegfs/scratch/shares/schaerm/schaer2/video_sam2_pose/humanLISBET-paper/baselineEval/results_stats_temporal_maxpool/full_kinematic_temporal/held_out/regression/VLDII_ComSS/shap
20:34:34  ccnEvaluation         INFO     ── CV for VLDII_expVS (regression) ──
20:34:34  ccnEvaluation         INFO       X: (95, 159), y: (95,) (classes: [ 6.  7.  8.  9. 10. 11. 12. 13. 14. 15. 16. 17. 18. 19. 20.])
20:34:34  baselineEval.src.cross_validation  INFO     Regression CV: 2 models, 5×10 nested CV (50 total outer folds)
20:35:21  baselineEval.src.cross_validation  INFO       Saved: predictions_per_subject.csv
20:35:21  baselineEval.src.cross_validation  INFO       CV results: 100 rows → /srv/beegfs/scratch/shares/schaerm/schaer2/video_sam2_pose/humanLISBET-paper/baselineEval/results_stats_temporal_maxpool/full_kinematic_temporal/regression/VLDII_expVS/cv_results.csv
20:35:21  baselineEval.src.cross_validation  INFO     
── Regression summary (VLDII_expVS) ──
model     rmse        r2  spearman_r
lasso 3.478729  0.078792    0.360717
 lgbm 3.649027 -0.008283    0.208395
20:35:21  ccnEvaluation         INFO     ── Held-out for VLDII_expVS (regression | full_kinematic_temporal) ──
20:35:21  baselineEval.src.held_out  INFO     Best regression model: lasso (RMSE=3.4787 ± 0.2656)
20:35:22  baselineEval.src.held_out  INFO     Held-out regression (full_kinematic_temporal | VLDII_expVS): model=lasso RMSE=3.169 [2.555, 3.780] R²=0.244 [-0.118, 0.322] ρ=0.559
20:35:25  baselineEval.src.plotting  INFO       Saved: shap_bar_top20.png and shap_beeswarm_top20.png
20:35:25  baselineEval.src.held_out  INFO     SHAP saved → /srv/beegfs/scratch/shares/schaerm/schaer2/video_sam2_pose/humanLISBET-paper/baselineEval/results_stats_temporal_maxpool/full_kinematic_temporal/held_out/regression/VLDII_expVS/shap
20:35:25  ccnEvaluation         INFO     ── CV for VLDII_recVS (regression) ──
20:35:25  ccnEvaluation         INFO       X: (95, 159), y: (95,) (classes: [ 3.  5.  6.  7.  8.  9. 10. 11. 12. 13. 14. 15. 16. 17. 18. 19. 20. 21.])
20:35:25  baselineEval.src.cross_validation  INFO     Regression CV: 2 models, 5×10 nested CV (50 total outer folds)
20:36:11  baselineEval.src.cross_validation  INFO       Saved: predictions_per_subject.csv
20:36:11  baselineEval.src.cross_validation  INFO       CV results: 100 rows → /srv/beegfs/scratch/shares/schaerm/schaer2/video_sam2_pose/humanLISBET-paper/baselineEval/results_stats_temporal_maxpool/full_kinematic_temporal/regression/VLDII_recVS/cv_results.csv
20:36:11  baselineEval.src.cross_validation  INFO     
── Regression summary (VLDII_recVS) ──
model     rmse        r2  spearman_r
lasso 3.854510  0.068212    0.347152
 lgbm 4.058414 -0.035658    0.177695
20:36:11  ccnEvaluation         INFO     ── Held-out for VLDII_recVS (regression | full_kinematic_temporal) ──
20:36:11  baselineEval.src.held_out  INFO     Best regression model: lasso (RMSE=3.8545 ± 0.4447)
20:36:12  baselineEval.src.held_out  INFO     Held-out regression (full_kinematic_temporal | VLDII_recVS): model=lasso RMSE=3.893 [3.172, 4.533] R²=0.286 [-0.053, 0.379] ρ=0.733
20:36:15  baselineEval.src.plotting  INFO       Saved: shap_bar_top20.png and shap_beeswarm_top20.png
20:36:15  baselineEval.src.held_out  INFO     SHAP saved → /srv/beegfs/scratch/shares/schaerm/schaer2/video_sam2_pose/humanLISBET-paper/baselineEval/results_stats_temporal_maxpool/full_kinematic_temporal/held_out/regression/VLDII_recVS/shap
20:36:15  ccnEvaluation         INFO     ── CV for MSEL_TOTAL_DQ (regression) ──
20:36:15  ccnEvaluation         INFO       X: (100, 159), y: (100,) (classes: [ 18.02469136  32.43483412  34.59785415  38.08884914  38.95032984
  40.09469697  40.66399287  41.7597914   48.35352006  48.38185274
  48.56808071  49.32034527  52.60163835  52.78815173  53.41769972
  54.6043883   54.66514664  55.9129902   57.80945419  58.00856827
  58.01880411  58.49358974  60.55385401  60.73988735  61.21267952
  61.65540541  62.6717033   64.54699612  64.58014537  65.85307734
  66.03346902  66.56582561  67.46408956  68.67474001  69.12878788
  69.58887965  70.42091476  70.5832302   71.22161779  72.65127389
  72.74744284  73.39929215  73.55044202  73.63718709  74.37652068
  76.23385285  77.89159198  78.63298081  79.93217054  79.97485632
  80.39067013  81.47321429  82.45481928  83.44764518  83.72463299
  88.69235986  88.94106636  91.04190422  91.67078393  92.86194316
  92.9187448   93.08301946  94.84225533  95.62583836  96.63388805
  97.48931624  98.02617856 102.9518543  103.811149   107.0353937
 107.8029726  108.1764296  108.385181   108.6309524  108.7338226
 109.0520026  109.52137    111.8651489  112.1257819  112.192623
 112.5198886  112.8090659  112.8284389  113.5791843  115.0573568
 116.0376082  116.1326915  118.2653171  119.351962   120.5538618
 121.574912   125.622437   128.0608788  130.5093403  130.8806655
 132.3244751  135.4820159  139.7760116  149.1013072  149.4299051 ])
20:36:15  baselineEval.src.cross_validation  INFO     Regression CV: 2 models, 5×10 nested CV (50 total outer folds)
20:37:04  baselineEval.src.cross_validation  INFO       Saved: predictions_per_subject.csv
20:37:04  baselineEval.src.cross_validation  INFO       CV results: 100 rows → /srv/beegfs/scratch/shares/schaerm/schaer2/video_sam2_pose/humanLISBET-paper/baselineEval/results_stats_temporal_maxpool/full_kinematic_temporal/regression/MSEL_TOTAL_DQ/cv_results.csv
20:37:04  baselineEval.src.cross_validation  INFO     
── Regression summary (MSEL_TOTAL_DQ) ──
model      rmse       r2  spearman_r
lasso 27.075617 0.115957    0.404692
 lgbm 28.402111 0.025322    0.275609
20:37:04  ccnEvaluation         INFO     ── Held-out for MSEL_TOTAL_DQ (regression | full_kinematic_temporal) ──
20:37:04  baselineEval.src.held_out  INFO     Best regression model: lasso (RMSE=27.0756 ± 3.1439)
20:37:05  baselineEval.src.held_out  INFO     Held-out regression (full_kinematic_temporal | MSEL_TOTAL_DQ): model=lasso RMSE=28.935 [22.559, 34.552] R²=0.229 [-0.234, 0.323] ρ=0.806
20:37:08  baselineEval.src.plotting  INFO       Saved: shap_bar_top20.png and shap_beeswarm_top20.png
20:37:08  baselineEval.src.held_out  INFO     SHAP saved → /srv/beegfs/scratch/shares/schaerm/schaer2/video_sam2_pose/humanLISBET-paper/baselineEval/results_stats_temporal_maxpool/full_kinematic_temporal/held_out/regression/MSEL_TOTAL_DQ/shap
20:37:08  ccnEvaluation         INFO     ── CV for MSEL_FM_DQ (regression) ──
20:37:08  ccnEvaluation         INFO       X: (100, 159), y: (100,) (classes: [ 18.02469136  46.4649432   48.97137746  50.05646983  54.38484461
  55.25934702  55.26116578  55.3030303   59.06148867  60.89132507
  63.6627907   63.73690338  64.77896096  65.16194848  65.41218638
  65.72629052  69.06338694  69.12878788  69.33210784  70.91968912
  73.53479853  75.06258941  75.18022657  75.486618    75.66334992
  75.86923658  75.90612002  75.91514143  77.07927225  77.89159198
  78.29257829  79.43695591  79.91242474  80.18453427  80.89539007
  80.95690748  82.62072435  82.81765677  83.43724023  83.84379786
  83.94209957  85.6233244   85.79059829  85.92278719  87.62002743
  87.84596871  87.86462758  87.98209366  89.15229885  90.64569536
  90.75497288  90.7960199   92.60343482  92.99363057  93.43003413
  93.95109395  95.05208333  95.38327526  96.20155039  96.63388805
  96.66313559  97.1113645   97.65160523  97.76785714  98.45857418
  98.95429899  98.97788903  99.40087146  99.64898596 102.1903821
 102.8432377  103.6931818  103.811149   104.7045324  105.1267281
 105.4303871  106.1046512  106.538237   107.1589883  108.1764296
 108.201581   108.6309524  109.939759   111.4163614  111.6891065
 112.258348   112.5198886  113.5687229  114.1644325  115.1790314
 119.8555166  120.5538618  121.1819389  121.197515   121.574912
 122.124634   122.1456693  122.8956229  123.8687783  143.1372549 ])
20:37:08  baselineEval.src.cross_validation  INFO     Regression CV: 2 models, 5×10 nested CV (50 total outer folds)
20:37:57  baselineEval.src.cross_validation  INFO       Saved: predictions_per_subject.csv
20:37:57  baselineEval.src.cross_validation  INFO       CV results: 100 rows → /srv/beegfs/scratch/shares/schaerm/schaer2/video_sam2_pose/humanLISBET-paper/baselineEval/results_stats_temporal_maxpool/full_kinematic_temporal/regression/MSEL_FM_DQ/cv_results.csv
20:37:57  baselineEval.src.cross_validation  INFO     
── Regression summary (MSEL_FM_DQ) ──
model      rmse        r2  spearman_r
lasso 21.130470 -0.053975    0.290087
 lgbm 21.440409 -0.041856    0.206256
20:37:57  ccnEvaluation         INFO     ── Held-out for MSEL_FM_DQ (regression | full_kinematic_temporal) ──
20:37:57  baselineEval.src.held_out  INFO     Best regression model: lasso (RMSE=21.1305 ± 3.4858)
20:37:57  baselineEval.src.held_out  INFO     Held-out regression (full_kinematic_temporal | MSEL_FM_DQ): model=lasso RMSE=22.257 [15.331, 28.257] R²=-0.038 [-0.647, 0.175] ρ=0.221
20:38:01  baselineEval.src.plotting  INFO       Saved: shap_bar_top20.png and shap_beeswarm_top20.png
20:38:01  baselineEval.src.held_out  INFO     SHAP saved → /srv/beegfs/scratch/shares/schaerm/schaer2/video_sam2_pose/humanLISBET-paper/baselineEval/results_stats_temporal_maxpool/full_kinematic_temporal/held_out/regression/MSEL_FM_DQ/shap
20:38:01  ccnEvaluation         INFO     ── CV for MSEL_VR_DQ (regression) ──
20:38:01  ccnEvaluation         INFO       X: (100, 159), y: (100,) (classes: [ 24.78395062  38.27847693  40.84386519  44.24242424  48.97137746
  55.48645661  56.65502522  56.92959002  62.16881151  62.75283172
  64.71631206  65.27181688  65.72629052  66.12318841  66.69049889
  67.74833589  69.92337165  70.46332046  70.66795741  71.15009747
  72.16608084  73.80514706  73.80800341  75.41322314  76.86522262
  77.69631031  77.99145299  78.31273601  78.41474446  78.6637931
  79.18580909  79.31783825  80.21978022  83.77964805  84.0389186
  84.56192081  84.81797057  84.88372093  85.28037383  87.43066062
  88.66708914  89.11889597  89.35566001  89.46078431  89.57533077
  89.615829    90.15860634  92.33630952  93.50512357  93.81764069
  94.1109736   94.6140553   96.17918314  96.20155039  97.93244949
  98.97788903 100.5796275  102.1289538  103.2884465  104.0746873
 104.3095565  106.0098302  106.3795337  108.127254   109.5515537
 110.1055807  110.1609658  110.297536   111.6891065  113.7780549
 114.2017705  114.5637163  115.3090847  116.9871795  118.5064935
 121.4642263  123.6822289  124.5733788  125.1905488  125.2213369
 129.0167095  130.7503771  133.1727963  133.6408905  133.8188664
 134.9544937  135.1851852  136.0094851  136.515748   146.7828418
 147.3675711  148.8166269  148.8393977  151.821572   153.0708874
 158.9721254  159.8073555  175.8188825  192.7226814 ])
20:38:01  baselineEval.src.cross_validation  INFO     Regression CV: 2 models, 5×10 nested CV (50 total outer folds)
20:38:50  baselineEval.src.cross_validation  INFO       Saved: predictions_per_subject.csv
20:38:50  baselineEval.src.cross_validation  INFO       CV results: 100 rows → /srv/beegfs/scratch/shares/schaerm/schaer2/video_sam2_pose/humanLISBET-paper/baselineEval/results_stats_temporal_maxpool/full_kinematic_temporal/regression/MSEL_VR_DQ/cv_results.csv
20:38:50  baselineEval.src.cross_validation  INFO     
── Regression summary (MSEL_VR_DQ) ──
model      rmse        r2  spearman_r
lasso 30.630867  0.035936    0.231579
 lgbm 31.760352 -0.046527    0.158452
20:38:50  ccnEvaluation         INFO     ── Held-out for MSEL_VR_DQ (regression | full_kinematic_temporal) ──
20:38:50  baselineEval.src.held_out  INFO     Best regression model: lasso (RMSE=30.6309 ± 3.6694)
20:38:51  baselineEval.src.held_out  INFO     Held-out regression (full_kinematic_temporal | MSEL_VR_DQ): model=lasso RMSE=31.731 [24.220, 39.081] R²=0.109 [-0.282, 0.175] ρ=0.713
20:38:54  baselineEval.src.plotting  INFO       Saved: shap_bar_top20.png and shap_beeswarm_top20.png
20:38:54  baselineEval.src.held_out  INFO     SHAP saved → /srv/beegfs/scratch/shares/schaerm/schaer2/video_sam2_pose/humanLISBET-paper/baselineEval/results_stats_temporal_maxpool/full_kinematic_temporal/held_out/regression/MSEL_VR_DQ/shap
20:38:54  ccnEvaluation         INFO     ── CV for MSEL_LR_DQ (regression) ──
20:38:54  ccnEvaluation         INFO       X: (100, 159), y: (100,) (classes: [  3.88463176   4.06639929   6.75925926   9.87554113  12.01290153
  16.59090909  18.70972466  20.22384752  20.94811754  21.24563446
  25.56022409  26.50048403  28.99586908  29.92695289  32.38948048
  32.63590844  35.30956329  37.26391016  38.9957265   40.25735294
  40.48807543  43.06091806  44.2961165   44.83182162  46.05097149
  46.79487179  47.45189808  48.93770627  50.11618082  50.37154989
  52.84749035  53.52588625  53.65219358  54.90373045  59.29174789
  59.55070281  62.02209006  62.16545012  62.65018881  63.07603687
  64.61056645  64.9288451   66.12318841  66.75811614  70.61011905
  70.91968912  71.94102807  73.19518717  74.25406872  76.30178639
  76.39534884  77.74980635  77.81007752  77.89159198  78.6637931
  79.07279029  79.43695591  80.19460138  82.52583979  83.43724023
  83.56227106  84.15678524  87.60560676  91.80080483  96.34238311
  96.50411281 102.7847309  104.0746873  105.9596995  107.2715207
 108.1764296  108.8902148  110.0871314  115.4120767  115.9171748
 116.9871795  117.5351288  118.5064935  119.2178672  119.8802164
 120.1122726  120.9753788  121.1819389  122.3190349  122.5189726
 124.5733788  126.9356955  127.766486   128.1288156  130.2021403
 130.5093403  132.9263068  138.2575758  142.6500252  144.1714836
 144.3321617  147.1132898  148.8393977  153.6195286  157.0567986 ])
20:38:54  baselineEval.src.cross_validation  INFO     Regression CV: 2 models, 5×10 nested CV (50 total outer folds)
20:39:43  baselineEval.src.cross_validation  INFO       Saved: predictions_per_subject.csv
20:39:43  baselineEval.src.cross_validation  INFO       CV results: 100 rows → /srv/beegfs/scratch/shares/schaerm/schaer2/video_sam2_pose/humanLISBET-paper/baselineEval/results_stats_temporal_maxpool/full_kinematic_temporal/regression/MSEL_LR_DQ/cv_results.csv
20:39:43  baselineEval.src.cross_validation  INFO     
── Regression summary (MSEL_LR_DQ) ──
model      rmse       r2  spearman_r
lasso 36.301482 0.177405    0.465337
 lgbm 39.556069 0.015394    0.238436
20:39:43  ccnEvaluation         INFO     ── Held-out for MSEL_LR_DQ (regression | full_kinematic_temporal) ──
20:39:43  baselineEval.src.held_out  INFO     Best regression model: lasso (RMSE=36.3015 ± 3.5760)
20:39:44  baselineEval.src.held_out  INFO     Held-out regression (full_kinematic_temporal | MSEL_LR_DQ): model=lasso RMSE=36.825 [26.655, 46.334] R²=0.341 [-0.097, 0.501] ρ=0.743
20:39:47  baselineEval.src.plotting  INFO       Saved: shap_bar_top20.png and shap_beeswarm_top20.png
20:39:47  baselineEval.src.held_out  INFO     SHAP saved → /srv/beegfs/scratch/shares/schaerm/schaer2/video_sam2_pose/humanLISBET-paper/baselineEval/results_stats_temporal_maxpool/full_kinematic_temporal/held_out/regression/MSEL_LR_DQ/shap
20:39:47  ccnEvaluation         INFO     ── CV for MSEL_LE_DQ (regression) ──
20:39:47  ccnEvaluation         INFO       X: (100, 159), y: (100,) (classes: [  9.94008715  14.16375631  17.66698935  21.62322275  22.5308642
  23.71669916  24.48568873  29.32736455  29.93313147  31.1965812
  31.83139535  32.5311943   34.96168582  35.3339787   36.51460584
  36.64658635  37.69462981  40.09226714  40.25735294  40.48807543
  41.27091814  41.92189893  43.37492573  44.24242424  44.2961165
  44.43993506  44.83182162  45.69027182  46.51656754  46.72299027
  47.44367418  50.11618082  50.12015105  50.13736264  50.93023256
  52.58200355  54.8048048   55.8530987   56.46658416  56.94227769
  57.72506083  58.12101911  59.82097832  59.93431856  60.11198946
  61.49957877  65.17857143  65.57490326  66.18574582  66.20785318
  69.12878788  69.55030488  71.37484958  72.66780432  73.41954023
  75.10288066  76.33526384  77.99145299  78.1455863   79.85282418
  80.57395143  81.54602324  82.20720721  83.94209957  84.10138249
  85.23058961  86.67962003  89.35128519  89.92073693  90.17483846
  91.02244389  91.36420526  91.65097301  93.77792672  94.24218952
  96.25527426  96.94555113  97.92085848 100.2099483  100.2747253
 103.2239819  106.0553231  108.127254   109.939759   111.2804878
 111.8651489  112.258348   114.1922639  115.7352358  116.9871795
 120.9753788  122.124634   124.6584699  128.4817876  128.8841808
 137.775842   140.655106   143.7007874  170.9694989 ])
20:39:47  baselineEval.src.cross_validation  INFO     Regression CV: 2 models, 5×10 nested CV (50 total outer folds)
20:40:36  baselineEval.src.cross_validation  INFO       Saved: predictions_per_subject.csv
20:40:36  baselineEval.src.cross_validation  INFO       CV results: 100 rows → /srv/beegfs/scratch/shares/schaerm/schaer2/video_sam2_pose/humanLISBET-paper/baselineEval/results_stats_temporal_maxpool/full_kinematic_temporal/regression/MSEL_LE_DQ/cv_results.csv
20:40:36  baselineEval.src.cross_validation  INFO     
── Regression summary (MSEL_LE_DQ) ──
model      rmse        r2  spearman_r
lasso 34.886518 -0.145037    0.365234
 lgbm 33.584006 -0.002111    0.250903
20:40:36  ccnEvaluation         INFO     ── Held-out for MSEL_LE_DQ (regression | full_kinematic_temporal) ──
20:40:36  baselineEval.src.held_out  INFO     Best regression model: lgbm (RMSE=33.5840 ± 4.4828)
20:40:37  baselineEval.src.held_out  INFO     Held-out regression (full_kinematic_temporal | MSEL_LE_DQ): model=lgbm RMSE=42.798 [31.890, 52.824] R²=-0.309 [-1.461, 0.100] ρ=-0.142
20:40:40  baselineEval.src.plotting  INFO       Saved: shap_bar_top20.png and shap_beeswarm_top20.png
20:40:40  baselineEval.src.held_out  INFO     SHAP saved → /srv/beegfs/scratch/shares/schaerm/schaer2/video_sam2_pose/humanLISBET-paper/baselineEval/results_stats_temporal_maxpool/full_kinematic_temporal/held_out/regression/MSEL_LE_DQ/shap
20:40:40  ccnEvaluation         INFO     ── CV for MSEL_NV_DQ (regression) ──
20:40:40  ccnEvaluation         INFO       X: (100, 159), y: (100,) (classes: [ 21.40432099  44.16747338  48.05160611  48.97137746  49.77272727
  58.71498864  60.1959643   60.90716019  63.02918895  63.79091198
  64.09642401  65.57490326  65.72629052  66.58026114  67.72345918
  67.91030161  70.16720315  71.56862745  72.80585106  73.37984863
  74.11468486  74.27325581  74.37794938  74.47079827  74.91789819
  76.17530756  76.74648129  76.87728938  77.59353741  79.97251931
  81.51480347  81.6976584   81.89102564  81.99943836  82.20720721
  82.35559567  83.73346137  83.90804598  84.15678524  84.60538218
  84.81199831  86.57250071  88.46431518  88.6496114   88.80778589
  88.87987013  91.05626327  91.88613478  92.03227433  92.13004822
  94.43082789  94.90379615  95.05208333  95.96479195  96.20155039
  96.39084507  96.49226641  97.36019132  97.52310803  97.94594067
  98.60764755  98.68968386  98.84549601  98.97788903  99.87039171
 100.2432517  102.1903821  103.1073446  109.0017065  109.0761612
 109.2369828  110.0871314  111.4163614  111.6531427  111.6891065
 114.2017705  115.7352358  116.0376082  116.2030831  116.810994
 116.9871795  119.3828214  119.8555166  121.5842367  122.8722053
 122.9496192  123.2016379  125.1071123  126.1626445  126.7361111
 127.1777003  128.2630522  128.3820346  129.3307087  130.6682578
 135.4820159  137.1387283  139.16122    139.8314361  157.8091521 ])
20:40:40  baselineEval.src.cross_validation  INFO     Regression CV: 2 models, 5×10 nested CV (50 total outer folds)
20:41:29  baselineEval.src.cross_validation  INFO       Saved: predictions_per_subject.csv
20:41:29  baselineEval.src.cross_validation  INFO       CV results: 100 rows → /srv/beegfs/scratch/shares/schaerm/schaer2/video_sam2_pose/humanLISBET-paper/baselineEval/results_stats_temporal_maxpool/full_kinematic_temporal/regression/MSEL_NV_DQ/cv_results.csv
20:41:29  baselineEval.src.cross_validation  INFO     
── Regression summary (MSEL_NV_DQ) ──
model      rmse        r2  spearman_r
lasso 23.988556  0.042228    0.236558
 lgbm 24.755983 -0.025476    0.209235
20:41:29  ccnEvaluation         INFO     ── Held-out for MSEL_NV_DQ (regression | full_kinematic_temporal) ──
20:41:29  baselineEval.src.held_out  INFO     Best regression model: lasso (RMSE=23.9886 ± 2.9005)
20:41:30  baselineEval.src.held_out  INFO     Held-out regression (full_kinematic_temporal | MSEL_NV_DQ): model=lasso RMSE=24.453 [19.055, 29.460] R²=0.114 [-0.406, 0.320] ρ=0.436
20:41:33  baselineEval.src.plotting  INFO       Saved: shap_bar_top20.png and shap_beeswarm_top20.png
20:41:33  baselineEval.src.held_out  INFO     SHAP saved → /srv/beegfs/scratch/shares/schaerm/schaer2/video_sam2_pose/humanLISBET-paper/baselineEval/results_stats_temporal_maxpool/full_kinematic_temporal/held_out/regression/MSEL_NV_DQ/shap
20:41:33  ccnEvaluation         INFO     ── CV for MSEL_V_DQ (regression) ──
20:41:33  ccnEvaluation         INFO       X: (100, 159), y: (100,) (classes: [ 14.64506173  16.81806214  17.70469538  18.29879679  19.42315879
  25.02823491  25.13774105  27.1577381   27.20632081  29.4009959
  30.41666667  30.91723136  31.03741497  33.34524944  35.09615385
  36.40292553  37.2753268   37.99205148  39.16309013  39.59290454
  40.25735294  40.48807543  41.50422352  44.2961165   44.83182162
  47.46155586  48.09864458  48.46611722  48.93286143  50.11618082
  50.44223328  52.19708788  52.70214521  54.2462845   54.2693288
  54.68949248  54.82073643  54.89951357  56.38516993  58.28505645
  59.94525547  62.43158183  63.11758893  63.13929001  63.25823224
  63.6627907   64.59137709  67.89434524  69.06338694  70.46826734
  70.9304984   72.04972258  76.04166667  78.79965458  80.77686203
  81.15118577  83.23831243  85.25467149  85.85349462  85.92278719
  85.99599793  87.22984206  89.35566001  91.36789406  92.32431935
  92.73373984  94.37151949  94.86083166  95.8165773   97.07446809
  98.62059158  99.7831825  101.2242965  101.2355018  102.3816809
 103.6931818  103.8747811  107.1158763  108.0484808  109.063745
 110.7318923  111.4235219  114.0037352  114.2017705  115.3090847
 116.9871795  119.5234869  120.9753788  121.0967994  121.1872446
 122.9686881  124.051024   128.2952548  128.9440573  133.4982788
 135.3182415  135.4820159  141.0506581  142.4132948  159.0413943 ])
20:41:33  baselineEval.src.cross_validation  INFO     Regression CV: 2 models, 5×10 nested CV (50 total outer folds)
20:42:22  baselineEval.src.cross_validation  INFO       Saved: predictions_per_subject.csv
20:42:22  baselineEval.src.cross_validation  INFO       CV results: 100 rows → /srv/beegfs/scratch/shares/schaerm/schaer2/video_sam2_pose/humanLISBET-paper/baselineEval/results_stats_temporal_maxpool/full_kinematic_temporal/regression/MSEL_V_DQ/cv_results.csv
20:42:22  baselineEval.src.cross_validation  INFO     
── Regression summary (MSEL_V_DQ) ──
model      rmse       r2  spearman_r
lasso 31.837782 0.168404    0.488845
 lgbm 33.563997 0.085834    0.339489
20:42:22  ccnEvaluation         INFO     ── Held-out for MSEL_V_DQ (regression | full_kinematic_temporal) ──
20:42:22  baselineEval.src.held_out  INFO     Best regression model: lasso (RMSE=31.8378 ± 4.3675)
20:42:23  baselineEval.src.held_out  INFO     Held-out regression (full_kinematic_temporal | MSEL_V_DQ): model=lasso RMSE=33.927 [25.183, 42.074] R²=0.308 [-0.164, 0.461] ρ=0.814
20:42:26  baselineEval.src.plotting  INFO       Saved: shap_bar_top20.png and shap_beeswarm_top20.png
20:42:26  baselineEval.src.held_out  INFO     SHAP saved → /srv/beegfs/scratch/shares/schaerm/schaer2/video_sam2_pose/humanLISBET-paper/baselineEval/results_stats_temporal_maxpool/full_kinematic_temporal/held_out/regression/MSEL_V_DQ/shap
20:42:26  ccnEvaluation         INFO     ═══ Representation: embedding_temporal ═══
20:42:26  ccnEvaluation         INFO       Features for embedding_temporal: 384 columns
20:42:26  ccnEvaluation         INFO     ═══ Step 2: Preprocessing report ═══
20:42:26  baselineEval.src.preprocessing  INFO     Feature selection (full dataset): 384 features → 384 kept (0 missingness, 0 near-zero-var, 0 correlated)
20:42:26  baselineEval.src.preprocessing  INFO     Feature selection report → /srv/beegfs/scratch/shares/schaerm/schaer2/video_sam2_pose/humanLISBET-paper/baselineEval/results_stats_temporal_maxpool/embedding_temporal/feature_selection_report.csv
20:42:26  baselineEval.src.preprocessing  INFO     PCA explained-variance data → /srv/beegfs/scratch/shares/schaerm/schaer2/video_sam2_pose/humanLISBET-paper/baselineEval/results_stats_temporal_maxpool/embedding_temporal/pca_explained_variance.csv
20:42:27  baselineEval.src.preprocessing  INFO     PCA explained-variance plot → /srv/beegfs/scratch/shares/schaerm/schaer2/video_sam2_pose/humanLISBET-paper/baselineEval/results_stats_temporal_maxpool/embedding_temporal/pca_explained_variance.png
20:42:27  ccnEvaluation         INFO     ── CV for diagnosis (classification) ──
20:42:27  ccnEvaluation         INFO       X: (102, 384), y: (102,) (classes: [0 1])
20:42:27  baselineEval.src.cross_validation  INFO     Classification CV: 2 models, 5×10 nested CV (50 total outer folds)
20:44:45  baselineEval.src.cross_validation  INFO       Saved: predictions_per_subject.csv
20:44:45  baselineEval.src.cross_validation  INFO       CV results: 100 rows → /srv/beegfs/scratch/shares/schaerm/schaer2/video_sam2_pose/humanLISBET-paper/baselineEval/results_stats_temporal_maxpool/embedding_temporal/classification/diagnosis/cv_results.csv
20:44:45  baselineEval.src.cross_validation  INFO     
── Classification AUC-ROC summary (diagnosis) ──
model  auc_roc_mean  auc_roc_std
lasso      0.675442     0.119993
 lgbm      0.657177     0.124607
20:44:45  ccnEvaluation         INFO     ── Held-out for diagnosis (classification | embedding_temporal) ──
20:44:45  baselineEval.src.held_out  INFO     Best classification model: lasso (AUC=0.6754 ± 0.1200)
20:44:45  baselineEval.src.held_out  INFO     Held-out classification (embedding_temporal | diagnosis): model=lasso AUC=0.829 BAcc=0.707 Acc=0.706 [0.440, 0.897]
20:44:47  baselineEval.src.plotting  INFO       Saved: shap_bar_top20.png and shap_beeswarm_top20.png
20:44:47  baselineEval.src.held_out  INFO     SHAP saved → /srv/beegfs/scratch/shares/schaerm/schaer2/video_sam2_pose/humanLISBET-paper/baselineEval/results_stats_temporal_maxpool/embedding_temporal/held_out/classification/diagnosis/shap
20:44:47  ccnEvaluation         INFO     ── CV for ADOS_2_ADOS_G_revised_RRB_level_of_symptoms (classification) ──
20:44:47  ccnEvaluation         INFO       X: (102, 384), y: (102,) (classes: [0 1 2])
20:44:47  baselineEval.src.cross_validation  INFO     Classification CV: 2 models, 5×10 nested CV (50 total outer folds)
20:48:51  baselineEval.src.cross_validation  INFO       Saved: predictions_per_subject.csv
20:48:51  baselineEval.src.cross_validation  INFO       CV results: 100 rows → /srv/beegfs/scratch/shares/schaerm/schaer2/video_sam2_pose/humanLISBET-paper/baselineEval/results_stats_temporal_maxpool/embedding_temporal/classification/ADOS_2_ADOS_G_revised_RRB_level_of_symptoms/cv_results.csv
20:48:51  baselineEval.src.cross_validation  INFO     
── Classification F1-macro summary (ADOS_2_ADOS_G_revised_RRB_level_of_symptoms) ──
model  f1_macro_mean  f1_macro_std
lasso       0.462606      0.095968
 lgbm       0.401490      0.087076
20:48:51  ccnEvaluation         INFO     ── Held-out for ADOS_2_ADOS_G_revised_RRB_level_of_symptoms (classification | embedding_temporal) ──
20:48:51  baselineEval.src.held_out  INFO     Best classification model: lasso (F1-macro=0.4626 ± 0.0960)
20:48:53  baselineEval.src.held_out  INFO     Held-out classification (embedding_temporal | ADOS_2_ADOS_G_revised_RRB_level_of_symptoms): model=lasso F1-macro=0.333 BAcc=0.333 Acc=0.412 [0.184, 0.671]
20:48:55  baselineEval.src.plotting  INFO       Saved: shap_bar_top20.png and shap_beeswarm_top20.png
20:48:55  baselineEval.src.held_out  INFO     SHAP saved → /srv/beegfs/scratch/shares/schaerm/schaer2/video_sam2_pose/humanLISBET-paper/baselineEval/results_stats_temporal_maxpool/embedding_temporal/held_out/classification/ADOS_2_ADOS_G_revised_RRB_level_of_symptoms/shap
20:48:55  ccnEvaluation         INFO     ── CV for ADOS_2_ADOS_G_REVISED_SA_LEVEL_OF_SYMPTOMS (classification) ──
20:48:55  ccnEvaluation         INFO       X: (102, 384), y: (102,) (classes: [0 1 2 3])
20:48:55  baselineEval.src.cross_validation  INFO     Classification CV: 2 models, 5×10 nested CV (50 total outer folds)
20:53:42  baselineEval.src.cross_validation  INFO       Saved: predictions_per_subject.csv
20:53:42  baselineEval.src.cross_validation  INFO       CV results: 100 rows → /srv/beegfs/scratch/shares/schaerm/schaer2/video_sam2_pose/humanLISBET-paper/baselineEval/results_stats_temporal_maxpool/embedding_temporal/classification/ADOS_2_ADOS_G_REVISED_SA_LEVEL_OF_SYMPTOMS/cv_results.csv
20:53:42  baselineEval.src.cross_validation  INFO     
── Classification F1-macro summary (ADOS_2_ADOS_G_REVISED_SA_LEVEL_OF_SYMPTOMS) ──
model  f1_macro_mean  f1_macro_std
lasso       0.332433      0.093577
 lgbm       0.265297      0.096090
20:53:42  ccnEvaluation         INFO     ── Held-out for ADOS_2_ADOS_G_REVISED_SA_LEVEL_OF_SYMPTOMS (classification | embedding_temporal) ──
20:53:42  baselineEval.src.held_out  INFO     Best classification model: lasso (F1-macro=0.3324 ± 0.0936)
20:53:44  baselineEval.src.held_out  INFO     Held-out classification (embedding_temporal | ADOS_2_ADOS_G_REVISED_SA_LEVEL_OF_SYMPTOMS): model=lasso F1-macro=0.343 BAcc=0.351 Acc=0.412 [0.184, 0.671]
20:53:45  baselineEval.src.plotting  INFO       Saved: shap_bar_top20.png and shap_beeswarm_top20.png
20:53:45  baselineEval.src.held_out  INFO     SHAP saved → /srv/beegfs/scratch/shares/schaerm/schaer2/video_sam2_pose/humanLISBET-paper/baselineEval/results_stats_temporal_maxpool/embedding_temporal/held_out/classification/ADOS_2_ADOS_G_REVISED_SA_LEVEL_OF_SYMPTOMS/shap
20:53:45  ccnEvaluation         INFO     ── CV for ADOS_G_ADOS_2_TOTAL_score_de_severite (regression) ──
20:53:45  ccnEvaluation         INFO       X: (102, 384), y: (102,) (classes: [ 1.  2.  3.  4.  5.  6.  7.  8.  9. 10.])
20:53:45  baselineEval.src.cross_validation  INFO     Regression CV: 2 models, 5×10 nested CV (50 total outer folds)
20:55:26  baselineEval.src.cross_validation  INFO       Saved: predictions_per_subject.csv
20:55:26  baselineEval.src.cross_validation  INFO       CV results: 100 rows → /srv/beegfs/scratch/shares/schaerm/schaer2/video_sam2_pose/humanLISBET-paper/baselineEval/results_stats_temporal_maxpool/embedding_temporal/regression/ADOS_G_ADOS_2_TOTAL_score_de_severite/cv_results.csv
20:55:26  baselineEval.src.cross_validation  INFO     
── Regression summary (ADOS_G_ADOS_2_TOTAL_score_de_severite) ──
model     rmse       r2  spearman_r
lasso 3.207854 0.076531    0.402336
 lgbm 3.111942 0.124156    0.420529
20:55:26  ccnEvaluation         INFO     ── Held-out for ADOS_G_ADOS_2_TOTAL_score_de_severite (regression | embedding_temporal) ──
20:55:26  baselineEval.src.held_out  INFO     Best regression model: lgbm (RMSE=3.1119 ± 0.3884)
20:55:27  baselineEval.src.held_out  INFO     Held-out regression (embedding_temporal | ADOS_G_ADOS_2_TOTAL_score_de_severite): model=lgbm RMSE=2.937 [2.223, 3.537] R²=0.298 [-0.136, 0.521] ρ=0.487
20:55:29  baselineEval.src.plotting  INFO       Saved: shap_bar_top20.png and shap_beeswarm_top20.png
20:55:29  baselineEval.src.held_out  INFO     SHAP saved → /srv/beegfs/scratch/shares/schaerm/schaer2/video_sam2_pose/humanLISBET-paper/baselineEval/results_stats_temporal_maxpool/embedding_temporal/held_out/regression/ADOS_G_ADOS_2_TOTAL_score_de_severite/shap
20:55:29  ccnEvaluation         INFO     ── CV for ADOS_2_ADOS_G_REVISED_SA_SEVERITY_SCORE (regression) ──
20:55:29  ccnEvaluation         INFO       X: (102, 384), y: (102,) (classes: [ 1.  2.  3.  4.  5.  6.  7.  9. 10.])
20:55:29  baselineEval.src.cross_validation  INFO     Regression CV: 2 models, 5×10 nested CV (50 total outer folds)
20:57:09  baselineEval.src.cross_validation  INFO       Saved: predictions_per_subject.csv
20:57:09  baselineEval.src.cross_validation  INFO       CV results: 100 rows → /srv/beegfs/scratch/shares/schaerm/schaer2/video_sam2_pose/humanLISBET-paper/baselineEval/results_stats_temporal_maxpool/embedding_temporal/regression/ADOS_2_ADOS_G_REVISED_SA_SEVERITY_SCORE/cv_results.csv
20:57:09  baselineEval.src.cross_validation  INFO     
── Regression summary (ADOS_2_ADOS_G_REVISED_SA_SEVERITY_SCORE) ──
model     rmse       r2  spearman_r
lasso 3.047915 0.010541    0.248739
 lgbm 2.947868 0.070177    0.329640
20:57:09  ccnEvaluation         INFO     ── Held-out for ADOS_2_ADOS_G_REVISED_SA_SEVERITY_SCORE (regression | embedding_temporal) ──
20:57:09  baselineEval.src.held_out  INFO     Best regression model: lgbm (RMSE=2.9479 ± 0.2654)
20:57:10  baselineEval.src.held_out  INFO     Held-out regression (embedding_temporal | ADOS_2_ADOS_G_REVISED_SA_SEVERITY_SCORE): model=lgbm RMSE=2.690 [2.035, 3.229] R²=0.121 [-0.676, 0.330] ρ=0.415
20:57:12  baselineEval.src.plotting  INFO       Saved: shap_bar_top20.png and shap_beeswarm_top20.png
20:57:12  baselineEval.src.held_out  INFO     SHAP saved → /srv/beegfs/scratch/shares/schaerm/schaer2/video_sam2_pose/humanLISBET-paper/baselineEval/results_stats_temporal_maxpool/embedding_temporal/held_out/regression/ADOS_2_ADOS_G_REVISED_SA_SEVERITY_SCORE/shap
20:57:12  ccnEvaluation         INFO     ── CV for ADOS_2_ADOS_G_REVISED_RRB_SEVERITY_SCORE_new (regression) ──
20:57:12  ccnEvaluation         INFO       X: (102, 384), y: (102,) (classes: [ 1.  5.  6.  7.  8.  9. 10.])
20:57:12  baselineEval.src.cross_validation  INFO     Regression CV: 2 models, 5×10 nested CV (50 total outer folds)
20:58:53  baselineEval.src.cross_validation  INFO       Saved: predictions_per_subject.csv
20:58:53  baselineEval.src.cross_validation  INFO       CV results: 100 rows → /srv/beegfs/scratch/shares/schaerm/schaer2/video_sam2_pose/humanLISBET-paper/baselineEval/results_stats_temporal_maxpool/embedding_temporal/regression/ADOS_2_ADOS_G_REVISED_RRB_SEVERITY_SCORE_new/cv_results.csv
20:58:53  baselineEval.src.cross_validation  INFO     
── Regression summary (ADOS_2_ADOS_G_REVISED_RRB_SEVERITY_SCORE_new) ──
model     rmse        r2  spearman_r
lasso 3.144493 -0.001061    0.360218
 lgbm 2.935895  0.116449    0.468560
20:58:53  ccnEvaluation         INFO     ── Held-out for ADOS_2_ADOS_G_REVISED_RRB_SEVERITY_SCORE_new (regression | embedding_temporal) ──
20:58:53  baselineEval.src.held_out  INFO     Best regression model: lgbm (RMSE=2.9359 ± 0.3816)
20:58:54  baselineEval.src.held_out  INFO     Held-out regression (embedding_temporal | ADOS_2_ADOS_G_REVISED_RRB_SEVERITY_SCORE_new): model=lgbm RMSE=3.455 [2.629, 4.219] R²=0.158 [-0.260, 0.336] ρ=0.374
20:58:56  baselineEval.src.plotting  INFO       Saved: shap_bar_top20.png and shap_beeswarm_top20.png
20:58:56  baselineEval.src.held_out  INFO     SHAP saved → /srv/beegfs/scratch/shares/schaerm/schaer2/video_sam2_pose/humanLISBET-paper/baselineEval/results_stats_temporal_maxpool/embedding_temporal/held_out/regression/ADOS_2_ADOS_G_REVISED_RRB_SEVERITY_SCORE_new/shap
20:58:56  ccnEvaluation         INFO     ── CV for VLDII_AdSS (regression) ──
20:58:56  ccnEvaluation         INFO       X: (95, 384), y: (95,) (classes: [ 51.  63.  64.  65.  66.  68.  69.  70.  71.  72.  73.  74.  75.  76.
  77.  78.  79.  80.  81.  83.  84.  85.  86.  87.  88.  89.  90.  91.
  92.  93.  94.  95.  96.  97.  99. 100. 102. 103. 104. 105. 107. 108.
 109. 110. 113. 115. 117.])
20:58:56  baselineEval.src.cross_validation  INFO     Regression CV: 2 models, 5×10 nested CV (50 total outer folds)
21:00:34  baselineEval.src.cross_validation  INFO       Saved: predictions_per_subject.csv
21:00:34  baselineEval.src.cross_validation  INFO       CV results: 100 rows → /srv/beegfs/scratch/shares/schaerm/schaer2/video_sam2_pose/humanLISBET-paper/baselineEval/results_stats_temporal_maxpool/embedding_temporal/regression/VLDII_AdSS/cv_results.csv
21:00:34  baselineEval.src.cross_validation  INFO     
── Regression summary (VLDII_AdSS) ──
model      rmse       r2  spearman_r
lasso 13.724074 0.116608    0.398257
 lgbm 14.443143 0.018026    0.271251
21:00:34  ccnEvaluation         INFO     ── Held-out for VLDII_AdSS (regression | embedding_temporal) ──
21:00:34  baselineEval.src.held_out  INFO     Best regression model: lasso (RMSE=13.7241 ± 1.2121)
21:00:34  baselineEval.src.held_out  INFO     Held-out regression (embedding_temporal | VLDII_AdSS): model=lasso RMSE=14.798 [11.726, 17.439] R²=0.125 [-0.268, 0.259] ρ=0.361
21:00:36  baselineEval.src.plotting  INFO       Saved: shap_bar_top20.png and shap_beeswarm_top20.png
21:00:36  baselineEval.src.held_out  INFO     SHAP saved → /srv/beegfs/scratch/shares/schaerm/schaer2/video_sam2_pose/humanLISBET-paper/baselineEval/results_stats_temporal_maxpool/embedding_temporal/held_out/regression/VLDII_AdSS/shap
21:00:36  ccnEvaluation         INFO     ── CV for VLDII_MotorSS (regression) ──
21:00:36  ccnEvaluation         INFO       X: (95, 384), y: (95,) (classes: [ 56.  67.  69.  70.  72.  75.  79.  81.  82.  84.  85.  88.  90.  93.
  94.  95.  96.  97. 100. 102. 104. 105. 106. 108. 111. 114. 121. 131.])
21:00:36  baselineEval.src.cross_validation  INFO     Regression CV: 2 models, 5×10 nested CV (50 total outer folds)
21:02:14  baselineEval.src.cross_validation  INFO       Saved: predictions_per_subject.csv
21:02:15  baselineEval.src.cross_validation  INFO       CV results: 100 rows → /srv/beegfs/scratch/shares/schaerm/schaer2/video_sam2_pose/humanLISBET-paper/baselineEval/results_stats_temporal_maxpool/embedding_temporal/regression/VLDII_MotorSS/cv_results.csv
21:02:15  baselineEval.src.cross_validation  INFO     
── Regression summary (VLDII_MotorSS) ──
model      rmse        r2  spearman_r
lasso 12.300171  0.000967    0.142848
 lgbm 13.067970 -0.140469    0.019412
21:02:15  ccnEvaluation         INFO     ── Held-out for VLDII_MotorSS (regression | embedding_temporal) ──
21:02:15  baselineEval.src.held_out  INFO     Best regression model: lasso (RMSE=12.3002 ± 1.3814)
21:02:16  baselineEval.src.held_out  INFO     Held-out regression (embedding_temporal | VLDII_MotorSS): model=lasso RMSE=12.336 [9.149, 15.435] R²=0.050 [-0.551, 0.123] ρ=0.244
21:02:18  baselineEval.src.plotting  INFO       Saved: shap_bar_top20.png and shap_beeswarm_top20.png
21:02:18  baselineEval.src.held_out  INFO     SHAP saved → /srv/beegfs/scratch/shares/schaerm/schaer2/video_sam2_pose/humanLISBET-paper/baselineEval/results_stats_temporal_maxpool/embedding_temporal/held_out/regression/VLDII_MotorSS/shap
21:02:18  ccnEvaluation         INFO     ── CV for VLDII_gmsVS (regression) ──
21:02:18  ccnEvaluation         INFO       X: (95, 384), y: (95,) (classes: [ 8.  9. 10. 11. 12. 13. 14. 15. 16. 17. 18. 22.])
21:02:18  baselineEval.src.cross_validation  INFO     Regression CV: 2 models, 5×10 nested CV (50 total outer folds)
21:03:54  baselineEval.src.cross_validation  INFO       Saved: predictions_per_subject.csv
21:03:54  baselineEval.src.cross_validation  INFO       CV results: 100 rows → /srv/beegfs/scratch/shares/schaerm/schaer2/video_sam2_pose/humanLISBET-paper/baselineEval/results_stats_temporal_maxpool/embedding_temporal/regression/VLDII_gmsVS/cv_results.csv
21:03:54  baselineEval.src.cross_validation  INFO     
── Regression summary (VLDII_gmsVS) ──
model     rmse        r2  spearman_r
lasso 2.109771 -0.006088    0.193310
 lgbm 2.223658 -0.120380    0.025384
21:03:54  ccnEvaluation         INFO     ── Held-out for VLDII_gmsVS (regression | embedding_temporal) ──
21:03:54  baselineEval.src.held_out  INFO     Best regression model: lasso (RMSE=2.1098 ± 0.3675)
21:03:55  baselineEval.src.held_out  INFO     Held-out regression (embedding_temporal | VLDII_gmsVS): model=lasso RMSE=1.851 [1.292, 2.348] R²=0.031 [-0.475, 0.090] ρ=0.220
21:03:57  baselineEval.src.plotting  INFO       Saved: shap_bar_top20.png and shap_beeswarm_top20.png
21:03:57  baselineEval.src.held_out  INFO     SHAP saved → /srv/beegfs/scratch/shares/schaerm/schaer2/video_sam2_pose/humanLISBET-paper/baselineEval/results_stats_temporal_maxpool/embedding_temporal/held_out/regression/VLDII_gmsVS/shap
21:03:57  ccnEvaluation         INFO     ── CV for VLDII_fmsVS (regression) ──
21:03:57  ccnEvaluation         INFO       X: (95, 384), y: (95,) (classes: [ 7.  8.  9. 10. 11. 12. 13. 14. 15. 16. 17. 18.])
21:03:57  baselineEval.src.cross_validation  INFO     Regression CV: 2 models, 5×10 nested CV (50 total outer folds)
21:05:33  baselineEval.src.cross_validation  INFO       Saved: predictions_per_subject.csv
21:05:33  baselineEval.src.cross_validation  INFO       CV results: 100 rows → /srv/beegfs/scratch/shares/schaerm/schaer2/video_sam2_pose/humanLISBET-paper/baselineEval/results_stats_temporal_maxpool/embedding_temporal/regression/VLDII_fmsVS/cv_results.csv
21:05:33  baselineEval.src.cross_validation  INFO     
── Regression summary (VLDII_fmsVS) ──
model     rmse        r2  spearman_r
lasso 2.477509 -0.036857    0.008871
 lgbm 2.517211 -0.073358    0.056761
21:05:33  ccnEvaluation         INFO     ── Held-out for VLDII_fmsVS (regression | embedding_temporal) ──
21:05:33  baselineEval.src.held_out  INFO     Best regression model: lasso (RMSE=2.4775 ± 0.2542)
/srv/beegfs/scratch/shares/schaerm/schaer2/video_sam2_pose/humanLISBET-paper/baselineEval/src/held_out.py:422: ConstantInputWarning: An input array is constant; the correlation coefficient is not defined.
  sp_r, _ = spearmanr(y_test, y_pred)
/srv/beegfs/scratch/shares/schaerm/schaer2/video_sam2_pose/humanLISBET-paper/baselineEval/src/held_out.py:423: ConstantInputWarning: An input array is constant; the correlation coefficient is not defined.
  pe_r, _ = pearsonr(y_test, y_pred)
21:05:34  baselineEval.src.held_out  INFO     Held-out regression (embedding_temporal | VLDII_fmsVS): model=lasso RMSE=2.495 [1.826, 3.138] R²=-0.013 [-0.555, -0.000] ρ=nan
21:05:36  baselineEval.src.plotting  INFO       Saved: shap_bar_top20.png and shap_beeswarm_top20.png
21:05:36  baselineEval.src.held_out  INFO     SHAP saved → /srv/beegfs/scratch/shares/schaerm/schaer2/video_sam2_pose/humanLISBET-paper/baselineEval/results_stats_temporal_maxpool/embedding_temporal/held_out/regression/VLDII_fmsVS/shap
21:05:36  ccnEvaluation         INFO     ── CV for VLDII_SocSS (regression) ──
21:05:36  ccnEvaluation         INFO       X: (95, 384), y: (95,) (classes: [ 59.  65.  66.  68.  70.  72.  74.  75.  76.  78.  79.  80.  81.  82.
  84.  86.  88.  89.  90.  91.  92.  94.  95.  96.  98. 100. 101. 102.
 105. 109. 111. 112. 114.])
21:05:36  baselineEval.src.cross_validation  INFO     Regression CV: 2 models, 5×10 nested CV (50 total outer folds)
21:07:13  baselineEval.src.cross_validation  INFO       Saved: predictions_per_subject.csv
21:07:13  baselineEval.src.cross_validation  INFO       CV results: 100 rows → /srv/beegfs/scratch/shares/schaerm/schaer2/video_sam2_pose/humanLISBET-paper/baselineEval/results_stats_temporal_maxpool/embedding_temporal/regression/VLDII_SocSS/cv_results.csv
21:07:13  baselineEval.src.cross_validation  INFO     
── Regression summary (VLDII_SocSS) ──
model      rmse        r2  spearman_r
lasso 11.576442  0.088781    0.421691
 lgbm 12.312471 -0.044079    0.249819
21:07:13  ccnEvaluation         INFO     ── Held-out for VLDII_SocSS (regression | embedding_temporal) ──
21:07:13  baselineEval.src.held_out  INFO     Best regression model: lasso (RMSE=11.5764 ± 1.0055)
21:07:14  baselineEval.src.held_out  INFO     Held-out regression (embedding_temporal | VLDII_SocSS): model=lasso RMSE=11.609 [8.906, 14.034] R²=0.114 [-0.239, 0.238] ρ=0.348
21:07:16  baselineEval.src.plotting  INFO       Saved: shap_bar_top20.png and shap_beeswarm_top20.png
21:07:16  baselineEval.src.held_out  INFO     SHAP saved → /srv/beegfs/scratch/shares/schaerm/schaer2/video_sam2_pose/humanLISBET-paper/baselineEval/results_stats_temporal_maxpool/embedding_temporal/held_out/regression/VLDII_SocSS/shap
21:07:16  ccnEvaluation         INFO     ── CV for VLDII_intVS (regression) ──
21:07:16  ccnEvaluation         INFO       X: (95, 384), y: (95,) (classes: [ 6.  8.  9. 10. 11. 12. 13. 14. 15. 16. 17. 18. 19. 20.])
21:07:16  baselineEval.src.cross_validation  INFO     Regression CV: 2 models, 5×10 nested CV (50 total outer folds)
21:08:53  baselineEval.src.cross_validation  INFO       Saved: predictions_per_subject.csv
21:08:53  baselineEval.src.cross_validation  INFO       CV results: 100 rows → /srv/beegfs/scratch/shares/schaerm/schaer2/video_sam2_pose/humanLISBET-paper/baselineEval/results_stats_temporal_maxpool/embedding_temporal/regression/VLDII_intVS/cv_results.csv
21:08:53  baselineEval.src.cross_validation  INFO     
── Regression summary (VLDII_intVS) ──
model     rmse       r2  spearman_r
lasso 2.534185 0.109967    0.509808
 lgbm 2.662364 0.001272    0.329511
21:08:53  ccnEvaluation         INFO     ── Held-out for VLDII_intVS (regression | embedding_temporal) ──
21:08:53  baselineEval.src.held_out  INFO     Best regression model: lasso (RMSE=2.5342 ± 0.2566)
21:08:53  baselineEval.src.held_out  INFO     Held-out regression (embedding_temporal | VLDII_intVS): model=lasso RMSE=2.868 [2.377, 3.334] R²=0.083 [-0.347, 0.196] ρ=0.287
21:08:55  baselineEval.src.plotting  INFO       Saved: shap_bar_top20.png and shap_beeswarm_top20.png
21:08:55  baselineEval.src.held_out  INFO     SHAP saved → /srv/beegfs/scratch/shares/schaerm/schaer2/video_sam2_pose/humanLISBET-paper/baselineEval/results_stats_temporal_maxpool/embedding_temporal/held_out/regression/VLDII_intVS/shap
21:08:55  ccnEvaluation         INFO     ── CV for VLDII_plaVS (regression) ──
21:08:55  ccnEvaluation         INFO       X: (95, 384), y: (95,) (classes: [ 7.  8.  9. 10. 11. 12. 13. 14. 15. 16. 17. 18. 19.])
21:08:55  baselineEval.src.cross_validation  INFO     Regression CV: 2 models, 5×10 nested CV (50 total outer folds)
21:10:32  baselineEval.src.cross_validation  INFO       Saved: predictions_per_subject.csv
21:10:32  baselineEval.src.cross_validation  INFO       CV results: 100 rows → /srv/beegfs/scratch/shares/schaerm/schaer2/video_sam2_pose/humanLISBET-paper/baselineEval/results_stats_temporal_maxpool/embedding_temporal/regression/VLDII_plaVS/cv_results.csv
21:10:32  baselineEval.src.cross_validation  INFO     
── Regression summary (VLDII_plaVS) ──
model     rmse        r2  spearman_r
lasso 2.514731  0.026332    0.292346
 lgbm 2.624193 -0.067621    0.176429
21:10:32  ccnEvaluation         INFO     ── Held-out for VLDII_plaVS (regression | embedding_temporal) ──
21:10:32  baselineEval.src.held_out  INFO     Best regression model: lasso (RMSE=2.5147 ± 0.2292)
21:10:33  baselineEval.src.held_out  INFO     Held-out regression (embedding_temporal | VLDII_plaVS): model=lasso RMSE=2.416 [1.835, 2.904] R²=0.089 [-0.287, 0.195] ρ=0.255
21:10:35  baselineEval.src.plotting  INFO       Saved: shap_bar_top20.png and shap_beeswarm_top20.png
21:10:35  baselineEval.src.held_out  INFO     SHAP saved → /srv/beegfs/scratch/shares/schaerm/schaer2/video_sam2_pose/humanLISBET-paper/baselineEval/results_stats_temporal_maxpool/embedding_temporal/held_out/regression/VLDII_plaVS/shap
21:10:35  ccnEvaluation         INFO     ── CV for VLDII_copVS (regression) ──
21:10:35  ccnEvaluation         INFO       X: (95, 384), y: (95,) (classes: [ 9. 10. 11. 12. 13. 14. 15. 16. 17.])
21:10:35  baselineEval.src.cross_validation  INFO     Regression CV: 2 models, 5×10 nested CV (50 total outer folds)
21:12:11  baselineEval.src.cross_validation  INFO       Saved: predictions_per_subject.csv
21:12:11  baselineEval.src.cross_validation  INFO       CV results: 100 rows → /srv/beegfs/scratch/shares/schaerm/schaer2/video_sam2_pose/humanLISBET-paper/baselineEval/results_stats_temporal_maxpool/embedding_temporal/regression/VLDII_copVS/cv_results.csv
21:12:11  baselineEval.src.cross_validation  INFO     
── Regression summary (VLDII_copVS) ──
model     rmse        r2  spearman_r
lasso 2.127879 -0.092796    0.072467
 lgbm 2.070252 -0.036844    0.202200
21:12:11  ccnEvaluation         INFO     ── Held-out for VLDII_copVS (regression | embedding_temporal) ──
21:12:11  baselineEval.src.held_out  INFO     Best regression model: lgbm (RMSE=2.0703 ± 0.2312)
21:12:12  baselineEval.src.held_out  INFO     Held-out regression (embedding_temporal | VLDII_copVS): model=lgbm RMSE=1.810 [1.343, 2.260] R²=-0.184 [-0.956, 0.086] ρ=-0.011
21:12:14  baselineEval.src.plotting  INFO       Saved: shap_bar_top20.png and shap_beeswarm_top20.png
21:12:14  baselineEval.src.held_out  INFO     SHAP saved → /srv/beegfs/scratch/shares/schaerm/schaer2/video_sam2_pose/humanLISBET-paper/baselineEval/results_stats_temporal_maxpool/embedding_temporal/held_out/regression/VLDII_copVS/shap
21:12:14  ccnEvaluation         INFO     ── CV for VLDII_DaiSS (regression) ──
21:12:14  ccnEvaluation         INFO       X: (95, 384), y: (95,) (classes: [ 53.  62.  65.  67.  69.  71.  73.  75.  77.  78.  80.  81.  82.  83.
  86.  87.  89.  91.  93.  95.  96.  98. 100. 101. 102. 103. 104. 105.
 107. 109. 111. 113. 115. 118. 121.])
21:12:14  baselineEval.src.cross_validation  INFO     Regression CV: 2 models, 5×10 nested CV (50 total outer folds)
21:13:52  baselineEval.src.cross_validation  INFO       Saved: predictions_per_subject.csv
21:13:52  baselineEval.src.cross_validation  INFO       CV results: 100 rows → /srv/beegfs/scratch/shares/schaerm/schaer2/video_sam2_pose/humanLISBET-paper/baselineEval/results_stats_temporal_maxpool/embedding_temporal/regression/VLDII_DaiSS/cv_results.csv
21:13:52  baselineEval.src.cross_validation  INFO     
── Regression summary (VLDII_DaiSS) ──
model      rmse        r2  spearman_r
lasso 13.563196  0.007411    0.252505
 lgbm 13.925540 -0.050378    0.204854
21:13:52  ccnEvaluation         INFO     ── Held-out for VLDII_DaiSS (regression | embedding_temporal) ──
21:13:52  baselineEval.src.held_out  INFO     Best regression model: lasso (RMSE=13.5632 ± 1.6381)
21:13:53  baselineEval.src.held_out  INFO     Held-out regression (embedding_temporal | VLDII_DaiSS): model=lasso RMSE=13.745 [9.760, 17.534] R²=0.102 [-0.277, 0.227] ρ=0.415
21:13:55  baselineEval.src.plotting  INFO       Saved: shap_bar_top20.png and shap_beeswarm_top20.png
21:13:55  baselineEval.src.held_out  INFO     SHAP saved → /srv/beegfs/scratch/shares/schaerm/schaer2/video_sam2_pose/humanLISBET-paper/baselineEval/results_stats_temporal_maxpool/embedding_temporal/held_out/regression/VLDII_DaiSS/shap
21:13:55  ccnEvaluation         INFO     ── CV for VLDII_perVS (regression) ──
21:13:55  ccnEvaluation         INFO       X: (95, 384), y: (95,) (classes: [ 7.  8.  9. 10. 11. 12. 13. 14. 15. 16. 17. 18.])
21:13:55  baselineEval.src.cross_validation  INFO     Regression CV: 2 models, 5×10 nested CV (50 total outer folds)
21:15:31  baselineEval.src.cross_validation  INFO       Saved: predictions_per_subject.csv
21:15:31  baselineEval.src.cross_validation  INFO       CV results: 100 rows → /srv/beegfs/scratch/shares/schaerm/schaer2/video_sam2_pose/humanLISBET-paper/baselineEval/results_stats_temporal_maxpool/embedding_temporal/regression/VLDII_perVS/cv_results.csv
21:15:31  baselineEval.src.cross_validation  INFO     
── Regression summary (VLDII_perVS) ──
model     rmse        r2  spearman_r
lasso 2.714871 -0.016298    0.214972
 lgbm 2.771134 -0.063369    0.154849
21:15:31  ccnEvaluation         INFO     ── Held-out for VLDII_perVS (regression | embedding_temporal) ──
21:15:31  baselineEval.src.held_out  INFO     Best regression model: lasso (RMSE=2.7149 ± 0.2895)
21:15:32  baselineEval.src.held_out  INFO     Held-out regression (embedding_temporal | VLDII_perVS): model=lasso RMSE=2.289 [1.802, 2.722] R²=0.094 [-0.289, 0.164] ρ=0.541
21:15:34  baselineEval.src.plotting  INFO       Saved: shap_bar_top20.png and shap_beeswarm_top20.png
21:15:34  baselineEval.src.held_out  INFO     SHAP saved → /srv/beegfs/scratch/shares/schaerm/schaer2/video_sam2_pose/humanLISBET-paper/baselineEval/results_stats_temporal_maxpool/embedding_temporal/held_out/regression/VLDII_perVS/shap
21:15:34  ccnEvaluation         INFO     ── CV for VLDII_comVS (regression) ──
21:15:34  ccnEvaluation         INFO       X: (95, 384), y: (95,) (classes: [ 7. 10. 11. 12. 13. 14. 15. 16. 17. 18. 20.])
21:15:34  baselineEval.src.cross_validation  INFO     Regression CV: 2 models, 5×10 nested CV (50 total outer folds)
21:17:11  baselineEval.src.cross_validation  INFO       Saved: predictions_per_subject.csv
21:17:11  baselineEval.src.cross_validation  INFO       CV results: 100 rows → /srv/beegfs/scratch/shares/schaerm/schaer2/video_sam2_pose/humanLISBET-paper/baselineEval/results_stats_temporal_maxpool/embedding_temporal/regression/VLDII_comVS/cv_results.csv
21:17:11  baselineEval.src.cross_validation  INFO     
── Regression summary (VLDII_comVS) ──
model     rmse       r2  spearman_r
lasso 2.140941 0.098281    0.416968
 lgbm 2.167722 0.071608    0.390614
21:17:11  ccnEvaluation         INFO     ── Held-out for VLDII_comVS (regression | embedding_temporal) ──
21:17:11  baselineEval.src.held_out  INFO     Best regression model: lasso (RMSE=2.1409 ± 0.2577)
21:17:11  baselineEval.src.held_out  INFO     Held-out regression (embedding_temporal | VLDII_comVS): model=lasso RMSE=3.004 [1.823, 4.042] R²=-0.078 [-0.583, 0.177] ρ=-0.060
21:17:13  baselineEval.src.plotting  INFO       Saved: shap_bar_top20.png and shap_beeswarm_top20.png
21:17:13  baselineEval.src.held_out  INFO     SHAP saved → /srv/beegfs/scratch/shares/schaerm/schaer2/video_sam2_pose/humanLISBET-paper/baselineEval/results_stats_temporal_maxpool/embedding_temporal/held_out/regression/VLDII_comVS/shap
21:17:13  ccnEvaluation         INFO     ── CV for VLDII_domVS (regression) ──
21:17:13  ccnEvaluation         INFO       X: (95, 384), y: (95,) (classes: [ 9. 10. 11. 12. 13. 14. 15. 16. 17. 18. 19. 20. 22.])
21:17:13  baselineEval.src.cross_validation  INFO     Regression CV: 2 models, 5×10 nested CV (50 total outer folds)
21:18:50  baselineEval.src.cross_validation  INFO       Saved: predictions_per_subject.csv
21:18:50  baselineEval.src.cross_validation  INFO       CV results: 100 rows → /srv/beegfs/scratch/shares/schaerm/schaer2/video_sam2_pose/humanLISBET-paper/baselineEval/results_stats_temporal_maxpool/embedding_temporal/regression/VLDII_domVS/cv_results.csv
21:18:50  baselineEval.src.cross_validation  INFO     
── Regression summary (VLDII_domVS) ──
model     rmse        r2  spearman_r
lasso 2.746160  0.011964    0.231256
 lgbm 2.881726 -0.096480    0.114222
21:18:50  ccnEvaluation         INFO     ── Held-out for VLDII_domVS (regression | embedding_temporal) ──
21:18:50  baselineEval.src.held_out  INFO     Best regression model: lasso (RMSE=2.7462 ± 0.1784)
21:18:50  baselineEval.src.held_out  INFO     Held-out regression (embedding_temporal | VLDII_domVS): model=lasso RMSE=2.902 [1.930, 3.803] R²=0.045 [-0.478, 0.142] ρ=0.551
21:18:52  baselineEval.src.plotting  INFO       Saved: shap_bar_top20.png and shap_beeswarm_top20.png
21:18:52  baselineEval.src.held_out  INFO     SHAP saved → /srv/beegfs/scratch/shares/schaerm/schaer2/video_sam2_pose/humanLISBET-paper/baselineEval/results_stats_temporal_maxpool/embedding_temporal/held_out/regression/VLDII_domVS/shap
21:18:52  ccnEvaluation         INFO     ── CV for VLDII_ComSS (regression) ──
21:18:52  ccnEvaluation         INFO       X: (95, 384), y: (95,) (classes: [ 44.  52.  54.  58.  59.  61.  63.  64.  65.  66.  69.  71.  72.  73.
  74.  76.  79.  80.  81.  84.  85.  86.  89.  90.  91.  93.  95.  97.
 100. 101. 102. 103. 104. 105. 107. 108. 110. 112. 113. 116. 118. 121.
 122. 125.])
21:18:52  baselineEval.src.cross_validation  INFO     Regression CV: 2 models, 5×10 nested CV (50 total outer folds)
21:20:30  baselineEval.src.cross_validation  INFO       Saved: predictions_per_subject.csv
21:20:30  baselineEval.src.cross_validation  INFO       CV results: 100 rows → /srv/beegfs/scratch/shares/schaerm/schaer2/video_sam2_pose/humanLISBET-paper/baselineEval/results_stats_temporal_maxpool/embedding_temporal/regression/VLDII_ComSS/cv_results.csv
21:20:30  baselineEval.src.cross_validation  INFO     
── Regression summary (VLDII_ComSS) ──
model      rmse       r2  spearman_r
lasso 18.482897 0.073603     0.37413
 lgbm 18.601325 0.055625     0.33284
21:20:30  ccnEvaluation         INFO     ── Held-out for VLDII_ComSS (regression | embedding_temporal) ──
21:20:30  baselineEval.src.held_out  INFO     Best regression model: lasso (RMSE=18.4829 ± 1.2164)
21:20:31  baselineEval.src.held_out  INFO     Held-out regression (embedding_temporal | VLDII_ComSS): model=lasso RMSE=20.948 [16.118, 25.285] R²=0.072 [-0.455, 0.244] ρ=0.132
21:20:32  baselineEval.src.plotting  INFO       Saved: shap_bar_top20.png and shap_beeswarm_top20.png
21:20:32  baselineEval.src.held_out  INFO     SHAP saved → /srv/beegfs/scratch/shares/schaerm/schaer2/video_sam2_pose/humanLISBET-paper/baselineEval/results_stats_temporal_maxpool/embedding_temporal/held_out/regression/VLDII_ComSS/shap
21:20:32  ccnEvaluation         INFO     ── CV for VLDII_expVS (regression) ──
21:20:32  ccnEvaluation         INFO       X: (95, 384), y: (95,) (classes: [ 6.  7.  8.  9. 10. 11. 12. 13. 14. 15. 16. 17. 18. 19. 20.])
21:20:32  baselineEval.src.cross_validation  INFO     Regression CV: 2 models, 5×10 nested CV (50 total outer folds)
21:22:09  baselineEval.src.cross_validation  INFO       Saved: predictions_per_subject.csv
21:22:09  baselineEval.src.cross_validation  INFO       CV results: 100 rows → /srv/beegfs/scratch/shares/schaerm/schaer2/video_sam2_pose/humanLISBET-paper/baselineEval/results_stats_temporal_maxpool/embedding_temporal/regression/VLDII_expVS/cv_results.csv
21:22:09  baselineEval.src.cross_validation  INFO     
── Regression summary (VLDII_expVS) ──
model     rmse       r2  spearman_r
lasso 3.524327 0.060357    0.319377
 lgbm 3.553168 0.034166    0.326522
21:22:09  ccnEvaluation         INFO     ── Held-out for VLDII_expVS (regression | embedding_temporal) ──
21:22:09  baselineEval.src.held_out  INFO     Best regression model: lasso (RMSE=3.5243 ± 0.2462)
21:22:10  baselineEval.src.held_out  INFO     Held-out regression (embedding_temporal | VLDII_expVS): model=lasso RMSE=3.427 [2.605, 4.223] R²=0.116 [-0.370, 0.278] ρ=0.250
21:22:12  baselineEval.src.plotting  INFO       Saved: shap_bar_top20.png and shap_beeswarm_top20.png
21:22:12  baselineEval.src.held_out  INFO     SHAP saved → /srv/beegfs/scratch/shares/schaerm/schaer2/video_sam2_pose/humanLISBET-paper/baselineEval/results_stats_temporal_maxpool/embedding_temporal/held_out/regression/VLDII_expVS/shap
21:22:12  ccnEvaluation         INFO     ── CV for VLDII_recVS (regression) ──
21:22:12  ccnEvaluation         INFO       X: (95, 384), y: (95,) (classes: [ 3.  5.  6.  7.  8.  9. 10. 11. 12. 13. 14. 15. 16. 17. 18. 19. 20. 21.])
21:22:12  baselineEval.src.cross_validation  INFO     Regression CV: 2 models, 5×10 nested CV (50 total outer folds)
21:23:49  baselineEval.src.cross_validation  INFO       Saved: predictions_per_subject.csv
21:23:49  baselineEval.src.cross_validation  INFO       CV results: 100 rows → /srv/beegfs/scratch/shares/schaerm/schaer2/video_sam2_pose/humanLISBET-paper/baselineEval/results_stats_temporal_maxpool/embedding_temporal/regression/VLDII_recVS/cv_results.csv
21:23:49  baselineEval.src.cross_validation  INFO     
── Regression summary (VLDII_recVS) ──
model     rmse      r2  spearman_r
lasso 3.922484 0.03354    0.370685
 lgbm 3.814963 0.08236    0.387288
21:23:49  ccnEvaluation         INFO     ── Held-out for VLDII_recVS (regression | embedding_temporal) ──
21:23:49  baselineEval.src.held_out  INFO     Best regression model: lgbm (RMSE=3.8150 ± 0.5431)
21:23:49  baselineEval.src.held_out  INFO     Held-out regression (embedding_temporal | VLDII_recVS): model=lgbm RMSE=4.003 [3.136, 4.834] R²=0.245 [-0.297, 0.471] ρ=0.515
21:23:51  baselineEval.src.plotting  INFO       Saved: shap_bar_top20.png and shap_beeswarm_top20.png
21:23:51  baselineEval.src.held_out  INFO     SHAP saved → /srv/beegfs/scratch/shares/schaerm/schaer2/video_sam2_pose/humanLISBET-paper/baselineEval/results_stats_temporal_maxpool/embedding_temporal/held_out/regression/VLDII_recVS/shap
21:23:51  ccnEvaluation         INFO     ── CV for MSEL_TOTAL_DQ (regression) ──
21:23:51  ccnEvaluation         INFO       X: (100, 384), y: (100,) (classes: [ 18.02469136  32.43483412  34.59785415  38.08884914  38.95032984
  40.09469697  40.66399287  41.7597914   48.35352006  48.38185274
  48.56808071  49.32034527  52.60163835  52.78815173  53.41769972
  54.6043883   54.66514664  55.9129902   57.80945419  58.00856827
  58.01880411  58.49358974  60.55385401  60.73988735  61.21267952
  61.65540541  62.6717033   64.54699612  64.58014537  65.85307734
  66.03346902  66.56582561  67.46408956  68.67474001  69.12878788
  69.58887965  70.42091476  70.5832302   71.22161779  72.65127389
  72.74744284  73.39929215  73.55044202  73.63718709  74.37652068
  76.23385285  77.89159198  78.63298081  79.93217054  79.97485632
  80.39067013  81.47321429  82.45481928  83.44764518  83.72463299
  88.69235986  88.94106636  91.04190422  91.67078393  92.86194316
  92.9187448   93.08301946  94.84225533  95.62583836  96.63388805
  97.48931624  98.02617856 102.9518543  103.811149   107.0353937
 107.8029726  108.1764296  108.385181   108.6309524  108.7338226
 109.0520026  109.52137    111.8651489  112.1257819  112.192623
 112.5198886  112.8090659  112.8284389  113.5791843  115.0573568
 116.0376082  116.1326915  118.2653171  119.351962   120.5538618
 121.574912   125.622437   128.0608788  130.5093403  130.8806655
 132.3244751  135.4820159  139.7760116  149.1013072  149.4299051 ])
21:23:51  baselineEval.src.cross_validation  INFO     Regression CV: 2 models, 5×10 nested CV (50 total outer folds)
21:25:34  baselineEval.src.cross_validation  INFO       Saved: predictions_per_subject.csv
21:25:34  baselineEval.src.cross_validation  INFO       CV results: 100 rows → /srv/beegfs/scratch/shares/schaerm/schaer2/video_sam2_pose/humanLISBET-paper/baselineEval/results_stats_temporal_maxpool/embedding_temporal/regression/MSEL_TOTAL_DQ/cv_results.csv
21:25:34  baselineEval.src.cross_validation  INFO     
── Regression summary (MSEL_TOTAL_DQ) ──
model      rmse       r2  spearman_r
lasso 25.889648 0.195207    0.497895
 lgbm 26.908902 0.122896    0.414195
21:25:34  ccnEvaluation         INFO     ── Held-out for MSEL_TOTAL_DQ (regression | embedding_temporal) ──
21:25:34  baselineEval.src.held_out  INFO     Best regression model: lasso (RMSE=25.8896 ± 2.7125)
21:25:34  baselineEval.src.held_out  INFO     Held-out regression (embedding_temporal | MSEL_TOTAL_DQ): model=lasso RMSE=31.377 [23.484, 38.874] R²=0.093 [-0.474, 0.294] ρ=0.252
21:25:36  baselineEval.src.plotting  INFO       Saved: shap_bar_top20.png and shap_beeswarm_top20.png
21:25:36  baselineEval.src.held_out  INFO     SHAP saved → /srv/beegfs/scratch/shares/schaerm/schaer2/video_sam2_pose/humanLISBET-paper/baselineEval/results_stats_temporal_maxpool/embedding_temporal/held_out/regression/MSEL_TOTAL_DQ/shap
21:25:36  ccnEvaluation         INFO     ── CV for MSEL_FM_DQ (regression) ──
21:25:36  ccnEvaluation         INFO       X: (100, 384), y: (100,) (classes: [ 18.02469136  46.4649432   48.97137746  50.05646983  54.38484461
  55.25934702  55.26116578  55.3030303   59.06148867  60.89132507
  63.6627907   63.73690338  64.77896096  65.16194848  65.41218638
  65.72629052  69.06338694  69.12878788  69.33210784  70.91968912
  73.53479853  75.06258941  75.18022657  75.486618    75.66334992
  75.86923658  75.90612002  75.91514143  77.07927225  77.89159198
  78.29257829  79.43695591  79.91242474  80.18453427  80.89539007
  80.95690748  82.62072435  82.81765677  83.43724023  83.84379786
  83.94209957  85.6233244   85.79059829  85.92278719  87.62002743
  87.84596871  87.86462758  87.98209366  89.15229885  90.64569536
  90.75497288  90.7960199   92.60343482  92.99363057  93.43003413
  93.95109395  95.05208333  95.38327526  96.20155039  96.63388805
  96.66313559  97.1113645   97.65160523  97.76785714  98.45857418
  98.95429899  98.97788903  99.40087146  99.64898596 102.1903821
 102.8432377  103.6931818  103.811149   104.7045324  105.1267281
 105.4303871  106.1046512  106.538237   107.1589883  108.1764296
 108.201581   108.6309524  109.939759   111.4163614  111.6891065
 112.258348   112.5198886  113.5687229  114.1644325  115.1790314
 119.8555166  120.5538618  121.1819389  121.197515   121.574912
 122.124634   122.1456693  122.8956229  123.8687783  143.1372549 ])
21:25:36  baselineEval.src.cross_validation  INFO     Regression CV: 2 models, 5×10 nested CV (50 total outer folds)
21:27:18  baselineEval.src.cross_validation  INFO       Saved: predictions_per_subject.csv
21:27:18  baselineEval.src.cross_validation  INFO       CV results: 100 rows → /srv/beegfs/scratch/shares/schaerm/schaer2/video_sam2_pose/humanLISBET-paper/baselineEval/results_stats_temporal_maxpool/embedding_temporal/regression/MSEL_FM_DQ/cv_results.csv
21:27:18  baselineEval.src.cross_validation  INFO     
── Regression summary (MSEL_FM_DQ) ──
model      rmse       r2  spearman_r
lasso 20.457760 0.056620    0.321467
 lgbm 20.696343 0.031228    0.294376
21:27:18  ccnEvaluation         INFO     ── Held-out for MSEL_FM_DQ (regression | embedding_temporal) ──
21:27:18  baselineEval.src.held_out  INFO     Best regression model: lasso (RMSE=20.4578 ± 2.5154)
21:27:19  baselineEval.src.held_out  INFO     Held-out regression (embedding_temporal | MSEL_FM_DQ): model=lasso RMSE=22.488 [14.885, 29.042] R²=-0.060 [-0.683, 0.254] ρ=0.137
21:27:21  baselineEval.src.plotting  INFO       Saved: shap_bar_top20.png and shap_beeswarm_top20.png
21:27:21  baselineEval.src.held_out  INFO     SHAP saved → /srv/beegfs/scratch/shares/schaerm/schaer2/video_sam2_pose/humanLISBET-paper/baselineEval/results_stats_temporal_maxpool/embedding_temporal/held_out/regression/MSEL_FM_DQ/shap
21:27:21  ccnEvaluation         INFO     ── CV for MSEL_VR_DQ (regression) ──
21:27:21  ccnEvaluation         INFO       X: (100, 384), y: (100,) (classes: [ 24.78395062  38.27847693  40.84386519  44.24242424  48.97137746
  55.48645661  56.65502522  56.92959002  62.16881151  62.75283172
  64.71631206  65.27181688  65.72629052  66.12318841  66.69049889
  67.74833589  69.92337165  70.46332046  70.66795741  71.15009747
  72.16608084  73.80514706  73.80800341  75.41322314  76.86522262
  77.69631031  77.99145299  78.31273601  78.41474446  78.6637931
  79.18580909  79.31783825  80.21978022  83.77964805  84.0389186
  84.56192081  84.81797057  84.88372093  85.28037383  87.43066062
  88.66708914  89.11889597  89.35566001  89.46078431  89.57533077
  89.615829    90.15860634  92.33630952  93.50512357  93.81764069
  94.1109736   94.6140553   96.17918314  96.20155039  97.93244949
  98.97788903 100.5796275  102.1289538  103.2884465  104.0746873
 104.3095565  106.0098302  106.3795337  108.127254   109.5515537
 110.1055807  110.1609658  110.297536   111.6891065  113.7780549
 114.2017705  114.5637163  115.3090847  116.9871795  118.5064935
 121.4642263  123.6822289  124.5733788  125.1905488  125.2213369
 129.0167095  130.7503771  133.1727963  133.6408905  133.8188664
 134.9544937  135.1851852  136.0094851  136.515748   146.7828418
 147.3675711  148.8166269  148.8393977  151.821572   153.0708874
 158.9721254  159.8073555  175.8188825  192.7226814 ])
21:27:21  baselineEval.src.cross_validation  INFO     Regression CV: 2 models, 5×10 nested CV (50 total outer folds)
21:29:04  baselineEval.src.cross_validation  INFO       Saved: predictions_per_subject.csv
21:29:04  baselineEval.src.cross_validation  INFO       CV results: 100 rows → /srv/beegfs/scratch/shares/schaerm/schaer2/video_sam2_pose/humanLISBET-paper/baselineEval/results_stats_temporal_maxpool/embedding_temporal/regression/MSEL_VR_DQ/cv_results.csv
21:29:04  baselineEval.src.cross_validation  INFO     
── Regression summary (MSEL_VR_DQ) ──
model      rmse        r2  spearman_r
lasso 30.062444  0.073319    0.372453
 lgbm 31.418577 -0.023139    0.274736
21:29:04  ccnEvaluation         INFO     ── Held-out for MSEL_VR_DQ (regression | embedding_temporal) ──
21:29:04  baselineEval.src.held_out  INFO     Best regression model: lasso (RMSE=30.0624 ± 3.7110)
21:29:05  baselineEval.src.held_out  INFO     Held-out regression (embedding_temporal | MSEL_VR_DQ): model=lasso RMSE=30.050 [22.875, 36.340] R²=0.201 [-0.156, 0.322] ρ=0.485
21:29:07  baselineEval.src.plotting  INFO       Saved: shap_bar_top20.png and shap_beeswarm_top20.png
21:29:07  baselineEval.src.held_out  INFO     SHAP saved → /srv/beegfs/scratch/shares/schaerm/schaer2/video_sam2_pose/humanLISBET-paper/baselineEval/results_stats_temporal_maxpool/embedding_temporal/held_out/regression/MSEL_VR_DQ/shap
21:29:07  ccnEvaluation         INFO     ── CV for MSEL_LR_DQ (regression) ──
21:29:07  ccnEvaluation         INFO       X: (100, 384), y: (100,) (classes: [  3.88463176   4.06639929   6.75925926   9.87554113  12.01290153
  16.59090909  18.70972466  20.22384752  20.94811754  21.24563446
  25.56022409  26.50048403  28.99586908  29.92695289  32.38948048
  32.63590844  35.30956329  37.26391016  38.9957265   40.25735294
  40.48807543  43.06091806  44.2961165   44.83182162  46.05097149
  46.79487179  47.45189808  48.93770627  50.11618082  50.37154989
  52.84749035  53.52588625  53.65219358  54.90373045  59.29174789
  59.55070281  62.02209006  62.16545012  62.65018881  63.07603687
  64.61056645  64.9288451   66.12318841  66.75811614  70.61011905
  70.91968912  71.94102807  73.19518717  74.25406872  76.30178639
  76.39534884  77.74980635  77.81007752  77.89159198  78.6637931
  79.07279029  79.43695591  80.19460138  82.52583979  83.43724023
  83.56227106  84.15678524  87.60560676  91.80080483  96.34238311
  96.50411281 102.7847309  104.0746873  105.9596995  107.2715207
 108.1764296  108.8902148  110.0871314  115.4120767  115.9171748
 116.9871795  117.5351288  118.5064935  119.2178672  119.8802164
 120.1122726  120.9753788  121.1819389  122.3190349  122.5189726
 124.5733788  126.9356955  127.766486   128.1288156  130.2021403
 130.5093403  132.9263068  138.2575758  142.6500252  144.1714836
 144.3321617  147.1132898  148.8393977  153.6195286  157.0567986 ])
21:29:07  baselineEval.src.cross_validation  INFO     Regression CV: 2 models, 5×10 nested CV (50 total outer folds)
21:30:49  baselineEval.src.cross_validation  INFO       Saved: predictions_per_subject.csv
21:30:49  baselineEval.src.cross_validation  INFO       CV results: 100 rows → /srv/beegfs/scratch/shares/schaerm/schaer2/video_sam2_pose/humanLISBET-paper/baselineEval/results_stats_temporal_maxpool/embedding_temporal/regression/MSEL_LR_DQ/cv_results.csv
21:30:49  baselineEval.src.cross_validation  INFO     
── Regression summary (MSEL_LR_DQ) ──
model      rmse       r2  spearman_r
lasso 35.516647 0.211526    0.503368
 lgbm 38.099521 0.087681    0.385414
21:30:49  ccnEvaluation         INFO     ── Held-out for MSEL_LR_DQ (regression | embedding_temporal) ──
21:30:49  baselineEval.src.held_out  INFO     Best regression model: lasso (RMSE=35.5166 ± 3.1755)
21:30:50  baselineEval.src.held_out  INFO     Held-out regression (embedding_temporal | MSEL_LR_DQ): model=lasso RMSE=43.838 [31.956, 55.871] R²=0.066 [-0.568, 0.352] ρ=0.147
21:30:52  baselineEval.src.plotting  INFO       Saved: shap_bar_top20.png and shap_beeswarm_top20.png
21:30:52  baselineEval.src.held_out  INFO     SHAP saved → /srv/beegfs/scratch/shares/schaerm/schaer2/video_sam2_pose/humanLISBET-paper/baselineEval/results_stats_temporal_maxpool/embedding_temporal/held_out/regression/MSEL_LR_DQ/shap
21:30:52  ccnEvaluation         INFO     ── CV for MSEL_LE_DQ (regression) ──
21:30:52  ccnEvaluation         INFO       X: (100, 384), y: (100,) (classes: [  9.94008715  14.16375631  17.66698935  21.62322275  22.5308642
  23.71669916  24.48568873  29.32736455  29.93313147  31.1965812
  31.83139535  32.5311943   34.96168582  35.3339787   36.51460584
  36.64658635  37.69462981  40.09226714  40.25735294  40.48807543
  41.27091814  41.92189893  43.37492573  44.24242424  44.2961165
  44.43993506  44.83182162  45.69027182  46.51656754  46.72299027
  47.44367418  50.11618082  50.12015105  50.13736264  50.93023256
  52.58200355  54.8048048   55.8530987   56.46658416  56.94227769
  57.72506083  58.12101911  59.82097832  59.93431856  60.11198946
  61.49957877  65.17857143  65.57490326  66.18574582  66.20785318
  69.12878788  69.55030488  71.37484958  72.66780432  73.41954023
  75.10288066  76.33526384  77.99145299  78.1455863   79.85282418
  80.57395143  81.54602324  82.20720721  83.94209957  84.10138249
  85.23058961  86.67962003  89.35128519  89.92073693  90.17483846
  91.02244389  91.36420526  91.65097301  93.77792672  94.24218952
  96.25527426  96.94555113  97.92085848 100.2099483  100.2747253
 103.2239819  106.0553231  108.127254   109.939759   111.2804878
 111.8651489  112.258348   114.1922639  115.7352358  116.9871795
 120.9753788  122.124634   124.6584699  128.4817876  128.8841808
 137.775842   140.655106   143.7007874  170.9694989 ])
21:30:52  baselineEval.src.cross_validation  INFO     Regression CV: 2 models, 5×10 nested CV (50 total outer folds)
21:32:34  baselineEval.src.cross_validation  INFO       Saved: predictions_per_subject.csv
21:32:34  baselineEval.src.cross_validation  INFO       CV results: 100 rows → /srv/beegfs/scratch/shares/schaerm/schaer2/video_sam2_pose/humanLISBET-paper/baselineEval/results_stats_temporal_maxpool/embedding_temporal/regression/MSEL_LE_DQ/cv_results.csv
21:32:34  baselineEval.src.cross_validation  INFO     
── Regression summary (MSEL_LE_DQ) ──
model      rmse       r2  spearman_r
lasso 30.504439 0.174008    0.468844
 lgbm 31.307563 0.128409    0.441099
21:32:34  ccnEvaluation         INFO     ── Held-out for MSEL_LE_DQ (regression | embedding_temporal) ──
21:32:34  baselineEval.src.held_out  INFO     Best regression model: lasso (RMSE=30.5044 ± 3.4645)
21:32:35  baselineEval.src.held_out  INFO     Held-out regression (embedding_temporal | MSEL_LE_DQ): model=lasso RMSE=35.678 [26.320, 45.007] R²=0.090 [-0.628, 0.339] ρ=0.294
21:32:37  baselineEval.src.plotting  INFO       Saved: shap_bar_top20.png and shap_beeswarm_top20.png
21:32:37  baselineEval.src.held_out  INFO     SHAP saved → /srv/beegfs/scratch/shares/schaerm/schaer2/video_sam2_pose/humanLISBET-paper/baselineEval/results_stats_temporal_maxpool/embedding_temporal/held_out/regression/MSEL_LE_DQ/shap
21:32:37  ccnEvaluation         INFO     ── CV for MSEL_NV_DQ (regression) ──
21:32:37  ccnEvaluation         INFO       X: (100, 384), y: (100,) (classes: [ 21.40432099  44.16747338  48.05160611  48.97137746  49.77272727
  58.71498864  60.1959643   60.90716019  63.02918895  63.79091198
  64.09642401  65.57490326  65.72629052  66.58026114  67.72345918
  67.91030161  70.16720315  71.56862745  72.80585106  73.37984863
  74.11468486  74.27325581  74.37794938  74.47079827  74.91789819
  76.17530756  76.74648129  76.87728938  77.59353741  79.97251931
  81.51480347  81.6976584   81.89102564  81.99943836  82.20720721
  82.35559567  83.73346137  83.90804598  84.15678524  84.60538218
  84.81199831  86.57250071  88.46431518  88.6496114   88.80778589
  88.87987013  91.05626327  91.88613478  92.03227433  92.13004822
  94.43082789  94.90379615  95.05208333  95.96479195  96.20155039
  96.39084507  96.49226641  97.36019132  97.52310803  97.94594067
  98.60764755  98.68968386  98.84549601  98.97788903  99.87039171
 100.2432517  102.1903821  103.1073446  109.0017065  109.0761612
 109.2369828  110.0871314  111.4163614  111.6531427  111.6891065
 114.2017705  115.7352358  116.0376082  116.2030831  116.810994
 116.9871795  119.3828214  119.8555166  121.5842367  122.8722053
 122.9496192  123.2016379  125.1071123  126.1626445  126.7361111
 127.1777003  128.2630522  128.3820346  129.3307087  130.6682578
 135.4820159  137.1387283  139.16122    139.8314361  157.8091521 ])
21:32:37  baselineEval.src.cross_validation  INFO     Regression CV: 2 models, 5×10 nested CV (50 total outer folds)
21:34:20  baselineEval.src.cross_validation  INFO       Saved: predictions_per_subject.csv
21:34:20  baselineEval.src.cross_validation  INFO       CV results: 100 rows → /srv/beegfs/scratch/shares/schaerm/schaer2/video_sam2_pose/humanLISBET-paper/baselineEval/results_stats_temporal_maxpool/embedding_temporal/regression/MSEL_NV_DQ/cv_results.csv
21:34:20  baselineEval.src.cross_validation  INFO     
── Regression summary (MSEL_NV_DQ) ──
model      rmse       r2  spearman_r
lasso 23.648776 0.072259    0.346679
 lgbm 23.492797 0.077427    0.348602
21:34:20  ccnEvaluation         INFO     ── Held-out for MSEL_NV_DQ (regression | embedding_temporal) ──
21:34:20  baselineEval.src.held_out  INFO     Best regression model: lgbm (RMSE=23.4928 ± 3.2001)
21:34:21  baselineEval.src.held_out  INFO     Held-out regression (embedding_temporal | MSEL_NV_DQ): model=lgbm RMSE=25.504 [18.548, 31.759] R²=0.037 [-0.541, 0.325] ρ=0.225
21:34:23  baselineEval.src.plotting  INFO       Saved: shap_bar_top20.png and shap_beeswarm_top20.png
21:34:23  baselineEval.src.held_out  INFO     SHAP saved → /srv/beegfs/scratch/shares/schaerm/schaer2/video_sam2_pose/humanLISBET-paper/baselineEval/results_stats_temporal_maxpool/embedding_temporal/held_out/regression/MSEL_NV_DQ/shap
21:34:23  ccnEvaluation         INFO     ── CV for MSEL_V_DQ (regression) ──
21:34:23  ccnEvaluation         INFO       X: (100, 384), y: (100,) (classes: [ 14.64506173  16.81806214  17.70469538  18.29879679  19.42315879
  25.02823491  25.13774105  27.1577381   27.20632081  29.4009959
  30.41666667  30.91723136  31.03741497  33.34524944  35.09615385
  36.40292553  37.2753268   37.99205148  39.16309013  39.59290454
  40.25735294  40.48807543  41.50422352  44.2961165   44.83182162
  47.46155586  48.09864458  48.46611722  48.93286143  50.11618082
  50.44223328  52.19708788  52.70214521  54.2462845   54.2693288
  54.68949248  54.82073643  54.89951357  56.38516993  58.28505645
  59.94525547  62.43158183  63.11758893  63.13929001  63.25823224
  63.6627907   64.59137709  67.89434524  69.06338694  70.46826734
  70.9304984   72.04972258  76.04166667  78.79965458  80.77686203
  81.15118577  83.23831243  85.25467149  85.85349462  85.92278719
  85.99599793  87.22984206  89.35566001  91.36789406  92.32431935
  92.73373984  94.37151949  94.86083166  95.8165773   97.07446809
  98.62059158  99.7831825  101.2242965  101.2355018  102.3816809
 103.6931818  103.8747811  107.1158763  108.0484808  109.063745
 110.7318923  111.4235219  114.0037352  114.2017705  115.3090847
 116.9871795  119.5234869  120.9753788  121.0967994  121.1872446
 122.9686881  124.051024   128.2952548  128.9440573  133.4982788
 135.3182415  135.4820159  141.0506581  142.4132948  159.0413943 ])
21:34:23  baselineEval.src.cross_validation  INFO     Regression CV: 2 models, 5×10 nested CV (50 total outer folds)
21:36:05  baselineEval.src.cross_validation  INFO       Saved: predictions_per_subject.csv
21:36:05  baselineEval.src.cross_validation  INFO       CV results: 100 rows → /srv/beegfs/scratch/shares/schaerm/schaer2/video_sam2_pose/humanLISBET-paper/baselineEval/results_stats_temporal_maxpool/embedding_temporal/regression/MSEL_V_DQ/cv_results.csv
21:36:05  baselineEval.src.cross_validation  INFO     
── Regression summary (MSEL_V_DQ) ──
model      rmse       r2  spearman_r
lasso 30.514877 0.249347    0.544090
 lgbm 33.046802 0.112101    0.403729
21:36:05  ccnEvaluation         INFO     ── Held-out for MSEL_V_DQ (regression | embedding_temporal) ──
21:36:05  baselineEval.src.held_out  INFO     Best regression model: lasso (RMSE=30.5149 ± 2.8557)
21:36:06  baselineEval.src.held_out  INFO     Held-out regression (embedding_temporal | MSEL_V_DQ): model=lasso RMSE=38.991 [28.667, 49.522] R²=0.087 [-0.572, 0.347] ρ=0.297
21:36:08  baselineEval.src.plotting  INFO       Saved: shap_bar_top20.png and shap_beeswarm_top20.png
21:36:08  baselineEval.src.held_out  INFO     SHAP saved → /srv/beegfs/scratch/shares/schaerm/schaer2/video_sam2_pose/humanLISBET-paper/baselineEval/results_stats_temporal_maxpool/embedding_temporal/held_out/regression/MSEL_V_DQ/shap
21:36:08  ccnEvaluation         INFO     ═══ Representation: full_kinematic_embedding_temporal ═══
21:36:08  baselineEval.src.loading  INFO     Merged kinematic (102) + embedding (102) → 102 subjects
21:36:08  baselineEval.src.loading  INFO     Merged kinematic (17) + embedding (17) → 17 subjects
21:36:08  ccnEvaluation         INFO       Features for full_kinematic_embedding_temporal: 543 columns
21:36:08  ccnEvaluation         INFO     ═══ Step 2: Preprocessing report ═══
21:36:08  baselineEval.src.preprocessing  INFO     Feature selection (full dataset): 543 features → 506 kept (0 missingness, 2 near-zero-var, 35 correlated)
21:36:08  baselineEval.src.preprocessing  INFO     Feature selection report → /srv/beegfs/scratch/shares/schaerm/schaer2/video_sam2_pose/humanLISBET-paper/baselineEval/results_stats_temporal_maxpool/full_kinematic_embedding_temporal/feature_selection_report.csv
21:36:08  baselineEval.src.preprocessing  INFO     PCA explained-variance data → /srv/beegfs/scratch/shares/schaerm/schaer2/video_sam2_pose/humanLISBET-paper/baselineEval/results_stats_temporal_maxpool/full_kinematic_embedding_temporal/pca_explained_variance.csv
21:36:09  baselineEval.src.preprocessing  INFO     PCA explained-variance plot → /srv/beegfs/scratch/shares/schaerm/schaer2/video_sam2_pose/humanLISBET-paper/baselineEval/results_stats_temporal_maxpool/full_kinematic_embedding_temporal/pca_explained_variance.png
21:36:09  ccnEvaluation         INFO     ── CV for diagnosis (classification) ──
21:36:09  ccnEvaluation         INFO       X: (102, 543), y: (102,) (classes: [0 1])
21:36:09  baselineEval.src.cross_validation  INFO     Classification CV: 2 models, 5×10 nested CV (50 total outer folds)
21:39:30  baselineEval.src.cross_validation  INFO       Saved: predictions_per_subject.csv
21:39:30  baselineEval.src.cross_validation  INFO       CV results: 100 rows → /srv/beegfs/scratch/shares/schaerm/schaer2/video_sam2_pose/humanLISBET-paper/baselineEval/results_stats_temporal_maxpool/full_kinematic_embedding_temporal/classification/diagnosis/cv_results.csv
21:39:30  baselineEval.src.cross_validation  INFO     
── Classification AUC-ROC summary (diagnosis) ──
model  auc_roc_mean  auc_roc_std
lasso      0.712310     0.093001
 lgbm      0.646486     0.122354
21:39:30  ccnEvaluation         INFO     ── Held-out for diagnosis (classification | full_kinematic_embedding_temporal) ──
21:39:30  baselineEval.src.held_out  INFO     Best classification model: lasso (AUC=0.7123 ± 0.0930)
21:39:31  baselineEval.src.held_out  INFO     Held-out classification (full_kinematic_embedding_temporal | diagnosis): model=lasso AUC=0.800 BAcc=0.757 Acc=0.765 [0.501, 0.932]
21:39:33  baselineEval.src.plotting  INFO       Saved: shap_bar_top20.png and shap_beeswarm_top20.png
21:39:33  baselineEval.src.held_out  INFO     SHAP saved → /srv/beegfs/scratch/shares/schaerm/schaer2/video_sam2_pose/humanLISBET-paper/baselineEval/results_stats_temporal_maxpool/full_kinematic_embedding_temporal/held_out/classification/diagnosis/shap
21:39:33  ccnEvaluation         INFO     ── CV for ADOS_2_ADOS_G_revised_RRB_level_of_symptoms (classification) ──
21:39:33  ccnEvaluation         INFO       X: (102, 543), y: (102,) (classes: [0 1 2])
21:39:33  baselineEval.src.cross_validation  INFO     Classification CV: 2 models, 5×10 nested CV (50 total outer folds)
21:45:28  baselineEval.src.cross_validation  INFO       Saved: predictions_per_subject.csv
21:45:28  baselineEval.src.cross_validation  INFO       CV results: 100 rows → /srv/beegfs/scratch/shares/schaerm/schaer2/video_sam2_pose/humanLISBET-paper/baselineEval/results_stats_temporal_maxpool/full_kinematic_embedding_temporal/classification/ADOS_2_ADOS_G_revised_RRB_level_of_symptoms/cv_results.csv
21:45:28  baselineEval.src.cross_validation  INFO     
── Classification F1-macro summary (ADOS_2_ADOS_G_revised_RRB_level_of_symptoms) ──
model  f1_macro_mean  f1_macro_std
lasso       0.426104      0.109808
 lgbm       0.396643      0.102737
21:45:28  ccnEvaluation         INFO     ── Held-out for ADOS_2_ADOS_G_revised_RRB_level_of_symptoms (classification | full_kinematic_embedding_temporal) ──
21:45:28  baselineEval.src.held_out  INFO     Best classification model: lasso (F1-macro=0.4261 ± 0.1098)
21:45:30  baselineEval.src.held_out  INFO     Held-out classification (full_kinematic_embedding_temporal | ADOS_2_ADOS_G_revised_RRB_level_of_symptoms): model=lasso F1-macro=0.329 BAcc=0.333 Acc=0.412 [0.184, 0.671]
21:45:32  baselineEval.src.plotting  INFO       Saved: shap_bar_top20.png and shap_beeswarm_top20.png
21:45:32  baselineEval.src.held_out  INFO     SHAP saved → /srv/beegfs/scratch/shares/schaerm/schaer2/video_sam2_pose/humanLISBET-paper/baselineEval/results_stats_temporal_maxpool/full_kinematic_embedding_temporal/held_out/classification/ADOS_2_ADOS_G_revised_RRB_level_of_symptoms/shap
21:45:32  ccnEvaluation         INFO     ── CV for ADOS_2_ADOS_G_REVISED_SA_LEVEL_OF_SYMPTOMS (classification) ──
21:45:32  ccnEvaluation         INFO       X: (102, 543), y: (102,) (classes: [0 1 2 3])
21:45:32  baselineEval.src.cross_validation  INFO     Classification CV: 2 models, 5×10 nested CV (50 total outer folds)
21:52:32  baselineEval.src.cross_validation  INFO       Saved: predictions_per_subject.csv
21:52:32  baselineEval.src.cross_validation  INFO       CV results: 100 rows → /srv/beegfs/scratch/shares/schaerm/schaer2/video_sam2_pose/humanLISBET-paper/baselineEval/results_stats_temporal_maxpool/full_kinematic_embedding_temporal/classification/ADOS_2_ADOS_G_REVISED_SA_LEVEL_OF_SYMPTOMS/cv_results.csv
21:52:32  baselineEval.src.cross_validation  INFO     
── Classification F1-macro summary (ADOS_2_ADOS_G_REVISED_SA_LEVEL_OF_SYMPTOMS) ──
model  f1_macro_mean  f1_macro_std
lasso       0.371618      0.107670
 lgbm       0.286248      0.092473
21:52:32  ccnEvaluation         INFO     ── Held-out for ADOS_2_ADOS_G_REVISED_SA_LEVEL_OF_SYMPTOMS (classification | full_kinematic_embedding_temporal) ──
21:52:32  baselineEval.src.held_out  INFO     Best classification model: lasso (F1-macro=0.3716 ± 0.1077)
21:52:35  baselineEval.src.held_out  INFO     Held-out classification (full_kinematic_embedding_temporal | ADOS_2_ADOS_G_REVISED_SA_LEVEL_OF_SYMPTOMS): model=lasso F1-macro=0.290 BAcc=0.315 Acc=0.353 [0.142, 0.617]
21:52:37  baselineEval.src.plotting  INFO       Saved: shap_bar_top20.png and shap_beeswarm_top20.png
21:52:37  baselineEval.src.held_out  INFO     SHAP saved → /srv/beegfs/scratch/shares/schaerm/schaer2/video_sam2_pose/humanLISBET-paper/baselineEval/results_stats_temporal_maxpool/full_kinematic_embedding_temporal/held_out/classification/ADOS_2_ADOS_G_REVISED_SA_LEVEL_OF_SYMPTOMS/shap
21:52:37  ccnEvaluation         INFO     ── CV for ADOS_G_ADOS_2_TOTAL_score_de_severite (regression) ──
21:52:37  ccnEvaluation         INFO       X: (102, 543), y: (102,) (classes: [ 1.  2.  3.  4.  5.  6.  7.  8.  9. 10.])
21:52:37  baselineEval.src.cross_validation  INFO     Regression CV: 2 models, 5×10 nested CV (50 total outer folds)
21:54:57  baselineEval.src.cross_validation  INFO       Saved: predictions_per_subject.csv
21:54:57  baselineEval.src.cross_validation  INFO       CV results: 100 rows → /srv/beegfs/scratch/shares/schaerm/schaer2/video_sam2_pose/humanLISBET-paper/baselineEval/results_stats_temporal_maxpool/full_kinematic_embedding_temporal/regression/ADOS_G_ADOS_2_TOTAL_score_de_severite/cv_results.csv
21:54:57  baselineEval.src.cross_validation  INFO     
── Regression summary (ADOS_G_ADOS_2_TOTAL_score_de_severite) ──
model     rmse       r2  spearman_r
lasso 3.229451 0.062127    0.370344
 lgbm 3.075804 0.142187    0.427146
21:54:57  ccnEvaluation         INFO     ── Held-out for ADOS_G_ADOS_2_TOTAL_score_de_severite (regression | full_kinematic_embedding_temporal) ──
21:54:57  baselineEval.src.held_out  INFO     Best regression model: lgbm (RMSE=3.0758 ± 0.3924)
21:54:58  baselineEval.src.held_out  INFO     Held-out regression (full_kinematic_embedding_temporal | ADOS_G_ADOS_2_TOTAL_score_de_severite): model=lgbm RMSE=3.218 [2.462, 3.854] R²=0.157 [-0.385, 0.422] ρ=0.319
21:55:00  baselineEval.src.plotting  INFO       Saved: shap_bar_top20.png and shap_beeswarm_top20.png
21:55:00  baselineEval.src.held_out  INFO     SHAP saved → /srv/beegfs/scratch/shares/schaerm/schaer2/video_sam2_pose/humanLISBET-paper/baselineEval/results_stats_temporal_maxpool/full_kinematic_embedding_temporal/held_out/regression/ADOS_G_ADOS_2_TOTAL_score_de_severite/shap
21:55:00  ccnEvaluation         INFO     ── CV for ADOS_2_ADOS_G_REVISED_SA_SEVERITY_SCORE (regression) ──
21:55:00  ccnEvaluation         INFO       X: (102, 543), y: (102,) (classes: [ 1.  2.  3.  4.  5.  6.  7.  9. 10.])
21:55:00  baselineEval.src.cross_validation  INFO     Regression CV: 2 models, 5×10 nested CV (50 total outer folds)
21:57:20  baselineEval.src.cross_validation  INFO       Saved: predictions_per_subject.csv
21:57:20  baselineEval.src.cross_validation  INFO       CV results: 100 rows → /srv/beegfs/scratch/shares/schaerm/schaer2/video_sam2_pose/humanLISBET-paper/baselineEval/results_stats_temporal_maxpool/full_kinematic_embedding_temporal/regression/ADOS_2_ADOS_G_REVISED_SA_SEVERITY_SCORE/cv_results.csv
21:57:20  baselineEval.src.cross_validation  INFO     
── Regression summary (ADOS_2_ADOS_G_REVISED_SA_SEVERITY_SCORE) ──
model     rmse        r2  spearman_r
lasso 3.067590 -0.003209    0.262178
 lgbm 2.939883  0.074283    0.345707
21:57:20  ccnEvaluation         INFO     ── Held-out for ADOS_2_ADOS_G_REVISED_SA_SEVERITY_SCORE (regression | full_kinematic_embedding_temporal) ──
21:57:20  baselineEval.src.held_out  INFO     Best regression model: lgbm (RMSE=2.9399 ± 0.2571)
21:57:21  baselineEval.src.held_out  INFO     Held-out regression (full_kinematic_embedding_temporal | ADOS_2_ADOS_G_REVISED_SA_SEVERITY_SCORE): model=lgbm RMSE=2.688 [2.022, 3.227] R²=0.123 [-0.709, 0.361] ρ=0.472
21:57:23  baselineEval.src.plotting  INFO       Saved: shap_bar_top20.png and shap_beeswarm_top20.png
21:57:23  baselineEval.src.held_out  INFO     SHAP saved → /srv/beegfs/scratch/shares/schaerm/schaer2/video_sam2_pose/humanLISBET-paper/baselineEval/results_stats_temporal_maxpool/full_kinematic_embedding_temporal/held_out/regression/ADOS_2_ADOS_G_REVISED_SA_SEVERITY_SCORE/shap
21:57:23  ccnEvaluation         INFO     ── CV for ADOS_2_ADOS_G_REVISED_RRB_SEVERITY_SCORE_new (regression) ──
21:57:23  ccnEvaluation         INFO       X: (102, 543), y: (102,) (classes: [ 1.  5.  6.  7.  8.  9. 10.])
21:57:23  baselineEval.src.cross_validation  INFO     Regression CV: 2 models, 5×10 nested CV (50 total outer folds)
21:59:45  baselineEval.src.cross_validation  INFO       Saved: predictions_per_subject.csv
21:59:45  baselineEval.src.cross_validation  INFO       CV results: 100 rows → /srv/beegfs/scratch/shares/schaerm/schaer2/video_sam2_pose/humanLISBET-paper/baselineEval/results_stats_temporal_maxpool/full_kinematic_embedding_temporal/regression/ADOS_2_ADOS_G_REVISED_RRB_SEVERITY_SCORE_new/cv_results.csv
21:59:45  baselineEval.src.cross_validation  INFO     
── Regression summary (ADOS_2_ADOS_G_REVISED_RRB_SEVERITY_SCORE_new) ──
model     rmse       r2  spearman_r
lasso 3.124308 0.017296    0.299750
 lgbm 2.904194 0.141177    0.463456
21:59:45  ccnEvaluation         INFO     ── Held-out for ADOS_2_ADOS_G_REVISED_RRB_SEVERITY_SCORE_new (regression | full_kinematic_embedding_temporal) ──
21:59:45  baselineEval.src.held_out  INFO     Best regression model: lgbm (RMSE=2.9042 ± 0.3972)
21:59:46  baselineEval.src.held_out  INFO     Held-out regression (full_kinematic_embedding_temporal | ADOS_2_ADOS_G_REVISED_RRB_SEVERITY_SCORE_new): model=lgbm RMSE=3.455 [2.526, 4.283] R²=0.158 [-0.352, 0.414] ρ=0.327
21:59:48  baselineEval.src.plotting  INFO       Saved: shap_bar_top20.png and shap_beeswarm_top20.png
21:59:48  baselineEval.src.held_out  INFO     SHAP saved → /srv/beegfs/scratch/shares/schaerm/schaer2/video_sam2_pose/humanLISBET-paper/baselineEval/results_stats_temporal_maxpool/full_kinematic_embedding_temporal/held_out/regression/ADOS_2_ADOS_G_REVISED_RRB_SEVERITY_SCORE_new/shap
21:59:48  ccnEvaluation         INFO     ── CV for VLDII_AdSS (regression) ──
21:59:48  ccnEvaluation         INFO       X: (95, 543), y: (95,) (classes: [ 51.  63.  64.  65.  66.  68.  69.  70.  71.  72.  73.  74.  75.  76.
  77.  78.  79.  80.  81.  83.  84.  85.  86.  87.  88.  89.  90.  91.
  92.  93.  94.  95.  96.  97.  99. 100. 102. 103. 104. 105. 107. 108.
 109. 110. 113. 115. 117.])
21:59:48  baselineEval.src.cross_validation  INFO     Regression CV: 2 models, 5×10 nested CV (50 total outer folds)
22:02:03  baselineEval.src.cross_validation  INFO       Saved: predictions_per_subject.csv
22:02:03  baselineEval.src.cross_validation  INFO       CV results: 100 rows → /srv/beegfs/scratch/shares/schaerm/schaer2/video_sam2_pose/humanLISBET-paper/baselineEval/results_stats_temporal_maxpool/full_kinematic_embedding_temporal/regression/VLDII_AdSS/cv_results.csv
22:02:03  baselineEval.src.cross_validation  INFO     
── Regression summary (VLDII_AdSS) ──
model      rmse       r2  spearman_r
lasso 13.659076 0.123547    0.396173
 lgbm 13.945301 0.080587    0.368537
22:02:03  ccnEvaluation         INFO     ── Held-out for VLDII_AdSS (regression | full_kinematic_embedding_temporal) ──
22:02:03  baselineEval.src.held_out  INFO     Best regression model: lasso (RMSE=13.6591 ± 1.3518)
22:02:04  baselineEval.src.held_out  INFO     Held-out regression (full_kinematic_embedding_temporal | VLDII_AdSS): model=lasso RMSE=14.526 [11.674, 17.053] R²=0.157 [-0.190, 0.230] ρ=0.538
22:02:06  baselineEval.src.plotting  INFO       Saved: shap_bar_top20.png and shap_beeswarm_top20.png
22:02:06  baselineEval.src.held_out  INFO     SHAP saved → /srv/beegfs/scratch/shares/schaerm/schaer2/video_sam2_pose/humanLISBET-paper/baselineEval/results_stats_temporal_maxpool/full_kinematic_embedding_temporal/held_out/regression/VLDII_AdSS/shap
22:02:06  ccnEvaluation         INFO     ── CV for VLDII_MotorSS (regression) ──
22:02:06  ccnEvaluation         INFO       X: (95, 543), y: (95,) (classes: [ 56.  67.  69.  70.  72.  75.  79.  81.  82.  84.  85.  88.  90.  93.
  94.  95.  96.  97. 100. 102. 104. 105. 106. 108. 111. 114. 121. 131.])
22:02:06  baselineEval.src.cross_validation  INFO     Regression CV: 2 models, 5×10 nested CV (50 total outer folds)
22:04:23  baselineEval.src.cross_validation  INFO       Saved: predictions_per_subject.csv
22:04:23  baselineEval.src.cross_validation  INFO       CV results: 100 rows → /srv/beegfs/scratch/shares/schaerm/schaer2/video_sam2_pose/humanLISBET-paper/baselineEval/results_stats_temporal_maxpool/full_kinematic_embedding_temporal/regression/VLDII_MotorSS/cv_results.csv
22:04:23  baselineEval.src.cross_validation  INFO     
── Regression summary (VLDII_MotorSS) ──
model      rmse        r2  spearman_r
lasso 12.477099 -0.028220    0.062053
 lgbm 12.653459 -0.069634    0.142234
22:04:23  ccnEvaluation         INFO     ── Held-out for VLDII_MotorSS (regression | full_kinematic_embedding_temporal) ──
22:04:23  baselineEval.src.held_out  INFO     Best regression model: lasso (RMSE=12.4771 ± 1.4706)
22:04:24  baselineEval.src.held_out  INFO     Held-out regression (full_kinematic_embedding_temporal | VLDII_MotorSS): model=lasso RMSE=12.751 [9.211, 16.151] R²=-0.015 [-0.596, 0.058] ρ=0.072
22:04:26  baselineEval.src.plotting  INFO       Saved: shap_bar_top20.png and shap_beeswarm_top20.png
22:04:26  baselineEval.src.held_out  INFO     SHAP saved → /srv/beegfs/scratch/shares/schaerm/schaer2/video_sam2_pose/humanLISBET-paper/baselineEval/results_stats_temporal_maxpool/full_kinematic_embedding_temporal/held_out/regression/VLDII_MotorSS/shap
22:04:26  ccnEvaluation         INFO     ── CV for VLDII_gmsVS (regression) ──
22:04:26  ccnEvaluation         INFO       X: (95, 543), y: (95,) (classes: [ 8.  9. 10. 11. 12. 13. 14. 15. 16. 17. 18. 22.])
22:04:26  baselineEval.src.cross_validation  INFO     Regression CV: 2 models, 5×10 nested CV (50 total outer folds)
22:06:40  baselineEval.src.cross_validation  INFO       Saved: predictions_per_subject.csv
22:06:40  baselineEval.src.cross_validation  INFO       CV results: 100 rows → /srv/beegfs/scratch/shares/schaerm/schaer2/video_sam2_pose/humanLISBET-paper/baselineEval/results_stats_temporal_maxpool/full_kinematic_embedding_temporal/regression/VLDII_gmsVS/cv_results.csv
22:06:40  baselineEval.src.cross_validation  INFO     
── Regression summary (VLDII_gmsVS) ──
model     rmse        r2  spearman_r
lasso 2.132813 -0.031667    0.133089
 lgbm 2.192649 -0.091693    0.081047
22:06:40  ccnEvaluation         INFO     ── Held-out for VLDII_gmsVS (regression | full_kinematic_embedding_temporal) ──
22:06:40  baselineEval.src.held_out  INFO     Best regression model: lasso (RMSE=2.1328 ± 0.3499)
22:06:41  baselineEval.src.held_out  INFO     Held-out regression (full_kinematic_embedding_temporal | VLDII_gmsVS): model=lasso RMSE=1.866 [1.297, 2.363] R²=0.016 [-0.543, 0.083] ρ=0.270
22:06:43  baselineEval.src.plotting  INFO       Saved: shap_bar_top20.png and shap_beeswarm_top20.png
22:06:43  baselineEval.src.held_out  INFO     SHAP saved → /srv/beegfs/scratch/shares/schaerm/schaer2/video_sam2_pose/humanLISBET-paper/baselineEval/results_stats_temporal_maxpool/full_kinematic_embedding_temporal/held_out/regression/VLDII_gmsVS/shap
22:06:43  ccnEvaluation         INFO     ── CV for VLDII_fmsVS (regression) ──
22:06:43  ccnEvaluation         INFO       X: (95, 543), y: (95,) (classes: [ 7.  8.  9. 10. 11. 12. 13. 14. 15. 16. 17. 18.])
22:06:43  baselineEval.src.cross_validation  INFO     Regression CV: 2 models, 5×10 nested CV (50 total outer folds)
22:08:57  baselineEval.src.cross_validation  INFO       Saved: predictions_per_subject.csv
22:08:57  baselineEval.src.cross_validation  INFO       CV results: 100 rows → /srv/beegfs/scratch/shares/schaerm/schaer2/video_sam2_pose/humanLISBET-paper/baselineEval/results_stats_temporal_maxpool/full_kinematic_embedding_temporal/regression/VLDII_fmsVS/cv_results.csv
22:08:57  baselineEval.src.cross_validation  INFO     
── Regression summary (VLDII_fmsVS) ──
model     rmse        r2  spearman_r
lasso 2.487630 -0.040092    0.005274
 lgbm 2.412792  0.014520    0.226856
22:08:57  ccnEvaluation         INFO     ── Held-out for VLDII_fmsVS (regression | full_kinematic_embedding_temporal) ──
22:08:57  baselineEval.src.held_out  INFO     Best regression model: lgbm (RMSE=2.4128 ± 0.2839)
22:08:57  baselineEval.src.held_out  INFO     Held-out regression (full_kinematic_embedding_temporal | VLDII_fmsVS): model=lgbm RMSE=2.577 [1.520, 3.467] R²=-0.081 [-0.587, 0.244] ρ=0.186
22:09:00  baselineEval.src.plotting  INFO       Saved: shap_bar_top20.png and shap_beeswarm_top20.png
22:09:00  baselineEval.src.held_out  INFO     SHAP saved → /srv/beegfs/scratch/shares/schaerm/schaer2/video_sam2_pose/humanLISBET-paper/baselineEval/results_stats_temporal_maxpool/full_kinematic_embedding_temporal/held_out/regression/VLDII_fmsVS/shap
22:09:00  ccnEvaluation         INFO     ── CV for VLDII_SocSS (regression) ──
22:09:00  ccnEvaluation         INFO       X: (95, 543), y: (95,) (classes: [ 59.  65.  66.  68.  70.  72.  74.  75.  76.  78.  79.  80.  81.  82.
  84.  86.  88.  89.  90.  91.  92.  94.  95.  96.  98. 100. 101. 102.
 105. 109. 111. 112. 114.])
22:09:00  baselineEval.src.cross_validation  INFO     Regression CV: 2 models, 5×10 nested CV (50 total outer folds)
22:11:17  baselineEval.src.cross_validation  INFO       Saved: predictions_per_subject.csv
22:11:17  baselineEval.src.cross_validation  INFO       CV results: 100 rows → /srv/beegfs/scratch/shares/schaerm/schaer2/video_sam2_pose/humanLISBET-paper/baselineEval/results_stats_temporal_maxpool/full_kinematic_embedding_temporal/regression/VLDII_SocSS/cv_results.csv
22:11:17  baselineEval.src.cross_validation  INFO     
── Regression summary (VLDII_SocSS) ──
model      rmse       r2  spearman_r
lasso 11.680758 0.070811    0.355964
 lgbm 11.521498 0.086169    0.368537
22:11:17  ccnEvaluation         INFO     ── Held-out for VLDII_SocSS (regression | full_kinematic_embedding_temporal) ──
22:11:17  baselineEval.src.held_out  INFO     Best regression model: lgbm (RMSE=11.5215 ± 1.1380)
22:11:17  baselineEval.src.held_out  INFO     Held-out regression (full_kinematic_embedding_temporal | VLDII_SocSS): model=lgbm RMSE=12.285 [9.490, 15.014] R²=0.008 [-0.614, 0.239] ρ=0.193
22:11:20  baselineEval.src.plotting  INFO       Saved: shap_bar_top20.png and shap_beeswarm_top20.png
22:11:20  baselineEval.src.held_out  INFO     SHAP saved → /srv/beegfs/scratch/shares/schaerm/schaer2/video_sam2_pose/humanLISBET-paper/baselineEval/results_stats_temporal_maxpool/full_kinematic_embedding_temporal/held_out/regression/VLDII_SocSS/shap
22:11:20  ccnEvaluation         INFO     ── CV for VLDII_intVS (regression) ──
22:11:20  ccnEvaluation         INFO       X: (95, 543), y: (95,) (classes: [ 6.  8.  9. 10. 11. 12. 13. 14. 15. 16. 17. 18. 19. 20.])
22:11:20  baselineEval.src.cross_validation  INFO     Regression CV: 2 models, 5×10 nested CV (50 total outer folds)
22:13:34  baselineEval.src.cross_validation  INFO       Saved: predictions_per_subject.csv
22:13:34  baselineEval.src.cross_validation  INFO       CV results: 100 rows → /srv/beegfs/scratch/shares/schaerm/schaer2/video_sam2_pose/humanLISBET-paper/baselineEval/results_stats_temporal_maxpool/full_kinematic_embedding_temporal/regression/VLDII_intVS/cv_results.csv
22:13:34  baselineEval.src.cross_validation  INFO     
── Regression summary (VLDII_intVS) ──
model     rmse       r2  spearman_r
lasso 2.568173 0.084067    0.449533
 lgbm 2.462469 0.142928    0.463074
22:13:34  ccnEvaluation         INFO     ── Held-out for VLDII_intVS (regression | full_kinematic_embedding_temporal) ──
22:13:34  baselineEval.src.held_out  INFO     Best regression model: lgbm (RMSE=2.4625 ± 0.3450)
22:13:35  baselineEval.src.held_out  INFO     Held-out regression (full_kinematic_embedding_temporal | VLDII_intVS): model=lgbm RMSE=2.551 [2.059, 2.986] R²=0.275 [-0.153, 0.473] ρ=0.568
22:13:38  baselineEval.src.plotting  INFO       Saved: shap_bar_top20.png and shap_beeswarm_top20.png
22:13:38  baselineEval.src.held_out  INFO     SHAP saved → /srv/beegfs/scratch/shares/schaerm/schaer2/video_sam2_pose/humanLISBET-paper/baselineEval/results_stats_temporal_maxpool/full_kinematic_embedding_temporal/held_out/regression/VLDII_intVS/shap
22:13:38  ccnEvaluation         INFO     ── CV for VLDII_plaVS (regression) ──
22:13:38  ccnEvaluation         INFO       X: (95, 543), y: (95,) (classes: [ 7.  8.  9. 10. 11. 12. 13. 14. 15. 16. 17. 18. 19.])
22:13:38  baselineEval.src.cross_validation  INFO     Regression CV: 2 models, 5×10 nested CV (50 total outer folds)
22:15:52  baselineEval.src.cross_validation  INFO       Saved: predictions_per_subject.csv
22:15:52  baselineEval.src.cross_validation  INFO       CV results: 100 rows → /srv/beegfs/scratch/shares/schaerm/schaer2/video_sam2_pose/humanLISBET-paper/baselineEval/results_stats_temporal_maxpool/full_kinematic_embedding_temporal/regression/VLDII_plaVS/cv_results.csv
22:15:52  baselineEval.src.cross_validation  INFO     
── Regression summary (VLDII_plaVS) ──
model     rmse       r2  spearman_r
lasso 2.481775 0.047205    0.342454
 lgbm 2.483960 0.044334    0.306625
22:15:52  ccnEvaluation         INFO     ── Held-out for VLDII_plaVS (regression | full_kinematic_embedding_temporal) ──
22:15:52  baselineEval.src.held_out  INFO     Best regression model: lasso (RMSE=2.4818 ± 0.2886)
22:15:53  baselineEval.src.held_out  INFO     Held-out regression (full_kinematic_embedding_temporal | VLDII_plaVS): model=lasso RMSE=2.106 [1.507, 2.619] R²=0.308 [-0.119, 0.481] ρ=0.624
22:15:55  baselineEval.src.plotting  INFO       Saved: shap_bar_top20.png and shap_beeswarm_top20.png
22:15:55  baselineEval.src.held_out  INFO     SHAP saved → /srv/beegfs/scratch/shares/schaerm/schaer2/video_sam2_pose/humanLISBET-paper/baselineEval/results_stats_temporal_maxpool/full_kinematic_embedding_temporal/held_out/regression/VLDII_plaVS/shap
22:15:55  ccnEvaluation         INFO     ── CV for VLDII_copVS (regression) ──
22:15:55  ccnEvaluation         INFO       X: (95, 543), y: (95,) (classes: [ 9. 10. 11. 12. 13. 14. 15. 16. 17.])
22:15:55  baselineEval.src.cross_validation  INFO     Regression CV: 2 models, 5×10 nested CV (50 total outer folds)
22:18:09  baselineEval.src.cross_validation  INFO       Saved: predictions_per_subject.csv
22:18:09  baselineEval.src.cross_validation  INFO       CV results: 100 rows → /srv/beegfs/scratch/shares/schaerm/schaer2/video_sam2_pose/humanLISBET-paper/baselineEval/results_stats_temporal_maxpool/full_kinematic_embedding_temporal/regression/VLDII_copVS/cv_results.csv
22:18:09  baselineEval.src.cross_validation  INFO     
── Regression summary (VLDII_copVS) ──
model     rmse        r2  spearman_r
lasso 2.113037 -0.078268    0.062049
 lgbm 2.018865  0.012861    0.266136
22:18:09  ccnEvaluation         INFO     ── Held-out for VLDII_copVS (regression | full_kinematic_embedding_temporal) ──
22:18:09  baselineEval.src.held_out  INFO     Best regression model: lgbm (RMSE=2.0189 ± 0.2086)
22:18:10  baselineEval.src.held_out  INFO     Held-out regression (full_kinematic_embedding_temporal | VLDII_copVS): model=lgbm RMSE=1.913 [1.456, 2.395] R²=-0.322 [-1.218, -0.043] ρ=-0.199
22:18:13  baselineEval.src.plotting  INFO       Saved: shap_bar_top20.png and shap_beeswarm_top20.png
22:18:13  baselineEval.src.held_out  INFO     SHAP saved → /srv/beegfs/scratch/shares/schaerm/schaer2/video_sam2_pose/humanLISBET-paper/baselineEval/results_stats_temporal_maxpool/full_kinematic_embedding_temporal/held_out/regression/VLDII_copVS/shap
22:18:13  ccnEvaluation         INFO     ── CV for VLDII_DaiSS (regression) ──
22:18:13  ccnEvaluation         INFO       X: (95, 543), y: (95,) (classes: [ 53.  62.  65.  67.  69.  71.  73.  75.  77.  78.  80.  81.  82.  83.
  86.  87.  89.  91.  93.  95.  96.  98. 100. 101. 102. 103. 104. 105.
 107. 109. 111. 113. 115. 118. 121.])
22:18:13  baselineEval.src.cross_validation  INFO     Regression CV: 2 models, 5×10 nested CV (50 total outer folds)
22:20:29  baselineEval.src.cross_validation  INFO       Saved: predictions_per_subject.csv
22:20:29  baselineEval.src.cross_validation  INFO       CV results: 100 rows → /srv/beegfs/scratch/shares/schaerm/schaer2/video_sam2_pose/humanLISBET-paper/baselineEval/results_stats_temporal_maxpool/full_kinematic_embedding_temporal/regression/VLDII_DaiSS/cv_results.csv
22:20:29  baselineEval.src.cross_validation  INFO     
── Regression summary (VLDII_DaiSS) ──
model      rmse       r2  spearman_r
lasso 13.384675 0.033657    0.245976
 lgbm 13.322558 0.033654    0.297816
22:20:29  ccnEvaluation         INFO     ── Held-out for VLDII_DaiSS (regression | full_kinematic_embedding_temporal) ──
22:20:29  baselineEval.src.held_out  INFO     Best regression model: lgbm (RMSE=13.3226 ± 1.7602)
22:20:30  baselineEval.src.held_out  INFO     Held-out regression (full_kinematic_embedding_temporal | VLDII_DaiSS): model=lgbm RMSE=13.100 [8.576, 17.034] R²=0.184 [-0.372, 0.436] ρ=0.419
22:20:33  baselineEval.src.plotting  INFO       Saved: shap_bar_top20.png and shap_beeswarm_top20.png
22:20:33  baselineEval.src.held_out  INFO     SHAP saved → /srv/beegfs/scratch/shares/schaerm/schaer2/video_sam2_pose/humanLISBET-paper/baselineEval/results_stats_temporal_maxpool/full_kinematic_embedding_temporal/held_out/regression/VLDII_DaiSS/shap
22:20:33  ccnEvaluation         INFO     ── CV for VLDII_perVS (regression) ──
22:20:33  ccnEvaluation         INFO       X: (95, 543), y: (95,) (classes: [ 7.  8.  9. 10. 11. 12. 13. 14. 15. 16. 17. 18.])
22:20:33  baselineEval.src.cross_validation  INFO     Regression CV: 2 models, 5×10 nested CV (50 total outer folds)
22:22:46  baselineEval.src.cross_validation  INFO       Saved: predictions_per_subject.csv
22:22:46  baselineEval.src.cross_validation  INFO       CV results: 100 rows → /srv/beegfs/scratch/shares/schaerm/schaer2/video_sam2_pose/humanLISBET-paper/baselineEval/results_stats_temporal_maxpool/full_kinematic_embedding_temporal/regression/VLDII_perVS/cv_results.csv
22:22:46  baselineEval.src.cross_validation  INFO     
── Regression summary (VLDII_perVS) ──
model     rmse        r2  spearman_r
lasso 2.667953  0.019889    0.222327
 lgbm 2.721680 -0.027501    0.206549
22:22:46  ccnEvaluation         INFO     ── Held-out for VLDII_perVS (regression | full_kinematic_embedding_temporal) ──
22:22:46  baselineEval.src.held_out  INFO     Best regression model: lasso (RMSE=2.6680 ± 0.2822)
22:22:47  baselineEval.src.held_out  INFO     Held-out regression (full_kinematic_embedding_temporal | VLDII_perVS): model=lasso RMSE=2.392 [1.898, 2.837] R²=0.010 [-0.384, 0.089] ρ=0.177
22:22:49  baselineEval.src.plotting  INFO       Saved: shap_bar_top20.png and shap_beeswarm_top20.png
22:22:49  baselineEval.src.held_out  INFO     SHAP saved → /srv/beegfs/scratch/shares/schaerm/schaer2/video_sam2_pose/humanLISBET-paper/baselineEval/results_stats_temporal_maxpool/full_kinematic_embedding_temporal/held_out/regression/VLDII_perVS/shap
22:22:49  ccnEvaluation         INFO     ── CV for VLDII_comVS (regression) ──
22:22:49  ccnEvaluation         INFO       X: (95, 543), y: (95,) (classes: [ 7. 10. 11. 12. 13. 14. 15. 16. 17. 18. 20.])
22:22:49  baselineEval.src.cross_validation  INFO     Regression CV: 2 models, 5×10 nested CV (50 total outer folds)
22:25:03  baselineEval.src.cross_validation  INFO       Saved: predictions_per_subject.csv
22:25:03  baselineEval.src.cross_validation  INFO       CV results: 100 rows → /srv/beegfs/scratch/shares/schaerm/schaer2/video_sam2_pose/humanLISBET-paper/baselineEval/results_stats_temporal_maxpool/full_kinematic_embedding_temporal/regression/VLDII_comVS/cv_results.csv
22:25:03  baselineEval.src.cross_validation  INFO     
── Regression summary (VLDII_comVS) ──
model     rmse       r2  spearman_r
lasso 2.205275 0.043767    0.354570
 lgbm 2.124102 0.103712    0.392621
22:25:03  ccnEvaluation         INFO     ── Held-out for VLDII_comVS (regression | full_kinematic_embedding_temporal) ──
22:25:03  baselineEval.src.held_out  INFO     Best regression model: lgbm (RMSE=2.1241 ± 0.2659)
22:25:04  baselineEval.src.held_out  INFO     Held-out regression (full_kinematic_embedding_temporal | VLDII_comVS): model=lgbm RMSE=2.839 [1.779, 3.865] R²=0.037 [-0.409, 0.242] ρ=0.208
22:25:07  baselineEval.src.plotting  INFO       Saved: shap_bar_top20.png and shap_beeswarm_top20.png
22:25:07  baselineEval.src.held_out  INFO     SHAP saved → /srv/beegfs/scratch/shares/schaerm/schaer2/video_sam2_pose/humanLISBET-paper/baselineEval/results_stats_temporal_maxpool/full_kinematic_embedding_temporal/held_out/regression/VLDII_comVS/shap
22:25:07  ccnEvaluation         INFO     ── CV for VLDII_domVS (regression) ──
22:25:07  ccnEvaluation         INFO       X: (95, 543), y: (95,) (classes: [ 9. 10. 11. 12. 13. 14. 15. 16. 17. 18. 19. 20. 22.])
22:25:07  baselineEval.src.cross_validation  INFO     Regression CV: 2 models, 5×10 nested CV (50 total outer folds)
22:27:20  baselineEval.src.cross_validation  INFO       Saved: predictions_per_subject.csv
22:27:20  baselineEval.src.cross_validation  INFO       CV results: 100 rows → /srv/beegfs/scratch/shares/schaerm/schaer2/video_sam2_pose/humanLISBET-paper/baselineEval/results_stats_temporal_maxpool/full_kinematic_embedding_temporal/regression/VLDII_domVS/cv_results.csv
22:27:20  baselineEval.src.cross_validation  INFO     
── Regression summary (VLDII_domVS) ──
model     rmse        r2  spearman_r
lasso 2.705372  0.039889    0.221808
 lgbm 2.807272 -0.041177    0.179708
22:27:20  ccnEvaluation         INFO     ── Held-out for VLDII_domVS (regression | full_kinematic_embedding_temporal) ──
22:27:20  baselineEval.src.held_out  INFO     Best regression model: lasso (RMSE=2.7054 ± 0.2049)
22:27:21  baselineEval.src.held_out  INFO     Held-out regression (full_kinematic_embedding_temporal | VLDII_domVS): model=lasso RMSE=2.907 [1.922, 3.789] R²=0.042 [-0.501, 0.149] ρ=0.457
22:27:23  baselineEval.src.plotting  INFO       Saved: shap_bar_top20.png and shap_beeswarm_top20.png
22:27:23  baselineEval.src.held_out  INFO     SHAP saved → /srv/beegfs/scratch/shares/schaerm/schaer2/video_sam2_pose/humanLISBET-paper/baselineEval/results_stats_temporal_maxpool/full_kinematic_embedding_temporal/held_out/regression/VLDII_domVS/shap
22:27:23  ccnEvaluation         INFO     ── CV for VLDII_ComSS (regression) ──
22:27:23  ccnEvaluation         INFO       X: (95, 543), y: (95,) (classes: [ 44.  52.  54.  58.  59.  61.  63.  64.  65.  66.  69.  71.  72.  73.
  74.  76.  79.  80.  81.  84.  85.  86.  89.  90.  91.  93.  95.  97.
 100. 101. 102. 103. 104. 105. 107. 108. 110. 112. 113. 116. 118. 121.
 122. 125.])
22:27:23  baselineEval.src.cross_validation  INFO     Regression CV: 2 models, 5×10 nested CV (50 total outer folds)
22:29:40  baselineEval.src.cross_validation  INFO       Saved: predictions_per_subject.csv
22:29:40  baselineEval.src.cross_validation  INFO       CV results: 100 rows → /srv/beegfs/scratch/shares/schaerm/schaer2/video_sam2_pose/humanLISBET-paper/baselineEval/results_stats_temporal_maxpool/full_kinematic_embedding_temporal/regression/VLDII_ComSS/cv_results.csv
22:29:40  baselineEval.src.cross_validation  INFO     
── Regression summary (VLDII_ComSS) ──
model      rmse       r2  spearman_r
lasso 18.105244 0.110706    0.403634
 lgbm 18.570325 0.061484    0.354686
22:29:40  ccnEvaluation         INFO     ── Held-out for VLDII_ComSS (regression | full_kinematic_embedding_temporal) ──
22:29:40  baselineEval.src.held_out  INFO     Best regression model: lasso (RMSE=18.1052 ± 1.4091)
22:29:41  baselineEval.src.held_out  INFO     Held-out regression (full_kinematic_embedding_temporal | VLDII_ComSS): model=lasso RMSE=19.657 [15.105, 23.634] R²=0.183 [-0.255, 0.320] ρ=0.393
22:29:43  baselineEval.src.plotting  INFO       Saved: shap_bar_top20.png and shap_beeswarm_top20.png
22:29:43  baselineEval.src.held_out  INFO     SHAP saved → /srv/beegfs/scratch/shares/schaerm/schaer2/video_sam2_pose/humanLISBET-paper/baselineEval/results_stats_temporal_maxpool/full_kinematic_embedding_temporal/held_out/regression/VLDII_ComSS/shap
22:29:43  ccnEvaluation         INFO     ── CV for VLDII_expVS (regression) ──
22:29:43  ccnEvaluation         INFO       X: (95, 543), y: (95,) (classes: [ 6.  7.  8.  9. 10. 11. 12. 13. 14. 15. 16. 17. 18. 19. 20.])
22:29:43  baselineEval.src.cross_validation  INFO     Regression CV: 2 models, 5×10 nested CV (50 total outer folds)
22:31:57  baselineEval.src.cross_validation  INFO       Saved: predictions_per_subject.csv
22:31:57  baselineEval.src.cross_validation  INFO       CV results: 100 rows → /srv/beegfs/scratch/shares/schaerm/schaer2/video_sam2_pose/humanLISBET-paper/baselineEval/results_stats_temporal_maxpool/full_kinematic_embedding_temporal/regression/VLDII_expVS/cv_results.csv
22:31:57  baselineEval.src.cross_validation  INFO     
── Regression summary (VLDII_expVS) ──
model     rmse       r2  spearman_r
lasso 3.435215 0.105952    0.381256
 lgbm 3.505924 0.057006    0.338657
22:31:57  ccnEvaluation         INFO     ── Held-out for VLDII_expVS (regression | full_kinematic_embedding_temporal) ──
22:31:57  baselineEval.src.held_out  INFO     Best regression model: lasso (RMSE=3.4352 ± 0.2188)
22:31:58  baselineEval.src.held_out  INFO     Held-out regression (full_kinematic_embedding_temporal | VLDII_expVS): model=lasso RMSE=3.404 [2.556, 4.207] R²=0.128 [-0.322, 0.289] ρ=0.354
22:32:00  baselineEval.src.plotting  INFO       Saved: shap_bar_top20.png and shap_beeswarm_top20.png
22:32:00  baselineEval.src.held_out  INFO     SHAP saved → /srv/beegfs/scratch/shares/schaerm/schaer2/video_sam2_pose/humanLISBET-paper/baselineEval/results_stats_temporal_maxpool/full_kinematic_embedding_temporal/held_out/regression/VLDII_expVS/shap
22:32:00  ccnEvaluation         INFO     ── CV for VLDII_recVS (regression) ──
22:32:00  ccnEvaluation         INFO       X: (95, 543), y: (95,) (classes: [ 3.  5.  6.  7.  8.  9. 10. 11. 12. 13. 14. 15. 16. 17. 18. 19. 20. 21.])
22:32:00  baselineEval.src.cross_validation  INFO     Regression CV: 2 models, 5×10 nested CV (50 total outer folds)
22:34:14  baselineEval.src.cross_validation  INFO       Saved: predictions_per_subject.csv
22:34:14  baselineEval.src.cross_validation  INFO       CV results: 100 rows → /srv/beegfs/scratch/shares/schaerm/schaer2/video_sam2_pose/humanLISBET-paper/baselineEval/results_stats_temporal_maxpool/full_kinematic_embedding_temporal/regression/VLDII_recVS/cv_results.csv
22:34:14  baselineEval.src.cross_validation  INFO     
── Regression summary (VLDII_recVS) ──
model     rmse       r2  spearman_r
lasso 3.907400 0.045384    0.345593
 lgbm 3.743081 0.118417    0.421084
22:34:14  ccnEvaluation         INFO     ── Held-out for VLDII_recVS (regression | full_kinematic_embedding_temporal) ──
22:34:14  baselineEval.src.held_out  INFO     Best regression model: lgbm (RMSE=3.7431 ± 0.5945)
22:34:15  baselineEval.src.held_out  INFO     Held-out regression (full_kinematic_embedding_temporal | VLDII_recVS): model=lgbm RMSE=4.343 [3.356, 5.221] R²=0.112 [-0.447, 0.369] ρ=0.410
22:34:18  baselineEval.src.plotting  INFO       Saved: shap_bar_top20.png and shap_beeswarm_top20.png
22:34:18  baselineEval.src.held_out  INFO     SHAP saved → /srv/beegfs/scratch/shares/schaerm/schaer2/video_sam2_pose/humanLISBET-paper/baselineEval/results_stats_temporal_maxpool/full_kinematic_embedding_temporal/held_out/regression/VLDII_recVS/shap
22:34:18  ccnEvaluation         INFO     ── CV for MSEL_TOTAL_DQ (regression) ──
22:34:18  ccnEvaluation         INFO       X: (100, 543), y: (100,) (classes: [ 18.02469136  32.43483412  34.59785415  38.08884914  38.95032984
  40.09469697  40.66399287  41.7597914   48.35352006  48.38185274
  48.56808071  49.32034527  52.60163835  52.78815173  53.41769972
  54.6043883   54.66514664  55.9129902   57.80945419  58.00856827
  58.01880411  58.49358974  60.55385401  60.73988735  61.21267952
  61.65540541  62.6717033   64.54699612  64.58014537  65.85307734
  66.03346902  66.56582561  67.46408956  68.67474001  69.12878788
  69.58887965  70.42091476  70.5832302   71.22161779  72.65127389
  72.74744284  73.39929215  73.55044202  73.63718709  74.37652068
  76.23385285  77.89159198  78.63298081  79.93217054  79.97485632
  80.39067013  81.47321429  82.45481928  83.44764518  83.72463299
  88.69235986  88.94106636  91.04190422  91.67078393  92.86194316
  92.9187448   93.08301946  94.84225533  95.62583836  96.63388805
  97.48931624  98.02617856 102.9518543  103.811149   107.0353937
 107.8029726  108.1764296  108.385181   108.6309524  108.7338226
 109.0520026  109.52137    111.8651489  112.1257819  112.192623
 112.5198886  112.8090659  112.8284389  113.5791843  115.0573568
 116.0376082  116.1326915  118.2653171  119.351962   120.5538618
 121.574912   125.622437   128.0608788  130.5093403  130.8806655
 132.3244751  135.4820159  139.7760116  149.1013072  149.4299051 ])
22:34:18  baselineEval.src.cross_validation  INFO     Regression CV: 2 models, 5×10 nested CV (50 total outer folds)
22:36:40  baselineEval.src.cross_validation  INFO       Saved: predictions_per_subject.csv
22:36:40  baselineEval.src.cross_validation  INFO       CV results: 100 rows → /srv/beegfs/scratch/shares/schaerm/schaer2/video_sam2_pose/humanLISBET-paper/baselineEval/results_stats_temporal_maxpool/full_kinematic_embedding_temporal/regression/MSEL_TOTAL_DQ/cv_results.csv
22:36:40  baselineEval.src.cross_validation  INFO     
── Regression summary (MSEL_TOTAL_DQ) ──
model      rmse       r2  spearman_r
lasso 25.626182 0.210965    0.499188
 lgbm 27.016266 0.118644    0.398556
22:36:40  ccnEvaluation         INFO     ── Held-out for MSEL_TOTAL_DQ (regression | full_kinematic_embedding_temporal) ──
22:36:40  baselineEval.src.held_out  INFO     Best regression model: lasso (RMSE=25.6262 ± 2.8330)
22:36:41  baselineEval.src.held_out  INFO     Held-out regression (full_kinematic_embedding_temporal | MSEL_TOTAL_DQ): model=lasso RMSE=31.024 [23.247, 38.396] R²=0.114 [-0.433, 0.303] ρ=0.402
22:36:43  baselineEval.src.plotting  INFO       Saved: shap_bar_top20.png and shap_beeswarm_top20.png
22:36:43  baselineEval.src.held_out  INFO     SHAP saved → /srv/beegfs/scratch/shares/schaerm/schaer2/video_sam2_pose/humanLISBET-paper/baselineEval/results_stats_temporal_maxpool/full_kinematic_embedding_temporal/held_out/regression/MSEL_TOTAL_DQ/shap
22:36:43  ccnEvaluation         INFO     ── CV for MSEL_FM_DQ (regression) ──
22:36:43  ccnEvaluation         INFO       X: (100, 543), y: (100,) (classes: [ 18.02469136  46.4649432   48.97137746  50.05646983  54.38484461
  55.25934702  55.26116578  55.3030303   59.06148867  60.89132507
  63.6627907   63.73690338  64.77896096  65.16194848  65.41218638
  65.72629052  69.06338694  69.12878788  69.33210784  70.91968912
  73.53479853  75.06258941  75.18022657  75.486618    75.66334992
  75.86923658  75.90612002  75.91514143  77.07927225  77.89159198
  78.29257829  79.43695591  79.91242474  80.18453427  80.89539007
  80.95690748  82.62072435  82.81765677  83.43724023  83.84379786
  83.94209957  85.6233244   85.79059829  85.92278719  87.62002743
  87.84596871  87.86462758  87.98209366  89.15229885  90.64569536
  90.75497288  90.7960199   92.60343482  92.99363057  93.43003413
  93.95109395  95.05208333  95.38327526  96.20155039  96.63388805
  96.66313559  97.1113645   97.65160523  97.76785714  98.45857418
  98.95429899  98.97788903  99.40087146  99.64898596 102.1903821
 102.8432377  103.6931818  103.811149   104.7045324  105.1267281
 105.4303871  106.1046512  106.538237   107.1589883  108.1764296
 108.201581   108.6309524  109.939759   111.4163614  111.6891065
 112.258348   112.5198886  113.5687229  114.1644325  115.1790314
 119.8555166  120.5538618  121.1819389  121.197515   121.574912
 122.124634   122.1456693  122.8956229  123.8687783  143.1372549 ])
22:36:43  baselineEval.src.cross_validation  INFO     Regression CV: 2 models, 5×10 nested CV (50 total outer folds)
22:39:04  baselineEval.src.cross_validation  INFO       Saved: predictions_per_subject.csv
22:39:04  baselineEval.src.cross_validation  INFO       CV results: 100 rows → /srv/beegfs/scratch/shares/schaerm/schaer2/video_sam2_pose/humanLISBET-paper/baselineEval/results_stats_temporal_maxpool/full_kinematic_embedding_temporal/regression/MSEL_FM_DQ/cv_results.csv
22:39:04  baselineEval.src.cross_validation  INFO     
── Regression summary (MSEL_FM_DQ) ──
model      rmse       r2  spearman_r
lasso 19.381681 0.146397    0.426917
 lgbm 21.020630 0.003258    0.261083
22:39:04  ccnEvaluation         INFO     ── Held-out for MSEL_FM_DQ (regression | full_kinematic_embedding_temporal) ──
22:39:04  baselineEval.src.held_out  INFO     Best regression model: lasso (RMSE=19.3817 ± 2.5112)
22:39:05  baselineEval.src.held_out  INFO     Held-out regression (full_kinematic_embedding_temporal | MSEL_FM_DQ): model=lasso RMSE=23.161 [15.667, 29.924] R²=-0.124 [-0.742, 0.198] ρ=0.108
22:39:08  baselineEval.src.plotting  INFO       Saved: shap_bar_top20.png and shap_beeswarm_top20.png
22:39:08  baselineEval.src.held_out  INFO     SHAP saved → /srv/beegfs/scratch/shares/schaerm/schaer2/video_sam2_pose/humanLISBET-paper/baselineEval/results_stats_temporal_maxpool/full_kinematic_embedding_temporal/held_out/regression/MSEL_FM_DQ/shap
22:39:08  ccnEvaluation         INFO     ── CV for MSEL_VR_DQ (regression) ──
22:39:08  ccnEvaluation         INFO       X: (100, 543), y: (100,) (classes: [ 24.78395062  38.27847693  40.84386519  44.24242424  48.97137746
  55.48645661  56.65502522  56.92959002  62.16881151  62.75283172
  64.71631206  65.27181688  65.72629052  66.12318841  66.69049889
  67.74833589  69.92337165  70.46332046  70.66795741  71.15009747
  72.16608084  73.80514706  73.80800341  75.41322314  76.86522262
  77.69631031  77.99145299  78.31273601  78.41474446  78.6637931
  79.18580909  79.31783825  80.21978022  83.77964805  84.0389186
  84.56192081  84.81797057  84.88372093  85.28037383  87.43066062
  88.66708914  89.11889597  89.35566001  89.46078431  89.57533077
  89.615829    90.15860634  92.33630952  93.50512357  93.81764069
  94.1109736   94.6140553   96.17918314  96.20155039  97.93244949
  98.97788903 100.5796275  102.1289538  103.2884465  104.0746873
 104.3095565  106.0098302  106.3795337  108.127254   109.5515537
 110.1055807  110.1609658  110.297536   111.6891065  113.7780549
 114.2017705  114.5637163  115.3090847  116.9871795  118.5064935
 121.4642263  123.6822289  124.5733788  125.1905488  125.2213369
 129.0167095  130.7503771  133.1727963  133.6408905  133.8188664
 134.9544937  135.1851852  136.0094851  136.515748   146.7828418
 147.3675711  148.8166269  148.8393977  151.821572   153.0708874
 158.9721254  159.8073555  175.8188825  192.7226814 ])
22:39:08  baselineEval.src.cross_validation  INFO     Regression CV: 2 models, 5×10 nested CV (50 total outer folds)
22:41:31  baselineEval.src.cross_validation  INFO       Saved: predictions_per_subject.csv
22:41:31  baselineEval.src.cross_validation  INFO       CV results: 100 rows → /srv/beegfs/scratch/shares/schaerm/schaer2/video_sam2_pose/humanLISBET-paper/baselineEval/results_stats_temporal_maxpool/full_kinematic_embedding_temporal/regression/MSEL_VR_DQ/cv_results.csv
22:41:31  baselineEval.src.cross_validation  INFO     
── Regression summary (MSEL_VR_DQ) ──
model      rmse        r2  spearman_r
lasso 29.731790  0.090945    0.338302
 lgbm 31.612158 -0.033314    0.238075
22:41:31  ccnEvaluation         INFO     ── Held-out for MSEL_VR_DQ (regression | full_kinematic_embedding_temporal) ──
22:41:31  baselineEval.src.held_out  INFO     Best regression model: lasso (RMSE=29.7318 ± 3.8145)
22:41:32  baselineEval.src.held_out  INFO     Held-out regression (full_kinematic_embedding_temporal | MSEL_VR_DQ): model=lasso RMSE=30.181 [23.059, 36.479] R²=0.194 [-0.169, 0.302] ρ=0.556
22:41:34  baselineEval.src.plotting  INFO       Saved: shap_bar_top20.png and shap_beeswarm_top20.png
22:41:34  baselineEval.src.held_out  INFO     SHAP saved → /srv/beegfs/scratch/shares/schaerm/schaer2/video_sam2_pose/humanLISBET-paper/baselineEval/results_stats_temporal_maxpool/full_kinematic_embedding_temporal/held_out/regression/MSEL_VR_DQ/shap
22:41:34  ccnEvaluation         INFO     ── CV for MSEL_LR_DQ (regression) ──
22:41:34  ccnEvaluation         INFO       X: (100, 543), y: (100,) (classes: [  3.88463176   4.06639929   6.75925926   9.87554113  12.01290153
  16.59090909  18.70972466  20.22384752  20.94811754  21.24563446
  25.56022409  26.50048403  28.99586908  29.92695289  32.38948048
  32.63590844  35.30956329  37.26391016  38.9957265   40.25735294
  40.48807543  43.06091806  44.2961165   44.83182162  46.05097149
  46.79487179  47.45189808  48.93770627  50.11618082  50.37154989
  52.84749035  53.52588625  53.65219358  54.90373045  59.29174789
  59.55070281  62.02209006  62.16545012  62.65018881  63.07603687
  64.61056645  64.9288451   66.12318841  66.75811614  70.61011905
  70.91968912  71.94102807  73.19518717  74.25406872  76.30178639
  76.39534884  77.74980635  77.81007752  77.89159198  78.6637931
  79.07279029  79.43695591  80.19460138  82.52583979  83.43724023
  83.56227106  84.15678524  87.60560676  91.80080483  96.34238311
  96.50411281 102.7847309  104.0746873  105.9596995  107.2715207
 108.1764296  108.8902148  110.0871314  115.4120767  115.9171748
 116.9871795  117.5351288  118.5064935  119.2178672  119.8802164
 120.1122726  120.9753788  121.1819389  122.3190349  122.5189726
 124.5733788  126.9356955  127.766486   128.1288156  130.2021403
 130.5093403  132.9263068  138.2575758  142.6500252  144.1714836
 144.3321617  147.1132898  148.8393977  153.6195286  157.0567986 ])
22:41:34  baselineEval.src.cross_validation  INFO     Regression CV: 2 models, 5×10 nested CV (50 total outer folds)
22:43:57  baselineEval.src.cross_validation  INFO       Saved: predictions_per_subject.csv
22:43:57  baselineEval.src.cross_validation  INFO       CV results: 100 rows → /srv/beegfs/scratch/shares/schaerm/schaer2/video_sam2_pose/humanLISBET-paper/baselineEval/results_stats_temporal_maxpool/full_kinematic_embedding_temporal/regression/MSEL_LR_DQ/cv_results.csv
22:43:57  baselineEval.src.cross_validation  INFO     
── Regression summary (MSEL_LR_DQ) ──
model      rmse       r2  spearman_r
lasso 35.682459 0.202482    0.511459
 lgbm 37.680359 0.106327    0.394045
22:43:57  ccnEvaluation         INFO     ── Held-out for MSEL_LR_DQ (regression | full_kinematic_embedding_temporal) ──
22:43:57  baselineEval.src.held_out  INFO     Best regression model: lasso (RMSE=35.6825 ± 3.4332)
22:43:58  baselineEval.src.held_out  INFO     Held-out regression (full_kinematic_embedding_temporal | MSEL_LR_DQ): model=lasso RMSE=41.304 [30.031, 52.422] R²=0.171 [-0.387, 0.410] ρ=0.262
22:44:00  baselineEval.src.plotting  INFO       Saved: shap_bar_top20.png and shap_beeswarm_top20.png
22:44:00  baselineEval.src.held_out  INFO     SHAP saved → /srv/beegfs/scratch/shares/schaerm/schaer2/video_sam2_pose/humanLISBET-paper/baselineEval/results_stats_temporal_maxpool/full_kinematic_embedding_temporal/held_out/regression/MSEL_LR_DQ/shap
22:44:00  ccnEvaluation         INFO     ── CV for MSEL_LE_DQ (regression) ──
22:44:00  ccnEvaluation         INFO       X: (100, 543), y: (100,) (classes: [  9.94008715  14.16375631  17.66698935  21.62322275  22.5308642
  23.71669916  24.48568873  29.32736455  29.93313147  31.1965812
  31.83139535  32.5311943   34.96168582  35.3339787   36.51460584
  36.64658635  37.69462981  40.09226714  40.25735294  40.48807543
  41.27091814  41.92189893  43.37492573  44.24242424  44.2961165
  44.43993506  44.83182162  45.69027182  46.51656754  46.72299027
  47.44367418  50.11618082  50.12015105  50.13736264  50.93023256
  52.58200355  54.8048048   55.8530987   56.46658416  56.94227769
  57.72506083  58.12101911  59.82097832  59.93431856  60.11198946
  61.49957877  65.17857143  65.57490326  66.18574582  66.20785318
  69.12878788  69.55030488  71.37484958  72.66780432  73.41954023
  75.10288066  76.33526384  77.99145299  78.1455863   79.85282418
  80.57395143  81.54602324  82.20720721  83.94209957  84.10138249
  85.23058961  86.67962003  89.35128519  89.92073693  90.17483846
  91.02244389  91.36420526  91.65097301  93.77792672  94.24218952
  96.25527426  96.94555113  97.92085848 100.2099483  100.2747253
 103.2239819  106.0553231  108.127254   109.939759   111.2804878
 111.8651489  112.258348   114.1922639  115.7352358  116.9871795
 120.9753788  122.124634   124.6584699  128.4817876  128.8841808
 137.775842   140.655106   143.7007874  170.9694989 ])
22:44:00  baselineEval.src.cross_validation  INFO     Regression CV: 2 models, 5×10 nested CV (50 total outer folds)
22:46:22  baselineEval.src.cross_validation  INFO       Saved: predictions_per_subject.csv
22:46:22  baselineEval.src.cross_validation  INFO       CV results: 100 rows → /srv/beegfs/scratch/shares/schaerm/schaer2/video_sam2_pose/humanLISBET-paper/baselineEval/results_stats_temporal_maxpool/full_kinematic_embedding_temporal/regression/MSEL_LE_DQ/cv_results.csv
22:46:22  baselineEval.src.cross_validation  INFO     
── Regression summary (MSEL_LE_DQ) ──
model      rmse       r2  spearman_r
lasso 30.258489 0.188895    0.471219
 lgbm 30.960853 0.147959    0.451610
22:46:22  ccnEvaluation         INFO     ── Held-out for MSEL_LE_DQ (regression | full_kinematic_embedding_temporal) ──
22:46:22  baselineEval.src.held_out  INFO     Best regression model: lasso (RMSE=30.2585 ± 3.5825)
22:46:23  baselineEval.src.held_out  INFO     Held-out regression (full_kinematic_embedding_temporal | MSEL_LE_DQ): model=lasso RMSE=35.413 [25.843, 44.831] R²=0.104 [-0.600, 0.342] ρ=0.321
22:46:25  baselineEval.src.plotting  INFO       Saved: shap_bar_top20.png and shap_beeswarm_top20.png
22:46:25  baselineEval.src.held_out  INFO     SHAP saved → /srv/beegfs/scratch/shares/schaerm/schaer2/video_sam2_pose/humanLISBET-paper/baselineEval/results_stats_temporal_maxpool/full_kinematic_embedding_temporal/held_out/regression/MSEL_LE_DQ/shap
22:46:25  ccnEvaluation         INFO     ── CV for MSEL_NV_DQ (regression) ──
22:46:25  ccnEvaluation         INFO       X: (100, 543), y: (100,) (classes: [ 21.40432099  44.16747338  48.05160611  48.97137746  49.77272727
  58.71498864  60.1959643   60.90716019  63.02918895  63.79091198
  64.09642401  65.57490326  65.72629052  66.58026114  67.72345918
  67.91030161  70.16720315  71.56862745  72.80585106  73.37984863
  74.11468486  74.27325581  74.37794938  74.47079827  74.91789819
  76.17530756  76.74648129  76.87728938  77.59353741  79.97251931
  81.51480347  81.6976584   81.89102564  81.99943836  82.20720721
  82.35559567  83.73346137  83.90804598  84.15678524  84.60538218
  84.81199831  86.57250071  88.46431518  88.6496114   88.80778589
  88.87987013  91.05626327  91.88613478  92.03227433  92.13004822
  94.43082789  94.90379615  95.05208333  95.96479195  96.20155039
  96.39084507  96.49226641  97.36019132  97.52310803  97.94594067
  98.60764755  98.68968386  98.84549601  98.97788903  99.87039171
 100.2432517  102.1903821  103.1073446  109.0017065  109.0761612
 109.2369828  110.0871314  111.4163614  111.6531427  111.6891065
 114.2017705  115.7352358  116.0376082  116.2030831  116.810994
 116.9871795  119.3828214  119.8555166  121.5842367  122.8722053
 122.9496192  123.2016379  125.1071123  126.1626445  126.7361111
 127.1777003  128.2630522  128.3820346  129.3307087  130.6682578
 135.4820159  137.1387283  139.16122    139.8314361  157.8091521 ])
22:46:25  baselineEval.src.cross_validation  INFO     Regression CV: 2 models, 5×10 nested CV (50 total outer folds)
22:48:47  baselineEval.src.cross_validation  INFO       Saved: predictions_per_subject.csv
22:48:47  baselineEval.src.cross_validation  INFO       CV results: 100 rows → /srv/beegfs/scratch/shares/schaerm/schaer2/video_sam2_pose/humanLISBET-paper/baselineEval/results_stats_temporal_maxpool/full_kinematic_embedding_temporal/regression/MSEL_NV_DQ/cv_results.csv
22:48:47  baselineEval.src.cross_validation  INFO     
── Regression summary (MSEL_NV_DQ) ──
model      rmse       r2  spearman_r
lasso 23.244465 0.101309    0.377052
 lgbm 23.867427 0.046954    0.318617
22:48:47  ccnEvaluation         INFO     ── Held-out for MSEL_NV_DQ (regression | full_kinematic_embedding_temporal) ──
22:48:47  baselineEval.src.held_out  INFO     Best regression model: lasso (RMSE=23.2445 ± 3.0757)
22:48:48  baselineEval.src.held_out  INFO     Held-out regression (full_kinematic_embedding_temporal | MSEL_NV_DQ): model=lasso RMSE=24.930 [19.995, 29.615] R²=0.079 [-0.357, 0.204] ρ=0.350
22:48:50  baselineEval.src.plotting  INFO       Saved: shap_bar_top20.png and shap_beeswarm_top20.png
22:48:50  baselineEval.src.held_out  INFO     SHAP saved → /srv/beegfs/scratch/shares/schaerm/schaer2/video_sam2_pose/humanLISBET-paper/baselineEval/results_stats_temporal_maxpool/full_kinematic_embedding_temporal/held_out/regression/MSEL_NV_DQ/shap
22:48:50  ccnEvaluation         INFO     ── CV for MSEL_V_DQ (regression) ──
22:48:50  ccnEvaluation         INFO       X: (100, 543), y: (100,) (classes: [ 14.64506173  16.81806214  17.70469538  18.29879679  19.42315879
  25.02823491  25.13774105  27.1577381   27.20632081  29.4009959
  30.41666667  30.91723136  31.03741497  33.34524944  35.09615385
  36.40292553  37.2753268   37.99205148  39.16309013  39.59290454
  40.25735294  40.48807543  41.50422352  44.2961165   44.83182162
  47.46155586  48.09864458  48.46611722  48.93286143  50.11618082
  50.44223328  52.19708788  52.70214521  54.2462845   54.2693288
  54.68949248  54.82073643  54.89951357  56.38516993  58.28505645
  59.94525547  62.43158183  63.11758893  63.13929001  63.25823224
  63.6627907   64.59137709  67.89434524  69.06338694  70.46826734
  70.9304984   72.04972258  76.04166667  78.79965458  80.77686203
  81.15118577  83.23831243  85.25467149  85.85349462  85.92278719
  85.99599793  87.22984206  89.35566001  91.36789406  92.32431935
  92.73373984  94.37151949  94.86083166  95.8165773   97.07446809
  98.62059158  99.7831825  101.2242965  101.2355018  102.3816809
 103.6931818  103.8747811  107.1158763  108.0484808  109.063745
 110.7318923  111.4235219  114.0037352  114.2017705  115.3090847
 116.9871795  119.5234869  120.9753788  121.0967994  121.1872446
 122.9686881  124.051024   128.2952548  128.9440573  133.4982788
 135.3182415  135.4820159  141.0506581  142.4132948  159.0413943 ])
22:48:50  baselineEval.src.cross_validation  INFO     Regression CV: 2 models, 5×10 nested CV (50 total outer folds)
22:51:12  baselineEval.src.cross_validation  INFO       Saved: predictions_per_subject.csv
22:51:12  baselineEval.src.cross_validation  INFO       CV results: 100 rows → /srv/beegfs/scratch/shares/schaerm/schaer2/video_sam2_pose/humanLISBET-paper/baselineEval/results_stats_temporal_maxpool/full_kinematic_embedding_temporal/regression/MSEL_V_DQ/cv_results.csv
22:51:12  baselineEval.src.cross_validation  INFO     
── Regression summary (MSEL_V_DQ) ──
model      rmse       r2  spearman_r
lasso 29.611100 0.291994    0.573985
 lgbm 32.441405 0.144145    0.433714
22:51:12  ccnEvaluation         INFO     ── Held-out for MSEL_V_DQ (regression | full_kinematic_embedding_temporal) ──
22:51:12  baselineEval.src.held_out  INFO     Best regression model: lasso (RMSE=29.6111 ± 2.8367)
22:51:13  baselineEval.src.held_out  INFO     Held-out regression (full_kinematic_embedding_temporal | MSEL_V_DQ): model=lasso RMSE=36.878 [26.864, 47.067] R²=0.183 [-0.397, 0.404] ρ=0.404
22:51:15  baselineEval.src.plotting  INFO       Saved: shap_bar_top20.png and shap_beeswarm_top20.png
22:51:15  baselineEval.src.held_out  INFO     SHAP saved → /srv/beegfs/scratch/shares/schaerm/schaer2/video_sam2_pose/humanLISBET-paper/baselineEval/results_stats_temporal_maxpool/full_kinematic_embedding_temporal/held_out/regression/MSEL_V_DQ/shap
22:51:15  ccnEvaluation         INFO     ═══ Step 5: Statistical comparison ═══
22:51:15  baselineEval.src.comparison  INFO       embedding vs embedding_temporal (diagnosis, auc_roc): W=166.5, p=0.0000 (p_corr=0.0003), r=0.728 ***
22:51:15  baselineEval.src.comparison  INFO       embedding vs full_kinematic (diagnosis, auc_roc): W=430.0, p=0.0695 (p_corr=1.0000), r=0.298 
22:51:15  baselineEval.src.comparison  INFO       embedding vs full_kinematic_embedding (diagnosis, auc_roc): W=422.0, p=0.0581 (p_corr=1.0000), r=0.311 
22:51:15  baselineEval.src.comparison  INFO       embedding vs full_kinematic_embedding_temporal (diagnosis, auc_roc): W=292.5, p=0.0009 (p_corr=0.0243), r=0.541 ***
22:51:15  baselineEval.src.comparison  INFO       embedding vs full_kinematic_temporal (diagnosis, auc_roc): W=118.0, p=0.0000 (p_corr=0.0000), r=0.799 ***
22:51:15  baselineEval.src.comparison  INFO       embedding vs motor_only (diagnosis, auc_roc): W=439.0, p=0.1264 (p_corr=1.0000), r=0.253 
22:51:15  baselineEval.src.comparison  INFO       embedding vs motor_only_temporal (diagnosis, auc_roc): W=75.5, p=0.0000 (p_corr=0.0000), r=0.882 ***
22:51:15  baselineEval.src.comparison  INFO       embedding_temporal vs full_kinematic (diagnosis, auc_roc): W=147.0, p=0.0000 (p_corr=0.0001), r=0.760 ***
22:51:15  baselineEval.src.comparison  INFO       embedding_temporal vs full_kinematic_embedding (diagnosis, auc_roc): W=138.0, p=0.0000 (p_corr=0.0001), r=0.775 ***
22:51:15  baselineEval.src.comparison  INFO       embedding_temporal vs full_kinematic_embedding_temporal (diagnosis, auc_roc): W=346.5, p=0.0214 (p_corr=0.5979), r=0.386 
22:51:15  baselineEval.src.comparison  INFO       embedding_temporal vs full_kinematic_temporal (diagnosis, auc_roc): W=484.0, p=0.3972 (p_corr=1.0000), r=0.142 
22:51:15  baselineEval.src.comparison  INFO       embedding_temporal vs motor_only (diagnosis, auc_roc): W=157.5, p=0.0000 (p_corr=0.0002), r=0.743 ***
22:51:15  baselineEval.src.comparison  INFO       embedding_temporal vs motor_only_temporal (diagnosis, auc_roc): W=515.0, p=0.2370 (p_corr=1.0000), r=0.192 
22:51:15  baselineEval.src.comparison  INFO       full_kinematic vs full_kinematic_embedding (diagnosis, auc_roc): W=511.5, p=0.3150 (p_corr=1.0000), r=0.165 
22:51:15  baselineEval.src.comparison  INFO       full_kinematic vs full_kinematic_embedding_temporal (diagnosis, auc_roc): W=180.5, p=0.0000 (p_corr=0.0008), r=0.693 ***
22:51:15  baselineEval.src.comparison  INFO       full_kinematic vs full_kinematic_temporal (diagnosis, auc_roc): W=97.0, p=0.0000 (p_corr=0.0000), r=0.848 ***
22:51:16  baselineEval.src.comparison  INFO       full_kinematic vs motor_only (diagnosis, auc_roc): W=458.0, p=0.2619 (p_corr=1.0000), r=0.188 
22:51:16  baselineEval.src.comparison  INFO       full_kinematic vs motor_only_temporal (diagnosis, auc_roc): W=54.5, p=0.0000 (p_corr=0.0000), r=0.915 ***
22:51:16  baselineEval.src.comparison  INFO       full_kinematic_embedding vs full_kinematic_embedding_temporal (diagnosis, auc_roc): W=214.0, p=0.0001 (p_corr=0.0035), r=0.636 ***
22:51:16  baselineEval.src.comparison  INFO       full_kinematic_embedding vs full_kinematic_temporal (diagnosis, auc_roc): W=115.0, p=0.0000 (p_corr=0.0000), r=0.804 ***
22:51:16  baselineEval.src.comparison  INFO       full_kinematic_embedding vs motor_only (diagnosis, auc_roc): W=561.0, p=0.7818 (p_corr=1.0000), r=0.046 
22:51:16  baselineEval.src.comparison  INFO       full_kinematic_embedding vs motor_only_temporal (diagnosis, auc_roc): W=64.0, p=0.0000 (p_corr=0.0000), r=0.891 ***
22:51:16  baselineEval.src.comparison  INFO       full_kinematic_embedding_temporal vs full_kinematic_temporal (diagnosis, auc_roc): W=271.5, p=0.0033 (p_corr=0.0921), r=0.498 
22:51:16  baselineEval.src.comparison  INFO       full_kinematic_embedding_temporal vs motor_only (diagnosis, auc_roc): W=203.0, p=0.0000 (p_corr=0.0013), r=0.669 ***
22:51:16  baselineEval.src.comparison  INFO       full_kinematic_embedding_temporal vs motor_only_temporal (diagnosis, auc_roc): W=251.0, p=0.0005 (p_corr=0.0153), r=0.573 ***
22:51:16  baselineEval.src.comparison  INFO       full_kinematic_temporal vs motor_only (diagnosis, auc_roc): W=71.5, p=0.0000 (p_corr=0.0000), r=0.883 ***
22:51:16  baselineEval.src.comparison  INFO       full_kinematic_temporal vs motor_only_temporal (diagnosis, auc_roc): W=537.5, p=0.3343 (p_corr=1.0000), r=0.157 
22:51:16  baselineEval.src.comparison  INFO       motor_only vs motor_only_temporal (diagnosis, auc_roc): W=35.0, p=0.0000 (p_corr=0.0000), r=0.943 ***
22:51:16  baselineEval.src.comparison  INFO       Saved: /srv/beegfs/scratch/shares/schaerm/schaer2/video_sam2_pose/humanLISBET-paper/baselineEval/results_stats_temporal_maxpool/comparison/diagnosis/comparison_results.csv
22:51:16  baselineEval.src.comparison  INFO       embedding vs embedding_temporal (ADOS_2_ADOS_G_revised_RRB_level_of_symptoms, f1_macro): W=343.0, p=0.0039 (p_corr=0.1096), r=0.462 
22:51:16  baselineEval.src.comparison  INFO       embedding vs full_kinematic (ADOS_2_ADOS_G_revised_RRB_level_of_symptoms, f1_macro): W=260.0, p=0.0005 (p_corr=0.0127), r=0.576 ***
22:51:16  baselineEval.src.comparison  INFO       embedding vs full_kinematic_embedding (ADOS_2_ADOS_G_revised_RRB_level_of_symptoms, f1_macro): W=310.0, p=0.0012 (p_corr=0.0346), r=0.514 ***
22:51:16  baselineEval.src.comparison  INFO       embedding vs full_kinematic_embedding_temporal (ADOS_2_ADOS_G_revised_RRB_level_of_symptoms, f1_macro): W=263.0, p=0.0002 (p_corr=0.0052), r=0.587 ***
22:51:16  baselineEval.src.comparison  INFO       embedding vs full_kinematic_temporal (ADOS_2_ADOS_G_revised_RRB_level_of_symptoms, f1_macro): W=169.0, p=0.0000 (p_corr=0.0000), r=0.735 ***
22:51:16  baselineEval.src.comparison  INFO       embedding vs motor_only (ADOS_2_ADOS_G_revised_RRB_level_of_symptoms, f1_macro): W=300.0, p=0.0008 (p_corr=0.0237), r=0.529 ***
22:51:16  baselineEval.src.comparison  INFO       embedding vs motor_only_temporal (ADOS_2_ADOS_G_revised_RRB_level_of_symptoms, f1_macro): W=105.0, p=0.0000 (p_corr=0.0000), r=0.835 ***
22:51:16  baselineEval.src.comparison  INFO       embedding_temporal vs full_kinematic (ADOS_2_ADOS_G_revised_RRB_level_of_symptoms, f1_macro): W=114.0, p=0.0000 (p_corr=0.0000), r=0.821 ***
22:51:16  baselineEval.src.comparison  INFO       embedding_temporal vs full_kinematic_embedding (ADOS_2_ADOS_G_revised_RRB_level_of_symptoms, f1_macro): W=132.0, p=0.0000 (p_corr=0.0000), r=0.793 ***
22:51:16  baselineEval.src.comparison  INFO       embedding_temporal vs full_kinematic_embedding_temporal (ADOS_2_ADOS_G_revised_RRB_level_of_symptoms, f1_macro): W=418.0, p=0.0337 (p_corr=0.9433), r=0.344 
22:51:16  baselineEval.src.comparison  INFO       embedding_temporal vs full_kinematic_temporal (ADOS_2_ADOS_G_revised_RRB_level_of_symptoms, f1_macro): W=295.0, p=0.0007 (p_corr=0.0196), r=0.537 ***
22:51:16  baselineEval.src.comparison  INFO       embedding_temporal vs motor_only (ADOS_2_ADOS_G_revised_RRB_level_of_symptoms, f1_macro): W=187.0, p=0.0000 (p_corr=0.0001), r=0.707 ***
22:51:16  baselineEval.src.comparison  INFO       embedding_temporal vs motor_only_temporal (ADOS_2_ADOS_G_revised_RRB_level_of_symptoms, f1_macro): W=162.0, p=0.0000 (p_corr=0.0000), r=0.746 ***
22:51:16  baselineEval.src.comparison  INFO       full_kinematic vs full_kinematic_embedding (ADOS_2_ADOS_G_revised_RRB_level_of_symptoms, f1_macro): W=515.0, p=0.3321 (p_corr=1.0000), r=0.159 
22:51:16  baselineEval.src.comparison  INFO       full_kinematic vs full_kinematic_embedding_temporal (ADOS_2_ADOS_G_revised_RRB_level_of_symptoms, f1_macro): W=78.0, p=0.0000 (p_corr=0.0000), r=0.878 ***
22:51:16  baselineEval.src.comparison  INFO       full_kinematic vs full_kinematic_temporal (ADOS_2_ADOS_G_revised_RRB_level_of_symptoms, f1_macro): W=27.0, p=0.0000 (p_corr=0.0000), r=0.958 ***
22:51:16  baselineEval.src.comparison  INFO       full_kinematic vs motor_only (ADOS_2_ADOS_G_revised_RRB_level_of_symptoms, f1_macro): W=499.0, p=0.2589 (p_corr=1.0000), r=0.185 
22:51:16  baselineEval.src.comparison  INFO       full_kinematic vs motor_only_temporal (ADOS_2_ADOS_G_revised_RRB_level_of_symptoms, f1_macro): W=36.0, p=0.0000 (p_corr=0.0000), r=0.944 ***
22:51:16  baselineEval.src.comparison  INFO       full_kinematic_embedding vs full_kinematic_embedding_temporal (ADOS_2_ADOS_G_revised_RRB_level_of_symptoms, f1_macro): W=94.0, p=0.0000 (p_corr=0.0000), r=0.840 ***
22:51:16  baselineEval.src.comparison  INFO       full_kinematic_embedding vs full_kinematic_temporal (ADOS_2_ADOS_G_revised_RRB_level_of_symptoms, f1_macro): W=64.0, p=0.0000 (p_corr=0.0000), r=0.900 ***
22:51:16  baselineEval.src.comparison  INFO       full_kinematic_embedding vs motor_only (ADOS_2_ADOS_G_revised_RRB_level_of_symptoms, f1_macro): W=591.0, p=0.8307 (p_corr=1.0000), r=0.035 
22:51:16  baselineEval.src.comparison  INFO       full_kinematic_embedding vs motor_only_temporal (ADOS_2_ADOS_G_revised_RRB_level_of_symptoms, f1_macro): W=38.0, p=0.0000 (p_corr=0.0000), r=0.940 ***
22:51:16  baselineEval.src.comparison  INFO       full_kinematic_embedding_temporal vs full_kinematic_temporal (ADOS_2_ADOS_G_revised_RRB_level_of_symptoms, f1_macro): W=481.5, p=0.1321 (p_corr=1.0000), r=0.245 
22:51:16  baselineEval.src.comparison  INFO       full_kinematic_embedding_temporal vs motor_only (ADOS_2_ADOS_G_revised_RRB_level_of_symptoms, f1_macro): W=124.0, p=0.0000 (p_corr=0.0000), r=0.805 ***
22:51:16  baselineEval.src.comparison  INFO       full_kinematic_embedding_temporal vs motor_only_temporal (ADOS_2_ADOS_G_revised_RRB_level_of_symptoms, f1_macro): W=316.0, p=0.0015 (p_corr=0.0431), r=0.504 ***
22:51:16  baselineEval.src.comparison  INFO       full_kinematic_temporal vs motor_only (ADOS_2_ADOS_G_revised_RRB_level_of_symptoms, f1_macro): W=43.0, p=0.0000 (p_corr=0.0000), r=0.933 ***
22:51:16  baselineEval.src.comparison  INFO       full_kinematic_temporal vs motor_only_temporal (ADOS_2_ADOS_G_revised_RRB_level_of_symptoms, f1_macro): W=464.0, p=0.2034 (p_corr=1.0000), r=0.211 
22:51:16  baselineEval.src.comparison  INFO       motor_only vs motor_only_temporal (ADOS_2_ADOS_G_revised_RRB_level_of_symptoms, f1_macro): W=60.0, p=0.0000 (p_corr=0.0000), r=0.906 ***
22:51:16  baselineEval.src.comparison  INFO       Saved: /srv/beegfs/scratch/shares/schaerm/schaer2/video_sam2_pose/humanLISBET-paper/baselineEval/results_stats_temporal_maxpool/comparison/ADOS_2_ADOS_G_revised_RRB_level_of_symptoms/comparison_results.csv
22:51:16  baselineEval.src.comparison  INFO       embedding vs embedding_temporal (ADOS_2_ADOS_G_REVISED_SA_LEVEL_OF_SYMPTOMS, f1_macro): W=636.0, p=0.9924 (p_corr=1.0000), r=0.002 
22:51:16  baselineEval.src.comparison  INFO       embedding vs full_kinematic (ADOS_2_ADOS_G_REVISED_SA_LEVEL_OF_SYMPTOMS, f1_macro): W=146.0, p=0.0000 (p_corr=0.0000), r=0.771 ***
22:51:16  baselineEval.src.comparison  INFO       embedding vs full_kinematic_embedding (ADOS_2_ADOS_G_REVISED_SA_LEVEL_OF_SYMPTOMS, f1_macro): W=295.0, p=0.0007 (p_corr=0.0196), r=0.537 ***
22:51:16  baselineEval.src.comparison  INFO       embedding vs full_kinematic_embedding_temporal (ADOS_2_ADOS_G_REVISED_SA_LEVEL_OF_SYMPTOMS, f1_macro): W=406.0, p=0.0248 (p_corr=0.6957), r=0.363 
22:51:16  baselineEval.src.comparison  INFO       embedding vs full_kinematic_temporal (ADOS_2_ADOS_G_REVISED_SA_LEVEL_OF_SYMPTOMS, f1_macro): W=502.0, p=0.1943 (p_corr=1.0000), r=0.213 
22:51:16  baselineEval.src.comparison  INFO       embedding vs motor_only (ADOS_2_ADOS_G_REVISED_SA_LEVEL_OF_SYMPTOMS, f1_macro): W=212.0, p=0.0000 (p_corr=0.0004), r=0.667 ***
22:51:16  baselineEval.src.comparison  INFO       embedding vs motor_only_temporal (ADOS_2_ADOS_G_REVISED_SA_LEVEL_OF_SYMPTOMS, f1_macro): W=525.0, p=0.2823 (p_corr=1.0000), r=0.176 
22:51:16  baselineEval.src.comparison  INFO       embedding_temporal vs full_kinematic (ADOS_2_ADOS_G_REVISED_SA_LEVEL_OF_SYMPTOMS, f1_macro): W=208.0, p=0.0000 (p_corr=0.0004), r=0.674 ***
22:51:16  baselineEval.src.comparison  INFO       embedding_temporal vs full_kinematic_embedding (ADOS_2_ADOS_G_REVISED_SA_LEVEL_OF_SYMPTOMS, f1_macro): W=315.0, p=0.0015 (p_corr=0.0416), r=0.506 ***
22:51:16  baselineEval.src.comparison  INFO       embedding_temporal vs full_kinematic_embedding_temporal (ADOS_2_ADOS_G_REVISED_SA_LEVEL_OF_SYMPTOMS, f1_macro): W=299.0, p=0.0008 (p_corr=0.0228), r=0.531 ***
22:51:16  baselineEval.src.comparison  INFO       embedding_temporal vs full_kinematic_temporal (ADOS_2_ADOS_G_REVISED_SA_LEVEL_OF_SYMPTOMS, f1_macro): W=493.0, p=0.2346 (p_corr=1.0000), r=0.195 
22:51:16  baselineEval.src.comparison  INFO       embedding_temporal vs motor_only (ADOS_2_ADOS_G_REVISED_SA_LEVEL_OF_SYMPTOMS, f1_macro): W=275.0, p=0.0003 (p_corr=0.0087), r=0.569 ***
22:51:16  baselineEval.src.comparison  INFO       embedding_temporal vs motor_only_temporal (ADOS_2_ADOS_G_REVISED_SA_LEVEL_OF_SYMPTOMS, f1_macro): W=537.0, p=0.3374 (p_corr=1.0000), r=0.158 
22:51:16  baselineEval.src.comparison  INFO       full_kinematic vs full_kinematic_embedding (ADOS_2_ADOS_G_REVISED_SA_LEVEL_OF_SYMPTOMS, f1_macro): W=452.0, p=0.0740 (p_corr=1.0000), r=0.291 
22:51:16  baselineEval.src.comparison  INFO       full_kinematic vs full_kinematic_embedding_temporal (ADOS_2_ADOS_G_REVISED_SA_LEVEL_OF_SYMPTOMS, f1_macro): W=389.0, p=0.0157 (p_corr=0.4408), r=0.390 
22:51:16  baselineEval.src.comparison  INFO       full_kinematic vs full_kinematic_temporal (ADOS_2_ADOS_G_REVISED_SA_LEVEL_OF_SYMPTOMS, f1_macro): W=271.0, p=0.0003 (p_corr=0.0073), r=0.575 ***
22:51:16  baselineEval.src.comparison  INFO       full_kinematic vs motor_only (ADOS_2_ADOS_G_REVISED_SA_LEVEL_OF_SYMPTOMS, f1_macro): W=520.0, p=0.2612 (p_corr=1.0000), r=0.184 
22:51:16  baselineEval.src.comparison  INFO       full_kinematic vs motor_only_temporal (ADOS_2_ADOS_G_REVISED_SA_LEVEL_OF_SYMPTOMS, f1_macro): W=180.0, p=0.0000 (p_corr=0.0001), r=0.718 ***
22:51:16  baselineEval.src.comparison  INFO       full_kinematic_embedding vs full_kinematic_embedding_temporal (ADOS_2_ADOS_G_REVISED_SA_LEVEL_OF_SYMPTOMS, f1_macro): W=532.0, p=0.4233 (p_corr=1.0000), r=0.131 
22:51:16  baselineEval.src.comparison  INFO       full_kinematic_embedding vs full_kinematic_temporal (ADOS_2_ADOS_G_REVISED_SA_LEVEL_OF_SYMPTOMS, f1_macro): W=498.0, p=0.1813 (p_corr=1.0000), r=0.219 
22:51:16  baselineEval.src.comparison  INFO       full_kinematic_embedding vs motor_only (ADOS_2_ADOS_G_REVISED_SA_LEVEL_OF_SYMPTOMS, f1_macro): W=536.0, p=0.4467 (p_corr=1.0000), r=0.125 
22:51:16  baselineEval.src.comparison  INFO       full_kinematic_embedding vs motor_only_temporal (ADOS_2_ADOS_G_REVISED_SA_LEVEL_OF_SYMPTOMS, f1_macro): W=336.0, p=0.0031 (p_corr=0.0868), r=0.473 
22:51:16  baselineEval.src.comparison  INFO       full_kinematic_embedding_temporal vs full_kinematic_temporal (ADOS_2_ADOS_G_REVISED_SA_LEVEL_OF_SYMPTOMS, f1_macro): W=507.0, p=0.2115 (p_corr=1.0000), r=0.205 
22:51:16  baselineEval.src.comparison  INFO       full_kinematic_embedding_temporal vs motor_only (ADOS_2_ADOS_G_REVISED_SA_LEVEL_OF_SYMPTOMS, f1_macro): W=473.0, p=0.1139 (p_corr=1.0000), r=0.258 
22:51:16  baselineEval.src.comparison  INFO       full_kinematic_embedding_temporal vs motor_only_temporal (ADOS_2_ADOS_G_REVISED_SA_LEVEL_OF_SYMPTOMS, f1_macro): W=374.0, p=0.0103 (p_corr=0.2873), r=0.413 
22:51:16  baselineEval.src.comparison  INFO       full_kinematic_temporal vs motor_only (ADOS_2_ADOS_G_REVISED_SA_LEVEL_OF_SYMPTOMS, f1_macro): W=415.0, p=0.0313 (p_corr=0.8753), r=0.349 
22:51:16  baselineEval.src.comparison  INFO       full_kinematic_temporal vs motor_only_temporal (ADOS_2_ADOS_G_REVISED_SA_LEVEL_OF_SYMPTOMS, f1_macro): W=416.0, p=0.0321 (p_corr=0.8975), r=0.347 
22:51:16  baselineEval.src.comparison  INFO       motor_only vs motor_only_temporal (ADOS_2_ADOS_G_REVISED_SA_LEVEL_OF_SYMPTOMS, f1_macro): W=220.0, p=0.0000 (p_corr=0.0007), r=0.655 ***
22:51:16  baselineEval.src.comparison  INFO       Saved: /srv/beegfs/scratch/shares/schaerm/schaer2/video_sam2_pose/humanLISBET-paper/baselineEval/results_stats_temporal_maxpool/comparison/ADOS_2_ADOS_G_REVISED_SA_LEVEL_OF_SYMPTOMS/comparison_results.csv
22:51:16  baselineEval.src.comparison  INFO       embedding vs embedding_temporal (ADOS_G_ADOS_2_TOTAL_score_de_severite, rmse): W=360.0, p=0.0067 (p_corr=0.1885), r=0.435 
22:51:16  baselineEval.src.comparison  INFO       embedding vs full_kinematic (ADOS_G_ADOS_2_TOTAL_score_de_severite, rmse): W=248.0, p=0.0001 (p_corr=0.0027), r=0.611 ***
22:51:16  baselineEval.src.comparison  INFO       embedding vs full_kinematic_embedding (ADOS_G_ADOS_2_TOTAL_score_de_severite, rmse): W=303.0, p=0.0010 (p_corr=0.0266), r=0.525 ***
22:51:16  baselineEval.src.comparison  INFO       embedding vs full_kinematic_embedding_temporal (ADOS_G_ADOS_2_TOTAL_score_de_severite, rmse): W=431.0, p=0.0461 (p_corr=1.0000), r=0.324 
22:51:16  baselineEval.src.comparison  INFO       embedding vs full_kinematic_temporal (ADOS_G_ADOS_2_TOTAL_score_de_severite, rmse): W=202.0, p=0.0000 (p_corr=0.0003), r=0.683 ***
22:51:16  baselineEval.src.comparison  INFO       embedding vs motor_only (ADOS_G_ADOS_2_TOTAL_score_de_severite, rmse): W=306.0, p=0.0011 (p_corr=0.0298), r=0.520 ***
22:51:16  baselineEval.src.comparison  INFO       embedding vs motor_only_temporal (ADOS_G_ADOS_2_TOTAL_score_de_severite, rmse): W=146.0, p=0.0000 (p_corr=0.0000), r=0.771 ***
22:51:16  baselineEval.src.comparison  INFO       embedding_temporal vs full_kinematic (ADOS_G_ADOS_2_TOTAL_score_de_severite, rmse): W=184.0, p=0.0000 (p_corr=0.0001), r=0.711 ***
22:51:16  baselineEval.src.comparison  INFO       embedding_temporal vs full_kinematic_embedding (ADOS_G_ADOS_2_TOTAL_score_de_severite, rmse): W=202.0, p=0.0000 (p_corr=0.0003), r=0.683 ***
22:51:16  baselineEval.src.comparison  INFO       embedding_temporal vs full_kinematic_embedding_temporal (ADOS_G_ADOS_2_TOTAL_score_de_severite, rmse): W=508.0, p=0.2151 (p_corr=1.0000), r=0.203 
22:51:16  baselineEval.src.comparison  INFO       embedding_temporal vs full_kinematic_temporal (ADOS_G_ADOS_2_TOTAL_score_de_severite, rmse): W=461.0, p=0.0894 (p_corr=1.0000), r=0.277 
22:51:16  baselineEval.src.comparison  INFO       embedding_temporal vs motor_only (ADOS_G_ADOS_2_TOTAL_score_de_severite, rmse): W=202.0, p=0.0000 (p_corr=0.0003), r=0.683 ***
22:51:16  baselineEval.src.comparison  INFO       embedding_temporal vs motor_only_temporal (ADOS_G_ADOS_2_TOTAL_score_de_severite, rmse): W=411.0, p=0.0283 (p_corr=0.7912), r=0.355 
22:51:16  baselineEval.src.comparison  INFO       full_kinematic vs full_kinematic_embedding (ADOS_G_ADOS_2_TOTAL_score_de_severite, rmse): W=444.0, p=0.0621 (p_corr=1.0000), r=0.304 
22:51:16  baselineEval.src.comparison  INFO       full_kinematic vs full_kinematic_embedding_temporal (ADOS_G_ADOS_2_TOTAL_score_de_severite, rmse): W=227.0, p=0.0000 (p_corr=0.0010), r=0.644 ***
22:51:16  baselineEval.src.comparison  INFO       full_kinematic vs full_kinematic_temporal (ADOS_G_ADOS_2_TOTAL_score_de_severite, rmse): W=71.0, p=0.0000 (p_corr=0.0000), r=0.889 ***
22:51:16  baselineEval.src.comparison  INFO       full_kinematic vs motor_only (ADOS_G_ADOS_2_TOTAL_score_de_severite, rmse): W=496.0, p=0.1750 (p_corr=1.0000), r=0.222 
22:51:16  baselineEval.src.comparison  INFO       full_kinematic vs motor_only_temporal (ADOS_G_ADOS_2_TOTAL_score_de_severite, rmse): W=60.0, p=0.0000 (p_corr=0.0000), r=0.906 ***
22:51:16  baselineEval.src.comparison  INFO       full_kinematic_embedding vs full_kinematic_embedding_temporal (ADOS_G_ADOS_2_TOTAL_score_de_severite, rmse): W=263.0, p=0.0002 (p_corr=0.0052), r=0.587 ***
22:51:16  baselineEval.src.comparison  INFO       full_kinematic_embedding vs full_kinematic_temporal (ADOS_G_ADOS_2_TOTAL_score_de_severite, rmse): W=158.0, p=0.0000 (p_corr=0.0000), r=0.752 ***
22:51:16  baselineEval.src.comparison  INFO       full_kinematic_embedding vs motor_only (ADOS_G_ADOS_2_TOTAL_score_de_severite, rmse): W=547.0, p=0.3882 (p_corr=1.0000), r=0.142 
22:51:16  baselineEval.src.comparison  INFO       full_kinematic_embedding vs motor_only_temporal (ADOS_G_ADOS_2_TOTAL_score_de_severite, rmse): W=118.0, p=0.0000 (p_corr=0.0000), r=0.815 ***
22:51:16  baselineEval.src.comparison  INFO       full_kinematic_embedding_temporal vs full_kinematic_temporal (ADOS_G_ADOS_2_TOTAL_score_de_severite, rmse): W=404.0, p=0.0236 (p_corr=0.6604), r=0.366 
22:51:16  baselineEval.src.comparison  INFO       full_kinematic_embedding_temporal vs motor_only (ADOS_G_ADOS_2_TOTAL_score_de_severite, rmse): W=241.0, p=0.0001 (p_corr=0.0019), r=0.622 ***
22:51:16  baselineEval.src.comparison  INFO       full_kinematic_embedding_temporal vs motor_only_temporal (ADOS_G_ADOS_2_TOTAL_score_de_severite, rmse): W=357.0, p=0.0061 (p_corr=0.1717), r=0.440 
22:51:16  baselineEval.src.comparison  INFO       full_kinematic_temporal vs motor_only (ADOS_G_ADOS_2_TOTAL_score_de_severite, rmse): W=130.0, p=0.0000 (p_corr=0.0000), r=0.796 ***
22:51:16  baselineEval.src.comparison  INFO       full_kinematic_temporal vs motor_only_temporal (ADOS_G_ADOS_2_TOTAL_score_de_severite, rmse): W=483.0, p=0.1381 (p_corr=1.0000), r=0.242 
22:51:16  baselineEval.src.comparison  INFO       motor_only vs motor_only_temporal (ADOS_G_ADOS_2_TOTAL_score_de_severite, rmse): W=128.0, p=0.0000 (p_corr=0.0000), r=0.799 ***
22:51:16  baselineEval.src.comparison  INFO       Saved: /srv/beegfs/scratch/shares/schaerm/schaer2/video_sam2_pose/humanLISBET-paper/baselineEval/results_stats_temporal_maxpool/comparison/ADOS_G_ADOS_2_TOTAL_score_de_severite/comparison_results.csv
22:51:16  baselineEval.src.comparison  INFO       embedding vs embedding_temporal (ADOS_2_ADOS_G_REVISED_SA_SEVERITY_SCORE, rmse): W=407.0, p=0.0255 (p_corr=0.7140), r=0.362 
22:51:16  baselineEval.src.comparison  INFO       embedding vs full_kinematic (ADOS_2_ADOS_G_REVISED_SA_SEVERITY_SCORE, rmse): W=79.0, p=0.0000 (p_corr=0.0000), r=0.876 ***
22:51:16  baselineEval.src.comparison  INFO       embedding vs full_kinematic_embedding (ADOS_2_ADOS_G_REVISED_SA_SEVERITY_SCORE, rmse): W=78.0, p=0.0000 (p_corr=0.0000), r=0.878 ***
22:51:16  baselineEval.src.comparison  INFO       embedding vs full_kinematic_embedding_temporal (ADOS_2_ADOS_G_REVISED_SA_SEVERITY_SCORE, rmse): W=444.0, p=0.0621 (p_corr=1.0000), r=0.304 
22:51:16  baselineEval.src.comparison  INFO       embedding vs full_kinematic_temporal (ADOS_2_ADOS_G_REVISED_SA_SEVERITY_SCORE, rmse): W=387.0, p=0.0149 (p_corr=0.4169), r=0.393 
22:51:16  baselineEval.src.comparison  INFO       embedding vs motor_only (ADOS_2_ADOS_G_REVISED_SA_SEVERITY_SCORE, rmse): W=71.0, p=0.0000 (p_corr=0.0000), r=0.889 ***
22:51:16  baselineEval.src.comparison  INFO       embedding vs motor_only_temporal (ADOS_2_ADOS_G_REVISED_SA_SEVERITY_SCORE, rmse): W=416.0, p=0.0321 (p_corr=0.8975), r=0.347 
22:51:16  baselineEval.src.comparison  INFO       embedding_temporal vs full_kinematic (ADOS_2_ADOS_G_REVISED_SA_SEVERITY_SCORE, rmse): W=5.0, p=0.0000 (p_corr=0.0000), r=0.992 ***
22:51:16  baselineEval.src.comparison  INFO       embedding_temporal vs full_kinematic_embedding (ADOS_2_ADOS_G_REVISED_SA_SEVERITY_SCORE, rmse): W=8.0, p=0.0000 (p_corr=0.0000), r=0.987 ***
22:51:16  baselineEval.src.comparison  INFO       embedding_temporal vs full_kinematic_embedding_temporal (ADOS_2_ADOS_G_REVISED_SA_SEVERITY_SCORE, rmse): W=579.0, p=0.5786 (p_corr=1.0000), r=0.092 
22:51:16  baselineEval.src.comparison  INFO       embedding_temporal vs full_kinematic_temporal (ADOS_2_ADOS_G_REVISED_SA_SEVERITY_SCORE, rmse): W=533.0, p=0.3183 (p_corr=1.0000), r=0.164 
22:51:16  baselineEval.src.comparison  INFO       embedding_temporal vs motor_only (ADOS_2_ADOS_G_REVISED_SA_SEVERITY_SCORE, rmse): W=12.0, p=0.0000 (p_corr=0.0000), r=0.981 ***
22:51:16  baselineEval.src.comparison  INFO       embedding_temporal vs motor_only_temporal (ADOS_2_ADOS_G_REVISED_SA_SEVERITY_SCORE, rmse): W=549.0, p=0.3989 (p_corr=1.0000), r=0.139 
22:51:16  baselineEval.src.comparison  INFO       full_kinematic vs full_kinematic_embedding (ADOS_2_ADOS_G_REVISED_SA_SEVERITY_SCORE, rmse): W=621.0, p=0.8783 (p_corr=1.0000), r=0.026 
22:51:16  baselineEval.src.comparison  INFO       full_kinematic vs full_kinematic_embedding_temporal (ADOS_2_ADOS_G_REVISED_SA_SEVERITY_SCORE, rmse): W=20.0, p=0.0000 (p_corr=0.0000), r=0.969 ***
22:51:16  baselineEval.src.comparison  INFO       full_kinematic vs full_kinematic_temporal (ADOS_2_ADOS_G_REVISED_SA_SEVERITY_SCORE, rmse): W=13.0, p=0.0000 (p_corr=0.0000), r=0.980 ***
22:51:16  baselineEval.src.comparison  INFO       full_kinematic vs motor_only (ADOS_2_ADOS_G_REVISED_SA_SEVERITY_SCORE, rmse): W=581.0, p=0.5918 (p_corr=1.0000), r=0.089 
22:51:16  baselineEval.src.comparison  INFO       full_kinematic vs motor_only_temporal (ADOS_2_ADOS_G_REVISED_SA_SEVERITY_SCORE, rmse): W=20.0, p=0.0000 (p_corr=0.0000), r=0.969 ***
22:51:16  baselineEval.src.comparison  INFO       full_kinematic_embedding vs full_kinematic_embedding_temporal (ADOS_2_ADOS_G_REVISED_SA_SEVERITY_SCORE, rmse): W=19.0, p=0.0000 (p_corr=0.0000), r=0.970 ***
22:51:16  baselineEval.src.comparison  INFO       full_kinematic_embedding vs full_kinematic_temporal (ADOS_2_ADOS_G_REVISED_SA_SEVERITY_SCORE, rmse): W=14.0, p=0.0000 (p_corr=0.0000), r=0.978 ***
22:51:16  baselineEval.src.comparison  INFO       full_kinematic_embedding vs motor_only (ADOS_2_ADOS_G_REVISED_SA_SEVERITY_SCORE, rmse): W=563.0, p=0.4783 (p_corr=1.0000), r=0.117 
22:51:16  baselineEval.src.comparison  INFO       full_kinematic_embedding vs motor_only_temporal (ADOS_2_ADOS_G_REVISED_SA_SEVERITY_SCORE, rmse): W=23.0, p=0.0000 (p_corr=0.0000), r=0.964 ***
22:51:16  baselineEval.src.comparison  INFO       full_kinematic_embedding_temporal vs full_kinematic_temporal (ADOS_2_ADOS_G_REVISED_SA_SEVERITY_SCORE, rmse): W=525.0, p=0.2823 (p_corr=1.0000), r=0.176 
22:51:16  baselineEval.src.comparison  INFO       full_kinematic_embedding_temporal vs motor_only (ADOS_2_ADOS_G_REVISED_SA_SEVERITY_SCORE, rmse): W=15.0, p=0.0000 (p_corr=0.0000), r=0.976 ***
22:51:16  baselineEval.src.comparison  INFO       full_kinematic_embedding_temporal vs motor_only_temporal (ADOS_2_ADOS_G_REVISED_SA_SEVERITY_SCORE, rmse): W=539.0, p=0.3472 (p_corr=1.0000), r=0.155 
22:51:16  baselineEval.src.comparison  INFO       full_kinematic_temporal vs motor_only (ADOS_2_ADOS_G_REVISED_SA_SEVERITY_SCORE, rmse): W=3.0, p=0.0000 (p_corr=0.0000), r=0.995 ***
22:51:16  baselineEval.src.comparison  INFO       full_kinematic_temporal vs motor_only_temporal (ADOS_2_ADOS_G_REVISED_SA_SEVERITY_SCORE, rmse): W=609.0, p=0.7888 (p_corr=1.0000), r=0.045 
22:51:16  baselineEval.src.comparison  INFO       motor_only vs motor_only_temporal (ADOS_2_ADOS_G_REVISED_SA_SEVERITY_SCORE, rmse): W=8.0, p=0.0000 (p_corr=0.0000), r=0.987 ***
22:51:16  baselineEval.src.comparison  INFO       Saved: /srv/beegfs/scratch/shares/schaerm/schaer2/video_sam2_pose/humanLISBET-paper/baselineEval/results_stats_temporal_maxpool/comparison/ADOS_2_ADOS_G_REVISED_SA_SEVERITY_SCORE/comparison_results.csv
22:51:16  baselineEval.src.comparison  INFO       embedding vs embedding_temporal (ADOS_2_ADOS_G_REVISED_RRB_SEVERITY_SCORE_new, rmse): W=607.0, p=0.7741 (p_corr=1.0000), r=0.048 
22:51:16  baselineEval.src.comparison  INFO       embedding vs full_kinematic (ADOS_2_ADOS_G_REVISED_RRB_SEVERITY_SCORE_new, rmse): W=365.0, p=0.0078 (p_corr=0.2196), r=0.427 
22:51:16  baselineEval.src.comparison  INFO       embedding vs full_kinematic_embedding (ADOS_2_ADOS_G_REVISED_RRB_SEVERITY_SCORE_new, rmse): W=442.0, p=0.0594 (p_corr=1.0000), r=0.307 
22:51:16  baselineEval.src.comparison  INFO       embedding vs full_kinematic_embedding_temporal (ADOS_2_ADOS_G_REVISED_RRB_SEVERITY_SCORE_new, rmse): W=558.0, p=0.4490 (p_corr=1.0000), r=0.125 
22:51:16  baselineEval.src.comparison  INFO       embedding vs full_kinematic_temporal (ADOS_2_ADOS_G_REVISED_RRB_SEVERITY_SCORE_new, rmse): W=262.0, p=0.0002 (p_corr=0.0050), r=0.589 ***
22:51:16  baselineEval.src.comparison  INFO       embedding vs motor_only (ADOS_2_ADOS_G_REVISED_RRB_SEVERITY_SCORE_new, rmse): W=449.0, p=0.0693 (p_corr=1.0000), r=0.296 
22:51:16  baselineEval.src.comparison  INFO       embedding vs motor_only_temporal (ADOS_2_ADOS_G_REVISED_RRB_SEVERITY_SCORE_new, rmse): W=217.0, p=0.0000 (p_corr=0.0006), r=0.660 ***
22:51:16  baselineEval.src.comparison  INFO       embedding_temporal vs full_kinematic (ADOS_2_ADOS_G_REVISED_RRB_SEVERITY_SCORE_new, rmse): W=400.0, p=0.0212 (p_corr=0.5943), r=0.373 
22:51:16  baselineEval.src.comparison  INFO       embedding_temporal vs full_kinematic_embedding (ADOS_2_ADOS_G_REVISED_RRB_SEVERITY_SCORE_new, rmse): W=489.0, p=0.1543 (p_corr=1.0000), r=0.233 
22:51:16  baselineEval.src.comparison  INFO       embedding_temporal vs full_kinematic_embedding_temporal (ADOS_2_ADOS_G_REVISED_RRB_SEVERITY_SCORE_new, rmse): W=513.0, p=0.2335 (p_corr=1.0000), r=0.195 
22:51:16  baselineEval.src.comparison  INFO       embedding_temporal vs full_kinematic_temporal (ADOS_2_ADOS_G_REVISED_RRB_SEVERITY_SCORE_new, rmse): W=293.0, p=0.0006 (p_corr=0.0181), r=0.540 ***
22:51:16  baselineEval.src.comparison  INFO       embedding_temporal vs motor_only (ADOS_2_ADOS_G_REVISED_RRB_SEVERITY_SCORE_new, rmse): W=443.0, p=0.0607 (p_corr=1.0000), r=0.305 
22:51:16  baselineEval.src.comparison  INFO       embedding_temporal vs motor_only_temporal (ADOS_2_ADOS_G_REVISED_RRB_SEVERITY_SCORE_new, rmse): W=214.0, p=0.0000 (p_corr=0.0005), r=0.664 ***
22:51:16  baselineEval.src.comparison  INFO       full_kinematic vs full_kinematic_embedding (ADOS_2_ADOS_G_REVISED_RRB_SEVERITY_SCORE_new, rmse): W=481.0, p=0.1330 (p_corr=1.0000), r=0.245 
22:51:16  baselineEval.src.comparison  INFO       full_kinematic vs full_kinematic_embedding_temporal (ADOS_2_ADOS_G_REVISED_RRB_SEVERITY_SCORE_new, rmse): W=444.0, p=0.0621 (p_corr=1.0000), r=0.304 
22:51:16  baselineEval.src.comparison  INFO       full_kinematic vs full_kinematic_temporal (ADOS_2_ADOS_G_REVISED_RRB_SEVERITY_SCORE_new, rmse): W=123.0, p=0.0000 (p_corr=0.0000), r=0.807 ***
22:51:16  baselineEval.src.comparison  INFO       full_kinematic vs motor_only (ADOS_2_ADOS_G_REVISED_RRB_SEVERITY_SCORE_new, rmse): W=499.0, p=0.1844 (p_corr=1.0000), r=0.217 
22:51:16  baselineEval.src.comparison  INFO       full_kinematic vs motor_only_temporal (ADOS_2_ADOS_G_REVISED_RRB_SEVERITY_SCORE_new, rmse): W=77.0, p=0.0000 (p_corr=0.0000), r=0.879 ***
22:51:16  baselineEval.src.comparison  INFO       full_kinematic_embedding vs full_kinematic_embedding_temporal (ADOS_2_ADOS_G_REVISED_RRB_SEVERITY_SCORE_new, rmse): W=524.0, p=0.2780 (p_corr=1.0000), r=0.178 
22:51:16  baselineEval.src.comparison  INFO       full_kinematic_embedding vs full_kinematic_temporal (ADOS_2_ADOS_G_REVISED_RRB_SEVERITY_SCORE_new, rmse): W=208.0, p=0.0000 (p_corr=0.0004), r=0.674 ***
22:51:16  baselineEval.src.comparison  INFO       full_kinematic_embedding vs motor_only (ADOS_2_ADOS_G_REVISED_RRB_SEVERITY_SCORE_new, rmse): W=590.0, p=0.6528 (p_corr=1.0000), r=0.075 
22:51:16  baselineEval.src.comparison  INFO       full_kinematic_embedding vs motor_only_temporal (ADOS_2_ADOS_G_REVISED_RRB_SEVERITY_SCORE_new, rmse): W=152.0, p=0.0000 (p_corr=0.0000), r=0.762 ***
22:51:16  baselineEval.src.comparison  INFO       full_kinematic_embedding_temporal vs full_kinematic_temporal (ADOS_2_ADOS_G_REVISED_RRB_SEVERITY_SCORE_new, rmse): W=257.0, p=0.0001 (p_corr=0.0040), r=0.597 ***
22:51:16  baselineEval.src.comparison  INFO       full_kinematic_embedding_temporal vs motor_only (ADOS_2_ADOS_G_REVISED_RRB_SEVERITY_SCORE_new, rmse): W=498.0, p=0.1813 (p_corr=1.0000), r=0.219 
22:51:16  baselineEval.src.comparison  INFO       full_kinematic_embedding_temporal vs motor_only_temporal (ADOS_2_ADOS_G_REVISED_RRB_SEVERITY_SCORE_new, rmse): W=185.0, p=0.0000 (p_corr=0.0001), r=0.710 ***
22:51:16  baselineEval.src.comparison  INFO       full_kinematic_temporal vs motor_only (ADOS_2_ADOS_G_REVISED_RRB_SEVERITY_SCORE_new, rmse): W=238.0, p=0.0001 (p_corr=0.0017), r=0.627 ***
22:51:16  baselineEval.src.comparison  INFO       full_kinematic_temporal vs motor_only_temporal (ADOS_2_ADOS_G_REVISED_RRB_SEVERITY_SCORE_new, rmse): W=344.0, p=0.0199 (p_corr=0.5574), r=0.390 
22:51:16  baselineEval.src.comparison  INFO       motor_only vs motor_only_temporal (ADOS_2_ADOS_G_REVISED_RRB_SEVERITY_SCORE_new, rmse): W=146.0, p=0.0000 (p_corr=0.0000), r=0.771 ***
22:51:16  baselineEval.src.comparison  INFO       Saved: /srv/beegfs/scratch/shares/schaerm/schaer2/video_sam2_pose/humanLISBET-paper/baselineEval/results_stats_temporal_maxpool/comparison/ADOS_2_ADOS_G_REVISED_RRB_SEVERITY_SCORE_new/comparison_results.csv
22:51:16  baselineEval.src.comparison  INFO       embedding vs embedding_temporal (VLDII_AdSS, rmse): W=245.0, p=0.0001 (p_corr=0.0023), r=0.616 ***
22:51:16  baselineEval.src.comparison  INFO       embedding vs full_kinematic (VLDII_AdSS, rmse): W=510.0, p=0.2223 (p_corr=1.0000), r=0.200 
22:51:16  baselineEval.src.comparison  INFO       embedding vs full_kinematic_embedding (VLDII_AdSS, rmse): W=540.0, p=0.3522 (p_corr=1.0000), r=0.153 
22:51:16  baselineEval.src.comparison  INFO       embedding vs full_kinematic_embedding_temporal (VLDII_AdSS, rmse): W=299.0, p=0.0008 (p_corr=0.0228), r=0.531 ***
22:51:16  baselineEval.src.comparison  INFO       embedding vs full_kinematic_temporal (VLDII_AdSS, rmse): W=299.0, p=0.0008 (p_corr=0.0228), r=0.531 ***
22:51:16  baselineEval.src.comparison  INFO       embedding vs motor_only (VLDII_AdSS, rmse): W=445.0, p=0.0635 (p_corr=1.0000), r=0.302 
22:51:16  baselineEval.src.comparison  INFO       embedding vs motor_only_temporal (VLDII_AdSS, rmse): W=72.0, p=0.0000 (p_corr=0.0000), r=0.887 ***
22:51:16  baselineEval.src.comparison  INFO       embedding_temporal vs full_kinematic (VLDII_AdSS, rmse): W=401.0, p=0.0218 (p_corr=0.6102), r=0.371 
22:51:16  baselineEval.src.comparison  INFO       embedding_temporal vs full_kinematic_embedding (VLDII_AdSS, rmse): W=251.0, p=0.0001 (p_corr=0.0030), r=0.606 ***
22:51:16  baselineEval.src.comparison  INFO       embedding_temporal vs full_kinematic_embedding_temporal (VLDII_AdSS, rmse): W=545.0, p=0.3777 (p_corr=1.0000), r=0.145 
22:51:16  baselineEval.src.comparison  INFO       embedding_temporal vs full_kinematic_temporal (VLDII_AdSS, rmse): W=532.0, p=0.3137 (p_corr=1.0000), r=0.165 
22:51:16  baselineEval.src.comparison  INFO       embedding_temporal vs motor_only (VLDII_AdSS, rmse): W=537.0, p=0.3374 (p_corr=1.0000), r=0.158 
22:51:16  baselineEval.src.comparison  INFO       embedding_temporal vs motor_only_temporal (VLDII_AdSS, rmse): W=249.0, p=0.0001 (p_corr=0.0028), r=0.609 ***
22:51:16  baselineEval.src.comparison  INFO       full_kinematic vs full_kinematic_embedding (VLDII_AdSS, rmse): W=381.0, p=0.0213 (p_corr=0.5961), r=0.378 
22:51:16  baselineEval.src.comparison  INFO       full_kinematic vs full_kinematic_embedding_temporal (VLDII_AdSS, rmse): W=494.0, p=0.1689 (p_corr=1.0000), r=0.225 
22:51:16  baselineEval.src.comparison  INFO       full_kinematic vs full_kinematic_temporal (VLDII_AdSS, rmse): W=326.0, p=0.0022 (p_corr=0.0615), r=0.489 
22:51:16  baselineEval.src.comparison  INFO       full_kinematic vs motor_only (VLDII_AdSS, rmse): W=415.0, p=0.0313 (p_corr=0.8753), r=0.349 
22:51:16  baselineEval.src.comparison  INFO       full_kinematic vs motor_only_temporal (VLDII_AdSS, rmse): W=120.0, p=0.0000 (p_corr=0.0000), r=0.812 ***
22:51:16  baselineEval.src.comparison  INFO       full_kinematic_embedding vs full_kinematic_embedding_temporal (VLDII_AdSS, rmse): W=365.0, p=0.0078 (p_corr=0.2196), r=0.427 
22:51:16  baselineEval.src.comparison  INFO       full_kinematic_embedding vs full_kinematic_temporal (VLDII_AdSS, rmse): W=273.0, p=0.0003 (p_corr=0.0080), r=0.572 ***
22:51:16  baselineEval.src.comparison  INFO       full_kinematic_embedding vs motor_only (VLDII_AdSS, rmse): W=304.0, p=0.0010 (p_corr=0.0276), r=0.523 ***
22:51:16  baselineEval.src.comparison  INFO       full_kinematic_embedding vs motor_only_temporal (VLDII_AdSS, rmse): W=76.0, p=0.0000 (p_corr=0.0000), r=0.881 ***
22:51:16  baselineEval.src.comparison  INFO       full_kinematic_embedding_temporal vs full_kinematic_temporal (VLDII_AdSS, rmse): W=395.0, p=0.0186 (p_corr=0.5196), r=0.380 
22:51:16  baselineEval.src.comparison  INFO       full_kinematic_embedding_temporal vs motor_only (VLDII_AdSS, rmse): W=623.0, p=0.8934 (p_corr=1.0000), r=0.023 
22:51:16  baselineEval.src.comparison  INFO       full_kinematic_embedding_temporal vs motor_only_temporal (VLDII_AdSS, rmse): W=205.0, p=0.0000 (p_corr=0.0003), r=0.678 ***
22:51:16  baselineEval.src.comparison  INFO       full_kinematic_temporal vs motor_only (VLDII_AdSS, rmse): W=461.0, p=0.0894 (p_corr=1.0000), r=0.277 
22:51:16  baselineEval.src.comparison  INFO       full_kinematic_temporal vs motor_only_temporal (VLDII_AdSS, rmse): W=217.0, p=0.0000 (p_corr=0.0006), r=0.660 ***
22:51:16  baselineEval.src.comparison  INFO       motor_only vs motor_only_temporal (VLDII_AdSS, rmse): W=232.0, p=0.0000 (p_corr=0.0012), r=0.636 ***
22:51:16  baselineEval.src.comparison  INFO       Saved: /srv/beegfs/scratch/shares/schaerm/schaer2/video_sam2_pose/humanLISBET-paper/baselineEval/results_stats_temporal_maxpool/comparison/VLDII_AdSS/comparison_results.csv
22:51:16  baselineEval.src.comparison  INFO       embedding vs embedding_temporal (VLDII_MotorSS, rmse): W=226.0, p=0.0221 (p_corr=0.6188), r=0.421 
22:51:16  baselineEval.src.comparison  INFO       embedding vs full_kinematic (VLDII_MotorSS, rmse): W=140.0, p=0.0121 (p_corr=0.3376), r=0.501 
22:51:16  baselineEval.src.comparison  INFO       embedding vs full_kinematic_embedding (VLDII_MotorSS, rmse): W=52.0, p=0.0029 (p_corr=0.0825), r=0.680 
22:51:16  baselineEval.src.comparison  INFO       embedding vs full_kinematic_embedding_temporal (VLDII_MotorSS, rmse): W=298.0, p=0.2931 (p_corr=1.0000), r=0.196 
22:51:16  baselineEval.src.comparison  INFO       embedding vs full_kinematic_temporal (VLDII_MotorSS, rmse): W=611.0, p=0.8035 (p_corr=1.0000), r=0.042 
22:51:16  baselineEval.src.comparison  INFO       embedding vs motor_only (VLDII_MotorSS, rmse): W=128.0, p=0.0187 (p_corr=0.5234), r=0.484 
22:51:16  baselineEval.src.comparison  INFO       embedding vs motor_only_temporal (VLDII_MotorSS, rmse): W=579.0, p=0.5786 (p_corr=1.0000), r=0.092 
22:51:16  baselineEval.src.comparison  INFO       embedding_temporal vs full_kinematic (VLDII_MotorSS, rmse): W=84.0, p=0.0000 (p_corr=0.0003), r=0.795 ***
22:51:16  baselineEval.src.comparison  INFO       embedding_temporal vs full_kinematic_embedding (VLDII_MotorSS, rmse): W=119.0, p=0.0003 (p_corr=0.0074), r=0.679 ***
22:51:16  baselineEval.src.comparison  INFO       embedding_temporal vs full_kinematic_embedding_temporal (VLDII_MotorSS, rmse): W=266.0, p=0.0330 (p_corr=0.9250), r=0.382 
22:51:16  baselineEval.src.comparison  INFO       embedding_temporal vs full_kinematic_temporal (VLDII_MotorSS, rmse): W=601.0, p=0.7304 (p_corr=1.0000), r=0.057 
22:51:16  baselineEval.src.comparison  INFO       embedding_temporal vs motor_only (VLDII_MotorSS, rmse): W=102.0, p=0.0000 (p_corr=0.0010), r=0.751 ***
22:51:16  baselineEval.src.comparison  INFO       embedding_temporal vs motor_only_temporal (VLDII_MotorSS, rmse): W=621.0, p=0.8783 (p_corr=1.0000), r=0.026 
22:51:16  baselineEval.src.comparison  INFO       full_kinematic vs full_kinematic_embedding (VLDII_MotorSS, rmse): W=170.0, p=0.4524 (p_corr=1.0000), r=0.163 
22:51:16  baselineEval.src.comparison  INFO       full_kinematic vs full_kinematic_embedding_temporal (VLDII_MotorSS, rmse): W=220.0, p=0.2797 (p_corr=1.0000), r=0.216 
22:51:16  baselineEval.src.comparison  INFO       full_kinematic vs full_kinematic_temporal (VLDII_MotorSS, rmse): W=532.0, p=0.3137 (p_corr=1.0000), r=0.165 
22:51:16  baselineEval.src.comparison  INFO       full_kinematic vs motor_only (VLDII_MotorSS, rmse): W=40.0, p=0.2560 (p_corr=1.0000), r=0.333 
22:51:16  baselineEval.src.comparison  INFO       full_kinematic vs motor_only_temporal (VLDII_MotorSS, rmse): W=490.0, p=0.1571 (p_corr=1.0000), r=0.231 
22:51:16  baselineEval.src.comparison  INFO       full_kinematic_embedding vs full_kinematic_embedding_temporal (VLDII_MotorSS, rmse): W=292.0, p=0.7064 (p_corr=1.0000), r=0.073 
22:51:16  baselineEval.src.comparison  INFO       full_kinematic_embedding vs full_kinematic_temporal (VLDII_MotorSS, rmse): W=550.0, p=0.4043 (p_corr=1.0000), r=0.137 
22:51:16  baselineEval.src.comparison  INFO       full_kinematic_embedding vs motor_only (VLDII_MotorSS, rmse): W=160.0, p=0.4860 (p_corr=1.0000), r=0.153 
22:51:16  baselineEval.src.comparison  INFO       full_kinematic_embedding vs motor_only_temporal (VLDII_MotorSS, rmse): W=509.0, p=0.2187 (p_corr=1.0000), r=0.202 
22:51:16  baselineEval.src.comparison  INFO       full_kinematic_embedding_temporal vs full_kinematic_temporal (VLDII_MotorSS, rmse): W=530.0, p=0.3045 (p_corr=1.0000), r=0.169 
22:51:16  baselineEval.src.comparison  INFO       full_kinematic_embedding_temporal vs motor_only (VLDII_MotorSS, rmse): W=236.0, p=0.4265 (p_corr=1.0000), r=0.159 
22:51:16  baselineEval.src.comparison  INFO       full_kinematic_embedding_temporal vs motor_only_temporal (VLDII_MotorSS, rmse): W=532.0, p=0.3137 (p_corr=1.0000), r=0.165 
22:51:16  baselineEval.src.comparison  INFO       full_kinematic_temporal vs motor_only (VLDII_MotorSS, rmse): W=542.0, p=0.3622 (p_corr=1.0000), r=0.150 
22:51:16  baselineEval.src.comparison  INFO       full_kinematic_temporal vs motor_only_temporal (VLDII_MotorSS, rmse): W=600.0, p=0.7233 (p_corr=1.0000), r=0.059 
22:51:16  baselineEval.src.comparison  INFO       motor_only vs motor_only_temporal (VLDII_MotorSS, rmse): W=497.0, p=0.1781 (p_corr=1.0000), r=0.220 
22:51:16  baselineEval.src.comparison  INFO       Saved: /srv/beegfs/scratch/shares/schaerm/schaer2/video_sam2_pose/humanLISBET-paper/baselineEval/results_stats_temporal_maxpool/comparison/VLDII_MotorSS/comparison_results.csv
22:51:16  baselineEval.src.comparison  INFO       embedding vs embedding_temporal (VLDII_gmsVS, rmse): W=234.0, p=0.0023 (p_corr=0.0650), r=0.527 
22:51:16  baselineEval.src.comparison  INFO       embedding vs full_kinematic (VLDII_gmsVS, rmse): W=163.0, p=0.7509 (p_corr=1.0000), r=0.071 
22:51:16  baselineEval.src.comparison  INFO       embedding vs full_kinematic_embedding (VLDII_gmsVS, rmse): W=12.0, p=0.0023 (p_corr=0.0634), r=0.843 
22:51:16  baselineEval.src.comparison  INFO       embedding vs full_kinematic_embedding_temporal (VLDII_gmsVS, rmse): W=344.0, p=0.5209 (p_corr=1.0000), r=0.118 
22:51:16  baselineEval.src.comparison  INFO       embedding vs full_kinematic_temporal (VLDII_gmsVS, rmse): W=255.0, p=0.2204 (p_corr=1.0000), r=0.234 
22:51:16  baselineEval.src.comparison  INFO       embedding vs motor_only (VLDII_gmsVS, rmse): W=142.0, p=0.8192 (p_corr=1.0000), r=0.053 
22:51:16  baselineEval.src.comparison  INFO       embedding vs motor_only_temporal (VLDII_gmsVS, rmse): W=334.0, p=0.5966 (p_corr=1.0000), r=0.099 
22:51:16  baselineEval.src.comparison  INFO       embedding_temporal vs full_kinematic (VLDII_gmsVS, rmse): W=214.0, p=0.0140 (p_corr=0.3933), r=0.451 
22:51:16  baselineEval.src.comparison  INFO       embedding_temporal vs full_kinematic_embedding (VLDII_gmsVS, rmse): W=157.0, p=0.0001 (p_corr=0.0038), r=0.668 ***
22:51:16  baselineEval.src.comparison  INFO       embedding_temporal vs full_kinematic_embedding_temporal (VLDII_gmsVS, rmse): W=292.0, p=0.0178 (p_corr=0.4993), r=0.410 
22:51:16  baselineEval.src.comparison  INFO       embedding_temporal vs full_kinematic_temporal (VLDII_gmsVS, rmse): W=197.0, p=0.0009 (p_corr=0.0241), r=0.584 ***
22:51:16  baselineEval.src.comparison  INFO       embedding_temporal vs motor_only (VLDII_gmsVS, rmse): W=215.0, p=0.0241 (p_corr=0.6756), r=0.420 
22:51:16  baselineEval.src.comparison  INFO       embedding_temporal vs motor_only_temporal (VLDII_gmsVS, rmse): W=362.0, p=0.0325 (p_corr=0.9114), r=0.358 
22:51:16  baselineEval.src.comparison  INFO       full_kinematic vs full_kinematic_embedding (VLDII_gmsVS, rmse): W=77.0, p=0.4688 (p_corr=1.0000), r=0.189 
22:51:16  baselineEval.src.comparison  INFO       full_kinematic vs full_kinematic_embedding_temporal (VLDII_gmsVS, rmse): W=312.0, p=0.7415 (p_corr=1.0000), r=0.063 
22:51:16  baselineEval.src.comparison  INFO       full_kinematic vs full_kinematic_temporal (VLDII_gmsVS, rmse): W=187.0, p=0.3493 (p_corr=1.0000), r=0.196 
22:51:16  baselineEval.src.comparison  INFO       full_kinematic vs motor_only (VLDII_gmsVS, rmse): W=3.0, p=0.2249 (p_corr=1.0000), r=0.600 
22:51:16  baselineEval.src.comparison  INFO       full_kinematic vs motor_only_temporal (VLDII_gmsVS, rmse): W=201.0, p=0.5170 (p_corr=1.0000), r=0.135 
22:51:16  baselineEval.src.comparison  INFO       full_kinematic_embedding vs full_kinematic_embedding_temporal (VLDII_gmsVS, rmse): W=355.0, p=0.6252 (p_corr=1.0000), r=0.090 
22:51:16  baselineEval.src.comparison  INFO       full_kinematic_embedding vs full_kinematic_temporal (VLDII_gmsVS, rmse): W=294.0, p=0.9523 (p_corr=1.0000), r=0.012 
22:51:16  baselineEval.src.comparison  INFO       full_kinematic_embedding vs motor_only (VLDII_gmsVS, rmse): W=36.0, p=0.0552 (p_corr=1.0000), r=0.529 
22:51:16  baselineEval.src.comparison  INFO       full_kinematic_embedding vs motor_only_temporal (VLDII_gmsVS, rmse): W=163.0, p=0.0358 (p_corr=1.0000), r=0.419 
22:51:16  baselineEval.src.comparison  INFO       full_kinematic_embedding_temporal vs full_kinematic_temporal (VLDII_gmsVS, rmse): W=209.0, p=0.3037 (p_corr=1.0000), r=0.208 
22:51:16  baselineEval.src.comparison  INFO       full_kinematic_embedding_temporal vs motor_only (VLDII_gmsVS, rmse): W=246.0, p=0.2584 (p_corr=1.0000), r=0.219 
22:51:16  baselineEval.src.comparison  INFO       full_kinematic_embedding_temporal vs motor_only_temporal (VLDII_gmsVS, rmse): W=432.0, p=0.3345 (p_corr=1.0000), r=0.165 
22:51:16  baselineEval.src.comparison  INFO       full_kinematic_temporal vs motor_only (VLDII_gmsVS, rmse): W=112.0, p=0.0382 (p_corr=1.0000), r=0.448 
22:51:16  baselineEval.src.comparison  INFO       full_kinematic_temporal vs motor_only_temporal (VLDII_gmsVS, rmse): W=285.0, p=0.0929 (p_corr=1.0000), r=0.305 
22:51:16  baselineEval.src.comparison  INFO       motor_only vs motor_only_temporal (VLDII_gmsVS, rmse): W=198.0, p=0.9094 (p_corr=1.0000), r=0.025 
22:51:16  baselineEval.src.comparison  INFO       Saved: /srv/beegfs/scratch/shares/schaerm/schaer2/video_sam2_pose/humanLISBET-paper/baselineEval/results_stats_temporal_maxpool/comparison/VLDII_gmsVS/comparison_results.csv
22:51:16  baselineEval.src.comparison  INFO       embedding vs embedding_temporal (VLDII_fmsVS, rmse): W=185.0, p=0.4822 (p_corr=1.0000), r=0.149 
22:51:16  baselineEval.src.comparison  INFO       embedding vs full_kinematic (VLDII_fmsVS, rmse): W=311.0, p=0.7296 (p_corr=1.0000), r=0.066 
22:51:16  baselineEval.src.comparison  INFO       embedding vs full_kinematic_embedding (VLDII_fmsVS, rmse): W=80.0, p=0.5461 (p_corr=1.0000), r=0.158 
22:51:16  baselineEval.src.comparison  INFO       embedding vs full_kinematic_embedding_temporal (VLDII_fmsVS, rmse): W=418.0, p=0.0337 (p_corr=0.9433), r=0.344 
22:51:16  baselineEval.src.comparison  INFO       embedding vs full_kinematic_temporal (VLDII_fmsVS, rmse): W=276.0, p=0.0003 (p_corr=0.0091), r=0.567 ***
22:51:16  baselineEval.src.comparison  INFO       embedding vs motor_only (VLDII_fmsVS, rmse): W=199.0, p=0.6891 (p_corr=1.0000), r=0.085 
22:51:16  baselineEval.src.comparison  INFO       embedding vs motor_only_temporal (VLDII_fmsVS, rmse): W=248.0, p=0.0001 (p_corr=0.0027), r=0.611 ***
22:51:16  baselineEval.src.comparison  INFO       embedding_temporal vs full_kinematic (VLDII_fmsVS, rmse): W=222.0, p=0.6104 (p_corr=1.0000), r=0.105 
22:51:16  baselineEval.src.comparison  INFO       embedding_temporal vs full_kinematic_embedding (VLDII_fmsVS, rmse): W=164.0, p=0.5481 (p_corr=1.0000), r=0.132 
22:51:16  baselineEval.src.comparison  INFO       embedding_temporal vs full_kinematic_embedding_temporal (VLDII_fmsVS, rmse): W=377.0, p=0.0112 (p_corr=0.3136), r=0.409 
22:51:16  baselineEval.src.comparison  INFO       embedding_temporal vs full_kinematic_temporal (VLDII_fmsVS, rmse): W=258.0, p=0.0001 (p_corr=0.0042), r=0.595 ***
22:51:16  baselineEval.src.comparison  INFO       embedding_temporal vs motor_only (VLDII_fmsVS, rmse): W=218.0, p=0.7655 (p_corr=1.0000), r=0.062 
22:51:16  baselineEval.src.comparison  INFO       embedding_temporal vs motor_only_temporal (VLDII_fmsVS, rmse): W=231.0, p=0.0000 (p_corr=0.0012), r=0.638 ***
22:51:16  baselineEval.src.comparison  INFO       full_kinematic vs full_kinematic_embedding (VLDII_fmsVS, rmse): W=201.0, p=0.7213 (p_corr=1.0000), r=0.076 
22:51:16  baselineEval.src.comparison  INFO       full_kinematic vs full_kinematic_embedding_temporal (VLDII_fmsVS, rmse): W=420.0, p=0.0354 (p_corr=0.9910), r=0.341 
22:51:16  baselineEval.src.comparison  INFO       full_kinematic vs full_kinematic_temporal (VLDII_fmsVS, rmse): W=258.0, p=0.0001 (p_corr=0.0042), r=0.595 ***
22:51:16  baselineEval.src.comparison  INFO       full_kinematic vs motor_only (VLDII_fmsVS, rmse): W=145.0, p=0.2905 (p_corr=1.0000), r=0.233 
22:51:16  baselineEval.src.comparison  INFO       full_kinematic vs motor_only_temporal (VLDII_fmsVS, rmse): W=231.0, p=0.0000 (p_corr=0.0012), r=0.638 ***
22:51:16  baselineEval.src.comparison  INFO       full_kinematic_embedding vs full_kinematic_embedding_temporal (VLDII_fmsVS, rmse): W=412.0, p=0.0290 (p_corr=0.8116), r=0.354 
22:51:16  baselineEval.src.comparison  INFO       full_kinematic_embedding vs full_kinematic_temporal (VLDII_fmsVS, rmse): W=258.0, p=0.0001 (p_corr=0.0042), r=0.595 ***
22:51:16  baselineEval.src.comparison  INFO       full_kinematic_embedding vs motor_only (VLDII_fmsVS, rmse): W=138.0, p=0.5098 (p_corr=1.0000), r=0.151 
22:51:16  baselineEval.src.comparison  INFO       full_kinematic_embedding vs motor_only_temporal (VLDII_fmsVS, rmse): W=218.0, p=0.0000 (p_corr=0.0006), r=0.658 ***
22:51:16  baselineEval.src.comparison  INFO       full_kinematic_embedding_temporal vs full_kinematic_temporal (VLDII_fmsVS, rmse): W=493.0, p=0.1659 (p_corr=1.0000), r=0.227 
22:51:16  baselineEval.src.comparison  INFO       full_kinematic_embedding_temporal vs motor_only (VLDII_fmsVS, rmse): W=412.0, p=0.0290 (p_corr=0.8116), r=0.354 
22:51:16  baselineEval.src.comparison  INFO       full_kinematic_embedding_temporal vs motor_only_temporal (VLDII_fmsVS, rmse): W=504.0, p=0.2010 (p_corr=1.0000), r=0.209 
22:51:16  baselineEval.src.comparison  INFO       full_kinematic_temporal vs motor_only (VLDII_fmsVS, rmse): W=253.0, p=0.0001 (p_corr=0.0033), r=0.603 ***
22:51:16  baselineEval.src.comparison  INFO       full_kinematic_temporal vs motor_only_temporal (VLDII_fmsVS, rmse): W=554.0, p=0.4263 (p_corr=1.0000), r=0.131 
22:51:16  baselineEval.src.comparison  INFO       motor_only vs motor_only_temporal (VLDII_fmsVS, rmse): W=217.0, p=0.0000 (p_corr=0.0006), r=0.660 ***
22:51:16  baselineEval.src.comparison  INFO       Saved: /srv/beegfs/scratch/shares/schaerm/schaer2/video_sam2_pose/humanLISBET-paper/baselineEval/results_stats_temporal_maxpool/comparison/VLDII_fmsVS/comparison_results.csv
22:51:16  baselineEval.src.comparison  INFO       embedding vs embedding_temporal (VLDII_SocSS, rmse): W=150.0, p=0.0000 (p_corr=0.0000), r=0.765 ***
22:51:16  baselineEval.src.comparison  INFO       embedding vs full_kinematic (VLDII_SocSS, rmse): W=482.0, p=0.1355 (p_corr=1.0000), r=0.244 
22:51:16  baselineEval.src.comparison  INFO       embedding vs full_kinematic_embedding (VLDII_SocSS, rmse): W=600.0, p=0.7233 (p_corr=1.0000), r=0.059 
22:51:16  baselineEval.src.comparison  INFO       embedding vs full_kinematic_embedding_temporal (VLDII_SocSS, rmse): W=322.0, p=0.0019 (p_corr=0.0535), r=0.495 
22:51:16  baselineEval.src.comparison  INFO       embedding vs full_kinematic_temporal (VLDII_SocSS, rmse): W=454.0, p=0.0772 (p_corr=1.0000), r=0.288 
22:51:16  baselineEval.src.comparison  INFO       embedding vs motor_only (VLDII_SocSS, rmse): W=491.0, p=0.1600 (p_corr=1.0000), r=0.230 
22:51:16  baselineEval.src.comparison  INFO       embedding vs motor_only_temporal (VLDII_SocSS, rmse): W=183.0, p=0.0000 (p_corr=0.0001), r=0.713 ***
22:51:16  baselineEval.src.comparison  INFO       embedding_temporal vs full_kinematic (VLDII_SocSS, rmse): W=362.0, p=0.0072 (p_corr=0.2004), r=0.432 
22:51:16  baselineEval.src.comparison  INFO       embedding_temporal vs full_kinematic_embedding (VLDII_SocSS, rmse): W=214.0, p=0.0000 (p_corr=0.0005), r=0.664 ***
22:51:16  baselineEval.src.comparison  INFO       embedding_temporal vs full_kinematic_embedding_temporal (VLDII_SocSS, rmse): W=609.0, p=0.7888 (p_corr=1.0000), r=0.045 
22:51:16  baselineEval.src.comparison  INFO       embedding_temporal vs full_kinematic_temporal (VLDII_SocSS, rmse): W=510.0, p=0.2223 (p_corr=1.0000), r=0.200 
22:51:16  baselineEval.src.comparison  INFO       embedding_temporal vs motor_only (VLDII_SocSS, rmse): W=350.0, p=0.0049 (p_corr=0.1375), r=0.451 
22:51:16  baselineEval.src.comparison  INFO       embedding_temporal vs motor_only_temporal (VLDII_SocSS, rmse): W=511.0, p=0.2260 (p_corr=1.0000), r=0.198 
22:51:16  baselineEval.src.comparison  INFO       full_kinematic vs full_kinematic_embedding (VLDII_SocSS, rmse): W=481.0, p=0.1330 (p_corr=1.0000), r=0.245 
22:51:16  baselineEval.src.comparison  INFO       full_kinematic vs full_kinematic_embedding_temporal (VLDII_SocSS, rmse): W=472.0, p=0.1117 (p_corr=1.0000), r=0.260 
22:51:16  baselineEval.src.comparison  INFO       full_kinematic vs full_kinematic_temporal (VLDII_SocSS, rmse): W=591.0, p=0.6597 (p_corr=1.0000), r=0.073 
22:51:16  baselineEval.src.comparison  INFO       full_kinematic vs motor_only (VLDII_SocSS, rmse): W=622.0, p=0.8859 (p_corr=1.0000), r=0.024 
22:51:16  baselineEval.src.comparison  INFO       full_kinematic vs motor_only_temporal (VLDII_SocSS, rmse): W=300.0, p=0.0008 (p_corr=0.0237), r=0.529 ***
22:51:16  baselineEval.src.comparison  INFO       full_kinematic_embedding vs full_kinematic_embedding_temporal (VLDII_SocSS, rmse): W=383.0, p=0.0133 (p_corr=0.3725), r=0.399 
22:51:16  baselineEval.src.comparison  INFO       full_kinematic_embedding vs full_kinematic_temporal (VLDII_SocSS, rmse): W=470.0, p=0.1074 (p_corr=1.0000), r=0.263 
22:51:16  baselineEval.src.comparison  INFO       full_kinematic_embedding vs motor_only (VLDII_SocSS, rmse): W=517.0, p=0.2491 (p_corr=1.0000), r=0.189 
22:51:16  baselineEval.src.comparison  INFO       full_kinematic_embedding vs motor_only_temporal (VLDII_SocSS, rmse): W=198.0, p=0.0000 (p_corr=0.0002), r=0.689 ***
22:51:16  baselineEval.src.comparison  INFO       full_kinematic_embedding_temporal vs full_kinematic_temporal (VLDII_SocSS, rmse): W=545.0, p=0.3777 (p_corr=1.0000), r=0.145 
22:51:16  baselineEval.src.comparison  INFO       full_kinematic_embedding_temporal vs motor_only (VLDII_SocSS, rmse): W=486.0, p=0.1460 (p_corr=1.0000), r=0.238 
22:51:16  baselineEval.src.comparison  INFO       full_kinematic_embedding_temporal vs motor_only_temporal (VLDII_SocSS, rmse): W=552.0, p=0.4152 (p_corr=1.0000), r=0.134 
22:51:16  baselineEval.src.comparison  INFO       full_kinematic_temporal vs motor_only (VLDII_SocSS, rmse): W=571.0, p=0.5273 (p_corr=1.0000), r=0.104 
22:51:16  baselineEval.src.comparison  INFO       full_kinematic_temporal vs motor_only_temporal (VLDII_SocSS, rmse): W=427.0, p=0.0419 (p_corr=1.0000), r=0.330 
22:51:16  baselineEval.src.comparison  INFO       motor_only vs motor_only_temporal (VLDII_SocSS, rmse): W=294.0, p=0.0007 (p_corr=0.0188), r=0.539 ***
22:51:16  baselineEval.src.comparison  INFO       Saved: /srv/beegfs/scratch/shares/schaerm/schaer2/video_sam2_pose/humanLISBET-paper/baselineEval/results_stats_temporal_maxpool/comparison/VLDII_SocSS/comparison_results.csv
22:51:16  baselineEval.src.comparison  INFO       embedding vs embedding_temporal (VLDII_intVS, rmse): W=253.0, p=0.0001 (p_corr=0.0033), r=0.603 ***
22:51:16  baselineEval.src.comparison  INFO       embedding vs full_kinematic (VLDII_intVS, rmse): W=551.0, p=0.4097 (p_corr=1.0000), r=0.136 
22:51:16  baselineEval.src.comparison  INFO       embedding vs full_kinematic_embedding (VLDII_intVS, rmse): W=455.0, p=0.0789 (p_corr=1.0000), r=0.286 
22:51:16  baselineEval.src.comparison  INFO       embedding vs full_kinematic_embedding_temporal (VLDII_intVS, rmse): W=508.0, p=0.2151 (p_corr=1.0000), r=0.203 
22:51:16  baselineEval.src.comparison  INFO       embedding vs full_kinematic_temporal (VLDII_intVS, rmse): W=258.0, p=0.0001 (p_corr=0.0042), r=0.595 ***
22:51:16  baselineEval.src.comparison  INFO       embedding vs motor_only (VLDII_intVS, rmse): W=498.0, p=0.1813 (p_corr=1.0000), r=0.219 
22:51:16  baselineEval.src.comparison  INFO       embedding vs motor_only_temporal (VLDII_intVS, rmse): W=70.0, p=0.0000 (p_corr=0.0000), r=0.890 ***
22:51:16  baselineEval.src.comparison  INFO       embedding_temporal vs full_kinematic (VLDII_intVS, rmse): W=392.0, p=0.0171 (p_corr=0.4788), r=0.385 
22:51:16  baselineEval.src.comparison  INFO       embedding_temporal vs full_kinematic_embedding (VLDII_intVS, rmse): W=266.0, p=0.0002 (p_corr=0.0059), r=0.583 ***
22:51:16  baselineEval.src.comparison  INFO       embedding_temporal vs full_kinematic_embedding_temporal (VLDII_intVS, rmse): W=454.0, p=0.0772 (p_corr=1.0000), r=0.288 
22:51:16  baselineEval.src.comparison  INFO       embedding_temporal vs full_kinematic_temporal (VLDII_intVS, rmse): W=441.0, p=0.0580 (p_corr=1.0000), r=0.308 
22:51:16  baselineEval.src.comparison  INFO       embedding_temporal vs motor_only (VLDII_intVS, rmse): W=432.0, p=0.0472 (p_corr=1.0000), r=0.322 
22:51:16  baselineEval.src.comparison  INFO       embedding_temporal vs motor_only_temporal (VLDII_intVS, rmse): W=230.0, p=0.0000 (p_corr=0.0011), r=0.639 ***
22:51:16  baselineEval.src.comparison  INFO       full_kinematic vs full_kinematic_embedding (VLDII_intVS, rmse): W=620.0, p=0.8708 (p_corr=1.0000), r=0.027 
22:51:16  baselineEval.src.comparison  INFO       full_kinematic vs full_kinematic_embedding_temporal (VLDII_intVS, rmse): W=623.0, p=0.8934 (p_corr=1.0000), r=0.023 
22:51:16  baselineEval.src.comparison  INFO       full_kinematic vs full_kinematic_temporal (VLDII_intVS, rmse): W=243.0, p=0.0001 (p_corr=0.0021), r=0.619 ***
22:51:16  baselineEval.src.comparison  INFO       full_kinematic vs motor_only (VLDII_intVS, rmse): W=577.0, p=0.5656 (p_corr=1.0000), r=0.095 
22:51:16  baselineEval.src.comparison  INFO       full_kinematic vs motor_only_temporal (VLDII_intVS, rmse): W=211.0, p=0.0000 (p_corr=0.0004), r=0.669 ***
22:51:16  baselineEval.src.comparison  INFO       full_kinematic_embedding vs full_kinematic_embedding_temporal (VLDII_intVS, rmse): W=591.0, p=0.6597 (p_corr=1.0000), r=0.073 
22:51:16  baselineEval.src.comparison  INFO       full_kinematic_embedding vs full_kinematic_temporal (VLDII_intVS, rmse): W=255.0, p=0.0001 (p_corr=0.0036), r=0.600 ***
22:51:16  baselineEval.src.comparison  INFO       full_kinematic_embedding vs motor_only (VLDII_intVS, rmse): W=591.0, p=0.6597 (p_corr=1.0000), r=0.073 
22:51:16  baselineEval.src.comparison  INFO       full_kinematic_embedding vs motor_only_temporal (VLDII_intVS, rmse): W=63.0, p=0.0000 (p_corr=0.0000), r=0.901 ***
22:51:16  baselineEval.src.comparison  INFO       full_kinematic_embedding_temporal vs full_kinematic_temporal (VLDII_intVS, rmse): W=338.0, p=0.0033 (p_corr=0.0928), r=0.470 
22:51:16  baselineEval.src.comparison  INFO       full_kinematic_embedding_temporal vs motor_only (VLDII_intVS, rmse): W=618.0, p=0.8557 (p_corr=1.0000), r=0.031 
22:51:16  baselineEval.src.comparison  INFO       full_kinematic_embedding_temporal vs motor_only_temporal (VLDII_intVS, rmse): W=258.0, p=0.0001 (p_corr=0.0042), r=0.595 ***
22:51:16  baselineEval.src.comparison  INFO       full_kinematic_temporal vs motor_only (VLDII_intVS, rmse): W=312.0, p=0.0013 (p_corr=0.0373), r=0.511 ***
22:51:16  baselineEval.src.comparison  INFO       full_kinematic_temporal vs motor_only_temporal (VLDII_intVS, rmse): W=573.0, p=0.5399 (p_corr=1.0000), r=0.101 
22:51:16  baselineEval.src.comparison  INFO       motor_only vs motor_only_temporal (VLDII_intVS, rmse): W=225.0, p=0.0000 (p_corr=0.0009), r=0.647 ***
22:51:16  baselineEval.src.comparison  INFO       Saved: /srv/beegfs/scratch/shares/schaerm/schaer2/video_sam2_pose/humanLISBET-paper/baselineEval/results_stats_temporal_maxpool/comparison/VLDII_intVS/comparison_results.csv
22:51:16  baselineEval.src.comparison  INFO       embedding vs embedding_temporal (VLDII_plaVS, rmse): W=325.0, p=0.0021 (p_corr=0.0594), r=0.490 
22:51:16  baselineEval.src.comparison  INFO       embedding vs full_kinematic (VLDII_plaVS, rmse): W=537.0, p=0.3374 (p_corr=1.0000), r=0.158 
22:51:16  baselineEval.src.comparison  INFO       embedding vs full_kinematic_embedding (VLDII_plaVS, rmse): W=522.0, p=0.3680 (p_corr=1.0000), r=0.148 
22:51:16  baselineEval.src.comparison  INFO       embedding vs full_kinematic_embedding_temporal (VLDII_plaVS, rmse): W=510.0, p=0.3079 (p_corr=1.0000), r=0.167 
22:51:16  baselineEval.src.comparison  INFO       embedding vs full_kinematic_temporal (VLDII_plaVS, rmse): W=513.0, p=0.3223 (p_corr=1.0000), r=0.162 
22:51:16  baselineEval.src.comparison  INFO       embedding vs motor_only (VLDII_plaVS, rmse): W=483.0, p=0.1381 (p_corr=1.0000), r=0.242 
22:51:16  baselineEval.src.comparison  INFO       embedding vs motor_only_temporal (VLDII_plaVS, rmse): W=554.0, p=0.5606 (p_corr=1.0000), r=0.096 
22:51:16  baselineEval.src.comparison  INFO       embedding_temporal vs full_kinematic (VLDII_plaVS, rmse): W=363.0, p=0.0074 (p_corr=0.2067), r=0.431 
22:51:16  baselineEval.src.comparison  INFO       embedding_temporal vs full_kinematic_embedding (VLDII_plaVS, rmse): W=458.0, p=0.0840 (p_corr=1.0000), r=0.282 
22:51:16  baselineEval.src.comparison  INFO       embedding_temporal vs full_kinematic_embedding_temporal (VLDII_plaVS, rmse): W=474.0, p=0.1162 (p_corr=1.0000), r=0.256 
22:51:16  baselineEval.src.comparison  INFO       embedding_temporal vs full_kinematic_temporal (VLDII_plaVS, rmse): W=363.0, p=0.0074 (p_corr=0.2067), r=0.431 
22:51:16  baselineEval.src.comparison  INFO       embedding_temporal vs motor_only (VLDII_plaVS, rmse): W=289.0, p=0.0006 (p_corr=0.0154), r=0.547 ***
22:51:16  baselineEval.src.comparison  INFO       embedding_temporal vs motor_only_temporal (VLDII_plaVS, rmse): W=326.0, p=0.0022 (p_corr=0.0615), r=0.489 
22:51:16  baselineEval.src.comparison  INFO       full_kinematic vs full_kinematic_embedding (VLDII_plaVS, rmse): W=407.0, p=0.0255 (p_corr=0.7140), r=0.362 
22:51:16  baselineEval.src.comparison  INFO       full_kinematic vs full_kinematic_embedding_temporal (VLDII_plaVS, rmse): W=469.0, p=0.1053 (p_corr=1.0000), r=0.264 
22:51:16  baselineEval.src.comparison  INFO       full_kinematic vs full_kinematic_temporal (VLDII_plaVS, rmse): W=601.0, p=0.7304 (p_corr=1.0000), r=0.057 
22:51:16  baselineEval.src.comparison  INFO       full_kinematic vs motor_only (VLDII_plaVS, rmse): W=456.0, p=0.0805 (p_corr=1.0000), r=0.285 
22:51:16  baselineEval.src.comparison  INFO       full_kinematic vs motor_only_temporal (VLDII_plaVS, rmse): W=624.0, p=0.9010 (p_corr=1.0000), r=0.021 
22:51:16  baselineEval.src.comparison  INFO       full_kinematic_embedding vs full_kinematic_embedding_temporal (VLDII_plaVS, rmse): W=587.0, p=0.7998 (p_corr=1.0000), r=0.042 
22:51:16  baselineEval.src.comparison  INFO       full_kinematic_embedding vs full_kinematic_temporal (VLDII_plaVS, rmse): W=440.0, p=0.0862 (p_corr=1.0000), r=0.282 
22:51:16  baselineEval.src.comparison  INFO       full_kinematic_embedding vs motor_only (VLDII_plaVS, rmse): W=328.0, p=0.0024 (p_corr=0.0660), r=0.485 
22:51:16  baselineEval.src.comparison  INFO       full_kinematic_embedding vs motor_only_temporal (VLDII_plaVS, rmse): W=441.0, p=0.0880 (p_corr=1.0000), r=0.280 
22:51:16  baselineEval.src.comparison  INFO       full_kinematic_embedding_temporal vs full_kinematic_temporal (VLDII_plaVS, rmse): W=282.0, p=0.0129 (p_corr=0.3620), r=0.430 
22:51:16  baselineEval.src.comparison  INFO       full_kinematic_embedding_temporal vs motor_only (VLDII_plaVS, rmse): W=394.0, p=0.0181 (p_corr=0.5057), r=0.382 
22:51:16  baselineEval.src.comparison  INFO       full_kinematic_embedding_temporal vs motor_only_temporal (VLDII_plaVS, rmse): W=449.0, p=0.1039 (p_corr=1.0000), r=0.267 
22:51:16  baselineEval.src.comparison  INFO       full_kinematic_temporal vs motor_only (VLDII_plaVS, rmse): W=590.0, p=0.6528 (p_corr=1.0000), r=0.075 
22:51:16  baselineEval.src.comparison  INFO       full_kinematic_temporal vs motor_only_temporal (VLDII_plaVS, rmse): W=523.0, p=0.3733 (p_corr=1.0000), r=0.146 
22:51:16  baselineEval.src.comparison  INFO       motor_only vs motor_only_temporal (VLDII_plaVS, rmse): W=509.0, p=0.2187 (p_corr=1.0000), r=0.202 
22:51:16  baselineEval.src.comparison  INFO       Saved: /srv/beegfs/scratch/shares/schaerm/schaer2/video_sam2_pose/humanLISBET-paper/baselineEval/results_stats_temporal_maxpool/comparison/VLDII_plaVS/comparison_results.csv
22:51:16  baselineEval.src.comparison  INFO       embedding vs embedding_temporal (VLDII_copVS, rmse): W=440.0, p=0.0567 (p_corr=1.0000), r=0.310 
22:51:16  baselineEval.src.comparison  INFO       embedding vs full_kinematic (VLDII_copVS, rmse): W=495.0, p=0.1719 (p_corr=1.0000), r=0.224 
22:51:16  baselineEval.src.comparison  INFO       embedding vs full_kinematic_embedding (VLDII_copVS, rmse): W=609.0, p=0.7888 (p_corr=1.0000), r=0.045 
22:51:16  baselineEval.src.comparison  INFO       embedding vs full_kinematic_embedding_temporal (VLDII_copVS, rmse): W=618.0, p=0.8557 (p_corr=1.0000), r=0.031 
22:51:16  baselineEval.src.comparison  INFO       embedding vs full_kinematic_temporal (VLDII_copVS, rmse): W=566.0, p=0.4964 (p_corr=1.0000), r=0.112 
22:51:16  baselineEval.src.comparison  INFO       embedding vs motor_only (VLDII_copVS, rmse): W=615.0, p=0.8333 (p_corr=1.0000), r=0.035 
22:51:16  baselineEval.src.comparison  INFO       embedding vs motor_only_temporal (VLDII_copVS, rmse): W=519.0, p=0.2571 (p_corr=1.0000), r=0.186 
22:51:16  baselineEval.src.comparison  INFO       embedding_temporal vs full_kinematic (VLDII_copVS, rmse): W=528.0, p=0.2955 (p_corr=1.0000), r=0.172 
22:51:16  baselineEval.src.comparison  INFO       embedding_temporal vs full_kinematic_embedding (VLDII_copVS, rmse): W=464.0, p=0.0951 (p_corr=1.0000), r=0.272 
22:51:16  baselineEval.src.comparison  INFO       embedding_temporal vs full_kinematic_embedding_temporal (VLDII_copVS, rmse): W=331.0, p=0.0026 (p_corr=0.0732), r=0.481 
22:51:16  baselineEval.src.comparison  INFO       embedding_temporal vs full_kinematic_temporal (VLDII_copVS, rmse): W=412.0, p=0.0290 (p_corr=0.8116), r=0.354 
22:51:16  baselineEval.src.comparison  INFO       embedding_temporal vs motor_only (VLDII_copVS, rmse): W=495.0, p=0.1719 (p_corr=1.0000), r=0.224 
22:51:16  baselineEval.src.comparison  INFO       embedding_temporal vs motor_only_temporal (VLDII_copVS, rmse): W=401.0, p=0.0218 (p_corr=0.6102), r=0.371 
22:51:16  baselineEval.src.comparison  INFO       full_kinematic vs full_kinematic_embedding (VLDII_copVS, rmse): W=527.0, p=0.2910 (p_corr=1.0000), r=0.173 
22:51:16  baselineEval.src.comparison  INFO       full_kinematic vs full_kinematic_embedding_temporal (VLDII_copVS, rmse): W=582.0, p=0.5985 (p_corr=1.0000), r=0.087 
22:51:16  baselineEval.src.comparison  INFO       full_kinematic vs full_kinematic_temporal (VLDII_copVS, rmse): W=489.0, p=0.1543 (p_corr=1.0000), r=0.233 
22:51:16  baselineEval.src.comparison  INFO       full_kinematic vs motor_only (VLDII_copVS, rmse): W=526.0, p=0.2866 (p_corr=1.0000), r=0.175 
22:51:16  baselineEval.src.comparison  INFO       full_kinematic vs motor_only_temporal (VLDII_copVS, rmse): W=456.0, p=0.0805 (p_corr=1.0000), r=0.285 
22:51:16  baselineEval.src.comparison  INFO       full_kinematic_embedding vs full_kinematic_embedding_temporal (VLDII_copVS, rmse): W=636.0, p=0.9924 (p_corr=1.0000), r=0.002 
22:51:16  baselineEval.src.comparison  INFO       full_kinematic_embedding vs full_kinematic_temporal (VLDII_copVS, rmse): W=568.0, p=0.5086 (p_corr=1.0000), r=0.109 
22:51:16  baselineEval.src.comparison  INFO       full_kinematic_embedding vs motor_only (VLDII_copVS, rmse): W=609.0, p=0.7888 (p_corr=1.0000), r=0.045 
22:51:16  baselineEval.src.comparison  INFO       full_kinematic_embedding vs motor_only_temporal (VLDII_copVS, rmse): W=505.0, p=0.2045 (p_corr=1.0000), r=0.208 
22:51:16  baselineEval.src.comparison  INFO       full_kinematic_embedding_temporal vs full_kinematic_temporal (VLDII_copVS, rmse): W=593.0, p=0.6736 (p_corr=1.0000), r=0.070 
22:51:16  baselineEval.src.comparison  INFO       full_kinematic_embedding_temporal vs motor_only (VLDII_copVS, rmse): W=617.0, p=0.8482 (p_corr=1.0000), r=0.032 
22:51:16  baselineEval.src.comparison  INFO       full_kinematic_embedding_temporal vs motor_only_temporal (VLDII_copVS, rmse): W=547.0, p=0.3882 (p_corr=1.0000), r=0.142 
22:51:16  baselineEval.src.comparison  INFO       full_kinematic_temporal vs motor_only (VLDII_copVS, rmse): W=570.0, p=0.5210 (p_corr=1.0000), r=0.106 
22:51:16  baselineEval.src.comparison  INFO       full_kinematic_temporal vs motor_only_temporal (VLDII_copVS, rmse): W=590.0, p=0.6528 (p_corr=1.0000), r=0.075 
22:51:16  baselineEval.src.comparison  INFO       motor_only vs motor_only_temporal (VLDII_copVS, rmse): W=519.0, p=0.2571 (p_corr=1.0000), r=0.186 
22:51:16  baselineEval.src.comparison  INFO       Saved: /srv/beegfs/scratch/shares/schaerm/schaer2/video_sam2_pose/humanLISBET-paper/baselineEval/results_stats_temporal_maxpool/comparison/VLDII_copVS/comparison_results.csv
22:51:16  baselineEval.src.comparison  INFO       embedding vs embedding_temporal (VLDII_DaiSS, rmse): W=55.0, p=0.0000 (p_corr=0.0000), r=0.914 ***
22:51:16  baselineEval.src.comparison  INFO       embedding vs full_kinematic (VLDII_DaiSS, rmse): W=549.0, p=0.3989 (p_corr=1.0000), r=0.139 
22:51:16  baselineEval.src.comparison  INFO       embedding vs full_kinematic_embedding (VLDII_DaiSS, rmse): W=462.0, p=0.0913 (p_corr=1.0000), r=0.275 
22:51:16  baselineEval.src.comparison  INFO       embedding vs full_kinematic_embedding_temporal (VLDII_DaiSS, rmse): W=314.0, p=0.0014 (p_corr=0.0401), r=0.507 ***
22:51:16  baselineEval.src.comparison  INFO       embedding vs full_kinematic_temporal (VLDII_DaiSS, rmse): W=553.0, p=0.4207 (p_corr=1.0000), r=0.133 
22:51:16  baselineEval.src.comparison  INFO       embedding vs motor_only (VLDII_DaiSS, rmse): W=473.0, p=0.1139 (p_corr=1.0000), r=0.258 
22:51:16  baselineEval.src.comparison  INFO       embedding vs motor_only_temporal (VLDII_DaiSS, rmse): W=199.0, p=0.0000 (p_corr=0.0002), r=0.688 ***
22:51:16  baselineEval.src.comparison  INFO       embedding_temporal vs full_kinematic (VLDII_DaiSS, rmse): W=288.0, p=0.0005 (p_corr=0.0148), r=0.548 ***
22:51:16  baselineEval.src.comparison  INFO       embedding_temporal vs full_kinematic_embedding (VLDII_DaiSS, rmse): W=96.0, p=0.0000 (p_corr=0.0000), r=0.849 ***
22:51:16  baselineEval.src.comparison  INFO       embedding_temporal vs full_kinematic_embedding_temporal (VLDII_DaiSS, rmse): W=482.0, p=0.1355 (p_corr=1.0000), r=0.244 
22:51:16  baselineEval.src.comparison  INFO       embedding_temporal vs full_kinematic_temporal (VLDII_DaiSS, rmse): W=299.0, p=0.0008 (p_corr=0.0228), r=0.531 ***
22:51:16  baselineEval.src.comparison  INFO       embedding_temporal vs motor_only (VLDII_DaiSS, rmse): W=248.0, p=0.0003 (p_corr=0.0081), r=0.595 ***
22:51:16  baselineEval.src.comparison  INFO       embedding_temporal vs motor_only_temporal (VLDII_DaiSS, rmse): W=634.0, p=0.9771 (p_corr=1.0000), r=0.005 
22:51:16  baselineEval.src.comparison  INFO       full_kinematic vs full_kinematic_embedding (VLDII_DaiSS, rmse): W=449.0, p=0.0693 (p_corr=1.0000), r=0.296 
22:51:16  baselineEval.src.comparison  INFO       full_kinematic vs full_kinematic_embedding_temporal (VLDII_DaiSS, rmse): W=464.0, p=0.0951 (p_corr=1.0000), r=0.272 
22:51:16  baselineEval.src.comparison  INFO       full_kinematic vs full_kinematic_temporal (VLDII_DaiSS, rmse): W=629.0, p=0.9390 (p_corr=1.0000), r=0.013 
22:51:16  baselineEval.src.comparison  INFO       full_kinematic vs motor_only (VLDII_DaiSS, rmse): W=583.0, p=0.6051 (p_corr=1.0000), r=0.085 
22:51:16  baselineEval.src.comparison  INFO       full_kinematic vs motor_only_temporal (VLDII_DaiSS, rmse): W=277.0, p=0.0003 (p_corr=0.0095), r=0.565 ***
22:51:16  baselineEval.src.comparison  INFO       full_kinematic_embedding vs full_kinematic_embedding_temporal (VLDII_DaiSS, rmse): W=250.0, p=0.0001 (p_corr=0.0029), r=0.608 ***
22:51:16  baselineEval.src.comparison  INFO       full_kinematic_embedding vs full_kinematic_temporal (VLDII_DaiSS, rmse): W=513.0, p=0.2335 (p_corr=1.0000), r=0.195 
22:51:16  baselineEval.src.comparison  INFO       full_kinematic_embedding vs motor_only (VLDII_DaiSS, rmse): W=360.0, p=0.0067 (p_corr=0.1885), r=0.435 
22:51:16  baselineEval.src.comparison  INFO       full_kinematic_embedding vs motor_only_temporal (VLDII_DaiSS, rmse): W=212.0, p=0.0000 (p_corr=0.0004), r=0.667 ***
22:51:16  baselineEval.src.comparison  INFO       full_kinematic_embedding_temporal vs full_kinematic_temporal (VLDII_DaiSS, rmse): W=431.0, p=0.0461 (p_corr=1.0000), r=0.324 
22:51:16  baselineEval.src.comparison  INFO       full_kinematic_embedding_temporal vs motor_only (VLDII_DaiSS, rmse): W=425.0, p=0.0400 (p_corr=1.0000), r=0.333 
22:51:16  baselineEval.src.comparison  INFO       full_kinematic_embedding_temporal vs motor_only_temporal (VLDII_DaiSS, rmse): W=517.0, p=0.2491 (p_corr=1.0000), r=0.189 
22:51:16  baselineEval.src.comparison  INFO       full_kinematic_temporal vs motor_only (VLDII_DaiSS, rmse): W=595.0, p=0.6877 (p_corr=1.0000), r=0.067 
22:51:16  baselineEval.src.comparison  INFO       full_kinematic_temporal vs motor_only_temporal (VLDII_DaiSS, rmse): W=194.0, p=0.0000 (p_corr=0.0002), r=0.696 ***
22:51:16  baselineEval.src.comparison  INFO       motor_only vs motor_only_temporal (VLDII_DaiSS, rmse): W=336.0, p=0.0031 (p_corr=0.0868), r=0.473 
22:51:16  baselineEval.src.comparison  INFO       Saved: /srv/beegfs/scratch/shares/schaerm/schaer2/video_sam2_pose/humanLISBET-paper/baselineEval/results_stats_temporal_maxpool/comparison/VLDII_DaiSS/comparison_results.csv
22:51:16  baselineEval.src.comparison  INFO       embedding vs embedding_temporal (VLDII_perVS, rmse): W=26.0, p=0.0000 (p_corr=0.0000), r=0.959 ***
22:51:16  baselineEval.src.comparison  INFO       embedding vs full_kinematic (VLDII_perVS, rmse): W=129.0, p=0.0000 (p_corr=0.0000), r=0.798 ***
22:51:16  baselineEval.src.comparison  INFO       embedding vs full_kinematic_embedding (VLDII_perVS, rmse): W=599.0, p=0.7161 (p_corr=1.0000), r=0.060 
22:51:16  baselineEval.src.comparison  INFO       embedding vs full_kinematic_embedding_temporal (VLDII_perVS, rmse): W=136.0, p=0.0000 (p_corr=0.0000), r=0.787 ***
22:51:16  baselineEval.src.comparison  INFO       embedding vs full_kinematic_temporal (VLDII_perVS, rmse): W=253.0, p=0.0001 (p_corr=0.0033), r=0.603 ***
22:51:16  baselineEval.src.comparison  INFO       embedding vs motor_only (VLDII_perVS, rmse): W=74.0, p=0.0000 (p_corr=0.0000), r=0.884 ***
22:51:16  baselineEval.src.comparison  INFO       embedding vs motor_only_temporal (VLDII_perVS, rmse): W=70.0, p=0.0000 (p_corr=0.0000), r=0.890 ***
22:51:16  baselineEval.src.comparison  INFO       embedding_temporal vs full_kinematic (VLDII_perVS, rmse): W=435.0, p=0.0506 (p_corr=1.0000), r=0.318 
22:51:16  baselineEval.src.comparison  INFO       embedding_temporal vs full_kinematic_embedding (VLDII_perVS, rmse): W=152.0, p=0.0000 (p_corr=0.0000), r=0.762 ***
22:51:16  baselineEval.src.comparison  INFO       embedding_temporal vs full_kinematic_embedding_temporal (VLDII_perVS, rmse): W=358.0, p=0.0063 (p_corr=0.1771), r=0.438 
22:51:16  baselineEval.src.comparison  INFO       embedding_temporal vs full_kinematic_temporal (VLDII_perVS, rmse): W=361.0, p=0.0069 (p_corr=0.1944), r=0.434 
22:51:16  baselineEval.src.comparison  INFO       embedding_temporal vs motor_only (VLDII_perVS, rmse): W=590.0, p=0.8229 (p_corr=1.0000), r=0.037 
22:51:16  baselineEval.src.comparison  INFO       embedding_temporal vs motor_only_temporal (VLDII_perVS, rmse): W=592.0, p=0.8384 (p_corr=1.0000), r=0.033 
22:51:16  baselineEval.src.comparison  INFO       full_kinematic vs full_kinematic_embedding (VLDII_perVS, rmse): W=104.0, p=0.0000 (p_corr=0.0000), r=0.830 ***
22:51:16  baselineEval.src.comparison  INFO       full_kinematic vs full_kinematic_embedding_temporal (VLDII_perVS, rmse): W=629.0, p=0.9390 (p_corr=1.0000), r=0.013 
22:51:16  baselineEval.src.comparison  INFO       full_kinematic vs full_kinematic_temporal (VLDII_perVS, rmse): W=472.0, p=0.1117 (p_corr=1.0000), r=0.260 
22:51:16  baselineEval.src.comparison  INFO       full_kinematic vs motor_only (VLDII_perVS, rmse): W=338.0, p=0.0168 (p_corr=0.4697), r=0.401 
22:51:16  baselineEval.src.comparison  INFO       full_kinematic vs motor_only_temporal (VLDII_perVS, rmse): W=446.0, p=0.0977 (p_corr=1.0000), r=0.272 
22:51:16  baselineEval.src.comparison  INFO       full_kinematic_embedding vs full_kinematic_embedding_temporal (VLDII_perVS, rmse): W=244.0, p=0.0001 (p_corr=0.0022), r=0.617 ***
22:51:16  baselineEval.src.comparison  INFO       full_kinematic_embedding vs full_kinematic_temporal (VLDII_perVS, rmse): W=369.0, p=0.0088 (p_corr=0.2478), r=0.421 
22:51:16  baselineEval.src.comparison  INFO       full_kinematic_embedding vs motor_only (VLDII_perVS, rmse): W=126.0, p=0.0000 (p_corr=0.0000), r=0.794 ***
22:51:16  baselineEval.src.comparison  INFO       full_kinematic_embedding vs motor_only_temporal (VLDII_perVS, rmse): W=168.0, p=0.0000 (p_corr=0.0000), r=0.736 ***
22:51:16  baselineEval.src.comparison  INFO       full_kinematic_embedding_temporal vs full_kinematic_temporal (VLDII_perVS, rmse): W=404.0, p=0.0904 (p_corr=1.0000), r=0.284 
22:51:16  baselineEval.src.comparison  INFO       full_kinematic_embedding_temporal vs motor_only (VLDII_perVS, rmse): W=514.0, p=0.2374 (p_corr=1.0000), r=0.194 
22:51:16  baselineEval.src.comparison  INFO       full_kinematic_embedding_temporal vs motor_only_temporal (VLDII_perVS, rmse): W=487.0, p=0.1487 (p_corr=1.0000), r=0.236 
22:51:16  baselineEval.src.comparison  INFO       full_kinematic_temporal vs motor_only (VLDII_perVS, rmse): W=350.0, p=0.0049 (p_corr=0.1375), r=0.451 
22:51:16  baselineEval.src.comparison  INFO       full_kinematic_temporal vs motor_only_temporal (VLDII_perVS, rmse): W=283.0, p=0.0004 (p_corr=0.0121), r=0.556 ***
22:51:16  baselineEval.src.comparison  INFO       motor_only vs motor_only_temporal (VLDII_perVS, rmse): W=572.0, p=0.8696 (p_corr=1.0000), r=0.027 
22:51:16  baselineEval.src.comparison  INFO       Saved: /srv/beegfs/scratch/shares/schaerm/schaer2/video_sam2_pose/humanLISBET-paper/baselineEval/results_stats_temporal_maxpool/comparison/VLDII_perVS/comparison_results.csv
22:51:16  baselineEval.src.comparison  INFO       embedding vs embedding_temporal (VLDII_comVS, rmse): W=465.0, p=0.0971 (p_corr=1.0000), r=0.271 
22:51:16  baselineEval.src.comparison  INFO       embedding vs full_kinematic (VLDII_comVS, rmse): W=64.0, p=0.0000 (p_corr=0.0000), r=0.896 ***
22:51:16  baselineEval.src.comparison  INFO       embedding vs full_kinematic_embedding (VLDII_comVS, rmse): W=331.0, p=0.0051 (p_corr=0.1430), r=0.460 
22:51:16  baselineEval.src.comparison  INFO       embedding vs full_kinematic_embedding_temporal (VLDII_comVS, rmse): W=590.0, p=0.6528 (p_corr=1.0000), r=0.075 
22:51:16  baselineEval.src.comparison  INFO       embedding vs full_kinematic_temporal (VLDII_comVS, rmse): W=344.0, p=0.0040 (p_corr=0.1132), r=0.460 
22:51:16  baselineEval.src.comparison  INFO       embedding vs motor_only (VLDII_comVS, rmse): W=71.0, p=0.0000 (p_corr=0.0000), r=0.884 ***
22:51:16  baselineEval.src.comparison  INFO       embedding vs motor_only_temporal (VLDII_comVS, rmse): W=203.0, p=0.0000 (p_corr=0.0003), r=0.682 ***
22:51:16  baselineEval.src.comparison  INFO       embedding_temporal vs full_kinematic (VLDII_comVS, rmse): W=123.0, p=0.0000 (p_corr=0.0000), r=0.799 ***
22:51:16  baselineEval.src.comparison  INFO       embedding_temporal vs full_kinematic_embedding (VLDII_comVS, rmse): W=627.0, p=0.9238 (p_corr=1.0000), r=0.016 
22:51:16  baselineEval.src.comparison  INFO       embedding_temporal vs full_kinematic_embedding_temporal (VLDII_comVS, rmse): W=557.0, p=0.4433 (p_corr=1.0000), r=0.126 
22:51:16  baselineEval.src.comparison  INFO       embedding_temporal vs full_kinematic_temporal (VLDII_comVS, rmse): W=510.0, p=0.2223 (p_corr=1.0000), r=0.200 
22:51:16  baselineEval.src.comparison  INFO       embedding_temporal vs motor_only (VLDII_comVS, rmse): W=147.0, p=0.0000 (p_corr=0.0001), r=0.760 ***
22:51:16  baselineEval.src.comparison  INFO       embedding_temporal vs motor_only_temporal (VLDII_comVS, rmse): W=261.0, p=0.0002 (p_corr=0.0048), r=0.591 ***
22:51:16  baselineEval.src.comparison  INFO       full_kinematic vs full_kinematic_embedding (VLDII_comVS, rmse): W=75.0, p=0.0000 (p_corr=0.0000), r=0.882 ***
22:51:16  baselineEval.src.comparison  INFO       full_kinematic vs full_kinematic_embedding_temporal (VLDII_comVS, rmse): W=200.0, p=0.0000 (p_corr=0.0002), r=0.686 ***
22:51:16  baselineEval.src.comparison  INFO       full_kinematic vs full_kinematic_temporal (VLDII_comVS, rmse): W=250.0, p=0.0001 (p_corr=0.0029), r=0.608 ***
22:51:16  baselineEval.src.comparison  INFO       full_kinematic vs motor_only (VLDII_comVS, rmse): W=443.0, p=0.9154 (p_corr=1.0000), r=0.019 
22:51:16  baselineEval.src.comparison  INFO       full_kinematic vs motor_only_temporal (VLDII_comVS, rmse): W=475.0, p=0.1185 (p_corr=1.0000), r=0.255 
22:51:16  baselineEval.src.comparison  INFO       full_kinematic_embedding vs full_kinematic_embedding_temporal (VLDII_comVS, rmse): W=580.0, p=0.5852 (p_corr=1.0000), r=0.090 
22:51:16  baselineEval.src.comparison  INFO       full_kinematic_embedding vs full_kinematic_temporal (VLDII_comVS, rmse): W=528.0, p=0.2955 (p_corr=1.0000), r=0.172 
22:51:16  baselineEval.src.comparison  INFO       full_kinematic_embedding vs motor_only (VLDII_comVS, rmse): W=97.0, p=0.0000 (p_corr=0.0000), r=0.848 ***
22:51:16  baselineEval.src.comparison  INFO       full_kinematic_embedding vs motor_only_temporal (VLDII_comVS, rmse): W=279.0, p=0.0004 (p_corr=0.0103), r=0.562 ***
22:51:16  baselineEval.src.comparison  INFO       full_kinematic_embedding_temporal vs full_kinematic_temporal (VLDII_comVS, rmse): W=467.0, p=0.1011 (p_corr=1.0000), r=0.267 
22:51:16  baselineEval.src.comparison  INFO       full_kinematic_embedding_temporal vs motor_only (VLDII_comVS, rmse): W=194.0, p=0.0000 (p_corr=0.0002), r=0.696 ***
22:51:16  baselineEval.src.comparison  INFO       full_kinematic_embedding_temporal vs motor_only_temporal (VLDII_comVS, rmse): W=304.0, p=0.0010 (p_corr=0.0276), r=0.523 ***
22:51:16  baselineEval.src.comparison  INFO       full_kinematic_temporal vs motor_only (VLDII_comVS, rmse): W=270.0, p=0.0003 (p_corr=0.0070), r=0.576 ***
22:51:16  baselineEval.src.comparison  INFO       full_kinematic_temporal vs motor_only_temporal (VLDII_comVS, rmse): W=252.0, p=0.0001 (p_corr=0.0032), r=0.605 ***
22:51:16  baselineEval.src.comparison  INFO       motor_only vs motor_only_temporal (VLDII_comVS, rmse): W=529.0, p=0.3000 (p_corr=1.0000), r=0.170 
22:51:16  baselineEval.src.comparison  INFO       Saved: /srv/beegfs/scratch/shares/schaerm/schaer2/video_sam2_pose/humanLISBET-paper/baselineEval/results_stats_temporal_maxpool/comparison/VLDII_comVS/comparison_results.csv
22:51:16  baselineEval.src.comparison  INFO       embedding vs embedding_temporal (VLDII_domVS, rmse): W=233.0, p=0.0003 (p_corr=0.0076), r=0.604 ***
22:51:16  baselineEval.src.comparison  INFO       embedding vs full_kinematic (VLDII_domVS, rmse): W=184.0, p=0.0000 (p_corr=0.0001), r=0.711 ***
22:51:16  baselineEval.src.comparison  INFO       embedding vs full_kinematic_embedding (VLDII_domVS, rmse): W=376.0, p=0.0109 (p_corr=0.3046), r=0.410 
22:51:16  baselineEval.src.comparison  INFO       embedding vs full_kinematic_embedding_temporal (VLDII_domVS, rmse): W=472.0, p=0.1117 (p_corr=1.0000), r=0.260 
22:51:16  baselineEval.src.comparison  INFO       embedding vs full_kinematic_temporal (VLDII_domVS, rmse): W=542.0, p=0.3622 (p_corr=1.0000), r=0.150 
22:51:16  baselineEval.src.comparison  INFO       embedding vs motor_only (VLDII_domVS, rmse): W=195.0, p=0.0000 (p_corr=0.0002), r=0.694 ***
22:51:16  baselineEval.src.comparison  INFO       embedding vs motor_only_temporal (VLDII_domVS, rmse): W=541.0, p=0.3572 (p_corr=1.0000), r=0.151 
22:51:16  baselineEval.src.comparison  INFO       embedding_temporal vs full_kinematic (VLDII_domVS, rmse): W=53.0, p=0.0000 (p_corr=0.0000), r=0.917 ***
22:51:16  baselineEval.src.comparison  INFO       embedding_temporal vs full_kinematic_embedding (VLDII_domVS, rmse): W=220.0, p=0.0000 (p_corr=0.0007), r=0.655 ***
22:51:16  baselineEval.src.comparison  INFO       embedding_temporal vs full_kinematic_embedding_temporal (VLDII_domVS, rmse): W=339.0, p=0.0034 (p_corr=0.0960), r=0.468 
22:51:16  baselineEval.src.comparison  INFO       embedding_temporal vs full_kinematic_temporal (VLDII_domVS, rmse): W=259.0, p=0.0002 (p_corr=0.0044), r=0.594 ***
22:51:16  baselineEval.src.comparison  INFO       embedding_temporal vs motor_only (VLDII_domVS, rmse): W=97.0, p=0.0000 (p_corr=0.0000), r=0.848 ***
22:51:16  baselineEval.src.comparison  INFO       embedding_temporal vs motor_only_temporal (VLDII_domVS, rmse): W=548.0, p=0.3935 (p_corr=1.0000), r=0.140 
22:51:16  baselineEval.src.comparison  INFO       full_kinematic vs full_kinematic_embedding (VLDII_domVS, rmse): W=458.0, p=0.0840 (p_corr=1.0000), r=0.282 
22:51:16  baselineEval.src.comparison  INFO       full_kinematic vs full_kinematic_embedding_temporal (VLDII_domVS, rmse): W=142.0, p=0.0000 (p_corr=0.0000), r=0.777 ***
22:51:16  baselineEval.src.comparison  INFO       full_kinematic vs full_kinematic_temporal (VLDII_domVS, rmse): W=307.0, p=0.0011 (p_corr=0.0309), r=0.518 ***
22:51:16  baselineEval.src.comparison  INFO       full_kinematic vs motor_only (VLDII_domVS, rmse): W=610.0, p=0.7961 (p_corr=1.0000), r=0.043 
22:51:16  baselineEval.src.comparison  INFO       full_kinematic vs motor_only_temporal (VLDII_domVS, rmse): W=160.0, p=0.0000 (p_corr=0.0000), r=0.749 ***
22:51:16  baselineEval.src.comparison  INFO       full_kinematic_embedding vs full_kinematic_embedding_temporal (VLDII_domVS, rmse): W=304.0, p=0.0010 (p_corr=0.0276), r=0.523 ***
22:51:16  baselineEval.src.comparison  INFO       full_kinematic_embedding vs full_kinematic_temporal (VLDII_domVS, rmse): W=509.0, p=0.2187 (p_corr=1.0000), r=0.202 
22:51:16  baselineEval.src.comparison  INFO       full_kinematic_embedding vs motor_only (VLDII_domVS, rmse): W=424.0, p=0.0390 (p_corr=1.0000), r=0.335 
22:51:16  baselineEval.src.comparison  INFO       full_kinematic_embedding vs motor_only_temporal (VLDII_domVS, rmse): W=398.0, p=0.0201 (p_corr=0.5634), r=0.376 
22:51:16  baselineEval.src.comparison  INFO       full_kinematic_embedding_temporal vs full_kinematic_temporal (VLDII_domVS, rmse): W=266.0, p=0.0330 (p_corr=0.9250), r=0.382 
22:51:16  baselineEval.src.comparison  INFO       full_kinematic_embedding_temporal vs motor_only (VLDII_domVS, rmse): W=169.0, p=0.0000 (p_corr=0.0000), r=0.735 ***
22:51:16  baselineEval.src.comparison  INFO       full_kinematic_embedding_temporal vs motor_only_temporal (VLDII_domVS, rmse): W=612.0, p=0.8109 (p_corr=1.0000), r=0.040 
22:51:16  baselineEval.src.comparison  INFO       full_kinematic_temporal vs motor_only (VLDII_domVS, rmse): W=299.0, p=0.0008 (p_corr=0.0228), r=0.531 ***
22:51:16  baselineEval.src.comparison  INFO       full_kinematic_temporal vs motor_only_temporal (VLDII_domVS, rmse): W=473.0, p=0.1139 (p_corr=1.0000), r=0.258 
22:51:16  baselineEval.src.comparison  INFO       motor_only vs motor_only_temporal (VLDII_domVS, rmse): W=188.0, p=0.0000 (p_corr=0.0001), r=0.705 ***
22:51:16  baselineEval.src.comparison  INFO       Saved: /srv/beegfs/scratch/shares/schaerm/schaer2/video_sam2_pose/humanLISBET-paper/baselineEval/results_stats_temporal_maxpool/comparison/VLDII_domVS/comparison_results.csv
22:51:16  baselineEval.src.comparison  INFO       embedding vs embedding_temporal (VLDII_ComSS, rmse): W=113.0, p=0.0000 (p_corr=0.0000), r=0.823 ***
22:51:16  baselineEval.src.comparison  INFO       embedding vs full_kinematic (VLDII_ComSS, rmse): W=536.0, p=0.3326 (p_corr=1.0000), r=0.159 
22:51:16  baselineEval.src.comparison  INFO       embedding vs full_kinematic_embedding (VLDII_ComSS, rmse): W=389.0, p=0.0157 (p_corr=0.4408), r=0.390 
22:51:16  baselineEval.src.comparison  INFO       embedding vs full_kinematic_embedding_temporal (VLDII_ComSS, rmse): W=267.0, p=0.0002 (p_corr=0.0062), r=0.581 ***
22:51:16  baselineEval.src.comparison  INFO       embedding vs full_kinematic_temporal (VLDII_ComSS, rmse): W=359.0, p=0.0065 (p_corr=0.1827), r=0.437 
22:51:16  baselineEval.src.comparison  INFO       embedding vs motor_only (VLDII_ComSS, rmse): W=559.0, p=0.4548 (p_corr=1.0000), r=0.123 
22:51:16  baselineEval.src.comparison  INFO       embedding vs motor_only_temporal (VLDII_ComSS, rmse): W=112.0, p=0.0000 (p_corr=0.0000), r=0.824 ***
22:51:16  baselineEval.src.comparison  INFO       embedding_temporal vs full_kinematic (VLDII_ComSS, rmse): W=190.0, p=0.0000 (p_corr=0.0001), r=0.702 ***
22:51:16  baselineEval.src.comparison  INFO       embedding_temporal vs full_kinematic_embedding (VLDII_ComSS, rmse): W=231.0, p=0.0000 (p_corr=0.0012), r=0.638 ***
22:51:16  baselineEval.src.comparison  INFO       embedding_temporal vs full_kinematic_embedding_temporal (VLDII_ComSS, rmse): W=295.0, p=0.0007 (p_corr=0.0196), r=0.537 ***
22:51:16  baselineEval.src.comparison  INFO       embedding_temporal vs full_kinematic_temporal (VLDII_ComSS, rmse): W=222.0, p=0.0000 (p_corr=0.0008), r=0.652 ***
22:51:16  baselineEval.src.comparison  INFO       embedding_temporal vs motor_only (VLDII_ComSS, rmse): W=174.0, p=0.0000 (p_corr=0.0001), r=0.727 ***
22:51:16  baselineEval.src.comparison  INFO       embedding_temporal vs motor_only_temporal (VLDII_ComSS, rmse): W=425.0, p=0.0400 (p_corr=1.0000), r=0.333 
22:51:16  baselineEval.src.comparison  INFO       full_kinematic vs full_kinematic_embedding (VLDII_ComSS, rmse): W=595.0, p=0.6877 (p_corr=1.0000), r=0.067 
22:51:16  baselineEval.src.comparison  INFO       full_kinematic vs full_kinematic_embedding_temporal (VLDII_ComSS, rmse): W=398.0, p=0.0201 (p_corr=0.5634), r=0.376 
22:51:16  baselineEval.src.comparison  INFO       full_kinematic vs full_kinematic_temporal (VLDII_ComSS, rmse): W=417.0, p=0.0329 (p_corr=0.9201), r=0.346 
22:51:16  baselineEval.src.comparison  INFO       full_kinematic vs motor_only (VLDII_ComSS, rmse): W=596.0, p=0.8696 (p_corr=1.0000), r=0.027 
22:51:16  baselineEval.src.comparison  INFO       full_kinematic vs motor_only_temporal (VLDII_ComSS, rmse): W=146.0, p=0.0000 (p_corr=0.0000), r=0.771 ***
22:51:16  baselineEval.src.comparison  INFO       full_kinematic_embedding vs full_kinematic_embedding_temporal (VLDII_ComSS, rmse): W=413.0, p=0.0297 (p_corr=0.8324), r=0.352 
22:51:16  baselineEval.src.comparison  INFO       full_kinematic_embedding vs full_kinematic_temporal (VLDII_ComSS, rmse): W=532.0, p=0.3137 (p_corr=1.0000), r=0.165 
22:51:16  baselineEval.src.comparison  INFO       full_kinematic_embedding vs motor_only (VLDII_ComSS, rmse): W=539.0, p=0.3472 (p_corr=1.0000), r=0.155 
22:51:16  baselineEval.src.comparison  INFO       full_kinematic_embedding vs motor_only_temporal (VLDII_ComSS, rmse): W=227.0, p=0.0000 (p_corr=0.0010), r=0.644 ***
22:51:17  baselineEval.src.comparison  INFO       full_kinematic_embedding_temporal vs full_kinematic_temporal (VLDII_ComSS, rmse): W=454.0, p=0.1693 (p_corr=1.0000), r=0.228 
22:51:17  baselineEval.src.comparison  INFO       full_kinematic_embedding_temporal vs motor_only (VLDII_ComSS, rmse): W=373.0, p=0.0100 (p_corr=0.2790), r=0.415 
22:51:17  baselineEval.src.comparison  INFO       full_kinematic_embedding_temporal vs motor_only_temporal (VLDII_ComSS, rmse): W=289.0, p=0.0006 (p_corr=0.0154), r=0.547 ***
22:51:17  baselineEval.src.comparison  INFO       full_kinematic_temporal vs motor_only (VLDII_ComSS, rmse): W=397.0, p=0.0196 (p_corr=0.5485), r=0.377 
22:51:17  baselineEval.src.comparison  INFO       full_kinematic_temporal vs motor_only_temporal (VLDII_ComSS, rmse): W=154.0, p=0.0000 (p_corr=0.0000), r=0.758 ***
22:51:17  baselineEval.src.comparison  INFO       motor_only vs motor_only_temporal (VLDII_ComSS, rmse): W=143.0, p=0.0000 (p_corr=0.0000), r=0.776 ***
22:51:17  baselineEval.src.comparison  INFO       Saved: /srv/beegfs/scratch/shares/schaerm/schaer2/video_sam2_pose/humanLISBET-paper/baselineEval/results_stats_temporal_maxpool/comparison/VLDII_ComSS/comparison_results.csv
22:51:17  baselineEval.src.comparison  INFO       embedding vs embedding_temporal (VLDII_expVS, rmse): W=228.0, p=0.0000 (p_corr=0.0010), r=0.642 ***
22:51:17  baselineEval.src.comparison  INFO       embedding vs full_kinematic (VLDII_expVS, rmse): W=532.0, p=0.3137 (p_corr=1.0000), r=0.165 
22:51:17  baselineEval.src.comparison  INFO       embedding vs full_kinematic_embedding (VLDII_expVS, rmse): W=562.0, p=0.4724 (p_corr=1.0000), r=0.118 
22:51:17  baselineEval.src.comparison  INFO       embedding vs full_kinematic_embedding_temporal (VLDII_expVS, rmse): W=471.0, p=0.1095 (p_corr=1.0000), r=0.261 
22:51:17  baselineEval.src.comparison  INFO       embedding vs full_kinematic_temporal (VLDII_expVS, rmse): W=399.0, p=0.0207 (p_corr=0.5786), r=0.374 
22:51:17  baselineEval.src.comparison  INFO       embedding vs motor_only (VLDII_expVS, rmse): W=489.0, p=0.1543 (p_corr=1.0000), r=0.233 
22:51:17  baselineEval.src.comparison  INFO       embedding vs motor_only_temporal (VLDII_expVS, rmse): W=252.0, p=0.0001 (p_corr=0.0032), r=0.605 ***
22:51:17  baselineEval.src.comparison  INFO       embedding_temporal vs full_kinematic (VLDII_expVS, rmse): W=301.0, p=0.0009 (p_corr=0.0247), r=0.528 ***
22:51:17  baselineEval.src.comparison  INFO       embedding_temporal vs full_kinematic_embedding (VLDII_expVS, rmse): W=415.0, p=0.0313 (p_corr=0.8753), r=0.349 
22:51:17  baselineEval.src.comparison  INFO       embedding_temporal vs full_kinematic_embedding_temporal (VLDII_expVS, rmse): W=244.0, p=0.0001 (p_corr=0.0022), r=0.617 ***
22:51:17  baselineEval.src.comparison  INFO       embedding_temporal vs full_kinematic_temporal (VLDII_expVS, rmse): W=444.0, p=0.0621 (p_corr=1.0000), r=0.304 
22:51:17  baselineEval.src.comparison  INFO       embedding_temporal vs motor_only (VLDII_expVS, rmse): W=260.0, p=0.0002 (p_corr=0.0046), r=0.592 ***
22:51:17  baselineEval.src.comparison  INFO       embedding_temporal vs motor_only_temporal (VLDII_expVS, rmse): W=590.0, p=0.6528 (p_corr=1.0000), r=0.075 
22:51:17  baselineEval.src.comparison  INFO       full_kinematic vs full_kinematic_embedding (VLDII_expVS, rmse): W=456.0, p=0.0805 (p_corr=1.0000), r=0.285 
22:51:17  baselineEval.src.comparison  INFO       full_kinematic vs full_kinematic_embedding_temporal (VLDII_expVS, rmse): W=447.0, p=0.0663 (p_corr=1.0000), r=0.299 
22:51:17  baselineEval.src.comparison  INFO       full_kinematic vs full_kinematic_temporal (VLDII_expVS, rmse): W=385.0, p=0.0141 (p_corr=0.3942), r=0.396 
22:51:17  baselineEval.src.comparison  INFO       full_kinematic vs motor_only (VLDII_expVS, rmse): W=553.0, p=0.4207 (p_corr=1.0000), r=0.133 
22:51:17  baselineEval.src.comparison  INFO       full_kinematic vs motor_only_temporal (VLDII_expVS, rmse): W=233.0, p=0.0000 (p_corr=0.0013), r=0.635 ***
22:51:17  baselineEval.src.comparison  INFO       full_kinematic_embedding vs full_kinematic_embedding_temporal (VLDII_expVS, rmse): W=598.0, p=0.7090 (p_corr=1.0000), r=0.062 
22:51:17  baselineEval.src.comparison  INFO       full_kinematic_embedding vs full_kinematic_temporal (VLDII_expVS, rmse): W=537.0, p=0.3374 (p_corr=1.0000), r=0.158 
22:51:17  baselineEval.src.comparison  INFO       full_kinematic_embedding vs motor_only (VLDII_expVS, rmse): W=464.0, p=0.0951 (p_corr=1.0000), r=0.272 
22:51:17  baselineEval.src.comparison  INFO       full_kinematic_embedding vs motor_only_temporal (VLDII_expVS, rmse): W=355.0, p=0.0058 (p_corr=0.1612), r=0.443 
22:51:17  baselineEval.src.comparison  INFO       full_kinematic_embedding_temporal vs full_kinematic_temporal (VLDII_expVS, rmse): W=437.0, p=0.2581 (p_corr=1.0000), r=0.191 
22:51:17  baselineEval.src.comparison  INFO       full_kinematic_embedding_temporal vs motor_only (VLDII_expVS, rmse): W=375.0, p=0.0106 (p_corr=0.2959), r=0.412 
22:51:17  baselineEval.src.comparison  INFO       full_kinematic_embedding_temporal vs motor_only_temporal (VLDII_expVS, rmse): W=310.0, p=0.0012 (p_corr=0.0346), r=0.514 ***
22:51:17  baselineEval.src.comparison  INFO       full_kinematic_temporal vs motor_only (VLDII_expVS, rmse): W=357.0, p=0.0061 (p_corr=0.1717), r=0.440 
22:51:17  baselineEval.src.comparison  INFO       full_kinematic_temporal vs motor_only_temporal (VLDII_expVS, rmse): W=351.0, p=0.0051 (p_corr=0.1420), r=0.449 
22:51:17  baselineEval.src.comparison  INFO       motor_only vs motor_only_temporal (VLDII_expVS, rmse): W=195.0, p=0.0000 (p_corr=0.0002), r=0.694 ***
22:51:17  baselineEval.src.comparison  INFO       Saved: /srv/beegfs/scratch/shares/schaerm/schaer2/video_sam2_pose/humanLISBET-paper/baselineEval/results_stats_temporal_maxpool/comparison/VLDII_expVS/comparison_results.csv
22:51:17  baselineEval.src.comparison  INFO       embedding vs embedding_temporal (VLDII_recVS, rmse): W=51.0, p=0.0000 (p_corr=0.0000), r=0.920 ***
22:51:17  baselineEval.src.comparison  INFO       embedding vs full_kinematic (VLDII_recVS, rmse): W=448.0, p=0.0678 (p_corr=1.0000), r=0.297 
22:51:17  baselineEval.src.comparison  INFO       embedding vs full_kinematic_embedding (VLDII_recVS, rmse): W=555.0, p=0.4319 (p_corr=1.0000), r=0.129 
22:51:17  baselineEval.src.comparison  INFO       embedding vs full_kinematic_embedding_temporal (VLDII_recVS, rmse): W=178.0, p=0.0000 (p_corr=0.0001), r=0.721 ***
22:51:17  baselineEval.src.comparison  INFO       embedding vs full_kinematic_temporal (VLDII_recVS, rmse): W=87.0, p=0.0000 (p_corr=0.0000), r=0.864 ***
22:51:17  baselineEval.src.comparison  INFO       embedding vs motor_only (VLDII_recVS, rmse): W=446.0, p=0.0649 (p_corr=1.0000), r=0.300 
22:51:17  baselineEval.src.comparison  INFO       embedding vs motor_only_temporal (VLDII_recVS, rmse): W=54.0, p=0.0000 (p_corr=0.0000), r=0.915 ***
22:51:17  baselineEval.src.comparison  INFO       embedding_temporal vs full_kinematic (VLDII_recVS, rmse): W=289.0, p=0.0006 (p_corr=0.0154), r=0.547 ***
22:51:17  baselineEval.src.comparison  INFO       embedding_temporal vs full_kinematic_embedding (VLDII_recVS, rmse): W=172.0, p=0.0000 (p_corr=0.0000), r=0.730 ***
22:51:17  baselineEval.src.comparison  INFO       embedding_temporal vs full_kinematic_embedding_temporal (VLDII_recVS, rmse): W=390.0, p=0.0162 (p_corr=0.4532), r=0.388 
22:51:17  baselineEval.src.comparison  INFO       embedding_temporal vs full_kinematic_temporal (VLDII_recVS, rmse): W=592.0, p=0.6667 (p_corr=1.0000), r=0.071 
22:51:17  baselineEval.src.comparison  INFO       embedding_temporal vs motor_only (VLDII_recVS, rmse): W=292.0, p=0.0006 (p_corr=0.0174), r=0.542 ***
22:51:17  baselineEval.src.comparison  INFO       embedding_temporal vs motor_only_temporal (VLDII_recVS, rmse): W=490.0, p=0.1571 (p_corr=1.0000), r=0.231 
22:51:17  baselineEval.src.comparison  INFO       full_kinematic vs full_kinematic_embedding (VLDII_recVS, rmse): W=495.0, p=0.1719 (p_corr=1.0000), r=0.224 
22:51:17  baselineEval.src.comparison  INFO       full_kinematic vs full_kinematic_embedding_temporal (VLDII_recVS, rmse): W=413.0, p=0.0297 (p_corr=0.8324), r=0.352 
22:51:17  baselineEval.src.comparison  INFO       full_kinematic vs full_kinematic_temporal (VLDII_recVS, rmse): W=112.0, p=0.0000 (p_corr=0.0000), r=0.824 ***
22:51:17  baselineEval.src.comparison  INFO       full_kinematic vs motor_only (VLDII_recVS, rmse): W=502.0, p=0.1943 (p_corr=1.0000), r=0.213 
22:51:17  baselineEval.src.comparison  INFO       full_kinematic vs motor_only_temporal (VLDII_recVS, rmse): W=100.0, p=0.0000 (p_corr=0.0000), r=0.843 ***
22:51:17  baselineEval.src.comparison  INFO       full_kinematic_embedding vs full_kinematic_embedding_temporal (VLDII_recVS, rmse): W=302.0, p=0.0009 (p_corr=0.0256), r=0.526 ***
22:51:17  baselineEval.src.comparison  INFO       full_kinematic_embedding vs full_kinematic_temporal (VLDII_recVS, rmse): W=103.0, p=0.0000 (p_corr=0.0000), r=0.838 ***
22:51:17  baselineEval.src.comparison  INFO       full_kinematic_embedding vs motor_only (VLDII_recVS, rmse): W=504.0, p=0.2010 (p_corr=1.0000), r=0.209 
22:51:17  baselineEval.src.comparison  INFO       full_kinematic_embedding vs motor_only_temporal (VLDII_recVS, rmse): W=67.0, p=0.0000 (p_corr=0.0000), r=0.895 ***
22:51:17  baselineEval.src.comparison  INFO       full_kinematic_embedding_temporal vs full_kinematic_temporal (VLDII_recVS, rmse): W=508.0, p=0.2151 (p_corr=1.0000), r=0.203 
22:51:17  baselineEval.src.comparison  INFO       full_kinematic_embedding_temporal vs motor_only (VLDII_recVS, rmse): W=390.0, p=0.0162 (p_corr=0.4532), r=0.388 
22:51:17  baselineEval.src.comparison  INFO       full_kinematic_embedding_temporal vs motor_only_temporal (VLDII_recVS, rmse): W=398.0, p=0.0201 (p_corr=0.5634), r=0.376 
22:51:17  baselineEval.src.comparison  INFO       full_kinematic_temporal vs motor_only (VLDII_recVS, rmse): W=113.0, p=0.0000 (p_corr=0.0000), r=0.823 ***
22:51:17  baselineEval.src.comparison  INFO       full_kinematic_temporal vs motor_only_temporal (VLDII_recVS, rmse): W=400.0, p=0.0345 (p_corr=0.9669), r=0.347 
22:51:17  baselineEval.src.comparison  INFO       motor_only vs motor_only_temporal (VLDII_recVS, rmse): W=101.0, p=0.0000 (p_corr=0.0000), r=0.842 ***
22:51:17  baselineEval.src.comparison  INFO       Saved: /srv/beegfs/scratch/shares/schaerm/schaer2/video_sam2_pose/humanLISBET-paper/baselineEval/results_stats_temporal_maxpool/comparison/VLDII_recVS/comparison_results.csv
22:51:17  baselineEval.src.comparison  INFO       embedding vs embedding_temporal (MSEL_TOTAL_DQ, rmse): W=238.0, p=0.0001 (p_corr=0.0017), r=0.627 ***
22:51:17  baselineEval.src.comparison  INFO       embedding vs full_kinematic (MSEL_TOTAL_DQ, rmse): W=611.0, p=0.8035 (p_corr=1.0000), r=0.042 
22:51:17  baselineEval.src.comparison  INFO       embedding vs full_kinematic_embedding (MSEL_TOTAL_DQ, rmse): W=616.0, p=0.8408 (p_corr=1.0000), r=0.034 
22:51:17  baselineEval.src.comparison  INFO       embedding vs full_kinematic_embedding_temporal (MSEL_TOTAL_DQ, rmse): W=388.0, p=0.0153 (p_corr=0.4287), r=0.391 
22:51:17  baselineEval.src.comparison  INFO       embedding vs full_kinematic_temporal (MSEL_TOTAL_DQ, rmse): W=162.0, p=0.0000 (p_corr=0.0000), r=0.746 ***
22:51:17  baselineEval.src.comparison  INFO       embedding vs motor_only (MSEL_TOTAL_DQ, rmse): W=573.0, p=0.5399 (p_corr=1.0000), r=0.101 
22:51:17  baselineEval.src.comparison  INFO       embedding vs motor_only_temporal (MSEL_TOTAL_DQ, rmse): W=14.0, p=0.0000 (p_corr=0.0000), r=0.978 ***
22:51:17  baselineEval.src.comparison  INFO       embedding_temporal vs full_kinematic (MSEL_TOTAL_DQ, rmse): W=409.0, p=0.0268 (p_corr=0.7518), r=0.358 
22:51:17  baselineEval.src.comparison  INFO       embedding_temporal vs full_kinematic_embedding (MSEL_TOTAL_DQ, rmse): W=348.0, p=0.0046 (p_corr=0.1290), r=0.454 
22:51:17  baselineEval.src.comparison  INFO       embedding_temporal vs full_kinematic_embedding_temporal (MSEL_TOTAL_DQ, rmse): W=435.0, p=0.0506 (p_corr=1.0000), r=0.318 
22:51:17  baselineEval.src.comparison  INFO       embedding_temporal vs full_kinematic_temporal (MSEL_TOTAL_DQ, rmse): W=291.0, p=0.0006 (p_corr=0.0167), r=0.544 ***
22:51:17  baselineEval.src.comparison  INFO       embedding_temporal vs motor_only (MSEL_TOTAL_DQ, rmse): W=393.0, p=0.0176 (p_corr=0.4921), r=0.384 
22:51:17  baselineEval.src.comparison  INFO       embedding_temporal vs motor_only_temporal (MSEL_TOTAL_DQ, rmse): W=44.0, p=0.0000 (p_corr=0.0000), r=0.931 ***
22:51:17  baselineEval.src.comparison  INFO       full_kinematic vs full_kinematic_embedding (MSEL_TOTAL_DQ, rmse): W=561.0, p=0.4665 (p_corr=1.0000), r=0.120 
22:51:17  baselineEval.src.comparison  INFO       full_kinematic vs full_kinematic_embedding_temporal (MSEL_TOTAL_DQ, rmse): W=464.0, p=0.0951 (p_corr=1.0000), r=0.272 
22:51:17  baselineEval.src.comparison  INFO       full_kinematic vs full_kinematic_temporal (MSEL_TOTAL_DQ, rmse): W=168.0, p=0.0000 (p_corr=0.0000), r=0.736 ***
22:51:17  baselineEval.src.comparison  INFO       full_kinematic vs motor_only (MSEL_TOTAL_DQ, rmse): W=603.0, p=0.7449 (p_corr=1.0000), r=0.054 
22:51:17  baselineEval.src.comparison  INFO       full_kinematic vs motor_only_temporal (MSEL_TOTAL_DQ, rmse): W=1.0, p=0.0000 (p_corr=0.0000), r=0.998 ***
22:51:17  baselineEval.src.comparison  INFO       full_kinematic_embedding vs full_kinematic_embedding_temporal (MSEL_TOTAL_DQ, rmse): W=468.0, p=0.1032 (p_corr=1.0000), r=0.266 
22:51:17  baselineEval.src.comparison  INFO       full_kinematic_embedding vs full_kinematic_temporal (MSEL_TOTAL_DQ, rmse): W=225.0, p=0.0000 (p_corr=0.0009), r=0.647 ***
22:51:17  baselineEval.src.comparison  INFO       full_kinematic_embedding vs motor_only (MSEL_TOTAL_DQ, rmse): W=590.0, p=0.6528 (p_corr=1.0000), r=0.075 
22:51:17  baselineEval.src.comparison  INFO       full_kinematic_embedding vs motor_only_temporal (MSEL_TOTAL_DQ, rmse): W=29.0, p=0.0000 (p_corr=0.0000), r=0.955 ***
22:51:17  baselineEval.src.comparison  INFO       full_kinematic_embedding_temporal vs full_kinematic_temporal (MSEL_TOTAL_DQ, rmse): W=206.0, p=0.0001 (p_corr=0.0015), r=0.664 ***
22:51:17  baselineEval.src.comparison  INFO       full_kinematic_embedding_temporal vs motor_only (MSEL_TOTAL_DQ, rmse): W=488.0, p=0.1515 (p_corr=1.0000), r=0.235 
22:51:17  baselineEval.src.comparison  INFO       full_kinematic_embedding_temporal vs motor_only_temporal (MSEL_TOTAL_DQ, rmse): W=17.0, p=0.0000 (p_corr=0.0000), r=0.973 ***
22:51:17  baselineEval.src.comparison  INFO       full_kinematic_temporal vs motor_only (MSEL_TOTAL_DQ, rmse): W=185.0, p=0.0000 (p_corr=0.0001), r=0.710 ***
22:51:17  baselineEval.src.comparison  INFO       full_kinematic_temporal vs motor_only_temporal (MSEL_TOTAL_DQ, rmse): W=86.0, p=0.0000 (p_corr=0.0000), r=0.865 ***
22:51:17  baselineEval.src.comparison  INFO       motor_only vs motor_only_temporal (MSEL_TOTAL_DQ, rmse): W=11.0, p=0.0000 (p_corr=0.0000), r=0.983 ***
22:51:17  baselineEval.src.comparison  INFO       Saved: /srv/beegfs/scratch/shares/schaerm/schaer2/video_sam2_pose/humanLISBET-paper/baselineEval/results_stats_temporal_maxpool/comparison/MSEL_TOTAL_DQ/comparison_results.csv
22:51:17  baselineEval.src.comparison  INFO       embedding vs embedding_temporal (MSEL_FM_DQ, rmse): W=612.0, p=0.8109 (p_corr=1.0000), r=0.040 
22:51:17  baselineEval.src.comparison  INFO       embedding vs full_kinematic (MSEL_FM_DQ, rmse): W=371.0, p=0.0094 (p_corr=0.2630), r=0.418 
22:51:17  baselineEval.src.comparison  INFO       embedding vs full_kinematic_embedding (MSEL_FM_DQ, rmse): W=600.0, p=0.7233 (p_corr=1.0000), r=0.059 
22:51:17  baselineEval.src.comparison  INFO       embedding vs full_kinematic_embedding_temporal (MSEL_FM_DQ, rmse): W=276.0, p=0.0003 (p_corr=0.0091), r=0.567 ***
22:51:17  baselineEval.src.comparison  INFO       embedding vs full_kinematic_temporal (MSEL_FM_DQ, rmse): W=515.0, p=0.3321 (p_corr=1.0000), r=0.159 
22:51:17  baselineEval.src.comparison  INFO       embedding vs motor_only (MSEL_FM_DQ, rmse): W=522.0, p=0.2695 (p_corr=1.0000), r=0.181 
22:51:17  baselineEval.src.comparison  INFO       embedding vs motor_only_temporal (MSEL_FM_DQ, rmse): W=325.0, p=0.0021 (p_corr=0.0594), r=0.490 
22:51:17  baselineEval.src.comparison  INFO       embedding_temporal vs full_kinematic (MSEL_FM_DQ, rmse): W=355.0, p=0.0058 (p_corr=0.1612), r=0.443 
22:51:17  baselineEval.src.comparison  INFO       embedding_temporal vs full_kinematic_embedding (MSEL_FM_DQ, rmse): W=619.0, p=0.8633 (p_corr=1.0000), r=0.029 
22:51:17  baselineEval.src.comparison  INFO       embedding_temporal vs full_kinematic_embedding_temporal (MSEL_FM_DQ, rmse): W=179.0, p=0.0000 (p_corr=0.0001), r=0.719 ***
22:51:17  baselineEval.src.comparison  INFO       embedding_temporal vs full_kinematic_temporal (MSEL_FM_DQ, rmse): W=503.0, p=0.1976 (p_corr=1.0000), r=0.211 
22:51:17  baselineEval.src.comparison  INFO       embedding_temporal vs motor_only (MSEL_FM_DQ, rmse): W=539.0, p=0.3472 (p_corr=1.0000), r=0.155 
22:51:17  baselineEval.src.comparison  INFO       embedding_temporal vs motor_only_temporal (MSEL_FM_DQ, rmse): W=349.0, p=0.0048 (p_corr=0.1332), r=0.453 
22:51:17  baselineEval.src.comparison  INFO       full_kinematic vs full_kinematic_embedding (MSEL_FM_DQ, rmse): W=324.0, p=0.0020 (p_corr=0.0574), r=0.492 
22:51:17  baselineEval.src.comparison  INFO       full_kinematic vs full_kinematic_embedding_temporal (MSEL_FM_DQ, rmse): W=549.0, p=0.3989 (p_corr=1.0000), r=0.139 
22:51:17  baselineEval.src.comparison  INFO       full_kinematic vs full_kinematic_temporal (MSEL_FM_DQ, rmse): W=330.0, p=0.0025 (p_corr=0.0707), r=0.482 
22:51:17  baselineEval.src.comparison  INFO       full_kinematic vs motor_only (MSEL_FM_DQ, rmse): W=408.0, p=0.0262 (p_corr=0.7327), r=0.360 
22:51:17  baselineEval.src.comparison  INFO       full_kinematic vs motor_only_temporal (MSEL_FM_DQ, rmse): W=211.0, p=0.0000 (p_corr=0.0004), r=0.669 ***
22:51:17  baselineEval.src.comparison  INFO       full_kinematic_embedding vs full_kinematic_embedding_temporal (MSEL_FM_DQ, rmse): W=272.0, p=0.0003 (p_corr=0.0077), r=0.573 ***
22:51:17  baselineEval.src.comparison  INFO       full_kinematic_embedding vs full_kinematic_temporal (MSEL_FM_DQ, rmse): W=533.0, p=0.3183 (p_corr=1.0000), r=0.164 
22:51:17  baselineEval.src.comparison  INFO       full_kinematic_embedding vs motor_only (MSEL_FM_DQ, rmse): W=536.0, p=0.3326 (p_corr=1.0000), r=0.159 
22:51:17  baselineEval.src.comparison  INFO       full_kinematic_embedding vs motor_only_temporal (MSEL_FM_DQ, rmse): W=380.0, p=0.0122 (p_corr=0.3420), r=0.404 
22:51:17  baselineEval.src.comparison  INFO       full_kinematic_embedding_temporal vs full_kinematic_temporal (MSEL_FM_DQ, rmse): W=101.0, p=0.0000 (p_corr=0.0000), r=0.842 ***
22:51:17  baselineEval.src.comparison  INFO       full_kinematic_embedding_temporal vs motor_only (MSEL_FM_DQ, rmse): W=346.0, p=0.0043 (p_corr=0.1209), r=0.457 
22:51:17  baselineEval.src.comparison  INFO       full_kinematic_embedding_temporal vs motor_only_temporal (MSEL_FM_DQ, rmse): W=126.0, p=0.0000 (p_corr=0.0000), r=0.802 ***
22:51:17  baselineEval.src.comparison  INFO       full_kinematic_temporal vs motor_only (MSEL_FM_DQ, rmse): W=512.0, p=0.2297 (p_corr=1.0000), r=0.197 
22:51:17  baselineEval.src.comparison  INFO       full_kinematic_temporal vs motor_only_temporal (MSEL_FM_DQ, rmse): W=455.0, p=0.0789 (p_corr=1.0000), r=0.286 
22:51:17  baselineEval.src.comparison  INFO       motor_only vs motor_only_temporal (MSEL_FM_DQ, rmse): W=359.0, p=0.0065 (p_corr=0.1827), r=0.437 
22:51:17  baselineEval.src.comparison  INFO       Saved: /srv/beegfs/scratch/shares/schaerm/schaer2/video_sam2_pose/humanLISBET-paper/baselineEval/results_stats_temporal_maxpool/comparison/MSEL_FM_DQ/comparison_results.csv
22:51:17  baselineEval.src.comparison  INFO       embedding vs embedding_temporal (MSEL_VR_DQ, rmse): W=484.0, p=0.1407 (p_corr=1.0000), r=0.241 
22:51:17  baselineEval.src.comparison  INFO       embedding vs full_kinematic (MSEL_VR_DQ, rmse): W=609.0, p=0.7888 (p_corr=1.0000), r=0.045 
22:51:17  baselineEval.src.comparison  INFO       embedding vs full_kinematic_embedding (MSEL_VR_DQ, rmse): W=608.0, p=0.7814 (p_corr=1.0000), r=0.046 
22:51:17  baselineEval.src.comparison  INFO       embedding vs full_kinematic_embedding_temporal (MSEL_VR_DQ, rmse): W=599.0, p=0.7161 (p_corr=1.0000), r=0.060 
22:51:17  baselineEval.src.comparison  INFO       embedding vs full_kinematic_temporal (MSEL_VR_DQ, rmse): W=341.0, p=0.0037 (p_corr=0.1026), r=0.465 
22:51:17  baselineEval.src.comparison  INFO       embedding vs motor_only (MSEL_VR_DQ, rmse): W=624.0, p=0.9010 (p_corr=1.0000), r=0.021 
22:51:17  baselineEval.src.comparison  INFO       embedding vs motor_only_temporal (MSEL_VR_DQ, rmse): W=44.0, p=0.0000 (p_corr=0.0000), r=0.919 ***
22:51:17  baselineEval.src.comparison  INFO       embedding_temporal vs full_kinematic (MSEL_VR_DQ, rmse): W=499.0, p=0.1844 (p_corr=1.0000), r=0.217 
22:51:17  baselineEval.src.comparison  INFO       embedding_temporal vs full_kinematic_embedding (MSEL_VR_DQ, rmse): W=538.0, p=0.3423 (p_corr=1.0000), r=0.156 
22:51:17  baselineEval.src.comparison  INFO       embedding_temporal vs full_kinematic_embedding_temporal (MSEL_VR_DQ, rmse): W=511.0, p=0.2260 (p_corr=1.0000), r=0.198 
22:51:17  baselineEval.src.comparison  INFO       embedding_temporal vs full_kinematic_temporal (MSEL_VR_DQ, rmse): W=457.0, p=0.0823 (p_corr=1.0000), r=0.283 
22:51:17  baselineEval.src.comparison  INFO       embedding_temporal vs motor_only (MSEL_VR_DQ, rmse): W=460.0, p=0.0876 (p_corr=1.0000), r=0.278 
22:51:17  baselineEval.src.comparison  INFO       embedding_temporal vs motor_only_temporal (MSEL_VR_DQ, rmse): W=59.0, p=0.0000 (p_corr=0.0000), r=0.900 ***
22:51:17  baselineEval.src.comparison  INFO       full_kinematic vs full_kinematic_embedding (MSEL_VR_DQ, rmse): W=591.0, p=0.6597 (p_corr=1.0000), r=0.073 
22:51:17  baselineEval.src.comparison  INFO       full_kinematic vs full_kinematic_embedding_temporal (MSEL_VR_DQ, rmse): W=617.0, p=0.8482 (p_corr=1.0000), r=0.032 
22:51:17  baselineEval.src.comparison  INFO       full_kinematic vs full_kinematic_temporal (MSEL_VR_DQ, rmse): W=346.0, p=0.0043 (p_corr=0.1209), r=0.457 
22:51:17  baselineEval.src.comparison  INFO       full_kinematic vs motor_only (MSEL_VR_DQ, rmse): W=247.0, p=0.1767 (p_corr=1.0000), r=0.258 
22:51:17  baselineEval.src.comparison  INFO       full_kinematic vs motor_only_temporal (MSEL_VR_DQ, rmse): W=67.0, p=0.0000 (p_corr=0.0000), r=0.876 ***
22:51:17  baselineEval.src.comparison  INFO       full_kinematic_embedding vs full_kinematic_embedding_temporal (MSEL_VR_DQ, rmse): W=632.0, p=0.9618 (p_corr=1.0000), r=0.009 
22:51:17  baselineEval.src.comparison  INFO       full_kinematic_embedding vs full_kinematic_temporal (MSEL_VR_DQ, rmse): W=385.0, p=0.0141 (p_corr=0.3942), r=0.396 
22:51:17  baselineEval.src.comparison  INFO       full_kinematic_embedding vs motor_only (MSEL_VR_DQ, rmse): W=633.0, p=0.9695 (p_corr=1.0000), r=0.007 
22:51:17  baselineEval.src.comparison  INFO       full_kinematic_embedding vs motor_only_temporal (MSEL_VR_DQ, rmse): W=194.0, p=0.0000 (p_corr=0.0002), r=0.696 ***
22:51:17  baselineEval.src.comparison  INFO       full_kinematic_embedding_temporal vs full_kinematic_temporal (MSEL_VR_DQ, rmse): W=266.0, p=0.0006 (p_corr=0.0159), r=0.566 ***
22:51:17  baselineEval.src.comparison  INFO       full_kinematic_embedding_temporal vs motor_only (MSEL_VR_DQ, rmse): W=597.0, p=0.7018 (p_corr=1.0000), r=0.064 
22:51:17  baselineEval.src.comparison  INFO       full_kinematic_embedding_temporal vs motor_only_temporal (MSEL_VR_DQ, rmse): W=84.0, p=0.0000 (p_corr=0.0000), r=0.868 ***
22:51:17  baselineEval.src.comparison  INFO       full_kinematic_temporal vs motor_only (MSEL_VR_DQ, rmse): W=333.0, p=0.0028 (p_corr=0.0784), r=0.478 
22:51:17  baselineEval.src.comparison  INFO       full_kinematic_temporal vs motor_only_temporal (MSEL_VR_DQ, rmse): W=201.0, p=0.0000 (p_corr=0.0002), r=0.685 ***
22:51:17  baselineEval.src.comparison  INFO       motor_only vs motor_only_temporal (MSEL_VR_DQ, rmse): W=35.0, p=0.0000 (p_corr=0.0000), r=0.935 ***
22:51:17  baselineEval.src.comparison  INFO       Saved: /srv/beegfs/scratch/shares/schaerm/schaer2/video_sam2_pose/humanLISBET-paper/baselineEval/results_stats_temporal_maxpool/comparison/MSEL_VR_DQ/comparison_results.csv
22:51:17  baselineEval.src.comparison  INFO       embedding vs embedding_temporal (MSEL_LR_DQ, rmse): W=324.0, p=0.0020 (p_corr=0.0574), r=0.492 
22:51:17  baselineEval.src.comparison  INFO       embedding vs full_kinematic (MSEL_LR_DQ, rmse): W=582.0, p=0.5985 (p_corr=1.0000), r=0.087 
22:51:17  baselineEval.src.comparison  INFO       embedding vs full_kinematic_embedding (MSEL_LR_DQ, rmse): W=526.0, p=0.2866 (p_corr=1.0000), r=0.175 
22:51:17  baselineEval.src.comparison  INFO       embedding vs full_kinematic_embedding_temporal (MSEL_LR_DQ, rmse): W=343.0, p=0.0039 (p_corr=0.1096), r=0.462 
22:51:17  baselineEval.src.comparison  INFO       embedding vs full_kinematic_temporal (MSEL_LR_DQ, rmse): W=258.0, p=0.0001 (p_corr=0.0042), r=0.595 ***
22:51:17  baselineEval.src.comparison  INFO       embedding vs motor_only (MSEL_LR_DQ, rmse): W=491.0, p=0.1600 (p_corr=1.0000), r=0.230 
22:51:17  baselineEval.src.comparison  INFO       embedding vs motor_only_temporal (MSEL_LR_DQ, rmse): W=98.0, p=0.0000 (p_corr=0.0000), r=0.846 ***
22:51:17  baselineEval.src.comparison  INFO       embedding_temporal vs full_kinematic (MSEL_LR_DQ, rmse): W=295.0, p=0.0007 (p_corr=0.0196), r=0.537 ***
22:51:17  baselineEval.src.comparison  INFO       embedding_temporal vs full_kinematic_embedding (MSEL_LR_DQ, rmse): W=251.0, p=0.0001 (p_corr=0.0030), r=0.606 ***
22:51:17  baselineEval.src.comparison  INFO       embedding_temporal vs full_kinematic_embedding_temporal (MSEL_LR_DQ, rmse): W=587.0, p=0.6322 (p_corr=1.0000), r=0.079 
22:51:17  baselineEval.src.comparison  INFO       embedding_temporal vs full_kinematic_temporal (MSEL_LR_DQ, rmse): W=453.0, p=0.0756 (p_corr=1.0000), r=0.289 
22:51:17  baselineEval.src.comparison  INFO       embedding_temporal vs motor_only (MSEL_LR_DQ, rmse): W=252.0, p=0.0001 (p_corr=0.0032), r=0.605 ***
22:51:17  baselineEval.src.comparison  INFO       embedding_temporal vs motor_only_temporal (MSEL_LR_DQ, rmse): W=151.0, p=0.0000 (p_corr=0.0000), r=0.763 ***
22:51:17  baselineEval.src.comparison  INFO       full_kinematic vs full_kinematic_embedding (MSEL_LR_DQ, rmse): W=604.0, p=0.7522 (p_corr=1.0000), r=0.053 
22:51:17  baselineEval.src.comparison  INFO       full_kinematic vs full_kinematic_embedding_temporal (MSEL_LR_DQ, rmse): W=265.0, p=0.0002 (p_corr=0.0057), r=0.584 ***
22:51:17  baselineEval.src.comparison  INFO       full_kinematic vs full_kinematic_temporal (MSEL_LR_DQ, rmse): W=124.0, p=0.0000 (p_corr=0.0000), r=0.805 ***
22:51:17  baselineEval.src.comparison  INFO       full_kinematic vs motor_only (MSEL_LR_DQ, rmse): W=417.0, p=0.1772 (p_corr=1.0000), r=0.228 
22:51:17  baselineEval.src.comparison  INFO       full_kinematic vs motor_only_temporal (MSEL_LR_DQ, rmse): W=38.0, p=0.0000 (p_corr=0.0000), r=0.940 ***
22:51:17  baselineEval.src.comparison  INFO       full_kinematic_embedding vs full_kinematic_embedding_temporal (MSEL_LR_DQ, rmse): W=263.0, p=0.0002 (p_corr=0.0052), r=0.587 ***
22:51:17  baselineEval.src.comparison  INFO       full_kinematic_embedding vs full_kinematic_temporal (MSEL_LR_DQ, rmse): W=190.0, p=0.0000 (p_corr=0.0001), r=0.702 ***
22:51:17  baselineEval.src.comparison  INFO       full_kinematic_embedding vs motor_only (MSEL_LR_DQ, rmse): W=601.0, p=0.7304 (p_corr=1.0000), r=0.057 
22:51:17  baselineEval.src.comparison  INFO       full_kinematic_embedding vs motor_only_temporal (MSEL_LR_DQ, rmse): W=54.0, p=0.0000 (p_corr=0.0000), r=0.915 ***
22:51:17  baselineEval.src.comparison  INFO       full_kinematic_embedding_temporal vs full_kinematic_temporal (MSEL_LR_DQ, rmse): W=422.0, p=0.0886 (p_corr=1.0000), r=0.282 
22:51:17  baselineEval.src.comparison  INFO       full_kinematic_embedding_temporal vs motor_only (MSEL_LR_DQ, rmse): W=216.0, p=0.0000 (p_corr=0.0006), r=0.661 ***
22:51:17  baselineEval.src.comparison  INFO       full_kinematic_embedding_temporal vs motor_only_temporal (MSEL_LR_DQ, rmse): W=220.0, p=0.0000 (p_corr=0.0007), r=0.655 ***
22:51:17  baselineEval.src.comparison  INFO       full_kinematic_temporal vs motor_only (MSEL_LR_DQ, rmse): W=73.0, p=0.0000 (p_corr=0.0000), r=0.885 ***
22:51:17  baselineEval.src.comparison  INFO       full_kinematic_temporal vs motor_only_temporal (MSEL_LR_DQ, rmse): W=199.0, p=0.0000 (p_corr=0.0002), r=0.688 ***
22:51:17  baselineEval.src.comparison  INFO       motor_only vs motor_only_temporal (MSEL_LR_DQ, rmse): W=18.0, p=0.0000 (p_corr=0.0000), r=0.972 ***
22:51:17  baselineEval.src.comparison  INFO       Saved: /srv/beegfs/scratch/shares/schaerm/schaer2/video_sam2_pose/humanLISBET-paper/baselineEval/results_stats_temporal_maxpool/comparison/MSEL_LR_DQ/comparison_results.csv
22:51:17  baselineEval.src.comparison  INFO       embedding vs embedding_temporal (MSEL_LE_DQ, rmse): W=402.0, p=0.0224 (p_corr=0.6266), r=0.369 
22:51:17  baselineEval.src.comparison  INFO       embedding vs full_kinematic (MSEL_LE_DQ, rmse): W=516.0, p=0.2451 (p_corr=1.0000), r=0.191 
22:51:17  baselineEval.src.comparison  INFO       embedding vs full_kinematic_embedding (MSEL_LE_DQ, rmse): W=615.0, p=0.8333 (p_corr=1.0000), r=0.035 
22:51:17  baselineEval.src.comparison  INFO       embedding vs full_kinematic_embedding_temporal (MSEL_LE_DQ, rmse): W=492.0, p=0.1629 (p_corr=1.0000), r=0.228 
22:51:17  baselineEval.src.comparison  INFO       embedding vs full_kinematic_temporal (MSEL_LE_DQ, rmse): W=94.0, p=0.0000 (p_corr=0.0000), r=0.853 ***
22:51:17  baselineEval.src.comparison  INFO       embedding vs motor_only (MSEL_LE_DQ, rmse): W=635.0, p=0.9847 (p_corr=1.0000), r=0.004 
22:51:17  baselineEval.src.comparison  INFO       embedding vs motor_only_temporal (MSEL_LE_DQ, rmse): W=48.0, p=0.0000 (p_corr=0.0000), r=0.925 ***
22:51:17  baselineEval.src.comparison  INFO       embedding_temporal vs full_kinematic (MSEL_LE_DQ, rmse): W=573.0, p=0.5399 (p_corr=1.0000), r=0.101 
22:51:17  baselineEval.src.comparison  INFO       embedding_temporal vs full_kinematic_embedding (MSEL_LE_DQ, rmse): W=454.0, p=0.0772 (p_corr=1.0000), r=0.288 
22:51:17  baselineEval.src.comparison  INFO       embedding_temporal vs full_kinematic_embedding_temporal (MSEL_LE_DQ, rmse): W=467.0, p=0.1011 (p_corr=1.0000), r=0.267 
22:51:17  baselineEval.src.comparison  INFO       embedding_temporal vs full_kinematic_temporal (MSEL_LE_DQ, rmse): W=158.0, p=0.0000 (p_corr=0.0000), r=0.752 ***
22:51:17  baselineEval.src.comparison  INFO       embedding_temporal vs motor_only (MSEL_LE_DQ, rmse): W=460.0, p=0.0876 (p_corr=1.0000), r=0.278 
22:51:17  baselineEval.src.comparison  INFO       embedding_temporal vs motor_only_temporal (MSEL_LE_DQ, rmse): W=53.0, p=0.0000 (p_corr=0.0000), r=0.917 ***
22:51:17  baselineEval.src.comparison  INFO       full_kinematic vs full_kinematic_embedding (MSEL_LE_DQ, rmse): W=512.0, p=0.2297 (p_corr=1.0000), r=0.197 
22:51:17  baselineEval.src.comparison  INFO       full_kinematic vs full_kinematic_embedding_temporal (MSEL_LE_DQ, rmse): W=637.0, p=1.0000 (p_corr=1.0000), r=0.001 
22:51:17  baselineEval.src.comparison  INFO       full_kinematic vs full_kinematic_temporal (MSEL_LE_DQ, rmse): W=80.0, p=0.0000 (p_corr=0.0000), r=0.875 ***
22:51:17  baselineEval.src.comparison  INFO       full_kinematic vs motor_only (MSEL_LE_DQ, rmse): W=526.0, p=0.2866 (p_corr=1.0000), r=0.175 
22:51:17  baselineEval.src.comparison  INFO       full_kinematic vs motor_only_temporal (MSEL_LE_DQ, rmse): W=49.0, p=0.0000 (p_corr=0.0000), r=0.923 ***
22:51:17  baselineEval.src.comparison  INFO       full_kinematic_embedding vs full_kinematic_embedding_temporal (MSEL_LE_DQ, rmse): W=498.0, p=0.1813 (p_corr=1.0000), r=0.219 
22:51:17  baselineEval.src.comparison  INFO       full_kinematic_embedding vs full_kinematic_temporal (MSEL_LE_DQ, rmse): W=110.0, p=0.0000 (p_corr=0.0000), r=0.827 ***
22:51:17  baselineEval.src.comparison  INFO       full_kinematic_embedding vs motor_only (MSEL_LE_DQ, rmse): W=595.0, p=0.6877 (p_corr=1.0000), r=0.067 
22:51:17  baselineEval.src.comparison  INFO       full_kinematic_embedding vs motor_only_temporal (MSEL_LE_DQ, rmse): W=75.0, p=0.0000 (p_corr=0.0000), r=0.882 ***
22:51:17  baselineEval.src.comparison  INFO       full_kinematic_embedding_temporal vs full_kinematic_temporal (MSEL_LE_DQ, rmse): W=106.0, p=0.0000 (p_corr=0.0000), r=0.834 ***
22:51:17  baselineEval.src.comparison  INFO       full_kinematic_embedding_temporal vs motor_only (MSEL_LE_DQ, rmse): W=509.0, p=0.2187 (p_corr=1.0000), r=0.202 
22:51:17  baselineEval.src.comparison  INFO       full_kinematic_embedding_temporal vs motor_only_temporal (MSEL_LE_DQ, rmse): W=85.0, p=0.0000 (p_corr=0.0000), r=0.867 ***
22:51:17  baselineEval.src.comparison  INFO       full_kinematic_temporal vs motor_only (MSEL_LE_DQ, rmse): W=151.0, p=0.0000 (p_corr=0.0000), r=0.763 ***
22:51:17  baselineEval.src.comparison  INFO       full_kinematic_temporal vs motor_only_temporal (MSEL_LE_DQ, rmse): W=522.0, p=0.2695 (p_corr=1.0000), r=0.181 
22:51:17  baselineEval.src.comparison  INFO       motor_only vs motor_only_temporal (MSEL_LE_DQ, rmse): W=82.0, p=0.0000 (p_corr=0.0000), r=0.871 ***
22:51:17  baselineEval.src.comparison  INFO       Saved: /srv/beegfs/scratch/shares/schaerm/schaer2/video_sam2_pose/humanLISBET-paper/baselineEval/results_stats_temporal_maxpool/comparison/MSEL_LE_DQ/comparison_results.csv
22:51:17  baselineEval.src.comparison  INFO       embedding vs embedding_temporal (MSEL_NV_DQ, rmse): W=603.0, p=0.7449 (p_corr=1.0000), r=0.054 
22:51:17  baselineEval.src.comparison  INFO       embedding vs full_kinematic (MSEL_NV_DQ, rmse): W=526.0, p=0.2866 (p_corr=1.0000), r=0.175 
22:51:17  baselineEval.src.comparison  INFO       embedding vs full_kinematic_embedding (MSEL_NV_DQ, rmse): W=464.0, p=0.0951 (p_corr=1.0000), r=0.272 
22:51:17  baselineEval.src.comparison  INFO       embedding vs full_kinematic_embedding_temporal (MSEL_NV_DQ, rmse): W=564.0, p=0.4843 (p_corr=1.0000), r=0.115 
22:51:17  baselineEval.src.comparison  INFO       embedding vs full_kinematic_temporal (MSEL_NV_DQ, rmse): W=409.0, p=0.0268 (p_corr=0.7518), r=0.358 
22:51:17  baselineEval.src.comparison  INFO       embedding vs motor_only (MSEL_NV_DQ, rmse): W=333.0, p=0.0028 (p_corr=0.0784), r=0.478 
22:51:17  baselineEval.src.comparison  INFO       embedding vs motor_only_temporal (MSEL_NV_DQ, rmse): W=111.0, p=0.0000 (p_corr=0.0000), r=0.803 ***
22:51:17  baselineEval.src.comparison  INFO       embedding_temporal vs full_kinematic (MSEL_NV_DQ, rmse): W=503.0, p=0.1976 (p_corr=1.0000), r=0.211 
22:51:17  baselineEval.src.comparison  INFO       embedding_temporal vs full_kinematic_embedding (MSEL_NV_DQ, rmse): W=515.0, p=0.2412 (p_corr=1.0000), r=0.192 
22:51:17  baselineEval.src.comparison  INFO       embedding_temporal vs full_kinematic_embedding_temporal (MSEL_NV_DQ, rmse): W=581.0, p=0.5918 (p_corr=1.0000), r=0.089 
22:51:17  baselineEval.src.comparison  INFO       embedding_temporal vs full_kinematic_temporal (MSEL_NV_DQ, rmse): W=449.0, p=0.0693 (p_corr=1.0000), r=0.296 
22:51:17  baselineEval.src.comparison  INFO       embedding_temporal vs motor_only (MSEL_NV_DQ, rmse): W=357.0, p=0.0061 (p_corr=0.1717), r=0.440 
22:51:17  baselineEval.src.comparison  INFO       embedding_temporal vs motor_only_temporal (MSEL_NV_DQ, rmse): W=217.0, p=0.0000 (p_corr=0.0006), r=0.660 ***
22:51:17  baselineEval.src.comparison  INFO       full_kinematic vs full_kinematic_embedding (MSEL_NV_DQ, rmse): W=605.0, p=0.7594 (p_corr=1.0000), r=0.051 
22:51:17  baselineEval.src.comparison  INFO       full_kinematic vs full_kinematic_embedding_temporal (MSEL_NV_DQ, rmse): W=553.0, p=0.4207 (p_corr=1.0000), r=0.133 
22:51:17  baselineEval.src.comparison  INFO       full_kinematic vs full_kinematic_temporal (MSEL_NV_DQ, rmse): W=400.0, p=0.0212 (p_corr=0.5943), r=0.373 
22:51:17  baselineEval.src.comparison  INFO       full_kinematic vs motor_only (MSEL_NV_DQ, rmse): W=366.0, p=0.0081 (p_corr=0.2264), r=0.426 
22:51:17  baselineEval.src.comparison  INFO       full_kinematic vs motor_only_temporal (MSEL_NV_DQ, rmse): W=199.0, p=0.0000 (p_corr=0.0002), r=0.688 ***
22:51:17  baselineEval.src.comparison  INFO       full_kinematic_embedding vs full_kinematic_embedding_temporal (MSEL_NV_DQ, rmse): W=560.0, p=0.4606 (p_corr=1.0000), r=0.122 
22:51:17  baselineEval.src.comparison  INFO       full_kinematic_embedding vs full_kinematic_temporal (MSEL_NV_DQ, rmse): W=374.0, p=0.0103 (p_corr=0.2873), r=0.413 
22:51:17  baselineEval.src.comparison  INFO       full_kinematic_embedding vs motor_only (MSEL_NV_DQ, rmse): W=378.0, p=0.0115 (p_corr=0.3228), r=0.407 
22:51:17  baselineEval.src.comparison  INFO       full_kinematic_embedding vs motor_only_temporal (MSEL_NV_DQ, rmse): W=139.0, p=0.0000 (p_corr=0.0000), r=0.782 ***
22:51:17  baselineEval.src.comparison  INFO       full_kinematic_embedding_temporal vs full_kinematic_temporal (MSEL_NV_DQ, rmse): W=268.0, p=0.0010 (p_corr=0.0289), r=0.544 ***
22:51:17  baselineEval.src.comparison  INFO       full_kinematic_embedding_temporal vs motor_only (MSEL_NV_DQ, rmse): W=367.0, p=0.0083 (p_corr=0.2333), r=0.424 
22:51:17  baselineEval.src.comparison  INFO       full_kinematic_embedding_temporal vs motor_only_temporal (MSEL_NV_DQ, rmse): W=111.0, p=0.0000 (p_corr=0.0000), r=0.826 ***
22:51:17  baselineEval.src.comparison  INFO       full_kinematic_temporal vs motor_only (MSEL_NV_DQ, rmse): W=241.0, p=0.0001 (p_corr=0.0019), r=0.622 ***
22:51:17  baselineEval.src.comparison  INFO       full_kinematic_temporal vs motor_only_temporal (MSEL_NV_DQ, rmse): W=207.0, p=0.0000 (p_corr=0.0003), r=0.675 ***
22:51:17  baselineEval.src.comparison  INFO       motor_only vs motor_only_temporal (MSEL_NV_DQ, rmse): W=76.0, p=0.0000 (p_corr=0.0000), r=0.881 ***
22:51:17  baselineEval.src.comparison  INFO       Saved: /srv/beegfs/scratch/shares/schaerm/schaer2/video_sam2_pose/humanLISBET-paper/baselineEval/results_stats_temporal_maxpool/comparison/MSEL_NV_DQ/comparison_results.csv
22:51:17  baselineEval.src.comparison  INFO       embedding vs embedding_temporal (MSEL_V_DQ, rmse): W=355.0, p=0.0058 (p_corr=0.1612), r=0.443 
22:51:17  baselineEval.src.comparison  INFO       embedding vs full_kinematic (MSEL_V_DQ, rmse): W=574.0, p=0.5463 (p_corr=1.0000), r=0.100 
22:51:17  baselineEval.src.comparison  INFO       embedding vs full_kinematic_embedding (MSEL_V_DQ, rmse): W=441.0, p=0.0580 (p_corr=1.0000), r=0.308 
22:51:17  baselineEval.src.comparison  INFO       embedding vs full_kinematic_embedding_temporal (MSEL_V_DQ, rmse): W=608.0, p=0.7814 (p_corr=1.0000), r=0.046 
22:51:17  baselineEval.src.comparison  INFO       embedding vs full_kinematic_temporal (MSEL_V_DQ, rmse): W=222.0, p=0.0000 (p_corr=0.0008), r=0.652 ***
22:51:17  baselineEval.src.comparison  INFO       embedding vs motor_only (MSEL_V_DQ, rmse): W=552.0, p=0.4152 (p_corr=1.0000), r=0.134 
22:51:17  baselineEval.src.comparison  INFO       embedding vs motor_only_temporal (MSEL_V_DQ, rmse): W=36.0, p=0.0000 (p_corr=0.0000), r=0.944 ***
22:51:17  baselineEval.src.comparison  INFO       embedding_temporal vs full_kinematic (MSEL_V_DQ, rmse): W=423.0, p=0.0381 (p_corr=1.0000), r=0.336 
22:51:17  baselineEval.src.comparison  INFO       embedding_temporal vs full_kinematic_embedding (MSEL_V_DQ, rmse): W=281.0, p=0.0004 (p_corr=0.0112), r=0.559 ***
22:51:17  baselineEval.src.comparison  INFO       embedding_temporal vs full_kinematic_embedding_temporal (MSEL_V_DQ, rmse): W=207.0, p=0.0000 (p_corr=0.0003), r=0.675 ***
22:51:17  baselineEval.src.comparison  INFO       embedding_temporal vs full_kinematic_temporal (MSEL_V_DQ, rmse): W=438.0, p=0.0542 (p_corr=1.0000), r=0.313 
22:51:17  baselineEval.src.comparison  INFO       embedding_temporal vs motor_only (MSEL_V_DQ, rmse): W=468.0, p=0.1032 (p_corr=1.0000), r=0.266 
22:51:17  baselineEval.src.comparison  INFO       embedding_temporal vs motor_only_temporal (MSEL_V_DQ, rmse): W=76.0, p=0.0000 (p_corr=0.0000), r=0.881 ***
22:51:17  baselineEval.src.comparison  INFO       full_kinematic vs full_kinematic_embedding (MSEL_V_DQ, rmse): W=368.0, p=0.0086 (p_corr=0.2405), r=0.423 
22:51:17  baselineEval.src.comparison  INFO       full_kinematic vs full_kinematic_embedding_temporal (MSEL_V_DQ, rmse): W=624.0, p=0.9010 (p_corr=1.0000), r=0.021 
22:51:17  baselineEval.src.comparison  INFO       full_kinematic vs full_kinematic_temporal (MSEL_V_DQ, rmse): W=227.0, p=0.0000 (p_corr=0.0010), r=0.644 ***
22:51:17  baselineEval.src.comparison  INFO       full_kinematic vs motor_only (MSEL_V_DQ, rmse): W=529.0, p=0.5451 (p_corr=1.0000), r=0.100 
22:51:17  baselineEval.src.comparison  INFO       full_kinematic vs motor_only_temporal (MSEL_V_DQ, rmse): W=56.0, p=0.0000 (p_corr=0.0000), r=0.912 ***
22:51:17  baselineEval.src.comparison  INFO       full_kinematic_embedding vs full_kinematic_embedding_temporal (MSEL_V_DQ, rmse): W=493.0, p=0.1659 (p_corr=1.0000), r=0.227 
22:51:17  baselineEval.src.comparison  INFO       full_kinematic_embedding vs full_kinematic_temporal (MSEL_V_DQ, rmse): W=205.0, p=0.0000 (p_corr=0.0003), r=0.678 ***
22:51:17  baselineEval.src.comparison  INFO       full_kinematic_embedding vs motor_only (MSEL_V_DQ, rmse): W=361.0, p=0.0069 (p_corr=0.1944), r=0.434 
22:51:17  baselineEval.src.comparison  INFO       full_kinematic_embedding vs motor_only_temporal (MSEL_V_DQ, rmse): W=21.0, p=0.0000 (p_corr=0.0000), r=0.967 ***
22:51:17  baselineEval.src.comparison  INFO       full_kinematic_embedding_temporal vs full_kinematic_temporal (MSEL_V_DQ, rmse): W=180.0, p=0.0000 (p_corr=0.0005), r=0.706 ***
22:51:17  baselineEval.src.comparison  INFO       full_kinematic_embedding_temporal vs motor_only (MSEL_V_DQ, rmse): W=610.0, p=0.7961 (p_corr=1.0000), r=0.043 
22:51:17  baselineEval.src.comparison  INFO       full_kinematic_embedding_temporal vs motor_only_temporal (MSEL_V_DQ, rmse): W=44.0, p=0.0000 (p_corr=0.0000), r=0.931 ***
22:51:17  baselineEval.src.comparison  INFO       full_kinematic_temporal vs motor_only (MSEL_V_DQ, rmse): W=299.0, p=0.0008 (p_corr=0.0228), r=0.531 ***
22:51:17  baselineEval.src.comparison  INFO       full_kinematic_temporal vs motor_only_temporal (MSEL_V_DQ, rmse): W=198.0, p=0.0000 (p_corr=0.0002), r=0.689 ***
22:51:17  baselineEval.src.comparison  INFO       motor_only vs motor_only_temporal (MSEL_V_DQ, rmse): W=68.0, p=0.0000 (p_corr=0.0000), r=0.893 ***
22:51:17  baselineEval.src.comparison  INFO       Saved: /srv/beegfs/scratch/shares/schaerm/schaer2/video_sam2_pose/humanLISBET-paper/baselineEval/results_stats_temporal_maxpool/comparison/MSEL_V_DQ/comparison_results.csv
22:51:17  baselineEval.src.comparison  INFO     All comparisons → /srv/beegfs/scratch/shares/schaerm/schaer2/video_sam2_pose/humanLISBET-paper/baselineEval/results_stats_temporal_maxpool/comparison/all_comparison_results.csv
22:51:17  baselineEval.src.comparison  INFO     Heatmap source (all models) → /srv/beegfs/scratch/shares/schaerm/schaer2/video_sam2_pose/humanLISBET-paper/baselineEval/results_stats_temporal_maxpool/comparison/heatmap_source_all.csv
22:51:17  baselineEval.src.comparison  INFO     Heatmap source (classification) → /srv/beegfs/scratch/shares/schaerm/schaer2/video_sam2_pose/humanLISBET-paper/baselineEval/results_stats_temporal_maxpool/comparison/heatmap_classification_data.csv
22:51:17  baselineEval.src.comparison  INFO     Heatmap source (regression) → /srv/beegfs/scratch/shares/schaerm/schaer2/video_sam2_pose/humanLISBET-paper/baselineEval/results_stats_temporal_maxpool/comparison/heatmap_regression_data.csv
22:51:17  ccnEvaluation         INFO     ═══ Step 6: Plotting ═══
22:51:18  baselineEval.src.plotting  INFO       Saved: cv_metric_boxplots.png + data CSV
22:51:19  baselineEval.src.plotting  INFO       Saved: hyperparameter distribution plots + data CSV
22:51:21  baselineEval.src.plotting  INFO       Saved: roc_curves.png + data CSV
22:51:21  baselineEval.src.plotting  INFO       Saved: confusion_matrices.png + data CSV
22:51:22  baselineEval.src.plotting  INFO       Saved: cv_metric_boxplots.png + data CSV
22:51:25  baselineEval.src.plotting  INFO       Saved: hyperparameter distribution plots + data CSV
22:51:28  baselineEval.src.plotting  INFO       Saved: roc_curves.png + data CSV
22:51:29  baselineEval.src.plotting  INFO       Saved: confusion_matrices.png + data CSV
22:51:29  baselineEval.src.plotting  INFO       Saved: cv_metric_boxplots.png + data CSV
22:51:31  baselineEval.src.plotting  INFO       Saved: hyperparameter distribution plots + data CSV
22:51:31  baselineEval.src.plotting  INFO       Saved: roc_curves.png + data CSV
22:51:31  baselineEval.src.plotting  INFO       Saved: confusion_matrices.png + data CSV
22:51:32  baselineEval.src.plotting  INFO       Saved: cv_metric_boxplots.png + data CSV
22:51:33  baselineEval.src.plotting  INFO       Saved: hyperparameter distribution plots + data CSV
22:51:34  baselineEval.src.plotting  INFO       Saved: roc_curves.png + data CSV
22:51:34  baselineEval.src.plotting  INFO       Saved: confusion_matrices.png + data CSV
22:51:35  baselineEval.src.plotting  INFO       Saved: cv_metric_boxplots.png + data CSV
22:51:36  baselineEval.src.plotting  INFO       Saved: hyperparameter distribution plots + data CSV
22:51:38  baselineEval.src.plotting  INFO       Saved: roc_curves.png + data CSV
22:51:38  baselineEval.src.plotting  INFO       Saved: confusion_matrices.png + data CSV
22:51:39  baselineEval.src.plotting  INFO       Saved: cv_metric_boxplots.png + data CSV
22:51:40  baselineEval.src.plotting  INFO       Saved: hyperparameter distribution plots + data CSV
22:51:41  baselineEval.src.plotting  INFO       Saved: roc_curves.png + data CSV
22:51:41  baselineEval.src.plotting  INFO       Saved: confusion_matrices.png + data CSV
22:51:42  baselineEval.src.plotting  INFO       Saved: cv_metric_boxplots.png + data CSV
22:51:43  baselineEval.src.plotting  INFO       Saved: hyperparameter distribution plots + data CSV
22:51:43  baselineEval.src.plotting  INFO       Saved: roc_curves.png + data CSV
22:51:44  baselineEval.src.plotting  INFO       Saved: confusion_matrices.png + data CSV
22:51:45  baselineEval.src.plotting  INFO       Saved: cv_metric_boxplots.png + data CSV
22:51:46  baselineEval.src.plotting  INFO       Saved: hyperparameter distribution plots + data CSV
22:51:47  baselineEval.src.plotting  INFO       Saved: roc_curves.png + data CSV
22:51:47  baselineEval.src.plotting  INFO       Saved: confusion_matrices.png + data CSV
22:51:48  baselineEval.src.plotting  INFO       Saved: representation_comparison.png + data CSV
22:51:49  baselineEval.src.plotting  INFO       Saved: cv_metric_boxplots.png + data CSV
22:51:50  baselineEval.src.plotting  INFO       Saved: hyperparameter distribution plots + data CSV
22:51:50  baselineEval.src.plotting  INFO       Skipping ROC curves for ADOS_2_ADOS_G_revised_RRB_level_of_symptoms (no y_prob_pos values)
22:51:51  baselineEval.src.plotting  INFO       Saved: confusion_matrices.png + data CSV
22:51:51  baselineEval.src.plotting  INFO       Saved: cv_metric_boxplots.png + data CSV
22:51:53  baselineEval.src.plotting  INFO       Saved: hyperparameter distribution plots + data CSV
22:51:53  baselineEval.src.plotting  INFO       Skipping ROC curves for ADOS_2_ADOS_G_revised_RRB_level_of_symptoms (no y_prob_pos values)
22:51:53  baselineEval.src.plotting  INFO       Saved: confusion_matrices.png + data CSV
22:51:54  baselineEval.src.plotting  INFO       Saved: cv_metric_boxplots.png + data CSV
22:51:55  baselineEval.src.plotting  INFO       Saved: hyperparameter distribution plots + data CSV
22:51:55  baselineEval.src.plotting  INFO       Skipping ROC curves for ADOS_2_ADOS_G_revised_RRB_level_of_symptoms (no y_prob_pos values)
22:51:56  baselineEval.src.plotting  INFO       Saved: confusion_matrices.png + data CSV
22:51:57  baselineEval.src.plotting  INFO       Saved: cv_metric_boxplots.png + data CSV
22:51:58  baselineEval.src.plotting  INFO       Saved: hyperparameter distribution plots + data CSV
22:51:58  baselineEval.src.plotting  INFO       Skipping ROC curves for ADOS_2_ADOS_G_revised_RRB_level_of_symptoms (no y_prob_pos values)
22:51:58  baselineEval.src.plotting  INFO       Saved: confusion_matrices.png + data CSV
22:51:59  baselineEval.src.plotting  INFO       Saved: cv_metric_boxplots.png + data CSV
22:52:01  baselineEval.src.plotting  INFO       Saved: hyperparameter distribution plots + data CSV
22:52:01  baselineEval.src.plotting  INFO       Skipping ROC curves for ADOS_2_ADOS_G_revised_RRB_level_of_symptoms (no y_prob_pos values)
22:52:01  baselineEval.src.plotting  INFO       Saved: confusion_matrices.png + data CSV
22:52:02  baselineEval.src.plotting  INFO       Saved: cv_metric_boxplots.png + data CSV
22:52:03  baselineEval.src.plotting  INFO       Saved: hyperparameter distribution plots + data CSV
22:52:03  baselineEval.src.plotting  INFO       Skipping ROC curves for ADOS_2_ADOS_G_revised_RRB_level_of_symptoms (no y_prob_pos values)
22:52:04  baselineEval.src.plotting  INFO       Saved: confusion_matrices.png + data CSV
22:52:05  baselineEval.src.plotting  INFO       Saved: cv_metric_boxplots.png + data CSV
22:52:06  baselineEval.src.plotting  INFO       Saved: hyperparameter distribution plots + data CSV
22:52:06  baselineEval.src.plotting  INFO       Skipping ROC curves for ADOS_2_ADOS_G_revised_RRB_level_of_symptoms (no y_prob_pos values)
22:52:06  baselineEval.src.plotting  INFO       Saved: confusion_matrices.png + data CSV
22:52:07  baselineEval.src.plotting  INFO       Saved: cv_metric_boxplots.png + data CSV
22:52:09  baselineEval.src.plotting  INFO       Saved: hyperparameter distribution plots + data CSV
22:52:09  baselineEval.src.plotting  INFO       Skipping ROC curves for ADOS_2_ADOS_G_revised_RRB_level_of_symptoms (no y_prob_pos values)
22:52:09  baselineEval.src.plotting  INFO       Saved: confusion_matrices.png + data CSV
/srv/beegfs/scratch/shares/schaerm/schaer2/video_sam2_pose/humanLISBET-paper/baselineEval/src/plotting.py:550: FutureWarning: The behavior of Series.idxmax with all-NA values, or any-NA and skipna=False, is deprecated. In a future version this will raise ValueError
  best_model = agg.idxmax() if higher_better else agg.idxmin()
/srv/beegfs/scratch/shares/schaerm/schaer2/video_sam2_pose/humanLISBET-paper/baselineEval/src/plotting.py:550: FutureWarning: The behavior of Series.idxmax with all-NA values, or any-NA and skipna=False, is deprecated. In a future version this will raise ValueError
  best_model = agg.idxmax() if higher_better else agg.idxmin()
/srv/beegfs/scratch/shares/schaerm/schaer2/video_sam2_pose/humanLISBET-paper/baselineEval/src/plotting.py:550: FutureWarning: The behavior of Series.idxmax with all-NA values, or any-NA and skipna=False, is deprecated. In a future version this will raise ValueError
  best_model = agg.idxmax() if higher_better else agg.idxmin()
/srv/beegfs/scratch/shares/schaerm/schaer2/video_sam2_pose/humanLISBET-paper/baselineEval/src/plotting.py:550: FutureWarning: The behavior of Series.idxmax with all-NA values, or any-NA and skipna=False, is deprecated. In a future version this will raise ValueError
  best_model = agg.idxmax() if higher_better else agg.idxmin()
/srv/beegfs/scratch/shares/schaerm/schaer2/video_sam2_pose/humanLISBET-paper/baselineEval/src/plotting.py:550: FutureWarning: The behavior of Series.idxmax with all-NA values, or any-NA and skipna=False, is deprecated. In a future version this will raise ValueError
  best_model = agg.idxmax() if higher_better else agg.idxmin()
/srv/beegfs/scratch/shares/schaerm/schaer2/video_sam2_pose/humanLISBET-paper/baselineEval/src/plotting.py:550: FutureWarning: The behavior of Series.idxmax with all-NA values, or any-NA and skipna=False, is deprecated. In a future version this will raise ValueError
  best_model = agg.idxmax() if higher_better else agg.idxmin()
/srv/beegfs/scratch/shares/schaerm/schaer2/video_sam2_pose/humanLISBET-paper/baselineEval/src/plotting.py:550: FutureWarning: The behavior of Series.idxmax with all-NA values, or any-NA and skipna=False, is deprecated. In a future version this will raise ValueError
  best_model = agg.idxmax() if higher_better else agg.idxmin()
/srv/beegfs/scratch/shares/schaerm/schaer2/video_sam2_pose/humanLISBET-paper/baselineEval/src/plotting.py:550: FutureWarning: The behavior of Series.idxmax with all-NA values, or any-NA and skipna=False, is deprecated. In a future version this will raise ValueError
  best_model = agg.idxmax() if higher_better else agg.idxmin()
22:52:10  baselineEval.src.plotting  INFO       Saved: representation_comparison.png + data CSV
22:52:10  baselineEval.src.plotting  INFO       Saved: cv_metric_boxplots.png + data CSV
22:52:12  baselineEval.src.plotting  INFO       Saved: hyperparameter distribution plots + data CSV
22:52:12  baselineEval.src.plotting  INFO       Skipping ROC curves for ADOS_2_ADOS_G_REVISED_SA_LEVEL_OF_SYMPTOMS (no y_prob_pos values)
22:52:12  baselineEval.src.plotting  INFO       Saved: confusion_matrices.png + data CSV
22:52:13  baselineEval.src.plotting  INFO       Saved: cv_metric_boxplots.png + data CSV
22:52:14  baselineEval.src.plotting  INFO       Saved: hyperparameter distribution plots + data CSV
22:52:14  baselineEval.src.plotting  INFO       Skipping ROC curves for ADOS_2_ADOS_G_REVISED_SA_LEVEL_OF_SYMPTOMS (no y_prob_pos values)
22:52:15  baselineEval.src.plotting  INFO       Saved: confusion_matrices.png + data CSV
22:52:16  baselineEval.src.plotting  INFO       Saved: cv_metric_boxplots.png + data CSV
22:52:17  baselineEval.src.plotting  INFO       Saved: hyperparameter distribution plots + data CSV
22:52:17  baselineEval.src.plotting  INFO       Skipping ROC curves for ADOS_2_ADOS_G_REVISED_SA_LEVEL_OF_SYMPTOMS (no y_prob_pos values)
22:52:17  baselineEval.src.plotting  INFO       Saved: confusion_matrices.png + data CSV
22:52:18  baselineEval.src.plotting  INFO       Saved: cv_metric_boxplots.png + data CSV
22:52:20  baselineEval.src.plotting  INFO       Saved: hyperparameter distribution plots + data CSV
22:52:20  baselineEval.src.plotting  INFO       Skipping ROC curves for ADOS_2_ADOS_G_REVISED_SA_LEVEL_OF_SYMPTOMS (no y_prob_pos values)
22:52:20  baselineEval.src.plotting  INFO       Saved: confusion_matrices.png + data CSV
22:52:21  baselineEval.src.plotting  INFO       Saved: cv_metric_boxplots.png + data CSV
22:52:22  baselineEval.src.plotting  INFO       Saved: hyperparameter distribution plots + data CSV
22:52:22  baselineEval.src.plotting  INFO       Skipping ROC curves for ADOS_2_ADOS_G_REVISED_SA_LEVEL_OF_SYMPTOMS (no y_prob_pos values)
22:52:23  baselineEval.src.plotting  INFO       Saved: confusion_matrices.png + data CSV
22:52:24  baselineEval.src.plotting  INFO       Saved: cv_metric_boxplots.png + data CSV
22:52:25  baselineEval.src.plotting  INFO       Saved: hyperparameter distribution plots + data CSV
22:52:25  baselineEval.src.plotting  INFO       Skipping ROC curves for ADOS_2_ADOS_G_REVISED_SA_LEVEL_OF_SYMPTOMS (no y_prob_pos values)
22:52:26  baselineEval.src.plotting  INFO       Saved: confusion_matrices.png + data CSV
22:52:27  baselineEval.src.plotting  INFO       Saved: cv_metric_boxplots.png + data CSV
22:52:28  baselineEval.src.plotting  INFO       Saved: hyperparameter distribution plots + data CSV
22:52:28  baselineEval.src.plotting  INFO       Skipping ROC curves for ADOS_2_ADOS_G_REVISED_SA_LEVEL_OF_SYMPTOMS (no y_prob_pos values)
22:52:29  baselineEval.src.plotting  INFO       Saved: confusion_matrices.png + data CSV
22:52:29  baselineEval.src.plotting  INFO       Saved: cv_metric_boxplots.png + data CSV
22:52:31  baselineEval.src.plotting  INFO       Saved: hyperparameter distribution plots + data CSV
22:52:31  baselineEval.src.plotting  INFO       Skipping ROC curves for ADOS_2_ADOS_G_REVISED_SA_LEVEL_OF_SYMPTOMS (no y_prob_pos values)
22:52:31  baselineEval.src.plotting  INFO       Saved: confusion_matrices.png + data CSV
/srv/beegfs/scratch/shares/schaerm/schaer2/video_sam2_pose/humanLISBET-paper/baselineEval/src/plotting.py:550: FutureWarning: The behavior of Series.idxmax with all-NA values, or any-NA and skipna=False, is deprecated. In a future version this will raise ValueError
  best_model = agg.idxmax() if higher_better else agg.idxmin()
/srv/beegfs/scratch/shares/schaerm/schaer2/video_sam2_pose/humanLISBET-paper/baselineEval/src/plotting.py:550: FutureWarning: The behavior of Series.idxmax with all-NA values, or any-NA and skipna=False, is deprecated. In a future version this will raise ValueError
  best_model = agg.idxmax() if higher_better else agg.idxmin()
/srv/beegfs/scratch/shares/schaerm/schaer2/video_sam2_pose/humanLISBET-paper/baselineEval/src/plotting.py:550: FutureWarning: The behavior of Series.idxmax with all-NA values, or any-NA and skipna=False, is deprecated. In a future version this will raise ValueError
  best_model = agg.idxmax() if higher_better else agg.idxmin()
/srv/beegfs/scratch/shares/schaerm/schaer2/video_sam2_pose/humanLISBET-paper/baselineEval/src/plotting.py:550: FutureWarning: The behavior of Series.idxmax with all-NA values, or any-NA and skipna=False, is deprecated. In a future version this will raise ValueError
  best_model = agg.idxmax() if higher_better else agg.idxmin()
/srv/beegfs/scratch/shares/schaerm/schaer2/video_sam2_pose/humanLISBET-paper/baselineEval/src/plotting.py:550: FutureWarning: The behavior of Series.idxmax with all-NA values, or any-NA and skipna=False, is deprecated. In a future version this will raise ValueError
  best_model = agg.idxmax() if higher_better else agg.idxmin()
/srv/beegfs/scratch/shares/schaerm/schaer2/video_sam2_pose/humanLISBET-paper/baselineEval/src/plotting.py:550: FutureWarning: The behavior of Series.idxmax with all-NA values, or any-NA and skipna=False, is deprecated. In a future version this will raise ValueError
  best_model = agg.idxmax() if higher_better else agg.idxmin()
/srv/beegfs/scratch/shares/schaerm/schaer2/video_sam2_pose/humanLISBET-paper/baselineEval/src/plotting.py:550: FutureWarning: The behavior of Series.idxmax with all-NA values, or any-NA and skipna=False, is deprecated. In a future version this will raise ValueError
  best_model = agg.idxmax() if higher_better else agg.idxmin()
/srv/beegfs/scratch/shares/schaerm/schaer2/video_sam2_pose/humanLISBET-paper/baselineEval/src/plotting.py:550: FutureWarning: The behavior of Series.idxmax with all-NA values, or any-NA and skipna=False, is deprecated. In a future version this will raise ValueError
  best_model = agg.idxmax() if higher_better else agg.idxmin()
22:52:32  baselineEval.src.plotting  INFO       Saved: representation_comparison.png + data CSV
22:52:33  baselineEval.src.plotting  INFO       Saved: cv_metric_boxplots.png + data CSV
22:52:34  baselineEval.src.plotting  INFO       Saved: hyperparameter distribution plots + data CSV
22:52:35  baselineEval.src.plotting  INFO       Saved: pred_vs_actual plots + data CSV
22:52:36  baselineEval.src.plotting  INFO       Saved: residual plots + data CSV
22:52:37  baselineEval.src.plotting  INFO       Saved: cv_metric_boxplots.png + data CSV
22:52:38  baselineEval.src.plotting  INFO       Saved: hyperparameter distribution plots + data CSV
22:52:39  baselineEval.src.plotting  INFO       Saved: pred_vs_actual plots + data CSV
22:52:40  baselineEval.src.plotting  INFO       Saved: residual plots + data CSV
22:52:41  baselineEval.src.plotting  INFO       Saved: cv_metric_boxplots.png + data CSV
22:52:42  baselineEval.src.plotting  INFO       Saved: hyperparameter distribution plots + data CSV
22:52:44  baselineEval.src.plotting  INFO       Saved: pred_vs_actual plots + data CSV
22:52:45  baselineEval.src.plotting  INFO       Saved: residual plots + data CSV
22:52:46  baselineEval.src.plotting  INFO       Saved: cv_metric_boxplots.png + data CSV
22:52:47  baselineEval.src.plotting  INFO       Saved: hyperparameter distribution plots + data CSV
22:52:49  baselineEval.src.plotting  INFO       Saved: pred_vs_actual plots + data CSV
22:52:50  baselineEval.src.plotting  INFO       Saved: residual plots + data CSV
22:52:51  baselineEval.src.plotting  INFO       Saved: cv_metric_boxplots.png + data CSV
22:52:52  baselineEval.src.plotting  INFO       Saved: hyperparameter distribution plots + data CSV
22:52:53  baselineEval.src.plotting  INFO       Saved: pred_vs_actual plots + data CSV
22:52:54  baselineEval.src.plotting  INFO       Saved: residual plots + data CSV
22:52:55  baselineEval.src.plotting  INFO       Saved: cv_metric_boxplots.png + data CSV
22:52:56  baselineEval.src.plotting  INFO       Saved: hyperparameter distribution plots + data CSV
22:52:57  baselineEval.src.plotting  INFO       Saved: pred_vs_actual plots + data CSV
22:52:58  baselineEval.src.plotting  INFO       Saved: residual plots + data CSV
22:52:59  baselineEval.src.plotting  INFO       Saved: cv_metric_boxplots.png + data CSV
22:53:00  baselineEval.src.plotting  INFO       Saved: hyperparameter distribution plots + data CSV
22:53:01  baselineEval.src.plotting  INFO       Saved: pred_vs_actual plots + data CSV
22:53:02  baselineEval.src.plotting  INFO       Saved: residual plots + data CSV
22:53:03  baselineEval.src.plotting  INFO       Saved: cv_metric_boxplots.png + data CSV
22:53:04  baselineEval.src.plotting  INFO       Saved: hyperparameter distribution plots + data CSV
22:53:05  baselineEval.src.plotting  INFO       Saved: pred_vs_actual plots + data CSV
22:53:06  baselineEval.src.plotting  INFO       Saved: residual plots + data CSV
22:53:07  baselineEval.src.plotting  INFO       Saved: representation_comparison.png + data CSV
22:53:07  baselineEval.src.plotting  INFO       Saved: cv_metric_boxplots.png + data CSV
22:53:09  baselineEval.src.plotting  INFO       Saved: hyperparameter distribution plots + data CSV
22:53:10  baselineEval.src.plotting  INFO       Saved: pred_vs_actual plots + data CSV
22:53:11  baselineEval.src.plotting  INFO       Saved: residual plots + data CSV
22:53:11  baselineEval.src.plotting  INFO       Saved: cv_metric_boxplots.png + data CSV
22:53:13  baselineEval.src.plotting  INFO       Saved: hyperparameter distribution plots + data CSV
22:53:14  baselineEval.src.plotting  INFO       Saved: pred_vs_actual plots + data CSV
22:53:15  baselineEval.src.plotting  INFO       Saved: residual plots + data CSV
22:53:15  baselineEval.src.plotting  INFO       Saved: cv_metric_boxplots.png + data CSV
22:53:17  baselineEval.src.plotting  INFO       Saved: hyperparameter distribution plots + data CSV
22:53:17  baselineEval.src.plotting  INFO       Saved: pred_vs_actual plots + data CSV
22:53:18  baselineEval.src.plotting  INFO       Saved: residual plots + data CSV
22:53:19  baselineEval.src.plotting  INFO       Saved: cv_metric_boxplots.png + data CSV
22:53:21  baselineEval.src.plotting  INFO       Saved: hyperparameter distribution plots + data CSV
22:53:21  baselineEval.src.plotting  INFO       Saved: pred_vs_actual plots + data CSV
22:53:22  baselineEval.src.plotting  INFO       Saved: residual plots + data CSV
22:53:23  baselineEval.src.plotting  INFO       Saved: cv_metric_boxplots.png + data CSV
22:53:25  baselineEval.src.plotting  INFO       Saved: hyperparameter distribution plots + data CSV
22:53:25  baselineEval.src.plotting  INFO       Saved: pred_vs_actual plots + data CSV
22:53:26  baselineEval.src.plotting  INFO       Saved: residual plots + data CSV
22:53:27  baselineEval.src.plotting  INFO       Saved: cv_metric_boxplots.png + data CSV
22:53:29  baselineEval.src.plotting  INFO       Saved: hyperparameter distribution plots + data CSV
22:53:29  baselineEval.src.plotting  INFO       Saved: pred_vs_actual plots + data CSV
22:53:30  baselineEval.src.plotting  INFO       Saved: residual plots + data CSV
22:53:31  baselineEval.src.plotting  INFO       Saved: cv_metric_boxplots.png + data CSV
22:53:32  baselineEval.src.plotting  INFO       Saved: hyperparameter distribution plots + data CSV
22:53:33  baselineEval.src.plotting  INFO       Saved: pred_vs_actual plots + data CSV
22:53:34  baselineEval.src.plotting  INFO       Saved: residual plots + data CSV
22:53:35  baselineEval.src.plotting  INFO       Saved: cv_metric_boxplots.png + data CSV
22:53:36  baselineEval.src.plotting  INFO       Saved: hyperparameter distribution plots + data CSV
22:53:37  baselineEval.src.plotting  INFO       Saved: pred_vs_actual plots + data CSV
22:53:38  baselineEval.src.plotting  INFO       Saved: residual plots + data CSV
22:53:39  baselineEval.src.plotting  INFO       Saved: representation_comparison.png + data CSV
22:53:40  baselineEval.src.plotting  INFO       Saved: cv_metric_boxplots.png + data CSV
22:53:41  baselineEval.src.plotting  INFO       Saved: hyperparameter distribution plots + data CSV
22:53:42  baselineEval.src.plotting  INFO       Saved: pred_vs_actual plots + data CSV
22:53:43  baselineEval.src.plotting  INFO       Saved: residual plots + data CSV
22:53:44  baselineEval.src.plotting  INFO       Saved: cv_metric_boxplots.png + data CSV
22:53:45  baselineEval.src.plotting  INFO       Saved: hyperparameter distribution plots + data CSV
22:53:46  baselineEval.src.plotting  INFO       Saved: pred_vs_actual plots + data CSV
22:53:47  baselineEval.src.plotting  INFO       Saved: residual plots + data CSV
22:53:48  baselineEval.src.plotting  INFO       Saved: cv_metric_boxplots.png + data CSV
22:53:49  baselineEval.src.plotting  INFO       Saved: hyperparameter distribution plots + data CSV
22:53:50  baselineEval.src.plotting  INFO       Saved: pred_vs_actual plots + data CSV
22:53:51  baselineEval.src.plotting  INFO       Saved: residual plots + data CSV
22:53:52  baselineEval.src.plotting  INFO       Saved: cv_metric_boxplots.png + data CSV
22:53:53  baselineEval.src.plotting  INFO       Saved: hyperparameter distribution plots + data CSV
22:53:54  baselineEval.src.plotting  INFO       Saved: pred_vs_actual plots + data CSV
22:53:55  baselineEval.src.plotting  INFO       Saved: residual plots + data CSV
22:53:56  baselineEval.src.plotting  INFO       Saved: cv_metric_boxplots.png + data CSV
22:53:57  baselineEval.src.plotting  INFO       Saved: hyperparameter distribution plots + data CSV
22:53:58  baselineEval.src.plotting  INFO       Saved: pred_vs_actual plots + data CSV
22:53:59  baselineEval.src.plotting  INFO       Saved: residual plots + data CSV
22:54:00  baselineEval.src.plotting  INFO       Saved: cv_metric_boxplots.png + data CSV
22:54:02  baselineEval.src.plotting  INFO       Saved: hyperparameter distribution plots + data CSV
22:54:02  baselineEval.src.plotting  INFO       Saved: pred_vs_actual plots + data CSV
22:54:03  baselineEval.src.plotting  INFO       Saved: residual plots + data CSV
22:54:04  baselineEval.src.plotting  INFO       Saved: cv_metric_boxplots.png + data CSV
22:54:06  baselineEval.src.plotting  INFO       Saved: hyperparameter distribution plots + data CSV
22:54:07  baselineEval.src.plotting  INFO       Saved: pred_vs_actual plots + data CSV
22:54:08  baselineEval.src.plotting  INFO       Saved: residual plots + data CSV
22:54:08  baselineEval.src.plotting  INFO       Saved: cv_metric_boxplots.png + data CSV
22:54:10  baselineEval.src.plotting  INFO       Saved: hyperparameter distribution plots + data CSV
22:54:11  baselineEval.src.plotting  INFO       Saved: pred_vs_actual plots + data CSV
22:54:12  baselineEval.src.plotting  INFO       Saved: residual plots + data CSV
22:54:12  baselineEval.src.plotting  INFO       Saved: representation_comparison.png + data CSV
22:54:13  baselineEval.src.plotting  INFO       Saved: cv_metric_boxplots.png + data CSV
22:54:14  baselineEval.src.plotting  INFO       Saved: hyperparameter distribution plots + data CSV
22:54:15  baselineEval.src.plotting  INFO       Saved: pred_vs_actual plots + data CSV
22:54:16  baselineEval.src.plotting  INFO       Saved: residual plots + data CSV
22:54:17  baselineEval.src.plotting  INFO       Saved: cv_metric_boxplots.png + data CSV
22:54:18  baselineEval.src.plotting  INFO       Saved: hyperparameter distribution plots + data CSV
22:54:19  baselineEval.src.plotting  INFO       Saved: pred_vs_actual plots + data CSV
22:54:20  baselineEval.src.plotting  INFO       Saved: residual plots + data CSV
22:54:20  baselineEval.src.plotting  INFO       Saved: cv_metric_boxplots.png + data CSV
22:54:22  baselineEval.src.plotting  INFO       Saved: hyperparameter distribution plots + data CSV
22:54:22  baselineEval.src.plotting  INFO       Saved: pred_vs_actual plots + data CSV
22:54:23  baselineEval.src.plotting  INFO       Saved: residual plots + data CSV
22:54:24  baselineEval.src.plotting  INFO       Saved: cv_metric_boxplots.png + data CSV
22:54:26  baselineEval.src.plotting  INFO       Saved: hyperparameter distribution plots + data CSV
22:54:26  baselineEval.src.plotting  INFO       Saved: pred_vs_actual plots + data CSV
22:54:27  baselineEval.src.plotting  INFO       Saved: residual plots + data CSV
22:54:28  baselineEval.src.plotting  INFO       Saved: cv_metric_boxplots.png + data CSV
22:54:29  baselineEval.src.plotting  INFO       Saved: hyperparameter distribution plots + data CSV
22:54:30  baselineEval.src.plotting  INFO       Saved: pred_vs_actual plots + data CSV
22:54:31  baselineEval.src.plotting  INFO       Saved: residual plots + data CSV
22:54:32  baselineEval.src.plotting  INFO       Saved: cv_metric_boxplots.png + data CSV
22:54:33  baselineEval.src.plotting  INFO       Saved: hyperparameter distribution plots + data CSV
22:54:34  baselineEval.src.plotting  INFO       Saved: pred_vs_actual plots + data CSV
22:54:35  baselineEval.src.plotting  INFO       Saved: residual plots + data CSV
22:54:35  baselineEval.src.plotting  INFO       Saved: cv_metric_boxplots.png + data CSV
22:54:37  baselineEval.src.plotting  INFO       Saved: hyperparameter distribution plots + data CSV
22:54:37  baselineEval.src.plotting  INFO       Saved: pred_vs_actual plots + data CSV
22:54:38  baselineEval.src.plotting  INFO       Saved: residual plots + data CSV
22:54:39  baselineEval.src.plotting  INFO       Saved: cv_metric_boxplots.png + data CSV
22:54:40  baselineEval.src.plotting  INFO       Saved: hyperparameter distribution plots + data CSV
22:54:41  baselineEval.src.plotting  INFO       Saved: pred_vs_actual plots + data CSV
22:54:42  baselineEval.src.plotting  INFO       Saved: residual plots + data CSV
22:54:43  baselineEval.src.plotting  INFO       Saved: representation_comparison.png + data CSV
22:54:43  baselineEval.src.plotting  INFO       Saved: cv_metric_boxplots.png + data CSV
22:54:45  baselineEval.src.plotting  INFO       Saved: hyperparameter distribution plots + data CSV
22:54:45  baselineEval.src.plotting  INFO       Saved: pred_vs_actual plots + data CSV
22:54:46  baselineEval.src.plotting  INFO       Saved: residual plots + data CSV
22:54:47  baselineEval.src.plotting  INFO       Saved: cv_metric_boxplots.png + data CSV
22:54:48  baselineEval.src.plotting  INFO       Saved: hyperparameter distribution plots + data CSV
22:54:49  baselineEval.src.plotting  INFO       Saved: pred_vs_actual plots + data CSV
22:54:50  baselineEval.src.plotting  INFO       Saved: residual plots + data CSV
22:54:51  baselineEval.src.plotting  INFO       Saved: cv_metric_boxplots.png + data CSV
22:54:52  baselineEval.src.plotting  INFO       Saved: hyperparameter distribution plots + data CSV
22:54:53  baselineEval.src.plotting  INFO       Saved: pred_vs_actual plots + data CSV
22:54:54  baselineEval.src.plotting  INFO       Saved: residual plots + data CSV
22:54:54  baselineEval.src.plotting  INFO       Saved: cv_metric_boxplots.png + data CSV
22:54:56  baselineEval.src.plotting  INFO       Saved: hyperparameter distribution plots + data CSV
22:54:56  baselineEval.src.plotting  INFO       Saved: pred_vs_actual plots + data CSV
22:54:57  baselineEval.src.plotting  INFO       Saved: residual plots + data CSV
22:54:58  baselineEval.src.plotting  INFO       Saved: cv_metric_boxplots.png + data CSV
22:54:59  baselineEval.src.plotting  INFO       Saved: hyperparameter distribution plots + data CSV
22:55:00  baselineEval.src.plotting  INFO       Saved: pred_vs_actual plots + data CSV
22:55:01  baselineEval.src.plotting  INFO       Saved: residual plots + data CSV
22:55:02  baselineEval.src.plotting  INFO       Saved: cv_metric_boxplots.png + data CSV
22:55:03  baselineEval.src.plotting  INFO       Saved: hyperparameter distribution plots + data CSV
22:55:04  baselineEval.src.plotting  INFO       Saved: pred_vs_actual plots + data CSV
22:55:05  baselineEval.src.plotting  INFO       Saved: residual plots + data CSV
22:55:06  baselineEval.src.plotting  INFO       Saved: cv_metric_boxplots.png + data CSV
22:55:07  baselineEval.src.plotting  INFO       Saved: hyperparameter distribution plots + data CSV
22:55:07  baselineEval.src.plotting  INFO       Saved: pred_vs_actual plots + data CSV
22:55:08  baselineEval.src.plotting  INFO       Saved: residual plots + data CSV
22:55:09  baselineEval.src.plotting  INFO       Saved: cv_metric_boxplots.png + data CSV
22:55:11  baselineEval.src.plotting  INFO       Saved: hyperparameter distribution plots + data CSV
22:55:11  baselineEval.src.plotting  INFO       Saved: pred_vs_actual plots + data CSV
22:55:12  baselineEval.src.plotting  INFO       Saved: residual plots + data CSV
22:55:13  baselineEval.src.plotting  INFO       Saved: representation_comparison.png + data CSV
22:55:13  baselineEval.src.plotting  INFO       Saved: cv_metric_boxplots.png + data CSV
22:55:15  baselineEval.src.plotting  INFO       Saved: hyperparameter distribution plots + data CSV
22:55:15  baselineEval.src.plotting  INFO       Saved: pred_vs_actual plots + data CSV
22:55:16  baselineEval.src.plotting  INFO       Saved: residual plots + data CSV
22:55:17  baselineEval.src.plotting  INFO       Saved: cv_metric_boxplots.png + data CSV
22:55:18  baselineEval.src.plotting  INFO       Saved: hyperparameter distribution plots + data CSV
22:55:19  baselineEval.src.plotting  INFO       Saved: pred_vs_actual plots + data CSV
22:55:20  baselineEval.src.plotting  INFO       Saved: residual plots + data CSV
22:55:21  baselineEval.src.plotting  INFO       Saved: cv_metric_boxplots.png + data CSV
22:55:22  baselineEval.src.plotting  INFO       Saved: hyperparameter distribution plots + data CSV
22:55:23  baselineEval.src.plotting  INFO       Saved: pred_vs_actual plots + data CSV
22:55:24  baselineEval.src.plotting  INFO       Saved: residual plots + data CSV
22:55:24  baselineEval.src.plotting  INFO       Saved: cv_metric_boxplots.png + data CSV
22:55:26  baselineEval.src.plotting  INFO       Saved: hyperparameter distribution plots + data CSV
22:55:26  baselineEval.src.plotting  INFO       Saved: pred_vs_actual plots + data CSV
22:55:27  baselineEval.src.plotting  INFO       Saved: residual plots + data CSV
22:55:28  baselineEval.src.plotting  INFO       Saved: cv_metric_boxplots.png + data CSV
22:55:29  baselineEval.src.plotting  INFO       Saved: hyperparameter distribution plots + data CSV
22:55:30  baselineEval.src.plotting  INFO       Saved: pred_vs_actual plots + data CSV
22:55:31  baselineEval.src.plotting  INFO       Saved: residual plots + data CSV
22:55:32  baselineEval.src.plotting  INFO       Saved: cv_metric_boxplots.png + data CSV
22:55:33  baselineEval.src.plotting  INFO       Saved: hyperparameter distribution plots + data CSV
22:55:34  baselineEval.src.plotting  INFO       Saved: pred_vs_actual plots + data CSV
22:55:35  baselineEval.src.plotting  INFO       Saved: residual plots + data CSV
22:55:36  baselineEval.src.plotting  INFO       Saved: cv_metric_boxplots.png + data CSV
22:55:37  baselineEval.src.plotting  INFO       Saved: hyperparameter distribution plots + data CSV
22:55:38  baselineEval.src.plotting  INFO       Saved: pred_vs_actual plots + data CSV
22:55:39  baselineEval.src.plotting  INFO       Saved: residual plots + data CSV
22:55:40  baselineEval.src.plotting  INFO       Saved: cv_metric_boxplots.png + data CSV
22:55:41  baselineEval.src.plotting  INFO       Saved: hyperparameter distribution plots + data CSV
22:55:42  baselineEval.src.plotting  INFO       Saved: pred_vs_actual plots + data CSV
22:55:43  baselineEval.src.plotting  INFO       Saved: residual plots + data CSV
22:55:43  baselineEval.src.plotting  INFO       Saved: representation_comparison.png + data CSV
22:55:44  baselineEval.src.plotting  INFO       Saved: cv_metric_boxplots.png + data CSV
22:55:45  baselineEval.src.plotting  INFO       Saved: hyperparameter distribution plots + data CSV
22:55:46  baselineEval.src.plotting  INFO       Saved: pred_vs_actual plots + data CSV
22:55:47  baselineEval.src.plotting  INFO       Saved: residual plots + data CSV
22:55:48  baselineEval.src.plotting  INFO       Saved: cv_metric_boxplots.png + data CSV
22:55:49  baselineEval.src.plotting  INFO       Saved: hyperparameter distribution plots + data CSV
22:55:50  baselineEval.src.plotting  INFO       Saved: pred_vs_actual plots + data CSV
22:55:51  baselineEval.src.plotting  INFO       Saved: residual plots + data CSV
22:55:51  baselineEval.src.plotting  INFO       Saved: cv_metric_boxplots.png + data CSV
22:55:53  baselineEval.src.plotting  INFO       Saved: hyperparameter distribution plots + data CSV
22:55:53  baselineEval.src.plotting  INFO       Saved: pred_vs_actual plots + data CSV
22:55:54  baselineEval.src.plotting  INFO       Saved: residual plots + data CSV
22:55:55  baselineEval.src.plotting  INFO       Saved: cv_metric_boxplots.png + data CSV
22:55:56  baselineEval.src.plotting  INFO       Saved: hyperparameter distribution plots + data CSV
22:55:57  baselineEval.src.plotting  INFO       Saved: pred_vs_actual plots + data CSV
22:55:58  baselineEval.src.plotting  INFO       Saved: residual plots + data CSV
22:55:59  baselineEval.src.plotting  INFO       Saved: cv_metric_boxplots.png + data CSV
22:56:00  baselineEval.src.plotting  INFO       Saved: hyperparameter distribution plots + data CSV
22:56:01  baselineEval.src.plotting  INFO       Saved: pred_vs_actual plots + data CSV
22:56:02  baselineEval.src.plotting  INFO       Saved: residual plots + data CSV
22:56:02  baselineEval.src.plotting  INFO       Saved: cv_metric_boxplots.png + data CSV
22:56:04  baselineEval.src.plotting  INFO       Saved: hyperparameter distribution plots + data CSV
22:56:04  baselineEval.src.plotting  INFO       Saved: pred_vs_actual plots + data CSV
22:56:05  baselineEval.src.plotting  INFO       Saved: residual plots + data CSV
22:56:06  baselineEval.src.plotting  INFO       Saved: cv_metric_boxplots.png + data CSV
22:56:07  baselineEval.src.plotting  INFO       Saved: hyperparameter distribution plots + data CSV
22:56:08  baselineEval.src.plotting  INFO       Saved: pred_vs_actual plots + data CSV
22:56:09  baselineEval.src.plotting  INFO       Saved: residual plots + data CSV
22:56:10  baselineEval.src.plotting  INFO       Saved: cv_metric_boxplots.png + data CSV
22:56:11  baselineEval.src.plotting  INFO       Saved: hyperparameter distribution plots + data CSV
22:56:12  baselineEval.src.plotting  INFO       Saved: pred_vs_actual plots + data CSV
22:56:13  baselineEval.src.plotting  INFO       Saved: residual plots + data CSV
22:56:13  baselineEval.src.plotting  INFO       Saved: representation_comparison.png + data CSV
22:56:14  baselineEval.src.plotting  INFO       Saved: cv_metric_boxplots.png + data CSV
22:56:15  baselineEval.src.plotting  INFO       Saved: hyperparameter distribution plots + data CSV
22:56:16  baselineEval.src.plotting  INFO       Saved: pred_vs_actual plots + data CSV
22:56:17  baselineEval.src.plotting  INFO       Saved: residual plots + data CSV
22:56:17  baselineEval.src.plotting  INFO       Saved: cv_metric_boxplots.png + data CSV
22:56:19  baselineEval.src.plotting  INFO       Saved: hyperparameter distribution plots + data CSV
22:56:19  baselineEval.src.plotting  INFO       Saved: pred_vs_actual plots + data CSV
22:56:20  baselineEval.src.plotting  INFO       Saved: residual plots + data CSV
22:56:21  baselineEval.src.plotting  INFO       Saved: cv_metric_boxplots.png + data CSV
22:56:23  baselineEval.src.plotting  INFO       Saved: hyperparameter distribution plots + data CSV
22:56:24  baselineEval.src.plotting  INFO       Saved: pred_vs_actual plots + data CSV
22:56:25  baselineEval.src.plotting  INFO       Saved: residual plots + data CSV
22:56:25  baselineEval.src.plotting  INFO       Saved: cv_metric_boxplots.png + data CSV
22:56:27  baselineEval.src.plotting  INFO       Saved: hyperparameter distribution plots + data CSV
22:56:27  baselineEval.src.plotting  INFO       Saved: pred_vs_actual plots + data CSV
22:56:28  baselineEval.src.plotting  INFO       Saved: residual plots + data CSV
22:56:30  baselineEval.src.plotting  INFO       Saved: cv_metric_boxplots.png + data CSV
22:56:31  baselineEval.src.plotting  INFO       Saved: hyperparameter distribution plots + data CSV
22:56:32  baselineEval.src.plotting  INFO       Saved: pred_vs_actual plots + data CSV
22:56:33  baselineEval.src.plotting  INFO       Saved: residual plots + data CSV
22:56:34  baselineEval.src.plotting  INFO       Saved: cv_metric_boxplots.png + data CSV
22:56:35  baselineEval.src.plotting  INFO       Saved: hyperparameter distribution plots + data CSV
22:56:36  baselineEval.src.plotting  INFO       Saved: pred_vs_actual plots + data CSV
22:56:37  baselineEval.src.plotting  INFO       Saved: residual plots + data CSV
22:56:38  baselineEval.src.plotting  INFO       Saved: cv_metric_boxplots.png + data CSV
22:56:39  baselineEval.src.plotting  INFO       Saved: hyperparameter distribution plots + data CSV
22:56:40  baselineEval.src.plotting  INFO       Saved: pred_vs_actual plots + data CSV
22:56:41  baselineEval.src.plotting  INFO       Saved: residual plots + data CSV
22:56:41  baselineEval.src.plotting  INFO       Saved: cv_metric_boxplots.png + data CSV
22:56:43  baselineEval.src.plotting  INFO       Saved: hyperparameter distribution plots + data CSV
22:56:43  baselineEval.src.plotting  INFO       Saved: pred_vs_actual plots + data CSV
22:56:44  baselineEval.src.plotting  INFO       Saved: residual plots + data CSV
22:56:45  baselineEval.src.plotting  INFO       Saved: representation_comparison.png + data CSV
22:56:46  baselineEval.src.plotting  INFO       Saved: cv_metric_boxplots.png + data CSV
22:56:47  baselineEval.src.plotting  INFO       Saved: hyperparameter distribution plots + data CSV
22:56:48  baselineEval.src.plotting  INFO       Saved: pred_vs_actual plots + data CSV
22:56:49  baselineEval.src.plotting  INFO       Saved: residual plots + data CSV
22:56:50  baselineEval.src.plotting  INFO       Saved: cv_metric_boxplots.png + data CSV
22:56:51  baselineEval.src.plotting  INFO       Saved: hyperparameter distribution plots + data CSV
22:56:52  baselineEval.src.plotting  INFO       Saved: pred_vs_actual plots + data CSV
22:56:53  baselineEval.src.plotting  INFO       Saved: residual plots + data CSV
22:56:53  baselineEval.src.plotting  INFO       Saved: cv_metric_boxplots.png + data CSV
22:56:55  baselineEval.src.plotting  INFO       Saved: hyperparameter distribution plots + data CSV
22:56:55  baselineEval.src.plotting  INFO       Saved: pred_vs_actual plots + data CSV
22:56:56  baselineEval.src.plotting  INFO       Saved: residual plots + data CSV
22:56:57  baselineEval.src.plotting  INFO       Saved: cv_metric_boxplots.png + data CSV
22:56:58  baselineEval.src.plotting  INFO       Saved: hyperparameter distribution plots + data CSV
22:56:59  baselineEval.src.plotting  INFO       Saved: pred_vs_actual plots + data CSV
22:57:00  baselineEval.src.plotting  INFO       Saved: residual plots + data CSV
22:57:01  baselineEval.src.plotting  INFO       Saved: cv_metric_boxplots.png + data CSV
22:57:02  baselineEval.src.plotting  INFO       Saved: hyperparameter distribution plots + data CSV
22:57:03  baselineEval.src.plotting  INFO       Saved: pred_vs_actual plots + data CSV
22:57:04  baselineEval.src.plotting  INFO       Saved: residual plots + data CSV
22:57:04  baselineEval.src.plotting  INFO       Saved: cv_metric_boxplots.png + data CSV
22:57:06  baselineEval.src.plotting  INFO       Saved: hyperparameter distribution plots + data CSV
22:57:06  baselineEval.src.plotting  INFO       Saved: pred_vs_actual plots + data CSV
22:57:07  baselineEval.src.plotting  INFO       Saved: residual plots + data CSV
22:57:08  baselineEval.src.plotting  INFO       Saved: cv_metric_boxplots.png + data CSV
22:57:09  baselineEval.src.plotting  INFO       Saved: hyperparameter distribution plots + data CSV
22:57:10  baselineEval.src.plotting  INFO       Saved: pred_vs_actual plots + data CSV
22:57:11  baselineEval.src.plotting  INFO       Saved: residual plots + data CSV
22:57:12  baselineEval.src.plotting  INFO       Saved: cv_metric_boxplots.png + data CSV
22:57:13  baselineEval.src.plotting  INFO       Saved: hyperparameter distribution plots + data CSV
22:57:14  baselineEval.src.plotting  INFO       Saved: pred_vs_actual plots + data CSV
22:57:15  baselineEval.src.plotting  INFO       Saved: residual plots + data CSV
22:57:15  baselineEval.src.plotting  INFO       Saved: representation_comparison.png + data CSV
22:57:16  baselineEval.src.plotting  INFO       Saved: cv_metric_boxplots.png + data CSV
22:57:18  baselineEval.src.plotting  INFO       Saved: hyperparameter distribution plots + data CSV
22:57:19  baselineEval.src.plotting  INFO       Saved: pred_vs_actual plots + data CSV
22:57:19  baselineEval.src.plotting  INFO       Saved: residual plots + data CSV
22:57:20  baselineEval.src.plotting  INFO       Saved: cv_metric_boxplots.png + data CSV
22:57:22  baselineEval.src.plotting  INFO       Saved: hyperparameter distribution plots + data CSV
22:57:22  baselineEval.src.plotting  INFO       Saved: pred_vs_actual plots + data CSV
22:57:23  baselineEval.src.plotting  INFO       Saved: residual plots + data CSV
22:57:24  baselineEval.src.plotting  INFO       Saved: cv_metric_boxplots.png + data CSV
22:57:25  baselineEval.src.plotting  INFO       Saved: hyperparameter distribution plots + data CSV
22:57:26  baselineEval.src.plotting  INFO       Saved: pred_vs_actual plots + data CSV
22:57:27  baselineEval.src.plotting  INFO       Saved: residual plots + data CSV
22:57:28  baselineEval.src.plotting  INFO       Saved: cv_metric_boxplots.png + data CSV
22:57:29  baselineEval.src.plotting  INFO       Saved: hyperparameter distribution plots + data CSV
22:57:30  baselineEval.src.plotting  INFO       Saved: pred_vs_actual plots + data CSV
22:57:31  baselineEval.src.plotting  INFO       Saved: residual plots + data CSV
22:57:31  baselineEval.src.plotting  INFO       Saved: cv_metric_boxplots.png + data CSV
22:57:33  baselineEval.src.plotting  INFO       Saved: hyperparameter distribution plots + data CSV
22:57:33  baselineEval.src.plotting  INFO       Saved: pred_vs_actual plots + data CSV
22:57:34  baselineEval.src.plotting  INFO       Saved: residual plots + data CSV
22:57:35  baselineEval.src.plotting  INFO       Saved: cv_metric_boxplots.png + data CSV
22:57:36  baselineEval.src.plotting  INFO       Saved: hyperparameter distribution plots + data CSV
22:57:37  baselineEval.src.plotting  INFO       Saved: pred_vs_actual plots + data CSV
22:57:38  baselineEval.src.plotting  INFO       Saved: residual plots + data CSV
22:57:39  baselineEval.src.plotting  INFO       Saved: cv_metric_boxplots.png + data CSV
22:57:40  baselineEval.src.plotting  INFO       Saved: hyperparameter distribution plots + data CSV
22:57:41  baselineEval.src.plotting  INFO       Saved: pred_vs_actual plots + data CSV
22:57:42  baselineEval.src.plotting  INFO       Saved: residual plots + data CSV
22:57:42  baselineEval.src.plotting  INFO       Saved: cv_metric_boxplots.png + data CSV
22:57:44  baselineEval.src.plotting  INFO       Saved: hyperparameter distribution plots + data CSV
22:57:44  baselineEval.src.plotting  INFO       Saved: pred_vs_actual plots + data CSV
22:57:45  baselineEval.src.plotting  INFO       Saved: residual plots + data CSV
22:57:46  baselineEval.src.plotting  INFO       Saved: representation_comparison.png + data CSV
22:57:47  baselineEval.src.plotting  INFO       Saved: cv_metric_boxplots.png + data CSV
22:57:48  baselineEval.src.plotting  INFO       Saved: hyperparameter distribution plots + data CSV
22:57:48  baselineEval.src.plotting  INFO       Saved: pred_vs_actual plots + data CSV
22:57:49  baselineEval.src.plotting  INFO       Saved: residual plots + data CSV
22:57:50  baselineEval.src.plotting  INFO       Saved: cv_metric_boxplots.png + data CSV
22:57:51  baselineEval.src.plotting  INFO       Saved: hyperparameter distribution plots + data CSV
22:57:52  baselineEval.src.plotting  INFO       Saved: pred_vs_actual plots + data CSV
22:57:53  baselineEval.src.plotting  INFO       Saved: residual plots + data CSV
22:57:54  baselineEval.src.plotting  INFO       Saved: cv_metric_boxplots.png + data CSV
22:57:55  baselineEval.src.plotting  INFO       Saved: hyperparameter distribution plots + data CSV
22:57:55  baselineEval.src.plotting  INFO       Saved: pred_vs_actual plots + data CSV
22:57:56  baselineEval.src.plotting  INFO       Saved: residual plots + data CSV
22:57:57  baselineEval.src.plotting  INFO       Saved: cv_metric_boxplots.png + data CSV
22:57:58  baselineEval.src.plotting  INFO       Saved: hyperparameter distribution plots + data CSV
22:57:59  baselineEval.src.plotting  INFO       Saved: pred_vs_actual plots + data CSV
22:58:00  baselineEval.src.plotting  INFO       Saved: residual plots + data CSV
22:58:01  baselineEval.src.plotting  INFO       Saved: cv_metric_boxplots.png + data CSV
22:58:02  baselineEval.src.plotting  INFO       Saved: hyperparameter distribution plots + data CSV
22:58:03  baselineEval.src.plotting  INFO       Saved: pred_vs_actual plots + data CSV
22:58:04  baselineEval.src.plotting  INFO       Saved: residual plots + data CSV
22:58:04  baselineEval.src.plotting  INFO       Saved: cv_metric_boxplots.png + data CSV
22:58:06  baselineEval.src.plotting  INFO       Saved: hyperparameter distribution plots + data CSV
22:58:06  baselineEval.src.plotting  INFO       Saved: pred_vs_actual plots + data CSV
22:58:07  baselineEval.src.plotting  INFO       Saved: residual plots + data CSV
22:58:08  baselineEval.src.plotting  INFO       Saved: cv_metric_boxplots.png + data CSV
22:58:09  baselineEval.src.plotting  INFO       Saved: hyperparameter distribution plots + data CSV
22:58:10  baselineEval.src.plotting  INFO       Saved: pred_vs_actual plots + data CSV
22:58:11  baselineEval.src.plotting  INFO       Saved: residual plots + data CSV
22:58:12  baselineEval.src.plotting  INFO       Saved: cv_metric_boxplots.png + data CSV
22:58:13  baselineEval.src.plotting  INFO       Saved: hyperparameter distribution plots + data CSV
22:58:14  baselineEval.src.plotting  INFO       Saved: pred_vs_actual plots + data CSV
22:58:15  baselineEval.src.plotting  INFO       Saved: residual plots + data CSV
22:58:15  baselineEval.src.plotting  INFO       Saved: representation_comparison.png + data CSV
22:58:16  baselineEval.src.plotting  INFO       Saved: cv_metric_boxplots.png + data CSV
22:58:17  baselineEval.src.plotting  INFO       Saved: hyperparameter distribution plots + data CSV
22:58:18  baselineEval.src.plotting  INFO       Saved: pred_vs_actual plots + data CSV
22:58:19  baselineEval.src.plotting  INFO       Saved: residual plots + data CSV
22:58:19  baselineEval.src.plotting  INFO       Saved: cv_metric_boxplots.png + data CSV
22:58:21  baselineEval.src.plotting  INFO       Saved: hyperparameter distribution plots + data CSV
22:58:21  baselineEval.src.plotting  INFO       Saved: pred_vs_actual plots + data CSV
22:58:22  baselineEval.src.plotting  INFO       Saved: residual plots + data CSV
22:58:23  baselineEval.src.plotting  INFO       Saved: cv_metric_boxplots.png + data CSV
22:58:24  baselineEval.src.plotting  INFO       Saved: hyperparameter distribution plots + data CSV
22:58:25  baselineEval.src.plotting  INFO       Saved: pred_vs_actual plots + data CSV
22:58:26  baselineEval.src.plotting  INFO       Saved: residual plots + data CSV
22:58:27  baselineEval.src.plotting  INFO       Saved: cv_metric_boxplots.png + data CSV
22:58:28  baselineEval.src.plotting  INFO       Saved: hyperparameter distribution plots + data CSV
22:58:29  baselineEval.src.plotting  INFO       Saved: pred_vs_actual plots + data CSV
22:58:30  baselineEval.src.plotting  INFO       Saved: residual plots + data CSV
22:58:31  baselineEval.src.plotting  INFO       Saved: cv_metric_boxplots.png + data CSV
22:58:32  baselineEval.src.plotting  INFO       Saved: hyperparameter distribution plots + data CSV
22:58:32  baselineEval.src.plotting  INFO       Saved: pred_vs_actual plots + data CSV
22:58:33  baselineEval.src.plotting  INFO       Saved: residual plots + data CSV
22:58:34  baselineEval.src.plotting  INFO       Saved: cv_metric_boxplots.png + data CSV
22:58:35  baselineEval.src.plotting  INFO       Saved: hyperparameter distribution plots + data CSV
22:58:36  baselineEval.src.plotting  INFO       Saved: pred_vs_actual plots + data CSV
22:58:37  baselineEval.src.plotting  INFO       Saved: residual plots + data CSV
22:58:38  baselineEval.src.plotting  INFO       Saved: cv_metric_boxplots.png + data CSV
22:58:39  baselineEval.src.plotting  INFO       Saved: hyperparameter distribution plots + data CSV
22:58:40  baselineEval.src.plotting  INFO       Saved: pred_vs_actual plots + data CSV
22:58:41  baselineEval.src.plotting  INFO       Saved: residual plots + data CSV
22:58:42  baselineEval.src.plotting  INFO       Saved: cv_metric_boxplots.png + data CSV
22:58:43  baselineEval.src.plotting  INFO       Saved: hyperparameter distribution plots + data CSV
22:58:44  baselineEval.src.plotting  INFO       Saved: pred_vs_actual plots + data CSV
22:58:45  baselineEval.src.plotting  INFO       Saved: residual plots + data CSV
22:58:45  baselineEval.src.plotting  INFO       Saved: representation_comparison.png + data CSV
22:58:46  baselineEval.src.plotting  INFO       Saved: cv_metric_boxplots.png + data CSV
22:58:47  baselineEval.src.plotting  INFO       Saved: hyperparameter distribution plots + data CSV
22:58:48  baselineEval.src.plotting  INFO       Saved: pred_vs_actual plots + data CSV
22:58:49  baselineEval.src.plotting  INFO       Saved: residual plots + data CSV
22:58:49  baselineEval.src.plotting  INFO       Saved: cv_metric_boxplots.png + data CSV
22:58:51  baselineEval.src.plotting  INFO       Saved: hyperparameter distribution plots + data CSV
22:58:51  baselineEval.src.plotting  INFO       Saved: pred_vs_actual plots + data CSV
22:58:52  baselineEval.src.plotting  INFO       Saved: residual plots + data CSV
22:58:53  baselineEval.src.plotting  INFO       Saved: cv_metric_boxplots.png + data CSV
22:58:54  baselineEval.src.plotting  INFO       Saved: hyperparameter distribution plots + data CSV
22:58:55  baselineEval.src.plotting  INFO       Saved: pred_vs_actual plots + data CSV
22:58:56  baselineEval.src.plotting  INFO       Saved: residual plots + data CSV
22:58:57  baselineEval.src.plotting  INFO       Saved: cv_metric_boxplots.png + data CSV
22:58:58  baselineEval.src.plotting  INFO       Saved: hyperparameter distribution plots + data CSV
22:58:59  baselineEval.src.plotting  INFO       Saved: pred_vs_actual plots + data CSV
22:59:00  baselineEval.src.plotting  INFO       Saved: residual plots + data CSV
22:59:00  baselineEval.src.plotting  INFO       Saved: cv_metric_boxplots.png + data CSV
22:59:02  baselineEval.src.plotting  INFO       Saved: hyperparameter distribution plots + data CSV
22:59:02  baselineEval.src.plotting  INFO       Saved: pred_vs_actual plots + data CSV
22:59:03  baselineEval.src.plotting  INFO       Saved: residual plots + data CSV
22:59:04  baselineEval.src.plotting  INFO       Saved: cv_metric_boxplots.png + data CSV
22:59:06  baselineEval.src.plotting  INFO       Saved: hyperparameter distribution plots + data CSV
22:59:06  baselineEval.src.plotting  INFO       Saved: pred_vs_actual plots + data CSV
22:59:07  baselineEval.src.plotting  INFO       Saved: residual plots + data CSV
22:59:08  baselineEval.src.plotting  INFO       Saved: cv_metric_boxplots.png + data CSV
22:59:09  baselineEval.src.plotting  INFO       Saved: hyperparameter distribution plots + data CSV
22:59:10  baselineEval.src.plotting  INFO       Saved: pred_vs_actual plots + data CSV
22:59:11  baselineEval.src.plotting  INFO       Saved: residual plots + data CSV
22:59:12  baselineEval.src.plotting  INFO       Saved: cv_metric_boxplots.png + data CSV
22:59:13  baselineEval.src.plotting  INFO       Saved: hyperparameter distribution plots + data CSV
22:59:14  baselineEval.src.plotting  INFO       Saved: pred_vs_actual plots + data CSV
22:59:15  baselineEval.src.plotting  INFO       Saved: residual plots + data CSV
22:59:15  baselineEval.src.plotting  INFO       Saved: representation_comparison.png + data CSV
22:59:16  baselineEval.src.plotting  INFO       Saved: cv_metric_boxplots.png + data CSV
22:59:17  baselineEval.src.plotting  INFO       Saved: hyperparameter distribution plots + data CSV
22:59:18  baselineEval.src.plotting  INFO       Saved: pred_vs_actual plots + data CSV
22:59:19  baselineEval.src.plotting  INFO       Saved: residual plots + data CSV
22:59:19  baselineEval.src.plotting  INFO       Saved: cv_metric_boxplots.png + data CSV
22:59:21  baselineEval.src.plotting  INFO       Saved: hyperparameter distribution plots + data CSV
22:59:21  baselineEval.src.plotting  INFO       Saved: pred_vs_actual plots + data CSV
22:59:22  baselineEval.src.plotting  INFO       Saved: residual plots + data CSV
22:59:23  baselineEval.src.plotting  INFO       Saved: cv_metric_boxplots.png + data CSV
22:59:24  baselineEval.src.plotting  INFO       Saved: hyperparameter distribution plots + data CSV
22:59:25  baselineEval.src.plotting  INFO       Saved: pred_vs_actual plots + data CSV
22:59:26  baselineEval.src.plotting  INFO       Saved: residual plots + data CSV
22:59:27  baselineEval.src.plotting  INFO       Saved: cv_metric_boxplots.png + data CSV
22:59:28  baselineEval.src.plotting  INFO       Saved: hyperparameter distribution plots + data CSV
22:59:29  baselineEval.src.plotting  INFO       Saved: pred_vs_actual plots + data CSV
22:59:30  baselineEval.src.plotting  INFO       Saved: residual plots + data CSV
22:59:30  baselineEval.src.plotting  INFO       Saved: cv_metric_boxplots.png + data CSV
22:59:32  baselineEval.src.plotting  INFO       Saved: hyperparameter distribution plots + data CSV
22:59:32  baselineEval.src.plotting  INFO       Saved: pred_vs_actual plots + data CSV
22:59:33  baselineEval.src.plotting  INFO       Saved: residual plots + data CSV
22:59:34  baselineEval.src.plotting  INFO       Saved: cv_metric_boxplots.png + data CSV
22:59:35  baselineEval.src.plotting  INFO       Saved: hyperparameter distribution plots + data CSV
22:59:36  baselineEval.src.plotting  INFO       Saved: pred_vs_actual plots + data CSV
22:59:37  baselineEval.src.plotting  INFO       Saved: residual plots + data CSV
22:59:38  baselineEval.src.plotting  INFO       Saved: cv_metric_boxplots.png + data CSV
22:59:39  baselineEval.src.plotting  INFO       Saved: hyperparameter distribution plots + data CSV
22:59:40  baselineEval.src.plotting  INFO       Saved: pred_vs_actual plots + data CSV
22:59:41  baselineEval.src.plotting  INFO       Saved: residual plots + data CSV
22:59:42  baselineEval.src.plotting  INFO       Saved: cv_metric_boxplots.png + data CSV
22:59:43  baselineEval.src.plotting  INFO       Saved: hyperparameter distribution plots + data CSV
22:59:44  baselineEval.src.plotting  INFO       Saved: pred_vs_actual plots + data CSV
22:59:45  baselineEval.src.plotting  INFO       Saved: residual plots + data CSV
22:59:45  baselineEval.src.plotting  INFO       Saved: representation_comparison.png + data CSV
22:59:46  baselineEval.src.plotting  INFO       Saved: cv_metric_boxplots.png + data CSV
22:59:47  baselineEval.src.plotting  INFO       Saved: hyperparameter distribution plots + data CSV
22:59:48  baselineEval.src.plotting  INFO       Saved: pred_vs_actual plots + data CSV
22:59:49  baselineEval.src.plotting  INFO       Saved: residual plots + data CSV
22:59:50  baselineEval.src.plotting  INFO       Saved: cv_metric_boxplots.png + data CSV
22:59:51  baselineEval.src.plotting  INFO       Saved: hyperparameter distribution plots + data CSV
22:59:52  baselineEval.src.plotting  INFO       Saved: pred_vs_actual plots + data CSV
22:59:53  baselineEval.src.plotting  INFO       Saved: residual plots + data CSV
22:59:53  baselineEval.src.plotting  INFO       Saved: cv_metric_boxplots.png + data CSV
22:59:55  baselineEval.src.plotting  INFO       Saved: hyperparameter distribution plots + data CSV
22:59:55  baselineEval.src.plotting  INFO       Saved: pred_vs_actual plots + data CSV
22:59:56  baselineEval.src.plotting  INFO       Saved: residual plots + data CSV
22:59:57  baselineEval.src.plotting  INFO       Saved: cv_metric_boxplots.png + data CSV
22:59:58  baselineEval.src.plotting  INFO       Saved: hyperparameter distribution plots + data CSV
22:59:59  baselineEval.src.plotting  INFO       Saved: pred_vs_actual plots + data CSV
23:00:00  baselineEval.src.plotting  INFO       Saved: residual plots + data CSV
23:00:01  baselineEval.src.plotting  INFO       Saved: cv_metric_boxplots.png + data CSV
23:00:02  baselineEval.src.plotting  INFO       Saved: hyperparameter distribution plots + data CSV
23:00:03  baselineEval.src.plotting  INFO       Saved: pred_vs_actual plots + data CSV
23:00:04  baselineEval.src.plotting  INFO       Saved: residual plots + data CSV
23:00:04  baselineEval.src.plotting  INFO       Saved: cv_metric_boxplots.png + data CSV
23:00:06  baselineEval.src.plotting  INFO       Saved: hyperparameter distribution plots + data CSV
23:00:06  baselineEval.src.plotting  INFO       Saved: pred_vs_actual plots + data CSV
23:00:07  baselineEval.src.plotting  INFO       Saved: residual plots + data CSV
23:00:08  baselineEval.src.plotting  INFO       Saved: cv_metric_boxplots.png + data CSV
23:00:09  baselineEval.src.plotting  INFO       Saved: hyperparameter distribution plots + data CSV
23:00:10  baselineEval.src.plotting  INFO       Saved: pred_vs_actual plots + data CSV
23:00:11  baselineEval.src.plotting  INFO       Saved: residual plots + data CSV
23:00:12  baselineEval.src.plotting  INFO       Saved: cv_metric_boxplots.png + data CSV
23:00:13  baselineEval.src.plotting  INFO       Saved: hyperparameter distribution plots + data CSV
23:00:14  baselineEval.src.plotting  INFO       Saved: pred_vs_actual plots + data CSV
23:00:15  baselineEval.src.plotting  INFO       Saved: residual plots + data CSV
23:00:15  baselineEval.src.plotting  INFO       Saved: representation_comparison.png + data CSV
23:00:16  baselineEval.src.plotting  INFO       Saved: cv_metric_boxplots.png + data CSV
23:00:17  baselineEval.src.plotting  INFO       Saved: hyperparameter distribution plots + data CSV
23:00:18  baselineEval.src.plotting  INFO       Saved: pred_vs_actual plots + data CSV
23:00:19  baselineEval.src.plotting  INFO       Saved: residual plots + data CSV
23:00:20  baselineEval.src.plotting  INFO       Saved: cv_metric_boxplots.png + data CSV
23:00:21  baselineEval.src.plotting  INFO       Saved: hyperparameter distribution plots + data CSV
23:00:22  baselineEval.src.plotting  INFO       Saved: pred_vs_actual plots + data CSV
23:00:23  baselineEval.src.plotting  INFO       Saved: residual plots + data CSV
23:00:23  baselineEval.src.plotting  INFO       Saved: cv_metric_boxplots.png + data CSV
23:00:25  baselineEval.src.plotting  INFO       Saved: hyperparameter distribution plots + data CSV
23:00:25  baselineEval.src.plotting  INFO       Saved: pred_vs_actual plots + data CSV
23:00:26  baselineEval.src.plotting  INFO       Saved: residual plots + data CSV
23:00:27  baselineEval.src.plotting  INFO       Saved: cv_metric_boxplots.png + data CSV
23:00:28  baselineEval.src.plotting  INFO       Saved: hyperparameter distribution plots + data CSV
23:00:29  baselineEval.src.plotting  INFO       Saved: pred_vs_actual plots + data CSV
23:00:30  baselineEval.src.plotting  INFO       Saved: residual plots + data CSV
23:00:30  baselineEval.src.plotting  INFO       Saved: cv_metric_boxplots.png + data CSV
23:00:32  baselineEval.src.plotting  INFO       Saved: hyperparameter distribution plots + data CSV
23:00:32  baselineEval.src.plotting  INFO       Saved: pred_vs_actual plots + data CSV
23:00:33  baselineEval.src.plotting  INFO       Saved: residual plots + data CSV
23:00:34  baselineEval.src.plotting  INFO       Saved: cv_metric_boxplots.png + data CSV
23:00:35  baselineEval.src.plotting  INFO       Saved: hyperparameter distribution plots + data CSV
23:00:36  baselineEval.src.plotting  INFO       Saved: pred_vs_actual plots + data CSV
23:00:37  baselineEval.src.plotting  INFO       Saved: residual plots + data CSV
23:00:37  baselineEval.src.plotting  INFO       Saved: cv_metric_boxplots.png + data CSV
23:00:39  baselineEval.src.plotting  INFO       Saved: hyperparameter distribution plots + data CSV
23:00:39  baselineEval.src.plotting  INFO       Saved: pred_vs_actual plots + data CSV
23:00:40  baselineEval.src.plotting  INFO       Saved: residual plots + data CSV
23:00:41  baselineEval.src.plotting  INFO       Saved: cv_metric_boxplots.png + data CSV
23:00:42  baselineEval.src.plotting  INFO       Saved: hyperparameter distribution plots + data CSV
23:00:43  baselineEval.src.plotting  INFO       Saved: pred_vs_actual plots + data CSV
23:00:44  baselineEval.src.plotting  INFO       Saved: residual plots + data CSV
23:00:44  baselineEval.src.plotting  INFO       Saved: representation_comparison.png + data CSV
23:00:45  baselineEval.src.plotting  INFO       Saved: cv_metric_boxplots.png + data CSV
23:00:47  baselineEval.src.plotting  INFO       Saved: hyperparameter distribution plots + data CSV
23:00:47  baselineEval.src.plotting  INFO       Saved: pred_vs_actual plots + data CSV
23:00:48  baselineEval.src.plotting  INFO       Saved: residual plots + data CSV
23:00:49  baselineEval.src.plotting  INFO       Saved: cv_metric_boxplots.png + data CSV
23:00:50  baselineEval.src.plotting  INFO       Saved: hyperparameter distribution plots + data CSV
23:00:51  baselineEval.src.plotting  INFO       Saved: pred_vs_actual plots + data CSV
23:00:52  baselineEval.src.plotting  INFO       Saved: residual plots + data CSV
23:00:53  baselineEval.src.plotting  INFO       Saved: cv_metric_boxplots.png + data CSV
23:00:54  baselineEval.src.plotting  INFO       Saved: hyperparameter distribution plots + data CSV
23:00:55  baselineEval.src.plotting  INFO       Saved: pred_vs_actual plots + data CSV
23:00:56  baselineEval.src.plotting  INFO       Saved: residual plots + data CSV
23:00:56  baselineEval.src.plotting  INFO       Saved: cv_metric_boxplots.png + data CSV
23:00:58  baselineEval.src.plotting  INFO       Saved: hyperparameter distribution plots + data CSV
23:00:58  baselineEval.src.plotting  INFO       Saved: pred_vs_actual plots + data CSV
23:00:59  baselineEval.src.plotting  INFO       Saved: residual plots + data CSV
23:01:00  baselineEval.src.plotting  INFO       Saved: cv_metric_boxplots.png + data CSV
23:01:01  baselineEval.src.plotting  INFO       Saved: hyperparameter distribution plots + data CSV
23:01:02  baselineEval.src.plotting  INFO       Saved: pred_vs_actual plots + data CSV
23:01:03  baselineEval.src.plotting  INFO       Saved: residual plots + data CSV
23:01:04  baselineEval.src.plotting  INFO       Saved: cv_metric_boxplots.png + data CSV
23:01:05  baselineEval.src.plotting  INFO       Saved: hyperparameter distribution plots + data CSV
23:01:06  baselineEval.src.plotting  INFO       Saved: pred_vs_actual plots + data CSV
23:01:07  baselineEval.src.plotting  INFO       Saved: residual plots + data CSV
23:01:08  baselineEval.src.plotting  INFO       Saved: cv_metric_boxplots.png + data CSV
23:01:09  baselineEval.src.plotting  INFO       Saved: hyperparameter distribution plots + data CSV
23:01:10  baselineEval.src.plotting  INFO       Saved: pred_vs_actual plots + data CSV
23:01:11  baselineEval.src.plotting  INFO       Saved: residual plots + data CSV
23:01:11  baselineEval.src.plotting  INFO       Saved: cv_metric_boxplots.png + data CSV
23:01:13  baselineEval.src.plotting  INFO       Saved: hyperparameter distribution plots + data CSV
23:01:14  baselineEval.src.plotting  INFO       Saved: pred_vs_actual plots + data CSV
23:01:15  baselineEval.src.plotting  INFO       Saved: residual plots + data CSV
23:01:15  baselineEval.src.plotting  INFO       Saved: representation_comparison.png + data CSV
23:01:16  baselineEval.src.plotting  INFO       Saved: cv_metric_boxplots.png + data CSV
23:01:17  baselineEval.src.plotting  INFO       Saved: hyperparameter distribution plots + data CSV
23:01:18  baselineEval.src.plotting  INFO       Saved: pred_vs_actual plots + data CSV
23:01:19  baselineEval.src.plotting  INFO       Saved: residual plots + data CSV
23:01:20  baselineEval.src.plotting  INFO       Saved: cv_metric_boxplots.png + data CSV
23:01:21  baselineEval.src.plotting  INFO       Saved: hyperparameter distribution plots + data CSV
23:01:22  baselineEval.src.plotting  INFO       Saved: pred_vs_actual plots + data CSV
23:01:23  baselineEval.src.plotting  INFO       Saved: residual plots + data CSV
23:01:23  baselineEval.src.plotting  INFO       Saved: cv_metric_boxplots.png + data CSV
23:01:25  baselineEval.src.plotting  INFO       Saved: hyperparameter distribution plots + data CSV
23:01:25  baselineEval.src.plotting  INFO       Saved: pred_vs_actual plots + data CSV
23:01:26  baselineEval.src.plotting  INFO       Saved: residual plots + data CSV
23:01:27  baselineEval.src.plotting  INFO       Saved: cv_metric_boxplots.png + data CSV
23:01:28  baselineEval.src.plotting  INFO       Saved: hyperparameter distribution plots + data CSV
23:01:29  baselineEval.src.plotting  INFO       Saved: pred_vs_actual plots + data CSV
23:01:30  baselineEval.src.plotting  INFO       Saved: residual plots + data CSV
23:01:31  baselineEval.src.plotting  INFO       Saved: cv_metric_boxplots.png + data CSV
23:01:32  baselineEval.src.plotting  INFO       Saved: hyperparameter distribution plots + data CSV
23:01:33  baselineEval.src.plotting  INFO       Saved: pred_vs_actual plots + data CSV
23:01:34  baselineEval.src.plotting  INFO       Saved: residual plots + data CSV
23:01:35  baselineEval.src.plotting  INFO       Saved: cv_metric_boxplots.png + data CSV
23:01:36  baselineEval.src.plotting  INFO       Saved: hyperparameter distribution plots + data CSV
23:01:37  baselineEval.src.plotting  INFO       Saved: pred_vs_actual plots + data CSV
23:01:38  baselineEval.src.plotting  INFO       Saved: residual plots + data CSV
23:01:38  baselineEval.src.plotting  INFO       Saved: cv_metric_boxplots.png + data CSV
23:01:40  baselineEval.src.plotting  INFO       Saved: hyperparameter distribution plots + data CSV
23:01:40  baselineEval.src.plotting  INFO       Saved: pred_vs_actual plots + data CSV
23:01:41  baselineEval.src.plotting  INFO       Saved: residual plots + data CSV
23:01:42  baselineEval.src.plotting  INFO       Saved: cv_metric_boxplots.png + data CSV
23:01:43  baselineEval.src.plotting  INFO       Saved: hyperparameter distribution plots + data CSV
23:01:44  baselineEval.src.plotting  INFO       Saved: pred_vs_actual plots + data CSV
23:01:45  baselineEval.src.plotting  INFO       Saved: residual plots + data CSV
23:01:46  baselineEval.src.plotting  INFO       Saved: representation_comparison.png + data CSV
23:01:46  baselineEval.src.plotting  INFO       Saved: cv_metric_boxplots.png + data CSV
23:01:48  baselineEval.src.plotting  INFO       Saved: hyperparameter distribution plots + data CSV
23:01:48  baselineEval.src.plotting  INFO       Saved: pred_vs_actual plots + data CSV
23:01:49  baselineEval.src.plotting  INFO       Saved: residual plots + data CSV
23:01:50  baselineEval.src.plotting  INFO       Saved: cv_metric_boxplots.png + data CSV
23:01:51  baselineEval.src.plotting  INFO       Saved: hyperparameter distribution plots + data CSV
23:01:52  baselineEval.src.plotting  INFO       Saved: pred_vs_actual plots + data CSV
23:01:53  baselineEval.src.plotting  INFO       Saved: residual plots + data CSV
23:01:54  baselineEval.src.plotting  INFO       Saved: cv_metric_boxplots.png + data CSV
23:01:55  baselineEval.src.plotting  INFO       Saved: hyperparameter distribution plots + data CSV
23:01:56  baselineEval.src.plotting  INFO       Saved: pred_vs_actual plots + data CSV
23:01:57  baselineEval.src.plotting  INFO       Saved: residual plots + data CSV
23:01:57  baselineEval.src.plotting  INFO       Saved: cv_metric_boxplots.png + data CSV
23:01:59  baselineEval.src.plotting  INFO       Saved: hyperparameter distribution plots + data CSV
23:02:00  baselineEval.src.plotting  INFO       Saved: pred_vs_actual plots + data CSV
23:02:01  baselineEval.src.plotting  INFO       Saved: residual plots + data CSV
23:02:01  baselineEval.src.plotting  INFO       Saved: cv_metric_boxplots.png + data CSV
23:02:03  baselineEval.src.plotting  INFO       Saved: hyperparameter distribution plots + data CSV
23:02:03  baselineEval.src.plotting  INFO       Saved: pred_vs_actual plots + data CSV
23:02:04  baselineEval.src.plotting  INFO       Saved: residual plots + data CSV
23:02:05  baselineEval.src.plotting  INFO       Saved: cv_metric_boxplots.png + data CSV
23:02:06  baselineEval.src.plotting  INFO       Saved: hyperparameter distribution plots + data CSV
23:02:07  baselineEval.src.plotting  INFO       Saved: pred_vs_actual plots + data CSV
23:02:08  baselineEval.src.plotting  INFO       Saved: residual plots + data CSV
23:02:09  baselineEval.src.plotting  INFO       Saved: cv_metric_boxplots.png + data CSV
23:02:10  baselineEval.src.plotting  INFO       Saved: hyperparameter distribution plots + data CSV
23:02:11  baselineEval.src.plotting  INFO       Saved: pred_vs_actual plots + data CSV
23:02:12  baselineEval.src.plotting  INFO       Saved: residual plots + data CSV
23:02:13  baselineEval.src.plotting  INFO       Saved: cv_metric_boxplots.png + data CSV
23:02:14  baselineEval.src.plotting  INFO       Saved: hyperparameter distribution plots + data CSV
23:02:15  baselineEval.src.plotting  INFO       Saved: pred_vs_actual plots + data CSV
23:02:16  baselineEval.src.plotting  INFO       Saved: residual plots + data CSV
23:02:16  baselineEval.src.plotting  INFO       Saved: representation_comparison.png + data CSV
23:02:17  baselineEval.src.plotting  INFO       Saved: cv_metric_boxplots.png + data CSV
23:02:18  baselineEval.src.plotting  INFO       Saved: hyperparameter distribution plots + data CSV
23:02:19  baselineEval.src.plotting  INFO       Saved: pred_vs_actual plots + data CSV
23:02:20  baselineEval.src.plotting  INFO       Saved: residual plots + data CSV
23:02:21  baselineEval.src.plotting  INFO       Saved: cv_metric_boxplots.png + data CSV
23:02:22  baselineEval.src.plotting  INFO       Saved: hyperparameter distribution plots + data CSV
23:02:23  baselineEval.src.plotting  INFO       Saved: pred_vs_actual plots + data CSV
23:02:24  baselineEval.src.plotting  INFO       Saved: residual plots + data CSV
23:02:25  baselineEval.src.plotting  INFO       Saved: cv_metric_boxplots.png + data CSV
23:02:26  baselineEval.src.plotting  INFO       Saved: hyperparameter distribution plots + data CSV
23:02:27  baselineEval.src.plotting  INFO       Saved: pred_vs_actual plots + data CSV
23:02:28  baselineEval.src.plotting  INFO       Saved: residual plots + data CSV
23:02:28  baselineEval.src.plotting  INFO       Saved: cv_metric_boxplots.png + data CSV
23:02:30  baselineEval.src.plotting  INFO       Saved: hyperparameter distribution plots + data CSV
23:02:30  baselineEval.src.plotting  INFO       Saved: pred_vs_actual plots + data CSV
23:02:31  baselineEval.src.plotting  INFO       Saved: residual plots + data CSV
23:02:32  baselineEval.src.plotting  INFO       Saved: cv_metric_boxplots.png + data CSV
23:02:33  baselineEval.src.plotting  INFO       Saved: hyperparameter distribution plots + data CSV
23:02:34  baselineEval.src.plotting  INFO       Saved: pred_vs_actual plots + data CSV
23:02:35  baselineEval.src.plotting  INFO       Saved: residual plots + data CSV
23:02:36  baselineEval.src.plotting  INFO       Saved: cv_metric_boxplots.png + data CSV
23:02:37  baselineEval.src.plotting  INFO       Saved: hyperparameter distribution plots + data CSV
23:02:38  baselineEval.src.plotting  INFO       Saved: pred_vs_actual plots + data CSV
23:02:39  baselineEval.src.plotting  INFO       Saved: residual plots + data CSV
23:02:39  baselineEval.src.plotting  INFO       Saved: cv_metric_boxplots.png + data CSV
23:02:41  baselineEval.src.plotting  INFO       Saved: hyperparameter distribution plots + data CSV
23:02:41  baselineEval.src.plotting  INFO       Saved: pred_vs_actual plots + data CSV
23:02:42  baselineEval.src.plotting  INFO       Saved: residual plots + data CSV
23:02:43  baselineEval.src.plotting  INFO       Saved: cv_metric_boxplots.png + data CSV
23:02:44  baselineEval.src.plotting  INFO       Saved: hyperparameter distribution plots + data CSV
23:02:45  baselineEval.src.plotting  INFO       Saved: pred_vs_actual plots + data CSV
23:02:46  baselineEval.src.plotting  INFO       Saved: residual plots + data CSV
23:02:47  baselineEval.src.plotting  INFO       Saved: representation_comparison.png + data CSV
23:02:47  baselineEval.src.plotting  INFO       Saved: cv_metric_boxplots.png + data CSV
23:02:49  baselineEval.src.plotting  INFO       Saved: hyperparameter distribution plots + data CSV
23:02:50  baselineEval.src.plotting  INFO       Saved: pred_vs_actual plots + data CSV
23:02:51  baselineEval.src.plotting  INFO       Saved: residual plots + data CSV
23:02:51  baselineEval.src.plotting  INFO       Saved: cv_metric_boxplots.png + data CSV
23:02:53  baselineEval.src.plotting  INFO       Saved: hyperparameter distribution plots + data CSV
23:02:53  baselineEval.src.plotting  INFO       Saved: pred_vs_actual plots + data CSV
23:02:54  baselineEval.src.plotting  INFO       Saved: residual plots + data CSV
23:02:55  baselineEval.src.plotting  INFO       Saved: cv_metric_boxplots.png + data CSV
23:02:56  baselineEval.src.plotting  INFO       Saved: hyperparameter distribution plots + data CSV
23:02:57  baselineEval.src.plotting  INFO       Saved: pred_vs_actual plots + data CSV
23:02:58  baselineEval.src.plotting  INFO       Saved: residual plots + data CSV
23:02:59  baselineEval.src.plotting  INFO       Saved: cv_metric_boxplots.png + data CSV
23:03:00  baselineEval.src.plotting  INFO       Saved: hyperparameter distribution plots + data CSV
23:03:01  baselineEval.src.plotting  INFO       Saved: pred_vs_actual plots + data CSV
23:03:02  baselineEval.src.plotting  INFO       Saved: residual plots + data CSV
23:03:03  baselineEval.src.plotting  INFO       Saved: cv_metric_boxplots.png + data CSV
23:03:04  baselineEval.src.plotting  INFO       Saved: hyperparameter distribution plots + data CSV
23:03:05  baselineEval.src.plotting  INFO       Saved: pred_vs_actual plots + data CSV
23:03:06  baselineEval.src.plotting  INFO       Saved: residual plots + data CSV
23:03:06  baselineEval.src.plotting  INFO       Saved: cv_metric_boxplots.png + data CSV
23:03:08  baselineEval.src.plotting  INFO       Saved: hyperparameter distribution plots + data CSV
23:03:09  baselineEval.src.plotting  INFO       Saved: pred_vs_actual plots + data CSV
23:03:10  baselineEval.src.plotting  INFO       Saved: residual plots + data CSV
23:03:10  baselineEval.src.plotting  INFO       Saved: cv_metric_boxplots.png + data CSV
23:03:12  baselineEval.src.plotting  INFO       Saved: hyperparameter distribution plots + data CSV
23:03:12  baselineEval.src.plotting  INFO       Saved: pred_vs_actual plots + data CSV
23:03:13  baselineEval.src.plotting  INFO       Saved: residual plots + data CSV
23:03:14  baselineEval.src.plotting  INFO       Saved: cv_metric_boxplots.png + data CSV
23:03:15  baselineEval.src.plotting  INFO       Saved: hyperparameter distribution plots + data CSV
23:03:16  baselineEval.src.plotting  INFO       Saved: pred_vs_actual plots + data CSV
23:03:17  baselineEval.src.plotting  INFO       Saved: residual plots + data CSV
23:03:18  baselineEval.src.plotting  INFO       Saved: representation_comparison.png + data CSV
23:03:18  baselineEval.src.plotting  INFO       Saved: cv_metric_boxplots.png + data CSV
23:03:20  baselineEval.src.plotting  INFO       Saved: hyperparameter distribution plots + data CSV
23:03:20  baselineEval.src.plotting  INFO       Saved: pred_vs_actual plots + data CSV
23:03:21  baselineEval.src.plotting  INFO       Saved: residual plots + data CSV
23:03:22  baselineEval.src.plotting  INFO       Saved: cv_metric_boxplots.png + data CSV
23:03:23  baselineEval.src.plotting  INFO       Saved: hyperparameter distribution plots + data CSV
23:03:24  baselineEval.src.plotting  INFO       Saved: pred_vs_actual plots + data CSV
23:03:25  baselineEval.src.plotting  INFO       Saved: residual plots + data CSV
23:03:26  baselineEval.src.plotting  INFO       Saved: cv_metric_boxplots.png + data CSV
23:03:27  baselineEval.src.plotting  INFO       Saved: hyperparameter distribution plots + data CSV
23:03:28  baselineEval.src.plotting  INFO       Saved: pred_vs_actual plots + data CSV
23:03:29  baselineEval.src.plotting  INFO       Saved: residual plots + data CSV
23:03:30  baselineEval.src.plotting  INFO       Saved: cv_metric_boxplots.png + data CSV
23:03:31  baselineEval.src.plotting  INFO       Saved: hyperparameter distribution plots + data CSV
23:03:31  baselineEval.src.plotting  INFO       Saved: pred_vs_actual plots + data CSV
23:03:32  baselineEval.src.plotting  INFO       Saved: residual plots + data CSV
23:03:33  baselineEval.src.plotting  INFO       Saved: cv_metric_boxplots.png + data CSV
23:03:34  baselineEval.src.plotting  INFO       Saved: hyperparameter distribution plots + data CSV
23:03:35  baselineEval.src.plotting  INFO       Saved: pred_vs_actual plots + data CSV
23:03:36  baselineEval.src.plotting  INFO       Saved: residual plots + data CSV
23:03:37  baselineEval.src.plotting  INFO       Saved: cv_metric_boxplots.png + data CSV
23:03:38  baselineEval.src.plotting  INFO       Saved: hyperparameter distribution plots + data CSV
23:03:39  baselineEval.src.plotting  INFO       Saved: pred_vs_actual plots + data CSV
23:03:40  baselineEval.src.plotting  INFO       Saved: residual plots + data CSV
23:03:40  baselineEval.src.plotting  INFO       Saved: cv_metric_boxplots.png + data CSV
23:03:42  baselineEval.src.plotting  INFO       Saved: hyperparameter distribution plots + data CSV
23:03:43  baselineEval.src.plotting  INFO       Saved: pred_vs_actual plots + data CSV
23:03:43  baselineEval.src.plotting  INFO       Saved: residual plots + data CSV
23:03:44  baselineEval.src.plotting  INFO       Saved: cv_metric_boxplots.png + data CSV
23:03:45  baselineEval.src.plotting  INFO       Saved: hyperparameter distribution plots + data CSV
23:03:46  baselineEval.src.plotting  INFO       Saved: pred_vs_actual plots + data CSV
23:03:47  baselineEval.src.plotting  INFO       Saved: residual plots + data CSV
23:03:48  baselineEval.src.plotting  INFO       Saved: representation_comparison.png + data CSV
23:03:48  baselineEval.src.plotting  INFO       Saved: cv_metric_boxplots.png + data CSV
23:03:50  baselineEval.src.plotting  INFO       Saved: hyperparameter distribution plots + data CSV
23:03:50  baselineEval.src.plotting  INFO       Saved: pred_vs_actual plots + data CSV
23:03:51  baselineEval.src.plotting  INFO       Saved: residual plots + data CSV
23:03:52  baselineEval.src.plotting  INFO       Saved: cv_metric_boxplots.png + data CSV
23:03:53  baselineEval.src.plotting  INFO       Saved: hyperparameter distribution plots + data CSV
23:03:54  baselineEval.src.plotting  INFO       Saved: pred_vs_actual plots + data CSV
23:03:55  baselineEval.src.plotting  INFO       Saved: residual plots + data CSV
23:03:56  baselineEval.src.plotting  INFO       Saved: cv_metric_boxplots.png + data CSV
23:03:57  baselineEval.src.plotting  INFO       Saved: hyperparameter distribution plots + data CSV
23:03:57  baselineEval.src.plotting  INFO       Saved: pred_vs_actual plots + data CSV
23:03:59  baselineEval.src.plotting  INFO       Saved: residual plots + data CSV
23:03:59  baselineEval.src.plotting  INFO       Saved: cv_metric_boxplots.png + data CSV
23:04:01  baselineEval.src.plotting  INFO       Saved: hyperparameter distribution plots + data CSV
23:04:01  baselineEval.src.plotting  INFO       Saved: pred_vs_actual plots + data CSV
23:04:03  baselineEval.src.plotting  INFO       Saved: residual plots + data CSV
23:04:03  baselineEval.src.plotting  INFO       Saved: cv_metric_boxplots.png + data CSV
23:04:05  baselineEval.src.plotting  INFO       Saved: hyperparameter distribution plots + data CSV
23:04:05  baselineEval.src.plotting  INFO       Saved: pred_vs_actual plots + data CSV
23:04:06  baselineEval.src.plotting  INFO       Saved: residual plots + data CSV
23:04:07  baselineEval.src.plotting  INFO       Saved: cv_metric_boxplots.png + data CSV
23:04:08  baselineEval.src.plotting  INFO       Saved: hyperparameter distribution plots + data CSV
23:04:09  baselineEval.src.plotting  INFO       Saved: pred_vs_actual plots + data CSV
23:04:10  baselineEval.src.plotting  INFO       Saved: residual plots + data CSV
23:04:11  baselineEval.src.plotting  INFO       Saved: cv_metric_boxplots.png + data CSV
23:04:12  baselineEval.src.plotting  INFO       Saved: hyperparameter distribution plots + data CSV
23:04:13  baselineEval.src.plotting  INFO       Saved: pred_vs_actual plots + data CSV
23:04:14  baselineEval.src.plotting  INFO       Saved: residual plots + data CSV
23:04:15  baselineEval.src.plotting  INFO       Saved: cv_metric_boxplots.png + data CSV
23:04:16  baselineEval.src.plotting  INFO       Saved: hyperparameter distribution plots + data CSV
23:04:16  baselineEval.src.plotting  INFO       Saved: pred_vs_actual plots + data CSV
23:04:17  baselineEval.src.plotting  INFO       Saved: residual plots + data CSV
23:04:18  baselineEval.src.plotting  INFO       Saved: representation_comparison.png + data CSV
23:04:19  baselineEval.src.plotting  INFO       Saved: cv_metric_boxplots.png + data CSV
23:04:20  baselineEval.src.plotting  INFO       Saved: hyperparameter distribution plots + data CSV
23:04:21  baselineEval.src.plotting  INFO       Saved: pred_vs_actual plots + data CSV
23:04:22  baselineEval.src.plotting  INFO       Saved: residual plots + data CSV
23:04:22  baselineEval.src.plotting  INFO       Saved: cv_metric_boxplots.png + data CSV
23:04:24  baselineEval.src.plotting  INFO       Saved: hyperparameter distribution plots + data CSV
23:04:24  baselineEval.src.plotting  INFO       Saved: pred_vs_actual plots + data CSV
23:04:25  baselineEval.src.plotting  INFO       Saved: residual plots + data CSV
23:04:26  baselineEval.src.plotting  INFO       Saved: cv_metric_boxplots.png + data CSV
23:04:27  baselineEval.src.plotting  INFO       Saved: hyperparameter distribution plots + data CSV
23:04:28  baselineEval.src.plotting  INFO       Saved: pred_vs_actual plots + data CSV
23:04:29  baselineEval.src.plotting  INFO       Saved: residual plots + data CSV
23:04:30  baselineEval.src.plotting  INFO       Saved: cv_metric_boxplots.png + data CSV
23:04:31  baselineEval.src.plotting  INFO       Saved: hyperparameter distribution plots + data CSV
23:04:31  baselineEval.src.plotting  INFO       Saved: pred_vs_actual plots + data CSV
23:04:32  baselineEval.src.plotting  INFO       Saved: residual plots + data CSV
23:04:33  baselineEval.src.plotting  INFO       Saved: cv_metric_boxplots.png + data CSV
23:04:34  baselineEval.src.plotting  INFO       Saved: hyperparameter distribution plots + data CSV
23:04:35  baselineEval.src.plotting  INFO       Saved: pred_vs_actual plots + data CSV
23:04:36  baselineEval.src.plotting  INFO       Saved: residual plots + data CSV
23:04:37  baselineEval.src.plotting  INFO       Saved: cv_metric_boxplots.png + data CSV
23:04:38  baselineEval.src.plotting  INFO       Saved: hyperparameter distribution plots + data CSV
23:04:39  baselineEval.src.plotting  INFO       Saved: pred_vs_actual plots + data CSV
23:04:40  baselineEval.src.plotting  INFO       Saved: residual plots + data CSV
23:04:41  baselineEval.src.plotting  INFO       Saved: cv_metric_boxplots.png + data CSV
23:04:42  baselineEval.src.plotting  INFO       Saved: hyperparameter distribution plots + data CSV
23:04:43  baselineEval.src.plotting  INFO       Saved: pred_vs_actual plots + data CSV
23:04:43  baselineEval.src.plotting  INFO       Saved: residual plots + data CSV
23:04:44  baselineEval.src.plotting  INFO       Saved: cv_metric_boxplots.png + data CSV
23:04:46  baselineEval.src.plotting  INFO       Saved: hyperparameter distribution plots + data CSV
23:04:46  baselineEval.src.plotting  INFO       Saved: pred_vs_actual plots + data CSV
23:04:47  baselineEval.src.plotting  INFO       Saved: residual plots + data CSV
23:04:48  baselineEval.src.plotting  INFO       Saved: representation_comparison.png + data CSV
23:04:49  baselineEval.src.plotting  INFO       Saved: cv_metric_boxplots.png + data CSV
23:04:50  baselineEval.src.plotting  INFO       Saved: hyperparameter distribution plots + data CSV
23:04:51  baselineEval.src.plotting  INFO       Saved: pred_vs_actual plots + data CSV
23:04:52  baselineEval.src.plotting  INFO       Saved: residual plots + data CSV
23:04:53  baselineEval.src.plotting  INFO       Saved: cv_metric_boxplots.png + data CSV
23:04:54  baselineEval.src.plotting  INFO       Saved: hyperparameter distribution plots + data CSV
23:04:55  baselineEval.src.plotting  INFO       Saved: pred_vs_actual plots + data CSV
23:04:56  baselineEval.src.plotting  INFO       Saved: residual plots + data CSV
23:04:56  baselineEval.src.plotting  INFO       Saved: cv_metric_boxplots.png + data CSV
23:04:58  baselineEval.src.plotting  INFO       Saved: hyperparameter distribution plots + data CSV
23:04:58  baselineEval.src.plotting  INFO       Saved: pred_vs_actual plots + data CSV
23:04:59  baselineEval.src.plotting  INFO       Saved: residual plots + data CSV
23:05:00  baselineEval.src.plotting  INFO       Saved: cv_metric_boxplots.png + data CSV
23:05:01  baselineEval.src.plotting  INFO       Saved: hyperparameter distribution plots + data CSV
23:05:02  baselineEval.src.plotting  INFO       Saved: pred_vs_actual plots + data CSV
23:05:03  baselineEval.src.plotting  INFO       Saved: residual plots + data CSV
23:05:04  baselineEval.src.plotting  INFO       Saved: cv_metric_boxplots.png + data CSV
23:05:05  baselineEval.src.plotting  INFO       Saved: hyperparameter distribution plots + data CSV
23:05:06  baselineEval.src.plotting  INFO       Saved: pred_vs_actual plots + data CSV
23:05:07  baselineEval.src.plotting  INFO       Saved: residual plots + data CSV
23:05:07  baselineEval.src.plotting  INFO       Saved: cv_metric_boxplots.png + data CSV
23:05:09  baselineEval.src.plotting  INFO       Saved: hyperparameter distribution plots + data CSV
23:05:10  baselineEval.src.plotting  INFO       Saved: pred_vs_actual plots + data CSV
23:05:10  baselineEval.src.plotting  INFO       Saved: residual plots + data CSV
23:05:11  baselineEval.src.plotting  INFO       Saved: cv_metric_boxplots.png + data CSV
23:05:12  baselineEval.src.plotting  INFO       Saved: hyperparameter distribution plots + data CSV
23:05:13  baselineEval.src.plotting  INFO       Saved: pred_vs_actual plots + data CSV
23:05:14  baselineEval.src.plotting  INFO       Saved: residual plots + data CSV
23:05:15  baselineEval.src.plotting  INFO       Saved: cv_metric_boxplots.png + data CSV
23:05:16  baselineEval.src.plotting  INFO       Saved: hyperparameter distribution plots + data CSV
23:05:17  baselineEval.src.plotting  INFO       Saved: pred_vs_actual plots + data CSV
23:05:18  baselineEval.src.plotting  INFO       Saved: residual plots + data CSV
23:05:19  baselineEval.src.plotting  INFO       Saved: representation_comparison.png + data CSV
23:05:20  baselineEval.src.plotting  INFO       Saved: held_out_summary_classification.png + data CSV
23:05:23  baselineEval.src.plotting  INFO       Saved: held_out_summary_regression.png + data CSV
23:05:24  baselineEval.src.plotting  INFO       Saved: heatmap_classification.png + data CSV
23:05:27  baselineEval.src.plotting  INFO       Saved: heatmap_regression.png + data CSV
23:05:27  ccnEvaluation         INFO     ═══ Step 7: SHAP — computed inside held-out evaluation ═══
23:05:27  ccnEvaluation         INFO     Pipeline completed in 23007.9 s (383.5 min)
SLURM job 7345684 finished with exit code 0
