Output: /srv/beegfs/scratch/shares/schaerm/schaer2/video_sam2_pose/humanLISBET-paper/baselineEval/results_stats_temporal_maxpool_lasso
Standard stats: --stats-kin mean,std,kurtosis,skewness  --stats-emb mean,std
Temporal pooling: enabled (N_TEMPORAL_SEGMENTS=35)
17:31:04  ccnEvaluation         INFO     ccnEvaluation prediction pipeline started
17:31:04  ccnEvaluation         INFO       CSV:           /srv/beegfs/scratch/shares/schaerm/schaer2/video_sam2_pose/humanLISBET-paper/dataset/info/child_for_humanlisbet_paper_with_paths_020326.csv
17:31:04  ccnEvaluation         INFO       Pose (train):  /srv/beegfs/scratch/shares/schaerm/schaer2/video_sam2_pose/humanLISBET-paper/dataset/pose_ready/train
17:31:04  ccnEvaluation         INFO       Pose (test):   /srv/beegfs/scratch/shares/schaerm/schaer2/video_sam2_pose/humanLISBET-paper/dataset/pose_ready/test
17:31:04  ccnEvaluation         INFO       Output:        /srv/beegfs/scratch/shares/schaerm/schaer2/video_sam2_pose/humanLISBET-paper/baselineEval/results_stats_temporal_maxpool_lasso
17:31:04  ccnEvaluation         INFO     ═══ Step 1: Feature extraction ═══
17:31:04  ccnEvaluation         INFO     Selected statistics (kinematic): ['mean', 'std', 'kurtosis', 'skewness']
17:31:04  ccnEvaluation         INFO     Selected statistics (embedding): ['mean', 'std']
17:31:04  baselineEval.src.loading  INFO     Clinical CSV: 119 subjects with ASD/TD diagnosis
17:31:05  baselineEval.src.loading  INFO     Found 2974 segment directories in /srv/beegfs/scratch/shares/schaerm/schaer2/video_sam2_pose/humanLISBET-paper/dataset/pose_ready/train
17:31:05  baselineEval.src.loading  INFO     Grouped into 102 video/subject IDs:
17:31:05  baselineEval.src.loading  INFO       7797_T1a_ADOS1: 6 segment(s)
17:31:05  baselineEval.src.loading  INFO       7892_T2a_ADOS: 34 segment(s)
17:31:05  baselineEval.src.loading  INFO       7947_T1a_ADOS: 18 segment(s)
17:31:05  baselineEval.src.loading  INFO       7953_T1a_ADOS: 18 segment(s)
17:31:05  baselineEval.src.loading  INFO       7954_T2a_ADOS: 19 segment(s)
17:31:05  baselineEval.src.loading  INFO       7965_T2a_ADOS: 33 segment(s)
17:31:05  baselineEval.src.loading  INFO       7978_T1a_ADOS: 33 segment(s)
17:31:05  baselineEval.src.loading  INFO       8002_T3_ADOS_scaled: 3 segment(s)
17:31:05  baselineEval.src.loading  INFO       8017_BB_12_15m_ADOS: 28 segment(s)
17:31:05  baselineEval.src.loading  INFO       8018_T1a_ADOS: 20 segment(s)
17:31:05  baselineEval.src.loading  INFO       8019_T1a_ADOS: 16 segment(s)
17:31:05  baselineEval.src.loading  INFO       8031_T1a_ADOS_noncompressed: 34 segment(s)
17:31:05  baselineEval.src.loading  INFO       8042_T2a_ADOS: 35 segment(s)
17:31:05  baselineEval.src.loading  INFO       8046_T2a_ADOS_compressed: 25 segment(s)
17:31:05  baselineEval.src.loading  INFO       8054_ADOS_T2a: 33 segment(s)
17:31:05  baselineEval.src.loading  INFO       8072_T1a_ADOS: 21 segment(s)
17:31:05  baselineEval.src.loading  INFO       8073_T1a_ADOS_compressed: 22 segment(s)
17:31:05  baselineEval.src.loading  INFO       8090_T2a_ADOS: 27 segment(s)
17:31:05  baselineEval.src.loading  INFO       8100_T2a_ADOS: 12 segment(s)
17:31:05  baselineEval.src.loading  INFO       8101_T2a_ADOS: 31 segment(s)
17:31:05  baselineEval.src.loading  INFO       8104_T2a_ADOS: 33 segment(s)
17:31:05  baselineEval.src.loading  INFO       8121_T2a_ADOS_M1_compressed: 45 segment(s)
17:31:05  baselineEval.src.loading  INFO       8137_T2a_ADOS_compressed: 31 segment(s)
17:31:05  baselineEval.src.loading  INFO       8141_T1a_ADOS: 44 segment(s)
17:31:05  baselineEval.src.loading  INFO       8149_T1a_ADOS_noncompressed: 24 segment(s)
17:31:05  baselineEval.src.loading  INFO       8154_T1a_ADOS: 41 segment(s)
17:31:05  baselineEval.src.loading  INFO       8156_T1a_ADOS: 26 segment(s)
17:31:05  baselineEval.src.loading  INFO       8157_T1a_ADOS: 25 segment(s)
17:31:05  baselineEval.src.loading  INFO       8158_T1a_ADOS_compressed: 54 segment(s)
17:31:05  baselineEval.src.loading  INFO       8165_BB_18-21m_ADOS_compressed: 38 segment(s)
17:31:05  baselineEval.src.loading  INFO       8183_T2a_ADOS: 35 segment(s)
17:31:05  baselineEval.src.loading  INFO       8185_T1a_ADOS: 17 segment(s)
17:31:05  baselineEval.src.loading  INFO       8188_T1a_ADOS: 30 segment(s)
17:31:05  baselineEval.src.loading  INFO       8200_T1a_ADOS_compressed_2: 34 segment(s)
17:31:05  baselineEval.src.loading  INFO       8204_T1a_ADOS_noncompressed: 22 segment(s)
17:31:05  baselineEval.src.loading  INFO       8207_T1a_ADOS: 20 segment(s)
17:31:05  baselineEval.src.loading  INFO       8212_T1a_ADOS: 8 segment(s)
17:31:05  baselineEval.src.loading  INFO       8216_T1a_ADOS_uncompressed: 28 segment(s)
17:31:05  baselineEval.src.loading  INFO       8222_T1a_ADOS_compressed: 35 segment(s)
17:31:05  baselineEval.src.loading  INFO       8244_T1a_ADOS: 25 segment(s)
17:31:05  baselineEval.src.loading  INFO       8252_BB_18-21m_ADOS_Compressed: 29 segment(s)
17:31:05  baselineEval.src.loading  INFO       8264_T1a_ADOS_MT: 14 segment(s)
17:31:05  baselineEval.src.loading  INFO       8288_BB_18-21m_ADOS_compressed: 8 segment(s)
17:31:05  baselineEval.src.loading  INFO       8294_T1a_CCSA_ADOS: 19 segment(s)
17:31:05  baselineEval.src.loading  INFO       8295_T1a_ADOS_compressed: 40 segment(s)
17:31:05  baselineEval.src.loading  INFO       8296_BB_15-18m: 32 segment(s)
17:31:05  baselineEval.src.loading  INFO       8297_T1a_ADOS: 43 segment(s)
17:31:05  baselineEval.src.loading  INFO       8298_T2a_ADOS: 15 segment(s)
17:31:05  baselineEval.src.loading  INFO       8299_T1a_ADOS: 31 segment(s)
17:31:05  baselineEval.src.loading  INFO       8300_T1a_ADOS_compressed: 18 segment(s)
17:31:05  baselineEval.src.loading  INFO       8301_T1a_ADOS_Incomplete: 26 segment(s)
17:31:05  baselineEval.src.loading  INFO       8306_T1a_ADOS_CCSA: 44 segment(s)
17:31:05  baselineEval.src.loading  INFO       8307_T1a_ADOS_compressed: 36 segment(s)
17:31:05  baselineEval.src.loading  INFO       8310_T1a_ADOS_noncompressed: 33 segment(s)
17:31:05  baselineEval.src.loading  INFO       8324_T2a_ADOS_Noncompressed: 11 segment(s)
17:31:05  baselineEval.src.loading  INFO       8334_T1a_ADOS: 40 segment(s)
17:31:05  baselineEval.src.loading  INFO       8350_T1a_ADOS: 29 segment(s)
17:31:05  baselineEval.src.loading  INFO       8355_T1a_ADOS: 20 segment(s)
17:31:05  baselineEval.src.loading  INFO       8359_T1a_ADOS: 25 segment(s)
17:31:05  baselineEval.src.loading  INFO       8360_T1a_ADOS: 21 segment(s)
17:31:05  baselineEval.src.loading  INFO       8372_T1a_ADOS_compressed: 29 segment(s)
17:31:05  baselineEval.src.loading  INFO       8385_T1a_ADOS_noncompressed: 14 segment(s)
17:31:05  baselineEval.src.loading  INFO       8387_T1a_ADOS: 27 segment(s)
17:31:05  baselineEval.src.loading  INFO       8404_T1a_ADOS_NotCompressed: 35 segment(s)
17:31:05  baselineEval.src.loading  INFO       8420_T1a_ADOS: 40 segment(s)
17:31:05  baselineEval.src.loading  INFO       8434_T1a_ADOS: 58 segment(s)
17:31:05  baselineEval.src.loading  INFO       8454_T1a_ADOS_NonCompressed: 30 segment(s)
17:31:05  baselineEval.src.loading  INFO       8455_T1a_ADOS_Noncompressed: 26 segment(s)
17:31:05  baselineEval.src.loading  INFO       8462_T1a_ADOS: 25 segment(s)
17:31:05  baselineEval.src.loading  INFO       8488_T1a_ADOS: 23 segment(s)
17:31:05  baselineEval.src.loading  INFO       8492_T1a_ADOS_NonCompressed: 20 segment(s)
17:31:05  baselineEval.src.loading  INFO       8529_T1a_ADOS_Noncompressed: 37 segment(s)
17:31:05  baselineEval.src.loading  INFO       8561_T1a_ADOS: 26 segment(s)
17:31:05  baselineEval.src.loading  INFO       8577_T1a_ADOS: 30 segment(s)
17:31:05  baselineEval.src.loading  INFO       V001: 30 segment(s)
17:31:05  baselineEval.src.loading  INFO       V002: 34 segment(s)
17:31:05  baselineEval.src.loading  INFO       V003: 23 segment(s)
17:31:05  baselineEval.src.loading  INFO       V004: 22 segment(s)
17:31:05  baselineEval.src.loading  INFO       V005: 24 segment(s)
17:31:05  baselineEval.src.loading  INFO       V007: 28 segment(s)
17:31:05  baselineEval.src.loading  INFO       V008: 35 segment(s)
17:31:05  baselineEval.src.loading  INFO       V009: 22 segment(s)
17:31:05  baselineEval.src.loading  INFO       V010: 30 segment(s)
17:31:05  baselineEval.src.loading  INFO       V011: 46 segment(s)
17:31:05  baselineEval.src.loading  INFO       V012: 37 segment(s)
17:31:05  baselineEval.src.loading  INFO       V013: 35 segment(s)
17:31:05  baselineEval.src.loading  INFO       V014: 34 segment(s)
17:31:05  baselineEval.src.loading  INFO       V015: 14 segment(s)
17:31:05  baselineEval.src.loading  INFO       V016: 35 segment(s)
17:31:05  baselineEval.src.loading  INFO       V017: 25 segment(s)
17:31:05  baselineEval.src.loading  INFO       V018: 51 segment(s)
17:31:05  baselineEval.src.loading  INFO       V019: 38 segment(s)
17:31:05  baselineEval.src.loading  INFO       V020: 39 segment(s)
17:31:05  baselineEval.src.loading  INFO       V021: 51 segment(s)
17:31:05  baselineEval.src.loading  INFO       V022: 37 segment(s)
17:31:05  baselineEval.src.loading  INFO       V023: 41 segment(s)
17:31:05  baselineEval.src.loading  INFO       V024: 19 segment(s)
17:31:05  baselineEval.src.loading  INFO       V025: 35 segment(s)
17:31:05  baselineEval.src.loading  INFO       V026: 44 segment(s)
17:31:05  baselineEval.src.loading  INFO       V027: 34 segment(s)
17:31:05  baselineEval.src.loading  INFO       V028: 34 segment(s)
17:31:05  baselineEval.src.loading  INFO       V029: 40 segment(s)
17:31:05  baselineEval.src.loading  INFO     Computing features for 102 subjects (n_jobs=16) …
Computing features:   0%|          | 0/102 [00:00<?, ?it/s]Computing features:  31%|███▏      | 32/102 [00:13<00:29,  2.37it/s]/srv/beegfs/scratch/shares/schaerm/schaer2/video_sam2_pose/humanLISBET-paper/baselineEval/src/loading.py:118: RuntimeWarning: Precision loss occurred in moment calculation due to catastrophic cancellation. This occurs when the data are nearly identical. Results may be unreliable.
  skewness = float(scipy_stats.skew(valid_wins, bias=False))
/srv/beegfs/scratch/shares/schaerm/schaer2/video_sam2_pose/humanLISBET-paper/baselineEval/src/loading.py:119: RuntimeWarning: Precision loss occurred in moment calculation due to catastrophic cancellation. This occurs when the data are nearly identical. Results may be unreliable.
  kurtosis = float(scipy_stats.kurtosis(valid_wins, bias=False))
Computing features:  47%|████▋     | 48/102 [01:12<01:36,  1.79s/it]Computing features:  63%|██████▎   | 64/102 [01:51<01:16,  2.02s/it]/srv/beegfs/scratch/shares/schaerm/schaer2/video_sam2_pose/humanLISBET-paper/baselineEval/src/loading.py:118: RuntimeWarning: Precision loss occurred in moment calculation due to catastrophic cancellation. This occurs when the data are nearly identical. Results may be unreliable.
  skewness = float(scipy_stats.skew(valid_wins, bias=False))
/srv/beegfs/scratch/shares/schaerm/schaer2/video_sam2_pose/humanLISBET-paper/baselineEval/src/loading.py:119: RuntimeWarning: Precision loss occurred in moment calculation due to catastrophic cancellation. This occurs when the data are nearly identical. Results may be unreliable.
  kurtosis = float(scipy_stats.kurtosis(valid_wins, bias=False))
Computing features:  78%|███████▊  | 80/102 [02:27<00:46,  2.09s/it]Computing features:  94%|█████████▍| 96/102 [02:54<00:11,  1.97s/it]Computing features: 100%|██████████| 102/102 [02:54<00:00,  1.71s/it]
17:35:31  baselineEval.src.loading  INFO     Tukey clipping summary (kinematic): mean=4.06%, max=29.84% across 51 metrics
17:35:31  baselineEval.src.loading  INFO     Feature matrix: 102 subjects × 206 feature columns (+36 meta = 242 total)
17:35:31  baselineEval.src.loading  INFO     Clinical CSV: 119 subjects with ASD/TD diagnosis
17:35:31  baselineEval.src.loading  INFO     Found 452 segment directories in /srv/beegfs/scratch/shares/schaerm/schaer2/video_sam2_pose/humanLISBET-paper/dataset/pose_ready/test
17:35:31  baselineEval.src.loading  INFO     Grouped into 17 video/subject IDs:
17:35:31  baselineEval.src.loading  INFO       7772_T2a_ADOS: 27 segment(s)
17:35:31  baselineEval.src.loading  INFO       8029_T1a_ADOS: 35 segment(s)
17:35:31  baselineEval.src.loading  INFO       8075_T2a_ADOS: 29 segment(s)
17:35:31  baselineEval.src.loading  INFO       8117_T2a_ADOS: 21 segment(s)
17:35:31  baselineEval.src.loading  INFO       8127_T1a_ADOS: 41 segment(s)
17:35:31  baselineEval.src.loading  INFO       8146_T1a_ADOS: 6 segment(s)
17:35:31  baselineEval.src.loading  INFO       8187_T2a_ADOS_M1: 25 segment(s)
17:35:31  baselineEval.src.loading  INFO       8211_T1a_ADOS_compressed: 22 segment(s)
17:35:31  baselineEval.src.loading  INFO       8225_T1a_ADOS: 22 segment(s)
17:35:31  baselineEval.src.loading  INFO       8234_BB_18-21m_ADOS_compressed: 26 segment(s)
17:35:31  baselineEval.src.loading  INFO       8249_T1a_ADOS: 12 segment(s)
17:35:31  baselineEval.src.loading  INFO       8253_T1a_ADOS: 24 segment(s)
17:35:31  baselineEval.src.loading  INFO       8256_T1a_ADOS: 33 segment(s)
17:35:31  baselineEval.src.loading  INFO       8279_T1a_ADOS: 32 segment(s)
17:35:31  baselineEval.src.loading  INFO       8311_T2a_ADOS: 30 segment(s)
17:35:31  baselineEval.src.loading  INFO       8318_T1a_ADOS: 41 segment(s)
17:35:31  baselineEval.src.loading  INFO       8378_T1a_ADOS: 26 segment(s)
17:35:31  baselineEval.src.loading  INFO     Computing features for 17 subjects (n_jobs=16) …
Computing features:   0%|          | 0/17 [00:00<?, ?it/s]Computing features: 100%|██████████| 17/17 [00:00<00:00, 16714.29it/s]
/srv/beegfs/scratch/shares/schaerm/schaer2/video_sam2_pose/humanLISBET-paper/baselineEval/src/loading.py:118: RuntimeWarning: Precision loss occurred in moment calculation due to catastrophic cancellation. This occurs when the data are nearly identical. Results may be unreliable.
  skewness = float(scipy_stats.skew(valid_wins, bias=False))
/srv/beegfs/scratch/shares/schaerm/schaer2/video_sam2_pose/humanLISBET-paper/baselineEval/src/loading.py:119: RuntimeWarning: Precision loss occurred in moment calculation due to catastrophic cancellation. This occurs when the data are nearly identical. Results may be unreliable.
  kurtosis = float(scipy_stats.kurtosis(valid_wins, bias=False))
17:36:42  baselineEval.src.loading  INFO     Tukey clipping summary (kinematic): mean=4.17%, max=40.74% across 51 metrics
17:36:42  baselineEval.src.loading  INFO     Feature matrix: 17 subjects × 206 feature columns (+36 meta = 242 total)
17:36:42  ccnEvaluation         INFO       Train (kinematic): 102 subjects × 242 total columns
17:36:42  ccnEvaluation         INFO       Test  (kinematic): 17 subjects × 242 total columns
17:36:42  ccnEvaluation         INFO     ═══ Step 1b: Embedding feature extraction ═══
17:40:46  baselineEval.src.loading  INFO     Tukey clipping summary (embedding): mean=0.02%, max=7.86% across 128 dims
17:40:46  baselineEval.src.loading  INFO     Embedding DataFrame: 102 subjects × 256 embedding features (+36 meta = 292 total)
17:41:23  baselineEval.src.loading  INFO     Tukey clipping summary (embedding): mean=0.03%, max=6.27% across 128 dims
17:41:23  baselineEval.src.loading  INFO     Embedding DataFrame: 17 subjects × 256 embedding features (+36 meta = 292 total)
17:41:23  ccnEvaluation         INFO       Train (embedding): 102 subjects × 292 total columns
17:41:23  ccnEvaluation         INFO       Test  (embedding): 17 subjects × 292 total columns
17:41:23  ccnEvaluation         INFO     ═══ Step 1 (temporal): Temporal max-pooling feature extraction ═══
17:41:23  baselineEval.src.loading  INFO     Clinical CSV: 119 subjects with ASD/TD diagnosis
17:41:25  baselineEval.src.loading  INFO     Found 2974 segment directories in /srv/beegfs/scratch/shares/schaerm/schaer2/video_sam2_pose/humanLISBET-paper/dataset/pose_ready/train
17:41:25  baselineEval.src.loading  INFO     Computing temporal features for 102 subjects (n_jobs=16) …
Computing temporal features:   0%|          | 0/102 [00:00<?, ?it/s]/srv/beegfs/scratch/shares/schaerm/schaer2/video_sam2_pose/humanLISBET-paper/baselineEval/src/loading.py:1292: RuntimeWarning: All-NaN slice encountered
  rows.append(np.nanmax(chunk, axis=0)) # (F,) — NaN if whole window is NaN
Computing temporal features:  31%|███▏      | 32/102 [00:02<00:06, 10.74it/s]/srv/beegfs/scratch/shares/schaerm/schaer2/video_sam2_pose/humanLISBET-paper/baselineEval/src/loading.py:1292: RuntimeWarning: All-NaN slice encountered
  rows.append(np.nanmax(chunk, axis=0)) # (F,) — NaN if whole window is NaN
Computing temporal features:  31%|███▏      | 32/102 [00:20<00:06, 10.74it/s]/srv/beegfs/scratch/shares/schaerm/schaer2/video_sam2_pose/humanLISBET-paper/baselineEval/src/loading.py:1292: RuntimeWarning: All-NaN slice encountered
  rows.append(np.nanmax(chunk, axis=0)) # (F,) — NaN if whole window is NaN
/srv/beegfs/scratch/shares/schaerm/schaer2/video_sam2_pose/humanLISBET-paper/baselineEval/src/loading.py:1292: RuntimeWarning: All-NaN slice encountered
  rows.append(np.nanmax(chunk, axis=0)) # (F,) — NaN if whole window is NaN
/srv/beegfs/scratch/shares/schaerm/schaer2/video_sam2_pose/humanLISBET-paper/baselineEval/src/loading.py:1292: RuntimeWarning: All-NaN slice encountered
  rows.append(np.nanmax(chunk, axis=0)) # (F,) — NaN if whole window is NaN
/srv/beegfs/scratch/shares/schaerm/schaer2/video_sam2_pose/humanLISBET-paper/baselineEval/src/loading.py:1292: RuntimeWarning: All-NaN slice encountered
  rows.append(np.nanmax(chunk, axis=0)) # (F,) — NaN if whole window is NaN
/srv/beegfs/scratch/shares/schaerm/schaer2/video_sam2_pose/humanLISBET-paper/baselineEval/src/loading.py:1292: RuntimeWarning: All-NaN slice encountered
  rows.append(np.nanmax(chunk, axis=0)) # (F,) — NaN if whole window is NaN
/srv/beegfs/scratch/shares/schaerm/schaer2/video_sam2_pose/humanLISBET-paper/baselineEval/src/loading.py:1292: RuntimeWarning: All-NaN slice encountered
  rows.append(np.nanmax(chunk, axis=0)) # (F,) — NaN if whole window is NaN
Computing temporal features:  47%|████▋     | 48/102 [01:01<01:24,  1.57s/it]/srv/beegfs/scratch/shares/schaerm/schaer2/video_sam2_pose/humanLISBET-paper/baselineEval/src/loading.py:1292: RuntimeWarning: All-NaN slice encountered
  rows.append(np.nanmax(chunk, axis=0)) # (F,) — NaN if whole window is NaN
/srv/beegfs/scratch/shares/schaerm/schaer2/video_sam2_pose/humanLISBET-paper/baselineEval/src/loading.py:1292: RuntimeWarning: All-NaN slice encountered
  rows.append(np.nanmax(chunk, axis=0)) # (F,) — NaN if whole window is NaN
/srv/beegfs/scratch/shares/schaerm/schaer2/video_sam2_pose/humanLISBET-paper/baselineEval/src/loading.py:1292: RuntimeWarning: All-NaN slice encountered
  rows.append(np.nanmax(chunk, axis=0)) # (F,) — NaN if whole window is NaN
/srv/beegfs/scratch/shares/schaerm/schaer2/video_sam2_pose/humanLISBET-paper/baselineEval/src/loading.py:1292: RuntimeWarning: All-NaN slice encountered
  rows.append(np.nanmax(chunk, axis=0)) # (F,) — NaN if whole window is NaN
/srv/beegfs/scratch/shares/schaerm/schaer2/video_sam2_pose/humanLISBET-paper/baselineEval/src/loading.py:1292: RuntimeWarning: All-NaN slice encountered
  rows.append(np.nanmax(chunk, axis=0)) # (F,) — NaN if whole window is NaN
/srv/beegfs/scratch/shares/schaerm/schaer2/video_sam2_pose/humanLISBET-paper/baselineEval/src/loading.py:1292: RuntimeWarning: All-NaN slice encountered
  rows.append(np.nanmax(chunk, axis=0)) # (F,) — NaN if whole window is NaN
/srv/beegfs/scratch/shares/schaerm/schaer2/video_sam2_pose/humanLISBET-paper/baselineEval/src/loading.py:1292: RuntimeWarning: All-NaN slice encountered
  rows.append(np.nanmax(chunk, axis=0)) # (F,) — NaN if whole window is NaN
/srv/beegfs/scratch/shares/schaerm/schaer2/video_sam2_pose/humanLISBET-paper/baselineEval/src/loading.py:1292: RuntimeWarning: All-NaN slice encountered
  rows.append(np.nanmax(chunk, axis=0)) # (F,) — NaN if whole window is NaN
Computing temporal features:  63%|██████▎   | 64/102 [01:38<01:10,  1.86s/it]/srv/beegfs/scratch/shares/schaerm/schaer2/video_sam2_pose/humanLISBET-paper/baselineEval/src/loading.py:1292: RuntimeWarning: All-NaN slice encountered
  rows.append(np.nanmax(chunk, axis=0)) # (F,) — NaN if whole window is NaN
/srv/beegfs/scratch/shares/schaerm/schaer2/video_sam2_pose/humanLISBET-paper/baselineEval/src/loading.py:1292: RuntimeWarning: All-NaN slice encountered
  rows.append(np.nanmax(chunk, axis=0)) # (F,) — NaN if whole window is NaN
/srv/beegfs/scratch/shares/schaerm/schaer2/video_sam2_pose/humanLISBET-paper/baselineEval/src/loading.py:1292: RuntimeWarning: All-NaN slice encountered
  rows.append(np.nanmax(chunk, axis=0)) # (F,) — NaN if whole window is NaN
/srv/beegfs/scratch/shares/schaerm/schaer2/video_sam2_pose/humanLISBET-paper/baselineEval/src/loading.py:1292: RuntimeWarning: All-NaN slice encountered
  rows.append(np.nanmax(chunk, axis=0)) # (F,) — NaN if whole window is NaN
/srv/beegfs/scratch/shares/schaerm/schaer2/video_sam2_pose/humanLISBET-paper/baselineEval/src/loading.py:1292: RuntimeWarning: All-NaN slice encountered
  rows.append(np.nanmax(chunk, axis=0)) # (F,) — NaN if whole window is NaN
/srv/beegfs/scratch/shares/schaerm/schaer2/video_sam2_pose/humanLISBET-paper/baselineEval/src/loading.py:1292: RuntimeWarning: All-NaN slice encountered
  rows.append(np.nanmax(chunk, axis=0)) # (F,) — NaN if whole window is NaN
/srv/beegfs/scratch/shares/schaerm/schaer2/video_sam2_pose/humanLISBET-paper/baselineEval/src/loading.py:1292: RuntimeWarning: All-NaN slice encountered
  rows.append(np.nanmax(chunk, axis=0)) # (F,) — NaN if whole window is NaN
/srv/beegfs/scratch/shares/schaerm/schaer2/video_sam2_pose/humanLISBET-paper/baselineEval/src/loading.py:1292: RuntimeWarning: All-NaN slice encountered
  rows.append(np.nanmax(chunk, axis=0)) # (F,) — NaN if whole window is NaN
/srv/beegfs/scratch/shares/schaerm/schaer2/video_sam2_pose/humanLISBET-paper/baselineEval/src/loading.py:1292: RuntimeWarning: All-NaN slice encountered
  rows.append(np.nanmax(chunk, axis=0)) # (F,) — NaN if whole window is NaN
Computing temporal features:  78%|███████▊  | 80/102 [02:10<00:41,  1.90s/it]/srv/beegfs/scratch/shares/schaerm/schaer2/video_sam2_pose/humanLISBET-paper/baselineEval/src/loading.py:1292: RuntimeWarning: All-NaN slice encountered
  rows.append(np.nanmax(chunk, axis=0)) # (F,) — NaN if whole window is NaN
/srv/beegfs/scratch/shares/schaerm/schaer2/video_sam2_pose/humanLISBET-paper/baselineEval/src/loading.py:1292: RuntimeWarning: All-NaN slice encountered
  rows.append(np.nanmax(chunk, axis=0)) # (F,) — NaN if whole window is NaN
/srv/beegfs/scratch/shares/schaerm/schaer2/video_sam2_pose/humanLISBET-paper/baselineEval/src/loading.py:1292: RuntimeWarning: All-NaN slice encountered
  rows.append(np.nanmax(chunk, axis=0)) # (F,) — NaN if whole window is NaN
/srv/beegfs/scratch/shares/schaerm/schaer2/video_sam2_pose/humanLISBET-paper/baselineEval/src/loading.py:1292: RuntimeWarning: All-NaN slice encountered
  rows.append(np.nanmax(chunk, axis=0)) # (F,) — NaN if whole window is NaN
/srv/beegfs/scratch/shares/schaerm/schaer2/video_sam2_pose/humanLISBET-paper/baselineEval/src/loading.py:1292: RuntimeWarning: All-NaN slice encountered
  rows.append(np.nanmax(chunk, axis=0)) # (F,) — NaN if whole window is NaN
/srv/beegfs/scratch/shares/schaerm/schaer2/video_sam2_pose/humanLISBET-paper/baselineEval/src/loading.py:1292: RuntimeWarning: All-NaN slice encountered
  rows.append(np.nanmax(chunk, axis=0)) # (F,) — NaN if whole window is NaN
/srv/beegfs/scratch/shares/schaerm/schaer2/video_sam2_pose/humanLISBET-paper/baselineEval/src/loading.py:1292: RuntimeWarning: All-NaN slice encountered
  rows.append(np.nanmax(chunk, axis=0)) # (F,) — NaN if whole window is NaN
/srv/beegfs/scratch/shares/schaerm/schaer2/video_sam2_pose/humanLISBET-paper/baselineEval/src/loading.py:1292: RuntimeWarning: All-NaN slice encountered
  rows.append(np.nanmax(chunk, axis=0)) # (F,) — NaN if whole window is NaN
/srv/beegfs/scratch/shares/schaerm/schaer2/video_sam2_pose/humanLISBET-paper/baselineEval/src/loading.py:1292: RuntimeWarning: All-NaN slice encountered
  rows.append(np.nanmax(chunk, axis=0)) # (F,) — NaN if whole window is NaN
/srv/beegfs/scratch/shares/schaerm/schaer2/video_sam2_pose/humanLISBET-paper/baselineEval/src/loading.py:1292: RuntimeWarning: All-NaN slice encountered
  rows.append(np.nanmax(chunk, axis=0)) # (F,) — NaN if whole window is NaN
Computing temporal features:  94%|█████████▍| 96/102 [02:38<00:11,  1.85s/it]Computing temporal features: 100%|██████████| 102/102 [02:38<00:00,  1.55s/it]
/srv/beegfs/scratch/shares/schaerm/schaer2/video_sam2_pose/humanLISBET-paper/baselineEval/src/loading.py:1292: RuntimeWarning: All-NaN slice encountered
  rows.append(np.nanmax(chunk, axis=0)) # (F,) — NaN if whole window is NaN
/srv/beegfs/scratch/shares/schaerm/schaer2/video_sam2_pose/humanLISBET-paper/baselineEval/src/loading.py:1292: RuntimeWarning: All-NaN slice encountered
  rows.append(np.nanmax(chunk, axis=0)) # (F,) — NaN if whole window is NaN
/srv/beegfs/scratch/shares/schaerm/schaer2/video_sam2_pose/humanLISBET-paper/baselineEval/src/loading.py:1292: RuntimeWarning: All-NaN slice encountered
  rows.append(np.nanmax(chunk, axis=0)) # (F,) — NaN if whole window is NaN
/srv/beegfs/scratch/shares/schaerm/schaer2/video_sam2_pose/humanLISBET-paper/baselineEval/src/loading.py:1292: RuntimeWarning: All-NaN slice encountered
  rows.append(np.nanmax(chunk, axis=0)) # (F,) — NaN if whole window is NaN
/srv/beegfs/scratch/shares/schaerm/schaer2/video_sam2_pose/humanLISBET-paper/baselineEval/src/loading.py:1292: RuntimeWarning: All-NaN slice encountered
  rows.append(np.nanmax(chunk, axis=0)) # (F,) — NaN if whole window is NaN
/srv/beegfs/scratch/shares/schaerm/schaer2/video_sam2_pose/humanLISBET-paper/baselineEval/src/loading.py:1292: RuntimeWarning: All-NaN slice encountered
  rows.append(np.nanmax(chunk, axis=0)) # (F,) — NaN if whole window is NaN
/srv/beegfs/scratch/shares/schaerm/schaer2/video_sam2_pose/humanLISBET-paper/baselineEval/src/loading.py:1292: RuntimeWarning: All-NaN slice encountered
  rows.append(np.nanmax(chunk, axis=0)) # (F,) — NaN if whole window is NaN
/srv/beegfs/scratch/shares/schaerm/schaer2/video_sam2_pose/humanLISBET-paper/baselineEval/src/loading.py:1292: RuntimeWarning: All-NaN slice encountered
  rows.append(np.nanmax(chunk, axis=0)) # (F,) — NaN if whole window is NaN
/srv/beegfs/scratch/shares/schaerm/schaer2/video_sam2_pose/humanLISBET-paper/baselineEval/src/loading.py:1292: RuntimeWarning: All-NaN slice encountered
  rows.append(np.nanmax(chunk, axis=0)) # (F,) — NaN if whole window is NaN
/srv/beegfs/scratch/shares/schaerm/schaer2/video_sam2_pose/humanLISBET-paper/baselineEval/src/loading.py:1292: RuntimeWarning: All-NaN slice encountered
  rows.append(np.nanmax(chunk, axis=0)) # (F,) — NaN if whole window is NaN
/srv/beegfs/scratch/shares/schaerm/schaer2/video_sam2_pose/humanLISBET-paper/baselineEval/src/loading.py:1292: RuntimeWarning: All-NaN slice encountered
  rows.append(np.nanmax(chunk, axis=0)) # (F,) — NaN if whole window is NaN
/srv/beegfs/scratch/shares/schaerm/schaer2/video_sam2_pose/humanLISBET-paper/baselineEval/src/loading.py:1292: RuntimeWarning: All-NaN slice encountered
  rows.append(np.nanmax(chunk, axis=0)) # (F,) — NaN if whole window is NaN
/srv/beegfs/scratch/shares/schaerm/schaer2/video_sam2_pose/humanLISBET-paper/baselineEval/src/loading.py:1292: RuntimeWarning: All-NaN slice encountered
  rows.append(np.nanmax(chunk, axis=0)) # (F,) — NaN if whole window is NaN
/srv/beegfs/scratch/shares/schaerm/schaer2/video_sam2_pose/humanLISBET-paper/baselineEval/src/loading.py:1292: RuntimeWarning: All-NaN slice encountered
  rows.append(np.nanmax(chunk, axis=0)) # (F,) — NaN if whole window is NaN
/srv/beegfs/scratch/shares/schaerm/schaer2/video_sam2_pose/humanLISBET-paper/baselineEval/src/loading.py:1292: RuntimeWarning: All-NaN slice encountered
  rows.append(np.nanmax(chunk, axis=0)) # (F,) — NaN if whole window is NaN
17:45:31  baselineEval.src.loading  INFO     Temporal kinematic matrix: 102 subjects × 159 feature columns
17:45:31  baselineEval.src.loading  INFO     Clinical CSV: 119 subjects with ASD/TD diagnosis
17:45:31  baselineEval.src.loading  INFO     Found 452 segment directories in /srv/beegfs/scratch/shares/schaerm/schaer2/video_sam2_pose/humanLISBET-paper/dataset/pose_ready/test
17:45:31  baselineEval.src.loading  INFO     Computing temporal features for 17 subjects (n_jobs=16) …
Computing temporal features:   0%|          | 0/17 [00:00<?, ?it/s]Computing temporal features: 100%|██████████| 17/17 [00:00<00:00, 23332.19it/s]
/srv/beegfs/scratch/shares/schaerm/schaer2/video_sam2_pose/humanLISBET-paper/baselineEval/src/loading.py:1292: RuntimeWarning: All-NaN slice encountered
  rows.append(np.nanmax(chunk, axis=0)) # (F,) — NaN if whole window is NaN
/srv/beegfs/scratch/shares/schaerm/schaer2/video_sam2_pose/humanLISBET-paper/baselineEval/src/loading.py:1292: RuntimeWarning: All-NaN slice encountered
  rows.append(np.nanmax(chunk, axis=0)) # (F,) — NaN if whole window is NaN
/srv/beegfs/scratch/shares/schaerm/schaer2/video_sam2_pose/humanLISBET-paper/baselineEval/src/loading.py:1292: RuntimeWarning: All-NaN slice encountered
  rows.append(np.nanmax(chunk, axis=0)) # (F,) — NaN if whole window is NaN
/srv/beegfs/scratch/shares/schaerm/schaer2/video_sam2_pose/humanLISBET-paper/baselineEval/src/loading.py:1292: RuntimeWarning: All-NaN slice encountered
  rows.append(np.nanmax(chunk, axis=0)) # (F,) — NaN if whole window is NaN
/srv/beegfs/scratch/shares/schaerm/schaer2/video_sam2_pose/humanLISBET-paper/baselineEval/src/loading.py:1292: RuntimeWarning: All-NaN slice encountered
  rows.append(np.nanmax(chunk, axis=0)) # (F,) — NaN if whole window is NaN
/srv/beegfs/scratch/shares/schaerm/schaer2/video_sam2_pose/humanLISBET-paper/baselineEval/src/loading.py:1292: RuntimeWarning: All-NaN slice encountered
  rows.append(np.nanmax(chunk, axis=0)) # (F,) — NaN if whole window is NaN
/srv/beegfs/scratch/shares/schaerm/schaer2/video_sam2_pose/humanLISBET-paper/baselineEval/src/loading.py:1292: RuntimeWarning: All-NaN slice encountered
  rows.append(np.nanmax(chunk, axis=0)) # (F,) — NaN if whole window is NaN
/srv/beegfs/scratch/shares/schaerm/schaer2/video_sam2_pose/humanLISBET-paper/baselineEval/src/loading.py:1292: RuntimeWarning: All-NaN slice encountered
  rows.append(np.nanmax(chunk, axis=0)) # (F,) — NaN if whole window is NaN
17:46:41  baselineEval.src.loading  INFO     Temporal kinematic matrix: 17 subjects × 159 feature columns
17:46:41  ccnEvaluation         INFO       Train (temporal kinematic): 102 subjects × 195 total columns
17:46:41  ccnEvaluation         INFO       Test  (temporal kinematic): 17 subjects × 195 total columns
17:46:41  ccnEvaluation         INFO     ═══ Step 1b (temporal): Temporal embedding feature extraction ═══
17:48:12  baselineEval.src.loading  INFO     Embedding temporal window sizes — mean=1120  min=103  max=2448  (N_TEMPORAL_SEGMENTS=35)
17:48:12  baselineEval.src.loading  INFO     Temporal embedding DataFrame: 102 subjects × 384 embedding features
17:48:26  baselineEval.src.loading  INFO     Embedding temporal window sizes — mean=1190  min=409  max=2194  (N_TEMPORAL_SEGMENTS=35)
17:48:26  baselineEval.src.loading  INFO     Temporal embedding DataFrame: 17 subjects × 384 embedding features
17:48:26  ccnEvaluation         INFO       Train (temporal embedding): 102 subjects × 420 total columns
17:48:26  ccnEvaluation         INFO       Test  (temporal embedding): 17 subjects × 420 total columns
17:48:26  ccnEvaluation         INFO     Temporal pooling enabled — added 4 temporal representations.
17:48:26  ccnEvaluation         WARNING  Skipping target 'MSEL_GM_DQ': 72 non-null samples (< 90 minimum).
17:48:26  ccnEvaluation         INFO     ═══ Representation: motor_only ═══
17:48:26  ccnEvaluation         INFO       Features for motor_only: 186 columns
17:48:26  ccnEvaluation         INFO     ═══ Step 2: Preprocessing report ═══
17:48:26  baselineEval.src.preprocessing  INFO     Feature selection (full dataset): 186 features → 131 kept (0 missingness, 0 near-zero-var, 55 correlated)
17:48:26  baselineEval.src.preprocessing  INFO     Feature selection report → /srv/beegfs/scratch/shares/schaerm/schaer2/video_sam2_pose/humanLISBET-paper/baselineEval/results_stats_temporal_maxpool_lasso/motor_only/feature_selection_report.csv
17:48:26  baselineEval.src.preprocessing  INFO     PCA explained-variance data → /srv/beegfs/scratch/shares/schaerm/schaer2/video_sam2_pose/humanLISBET-paper/baselineEval/results_stats_temporal_maxpool_lasso/motor_only/pca_explained_variance.csv
17:48:27  baselineEval.src.preprocessing  INFO     PCA explained-variance plot → /srv/beegfs/scratch/shares/schaerm/schaer2/video_sam2_pose/humanLISBET-paper/baselineEval/results_stats_temporal_maxpool_lasso/motor_only/pca_explained_variance.png
17:48:27  ccnEvaluation         INFO     ── CV for diagnosis (classification) ──
17:48:27  ccnEvaluation         INFO       X: (102, 186), y: (102,) (classes: [0 1])
17:48:34  baselineEval.src.cross_validation  INFO     Skipping LGBM classifier (--skip-lgbm)
17:48:34  baselineEval.src.cross_validation  INFO     Classification CV: 1 models, 5×10 nested CV (50 total outer folds)
17:49:10  baselineEval.src.cross_validation  INFO       Saved: predictions_per_subject.csv
17:49:10  baselineEval.src.cross_validation  INFO       CV results: 50 rows → /srv/beegfs/scratch/shares/schaerm/schaer2/video_sam2_pose/humanLISBET-paper/baselineEval/results_stats_temporal_maxpool_lasso/motor_only/classification/diagnosis/cv_results.csv
17:49:10  baselineEval.src.cross_validation  INFO     
── Classification AUC-ROC summary (diagnosis) ──
model  auc_roc_mean  auc_roc_std
lasso      0.793069     0.081266
17:49:10  ccnEvaluation         INFO     ── Held-out for diagnosis (classification | motor_only) ──
17:49:10  baselineEval.src.held_out  INFO     Best classification model: lasso (AUC=0.7931 ± 0.0813)
17:49:10  baselineEval.src.held_out  INFO     Held-out classification (motor_only | diagnosis): model=lasso AUC=0.800 BAcc=0.757 Acc=0.765 [0.501, 0.932]
17:49:25  baselineEval.src.plotting  INFO       Saved: shap_bar_top20.png and shap_beeswarm_top20.png
17:49:25  baselineEval.src.held_out  INFO     SHAP saved → /srv/beegfs/scratch/shares/schaerm/schaer2/video_sam2_pose/humanLISBET-paper/baselineEval/results_stats_temporal_maxpool_lasso/motor_only/held_out/classification/diagnosis/shap
17:49:25  ccnEvaluation         INFO     ── CV for ADOS_2_ADOS_G_revised_RRB_level_of_symptoms (classification) ──
17:49:25  ccnEvaluation         INFO       X: (102, 186), y: (102,) (classes: [0 1 2])
17:49:25  baselineEval.src.cross_validation  INFO     Skipping LGBM classifier (--skip-lgbm)
17:49:25  baselineEval.src.cross_validation  INFO     Classification CV: 1 models, 5×10 nested CV (50 total outer folds)
17:50:16  baselineEval.src.cross_validation  INFO       Saved: predictions_per_subject.csv
17:50:16  baselineEval.src.cross_validation  INFO       CV results: 50 rows → /srv/beegfs/scratch/shares/schaerm/schaer2/video_sam2_pose/humanLISBET-paper/baselineEval/results_stats_temporal_maxpool_lasso/motor_only/classification/ADOS_2_ADOS_G_revised_RRB_level_of_symptoms/cv_results.csv
17:50:16  baselineEval.src.cross_validation  INFO     
── Classification F1-macro summary (ADOS_2_ADOS_G_revised_RRB_level_of_symptoms) ──
model  f1_macro_mean  f1_macro_std
lasso       0.585429      0.135446
17:50:16  ccnEvaluation         INFO     ── Held-out for ADOS_2_ADOS_G_revised_RRB_level_of_symptoms (classification | motor_only) ──
17:50:16  baselineEval.src.held_out  INFO     Best classification model: lasso (F1-macro=0.5854 ± 0.1354)
17:50:17  baselineEval.src.held_out  INFO     Held-out classification (motor_only | ADOS_2_ADOS_G_revised_RRB_level_of_symptoms): model=lasso F1-macro=0.428 BAcc=0.428 Acc=0.529 [0.278, 0.770]
17:50:20  baselineEval.src.plotting  INFO       Saved: shap_bar_top20.png and shap_beeswarm_top20.png
17:50:20  baselineEval.src.held_out  INFO     SHAP saved → /srv/beegfs/scratch/shares/schaerm/schaer2/video_sam2_pose/humanLISBET-paper/baselineEval/results_stats_temporal_maxpool_lasso/motor_only/held_out/classification/ADOS_2_ADOS_G_revised_RRB_level_of_symptoms/shap
17:50:20  ccnEvaluation         INFO     ── CV for ADOS_2_ADOS_G_REVISED_SA_LEVEL_OF_SYMPTOMS (classification) ──
17:50:20  ccnEvaluation         INFO       X: (102, 186), y: (102,) (classes: [0 1 2 3])
17:50:20  baselineEval.src.cross_validation  INFO     Skipping LGBM classifier (--skip-lgbm)
17:50:20  baselineEval.src.cross_validation  INFO     Classification CV: 1 models, 5×10 nested CV (50 total outer folds)
17:51:17  baselineEval.src.cross_validation  INFO       Saved: predictions_per_subject.csv
17:51:17  baselineEval.src.cross_validation  INFO       CV results: 50 rows → /srv/beegfs/scratch/shares/schaerm/schaer2/video_sam2_pose/humanLISBET-paper/baselineEval/results_stats_temporal_maxpool_lasso/motor_only/classification/ADOS_2_ADOS_G_REVISED_SA_LEVEL_OF_SYMPTOMS/cv_results.csv
17:51:17  baselineEval.src.cross_validation  INFO     
── Classification F1-macro summary (ADOS_2_ADOS_G_REVISED_SA_LEVEL_OF_SYMPTOMS) ──
model  f1_macro_mean  f1_macro_std
lasso       0.395573      0.110206
17:51:17  ccnEvaluation         INFO     ── Held-out for ADOS_2_ADOS_G_REVISED_SA_LEVEL_OF_SYMPTOMS (classification | motor_only) ──
17:51:17  baselineEval.src.held_out  INFO     Best classification model: lasso (F1-macro=0.3956 ± 0.1102)
17:51:18  baselineEval.src.held_out  INFO     Held-out classification (motor_only | ADOS_2_ADOS_G_REVISED_SA_LEVEL_OF_SYMPTOMS): model=lasso F1-macro=0.377 BAcc=0.408 Acc=0.471 [0.230, 0.722]
17:51:21  baselineEval.src.plotting  INFO       Saved: shap_bar_top20.png and shap_beeswarm_top20.png
17:51:21  baselineEval.src.held_out  INFO     SHAP saved → /srv/beegfs/scratch/shares/schaerm/schaer2/video_sam2_pose/humanLISBET-paper/baselineEval/results_stats_temporal_maxpool_lasso/motor_only/held_out/classification/ADOS_2_ADOS_G_REVISED_SA_LEVEL_OF_SYMPTOMS/shap
17:51:21  ccnEvaluation         INFO     ── CV for ADOS_G_ADOS_2_TOTAL_score_de_severite (regression) ──
17:51:21  ccnEvaluation         INFO       X: (102, 186), y: (102,) (classes: [ 1.  2.  3.  4.  5.  6.  7.  8.  9. 10.])
17:51:21  baselineEval.src.cross_validation  INFO     Skipping LGBM regressor (--skip-lgbm)
17:51:21  baselineEval.src.cross_validation  INFO     Regression CV: 1 models, 5×10 nested CV (50 total outer folds)
17:51:28  baselineEval.src.cross_validation  INFO       Saved: predictions_per_subject.csv
17:51:28  baselineEval.src.cross_validation  INFO       CV results: 50 rows → /srv/beegfs/scratch/shares/schaerm/schaer2/video_sam2_pose/humanLISBET-paper/baselineEval/results_stats_temporal_maxpool_lasso/motor_only/regression/ADOS_G_ADOS_2_TOTAL_score_de_severite/cv_results.csv
17:51:28  baselineEval.src.cross_validation  INFO     
── Regression summary (ADOS_G_ADOS_2_TOTAL_score_de_severite) ──
model    rmse       r2  spearman_r
lasso 2.82704 0.278863    0.581779
17:51:28  ccnEvaluation         INFO     ── Held-out for ADOS_G_ADOS_2_TOTAL_score_de_severite (regression | motor_only) ──
17:51:28  baselineEval.src.held_out  INFO     Best regression model: lasso (RMSE=2.8270 ± 0.2615)
17:51:29  baselineEval.src.held_out  INFO     Held-out regression (motor_only | ADOS_G_ADOS_2_TOTAL_score_de_severite): model=lasso RMSE=2.975 [1.862, 3.996] R²=0.280 [-0.285, 0.677] ρ=0.547
17:51:32  baselineEval.src.plotting  INFO       Saved: shap_bar_top20.png and shap_beeswarm_top20.png
17:51:32  baselineEval.src.held_out  INFO     SHAP saved → /srv/beegfs/scratch/shares/schaerm/schaer2/video_sam2_pose/humanLISBET-paper/baselineEval/results_stats_temporal_maxpool_lasso/motor_only/held_out/regression/ADOS_G_ADOS_2_TOTAL_score_de_severite/shap
17:51:32  ccnEvaluation         INFO     ── CV for ADOS_2_ADOS_G_REVISED_SA_SEVERITY_SCORE (regression) ──
17:51:32  ccnEvaluation         INFO       X: (102, 186), y: (102,) (classes: [ 1.  2.  3.  4.  5.  6.  7.  9. 10.])
17:51:32  baselineEval.src.cross_validation  INFO     Skipping LGBM regressor (--skip-lgbm)
17:51:32  baselineEval.src.cross_validation  INFO     Regression CV: 1 models, 5×10 nested CV (50 total outer folds)
17:51:39  baselineEval.src.cross_validation  INFO       Saved: predictions_per_subject.csv
17:51:39  baselineEval.src.cross_validation  INFO       CV results: 50 rows → /srv/beegfs/scratch/shares/schaerm/schaer2/video_sam2_pose/humanLISBET-paper/baselineEval/results_stats_temporal_maxpool_lasso/motor_only/regression/ADOS_2_ADOS_G_REVISED_SA_SEVERITY_SCORE/cv_results.csv
17:51:39  baselineEval.src.cross_validation  INFO     
── Regression summary (ADOS_2_ADOS_G_REVISED_SA_SEVERITY_SCORE) ──
model     rmse      r2  spearman_r
lasso 2.498342 0.32959    0.591861
17:51:39  ccnEvaluation         INFO     ── Held-out for ADOS_2_ADOS_G_REVISED_SA_SEVERITY_SCORE (regression | motor_only) ──
17:51:39  baselineEval.src.held_out  INFO     Best regression model: lasso (RMSE=2.4983 ± 0.3201)
17:51:40  baselineEval.src.held_out  INFO     Held-out regression (motor_only | ADOS_2_ADOS_G_REVISED_SA_SEVERITY_SCORE): model=lasso RMSE=2.627 [1.401, 3.807] R²=0.162 [-0.657, 0.724] ρ=0.530
17:51:44  baselineEval.src.plotting  INFO       Saved: shap_bar_top20.png and shap_beeswarm_top20.png
17:51:44  baselineEval.src.held_out  INFO     SHAP saved → /srv/beegfs/scratch/shares/schaerm/schaer2/video_sam2_pose/humanLISBET-paper/baselineEval/results_stats_temporal_maxpool_lasso/motor_only/held_out/regression/ADOS_2_ADOS_G_REVISED_SA_SEVERITY_SCORE/shap
17:51:44  ccnEvaluation         INFO     ── CV for ADOS_2_ADOS_G_REVISED_RRB_SEVERITY_SCORE_new (regression) ──
17:51:44  ccnEvaluation         INFO       X: (102, 186), y: (102,) (classes: [ 1.  5.  6.  7.  8.  9. 10.])
17:51:44  baselineEval.src.cross_validation  INFO     Skipping LGBM regressor (--skip-lgbm)
17:51:44  baselineEval.src.cross_validation  INFO     Regression CV: 1 models, 5×10 nested CV (50 total outer folds)
17:51:50  baselineEval.src.cross_validation  INFO       Saved: predictions_per_subject.csv
17:51:50  baselineEval.src.cross_validation  INFO       CV results: 50 rows → /srv/beegfs/scratch/shares/schaerm/schaer2/video_sam2_pose/humanLISBET-paper/baselineEval/results_stats_temporal_maxpool_lasso/motor_only/regression/ADOS_2_ADOS_G_REVISED_RRB_SEVERITY_SCORE_new/cv_results.csv
17:51:50  baselineEval.src.cross_validation  INFO     
── Regression summary (ADOS_2_ADOS_G_REVISED_RRB_SEVERITY_SCORE_new) ──
model     rmse       r2  spearman_r
lasso 2.929841 0.126683    0.457123
17:51:50  ccnEvaluation         INFO     ── Held-out for ADOS_2_ADOS_G_REVISED_RRB_SEVERITY_SCORE_new (regression | motor_only) ──
17:51:50  baselineEval.src.held_out  INFO     Best regression model: lasso (RMSE=2.9298 ± 0.3726)
17:51:51  baselineEval.src.held_out  INFO     Held-out regression (motor_only | ADOS_2_ADOS_G_REVISED_RRB_SEVERITY_SCORE_new): model=lasso RMSE=2.925 [2.009, 3.678] R²=0.396 [-0.145, 0.647] ρ=0.662
17:51:55  baselineEval.src.plotting  INFO       Saved: shap_bar_top20.png and shap_beeswarm_top20.png
17:51:55  baselineEval.src.held_out  INFO     SHAP saved → /srv/beegfs/scratch/shares/schaerm/schaer2/video_sam2_pose/humanLISBET-paper/baselineEval/results_stats_temporal_maxpool_lasso/motor_only/held_out/regression/ADOS_2_ADOS_G_REVISED_RRB_SEVERITY_SCORE_new/shap
17:51:55  ccnEvaluation         INFO     ── CV for VLDII_AdSS (regression) ──
17:51:55  ccnEvaluation         INFO       X: (95, 186), y: (95,) (classes: [ 51.  63.  64.  65.  66.  68.  69.  70.  71.  72.  73.  74.  75.  76.
  77.  78.  79.  80.  81.  83.  84.  85.  86.  87.  88.  89.  90.  91.
  92.  93.  94.  95.  96.  97.  99. 100. 102. 103. 104. 105. 107. 108.
 109. 110. 113. 115. 117.])
17:51:55  baselineEval.src.cross_validation  INFO     Skipping LGBM regressor (--skip-lgbm)
17:51:55  baselineEval.src.cross_validation  INFO     Regression CV: 1 models, 5×10 nested CV (50 total outer folds)
17:52:02  baselineEval.src.cross_validation  INFO       Saved: predictions_per_subject.csv
17:52:02  baselineEval.src.cross_validation  INFO       CV results: 50 rows → /srv/beegfs/scratch/shares/schaerm/schaer2/video_sam2_pose/humanLISBET-paper/baselineEval/results_stats_temporal_maxpool_lasso/motor_only/regression/VLDII_AdSS/cv_results.csv
17:52:02  baselineEval.src.cross_validation  INFO     
── Regression summary (VLDII_AdSS) ──
model      rmse       r2  spearman_r
lasso 13.678278 0.117173    0.405784
17:52:02  ccnEvaluation         INFO     ── Held-out for VLDII_AdSS (regression | motor_only) ──
17:52:02  baselineEval.src.held_out  INFO     Best regression model: lasso (RMSE=13.6783 ± 1.4921)
17:52:03  baselineEval.src.held_out  INFO     Held-out regression (motor_only | VLDII_AdSS): model=lasso RMSE=11.896 [9.253, 14.204] R²=0.435 [0.155, 0.549] ρ=0.749
17:52:07  baselineEval.src.plotting  INFO       Saved: shap_bar_top20.png and shap_beeswarm_top20.png
17:52:07  baselineEval.src.held_out  INFO     SHAP saved → /srv/beegfs/scratch/shares/schaerm/schaer2/video_sam2_pose/humanLISBET-paper/baselineEval/results_stats_temporal_maxpool_lasso/motor_only/held_out/regression/VLDII_AdSS/shap
17:52:07  ccnEvaluation         INFO     ── CV for VLDII_MotorSS (regression) ──
17:52:07  ccnEvaluation         INFO       X: (95, 186), y: (95,) (classes: [ 56.  67.  69.  70.  72.  75.  79.  81.  82.  84.  85.  88.  90.  93.
  94.  95.  96.  97. 100. 102. 104. 105. 106. 108. 111. 114. 121. 131.])
17:52:07  baselineEval.src.cross_validation  INFO     Skipping LGBM regressor (--skip-lgbm)
17:52:07  baselineEval.src.cross_validation  INFO     Regression CV: 1 models, 5×10 nested CV (50 total outer folds)
17:52:14  baselineEval.src.cross_validation  INFO       Saved: predictions_per_subject.csv
17:52:14  baselineEval.src.cross_validation  INFO       CV results: 50 rows → /srv/beegfs/scratch/shares/schaerm/schaer2/video_sam2_pose/humanLISBET-paper/baselineEval/results_stats_temporal_maxpool_lasso/motor_only/regression/VLDII_MotorSS/cv_results.csv
17:52:14  baselineEval.src.cross_validation  INFO     
── Regression summary (VLDII_MotorSS) ──
model     rmse        r2  spearman_r
lasso 12.48175 -0.028611   -0.091847
17:52:14  ccnEvaluation         INFO     ── Held-out for VLDII_MotorSS (regression | motor_only) ──
17:52:14  baselineEval.src.held_out  INFO     Best regression model: lasso (RMSE=12.4817 ± 1.4037)
/srv/beegfs/scratch/shares/schaerm/schaer2/video_sam2_pose/humanLISBET-paper/baselineEval/src/held_out.py:422: ConstantInputWarning: An input array is constant; the correlation coefficient is not defined.
  sp_r, _ = spearmanr(y_test, y_pred)
/srv/beegfs/scratch/shares/schaerm/schaer2/video_sam2_pose/humanLISBET-paper/baselineEval/src/held_out.py:423: ConstantInputWarning: An input array is constant; the correlation coefficient is not defined.
  pe_r, _ = pearsonr(y_test, y_pred)
17:52:15  baselineEval.src.held_out  INFO     Held-out regression (motor_only | VLDII_MotorSS): model=lasso RMSE=12.713 [9.358, 16.144] R²=-0.009 [-0.572, -0.000] ρ=nan
17:52:18  baselineEval.src.plotting  INFO       Saved: shap_bar_top20.png and shap_beeswarm_top20.png
17:52:18  baselineEval.src.held_out  INFO     SHAP saved → /srv/beegfs/scratch/shares/schaerm/schaer2/video_sam2_pose/humanLISBET-paper/baselineEval/results_stats_temporal_maxpool_lasso/motor_only/held_out/regression/VLDII_MotorSS/shap
17:52:18  ccnEvaluation         INFO     ── CV for VLDII_gmsVS (regression) ──
17:52:18  ccnEvaluation         INFO       X: (95, 186), y: (95,) (classes: [ 8.  9. 10. 11. 12. 13. 14. 15. 16. 17. 18. 22.])
17:52:18  baselineEval.src.cross_validation  INFO     Skipping LGBM regressor (--skip-lgbm)
17:52:18  baselineEval.src.cross_validation  INFO     Regression CV: 1 models, 5×10 nested CV (50 total outer folds)
17:52:25  baselineEval.src.cross_validation  INFO       Saved: predictions_per_subject.csv
17:52:25  baselineEval.src.cross_validation  INFO       CV results: 50 rows → /srv/beegfs/scratch/shares/schaerm/schaer2/video_sam2_pose/humanLISBET-paper/baselineEval/results_stats_temporal_maxpool_lasso/motor_only/regression/VLDII_gmsVS/cv_results.csv
17:52:25  baselineEval.src.cross_validation  INFO     
── Regression summary (VLDII_gmsVS) ──
model     rmse        r2  spearman_r
lasso 2.124833 -0.023052   -0.378994
17:52:25  ccnEvaluation         INFO     ── Held-out for VLDII_gmsVS (regression | motor_only) ──
17:52:25  baselineEval.src.held_out  INFO     Best regression model: lasso (RMSE=2.1248 ± 0.3509)
/srv/beegfs/scratch/shares/schaerm/schaer2/video_sam2_pose/humanLISBET-paper/baselineEval/src/held_out.py:422: ConstantInputWarning: An input array is constant; the correlation coefficient is not defined.
  sp_r, _ = spearmanr(y_test, y_pred)
/srv/beegfs/scratch/shares/schaerm/schaer2/video_sam2_pose/humanLISBET-paper/baselineEval/src/held_out.py:423: ConstantInputWarning: An input array is constant; the correlation coefficient is not defined.
  pe_r, _ = pearsonr(y_test, y_pred)
17:52:26  baselineEval.src.held_out  INFO     Held-out regression (motor_only | VLDII_gmsVS): model=lasso RMSE=1.893 [1.289, 2.418] R²=-0.014 [-0.494, -0.000] ρ=nan
17:52:29  baselineEval.src.plotting  INFO       Saved: shap_bar_top20.png and shap_beeswarm_top20.png
17:52:29  baselineEval.src.held_out  INFO     SHAP saved → /srv/beegfs/scratch/shares/schaerm/schaer2/video_sam2_pose/humanLISBET-paper/baselineEval/results_stats_temporal_maxpool_lasso/motor_only/held_out/regression/VLDII_gmsVS/shap
17:52:29  ccnEvaluation         INFO     ── CV for VLDII_fmsVS (regression) ──
17:52:29  ccnEvaluation         INFO       X: (95, 186), y: (95,) (classes: [ 7.  8.  9. 10. 11. 12. 13. 14. 15. 16. 17. 18.])
17:52:29  baselineEval.src.cross_validation  INFO     Skipping LGBM regressor (--skip-lgbm)
17:52:29  baselineEval.src.cross_validation  INFO     Regression CV: 1 models, 5×10 nested CV (50 total outer folds)
17:52:36  baselineEval.src.cross_validation  INFO       Saved: predictions_per_subject.csv
17:52:36  baselineEval.src.cross_validation  INFO       CV results: 50 rows → /srv/beegfs/scratch/shares/schaerm/schaer2/video_sam2_pose/humanLISBET-paper/baselineEval/results_stats_temporal_maxpool_lasso/motor_only/regression/VLDII_fmsVS/cv_results.csv
17:52:36  baselineEval.src.cross_validation  INFO     
── Regression summary (VLDII_fmsVS) ──
model    rmse        r2  spearman_r
lasso 2.46322 -0.021579    0.020722
17:52:36  ccnEvaluation         INFO     ── Held-out for VLDII_fmsVS (regression | motor_only) ──
17:52:36  baselineEval.src.held_out  INFO     Best regression model: lasso (RMSE=2.4632 ± 0.2499)
/srv/beegfs/scratch/shares/schaerm/schaer2/video_sam2_pose/humanLISBET-paper/baselineEval/src/held_out.py:422: ConstantInputWarning: An input array is constant; the correlation coefficient is not defined.
  sp_r, _ = spearmanr(y_test, y_pred)
/srv/beegfs/scratch/shares/schaerm/schaer2/video_sam2_pose/humanLISBET-paper/baselineEval/src/held_out.py:423: ConstantInputWarning: An input array is constant; the correlation coefficient is not defined.
  pe_r, _ = pearsonr(y_test, y_pred)
17:52:37  baselineEval.src.held_out  INFO     Held-out regression (motor_only | VLDII_fmsVS): model=lasso RMSE=2.495 [1.826, 3.138] R²=-0.013 [-0.555, -0.000] ρ=nan
17:52:40  baselineEval.src.plotting  INFO       Saved: shap_bar_top20.png and shap_beeswarm_top20.png
17:52:40  baselineEval.src.held_out  INFO     SHAP saved → /srv/beegfs/scratch/shares/schaerm/schaer2/video_sam2_pose/humanLISBET-paper/baselineEval/results_stats_temporal_maxpool_lasso/motor_only/held_out/regression/VLDII_fmsVS/shap
17:52:40  ccnEvaluation         INFO     ── CV for VLDII_SocSS (regression) ──
17:52:40  ccnEvaluation         INFO       X: (95, 186), y: (95,) (classes: [ 59.  65.  66.  68.  70.  72.  74.  75.  76.  78.  79.  80.  81.  82.
  84.  86.  88.  89.  90.  91.  92.  94.  95.  96.  98. 100. 101. 102.
 105. 109. 111. 112. 114.])
17:52:40  baselineEval.src.cross_validation  INFO     Skipping LGBM regressor (--skip-lgbm)
17:52:40  baselineEval.src.cross_validation  INFO     Regression CV: 1 models, 5×10 nested CV (50 total outer folds)
17:52:48  baselineEval.src.cross_validation  INFO       Saved: predictions_per_subject.csv
17:52:48  baselineEval.src.cross_validation  INFO       CV results: 50 rows → /srv/beegfs/scratch/shares/schaerm/schaer2/video_sam2_pose/humanLISBET-paper/baselineEval/results_stats_temporal_maxpool_lasso/motor_only/regression/VLDII_SocSS/cv_results.csv
17:52:48  baselineEval.src.cross_validation  INFO     
── Regression summary (VLDII_SocSS) ──
model      rmse       r2  spearman_r
lasso 11.325395 0.122884    0.445063
17:52:48  ccnEvaluation         INFO     ── Held-out for VLDII_SocSS (regression | motor_only) ──
17:52:48  baselineEval.src.held_out  INFO     Best regression model: lasso (RMSE=11.3254 ± 1.1728)
17:52:48  baselineEval.src.held_out  INFO     Held-out regression (motor_only | VLDII_SocSS): model=lasso RMSE=8.991 [6.686, 11.164] R²=0.469 [0.059, 0.654] ρ=0.662
17:52:52  baselineEval.src.plotting  INFO       Saved: shap_bar_top20.png and shap_beeswarm_top20.png
17:52:52  baselineEval.src.held_out  INFO     SHAP saved → /srv/beegfs/scratch/shares/schaerm/schaer2/video_sam2_pose/humanLISBET-paper/baselineEval/results_stats_temporal_maxpool_lasso/motor_only/held_out/regression/VLDII_SocSS/shap
17:52:52  ccnEvaluation         INFO     ── CV for VLDII_intVS (regression) ──
17:52:52  ccnEvaluation         INFO       X: (95, 186), y: (95,) (classes: [ 6.  8.  9. 10. 11. 12. 13. 14. 15. 16. 17. 18. 19. 20.])
17:52:52  baselineEval.src.cross_validation  INFO     Skipping LGBM regressor (--skip-lgbm)
17:52:52  baselineEval.src.cross_validation  INFO     Regression CV: 1 models, 5×10 nested CV (50 total outer folds)
17:52:59  baselineEval.src.cross_validation  INFO       Saved: predictions_per_subject.csv
17:52:59  baselineEval.src.cross_validation  INFO       CV results: 50 rows → /srv/beegfs/scratch/shares/schaerm/schaer2/video_sam2_pose/humanLISBET-paper/baselineEval/results_stats_temporal_maxpool_lasso/motor_only/regression/VLDII_intVS/cv_results.csv
17:52:59  baselineEval.src.cross_validation  INFO     
── Regression summary (VLDII_intVS) ──
model    rmse      r2  spearman_r
lasso 2.51981 0.11557    0.458231
17:52:59  ccnEvaluation         INFO     ── Held-out for VLDII_intVS (regression | motor_only) ──
17:52:59  baselineEval.src.held_out  INFO     Best regression model: lasso (RMSE=2.5198 ± 0.2897)
17:52:59  baselineEval.src.held_out  INFO     Held-out regression (motor_only | VLDII_intVS): model=lasso RMSE=2.217 [1.664, 2.712] R²=0.452 [0.012, 0.648] ρ=0.742
17:53:03  baselineEval.src.plotting  INFO       Saved: shap_bar_top20.png and shap_beeswarm_top20.png
17:53:03  baselineEval.src.held_out  INFO     SHAP saved → /srv/beegfs/scratch/shares/schaerm/schaer2/video_sam2_pose/humanLISBET-paper/baselineEval/results_stats_temporal_maxpool_lasso/motor_only/held_out/regression/VLDII_intVS/shap
17:53:03  ccnEvaluation         INFO     ── CV for VLDII_plaVS (regression) ──
17:53:03  ccnEvaluation         INFO       X: (95, 186), y: (95,) (classes: [ 7.  8.  9. 10. 11. 12. 13. 14. 15. 16. 17. 18. 19.])
17:53:03  baselineEval.src.cross_validation  INFO     Skipping LGBM regressor (--skip-lgbm)
17:53:03  baselineEval.src.cross_validation  INFO     Regression CV: 1 models, 5×10 nested CV (50 total outer folds)
17:53:09  baselineEval.src.cross_validation  INFO       Saved: predictions_per_subject.csv
17:53:09  baselineEval.src.cross_validation  INFO       CV results: 50 rows → /srv/beegfs/scratch/shares/schaerm/schaer2/video_sam2_pose/humanLISBET-paper/baselineEval/results_stats_temporal_maxpool_lasso/motor_only/regression/VLDII_plaVS/cv_results.csv
17:53:09  baselineEval.src.cross_validation  INFO     
── Regression summary (VLDII_plaVS) ──
model     rmse       r2  spearman_r
lasso 2.376049 0.127559    0.394869
17:53:09  ccnEvaluation         INFO     ── Held-out for VLDII_plaVS (regression | motor_only) ──
17:53:09  baselineEval.src.held_out  INFO     Best regression model: lasso (RMSE=2.3760 ± 0.2931)
17:53:10  baselineEval.src.held_out  INFO     Held-out regression (motor_only | VLDII_plaVS): model=lasso RMSE=1.735 [1.306, 2.127] R²=0.530 [0.260, 0.638] ρ=0.772
17:53:14  baselineEval.src.plotting  INFO       Saved: shap_bar_top20.png and shap_beeswarm_top20.png
17:53:14  baselineEval.src.held_out  INFO     SHAP saved → /srv/beegfs/scratch/shares/schaerm/schaer2/video_sam2_pose/humanLISBET-paper/baselineEval/results_stats_temporal_maxpool_lasso/motor_only/held_out/regression/VLDII_plaVS/shap
17:53:14  ccnEvaluation         INFO     ── CV for VLDII_copVS (regression) ──
17:53:14  ccnEvaluation         INFO       X: (95, 186), y: (95,) (classes: [ 9. 10. 11. 12. 13. 14. 15. 16. 17.])
17:53:14  baselineEval.src.cross_validation  INFO     Skipping LGBM regressor (--skip-lgbm)
17:53:14  baselineEval.src.cross_validation  INFO     Regression CV: 1 models, 5×10 nested CV (50 total outer folds)
17:53:20  baselineEval.src.cross_validation  INFO       Saved: predictions_per_subject.csv
17:53:21  baselineEval.src.cross_validation  INFO       CV results: 50 rows → /srv/beegfs/scratch/shares/schaerm/schaer2/video_sam2_pose/humanLISBET-paper/baselineEval/results_stats_temporal_maxpool_lasso/motor_only/regression/VLDII_copVS/cv_results.csv
17:53:21  baselineEval.src.cross_validation  INFO     
── Regression summary (VLDII_copVS) ──
model     rmse       r2  spearman_r
lasso 2.032355 0.005031    0.310735
17:53:21  ccnEvaluation         INFO     ── Held-out for VLDII_copVS (regression | motor_only) ──
17:53:21  baselineEval.src.held_out  INFO     Best regression model: lasso (RMSE=2.0324 ± 0.1455)
17:53:21  baselineEval.src.held_out  INFO     Held-out regression (motor_only | VLDII_copVS): model=lasso RMSE=1.632 [1.155, 2.135] R²=0.038 [-1.056, 0.392] ρ=0.355
17:53:25  baselineEval.src.plotting  INFO       Saved: shap_bar_top20.png and shap_beeswarm_top20.png
17:53:25  baselineEval.src.held_out  INFO     SHAP saved → /srv/beegfs/scratch/shares/schaerm/schaer2/video_sam2_pose/humanLISBET-paper/baselineEval/results_stats_temporal_maxpool_lasso/motor_only/held_out/regression/VLDII_copVS/shap
17:53:25  ccnEvaluation         INFO     ── CV for VLDII_DaiSS (regression) ──
17:53:25  ccnEvaluation         INFO       X: (95, 186), y: (95,) (classes: [ 53.  62.  65.  67.  69.  71.  73.  75.  77.  78.  80.  81.  82.  83.
  86.  87.  89.  91.  93.  95.  96.  98. 100. 101. 102. 103. 104. 105.
 107. 109. 111. 113. 115. 118. 121.])
17:53:25  baselineEval.src.cross_validation  INFO     Skipping LGBM regressor (--skip-lgbm)
17:53:25  baselineEval.src.cross_validation  INFO     Regression CV: 1 models, 5×10 nested CV (50 total outer folds)
17:53:32  baselineEval.src.cross_validation  INFO       Saved: predictions_per_subject.csv
17:53:32  baselineEval.src.cross_validation  INFO       CV results: 50 rows → /srv/beegfs/scratch/shares/schaerm/schaer2/video_sam2_pose/humanLISBET-paper/baselineEval/results_stats_temporal_maxpool_lasso/motor_only/regression/VLDII_DaiSS/cv_results.csv
17:53:32  baselineEval.src.cross_validation  INFO     
── Regression summary (VLDII_DaiSS) ──
model      rmse       r2  spearman_r
lasso 12.896171 0.095314    0.386726
17:53:32  ccnEvaluation         INFO     ── Held-out for VLDII_DaiSS (regression | motor_only) ──
17:53:32  baselineEval.src.held_out  INFO     Best regression model: lasso (RMSE=12.8962 ± 1.2310)
17:53:33  baselineEval.src.held_out  INFO     Held-out regression (motor_only | VLDII_DaiSS): model=lasso RMSE=10.076 [7.325, 12.386] R²=0.517 [0.161, 0.671] ρ=0.745
17:53:37  baselineEval.src.plotting  INFO       Saved: shap_bar_top20.png and shap_beeswarm_top20.png
17:53:37  baselineEval.src.held_out  INFO     SHAP saved → /srv/beegfs/scratch/shares/schaerm/schaer2/video_sam2_pose/humanLISBET-paper/baselineEval/results_stats_temporal_maxpool_lasso/motor_only/held_out/regression/VLDII_DaiSS/shap
17:53:37  ccnEvaluation         INFO     ── CV for VLDII_perVS (regression) ──
17:53:37  ccnEvaluation         INFO       X: (95, 186), y: (95,) (classes: [ 7.  8.  9. 10. 11. 12. 13. 14. 15. 16. 17. 18.])
17:53:37  baselineEval.src.cross_validation  INFO     Skipping LGBM regressor (--skip-lgbm)
17:53:37  baselineEval.src.cross_validation  INFO     Regression CV: 1 models, 5×10 nested CV (50 total outer folds)
17:53:43  baselineEval.src.cross_validation  INFO       Saved: predictions_per_subject.csv
17:53:43  baselineEval.src.cross_validation  INFO       CV results: 50 rows → /srv/beegfs/scratch/shares/schaerm/schaer2/video_sam2_pose/humanLISBET-paper/baselineEval/results_stats_temporal_maxpool_lasso/motor_only/regression/VLDII_perVS/cv_results.csv
17:53:43  baselineEval.src.cross_validation  INFO     
── Regression summary (VLDII_perVS) ──
model     rmse        r2  spearman_r
lasso 2.703459 -0.008864    0.230983
17:53:43  ccnEvaluation         INFO     ── Held-out for VLDII_perVS (regression | motor_only) ──
17:53:43  baselineEval.src.held_out  INFO     Best regression model: lasso (RMSE=2.7035 ± 0.2890)
17:53:44  baselineEval.src.held_out  INFO     Held-out regression (motor_only | VLDII_perVS): model=lasso RMSE=2.182 [1.757, 2.571] R²=0.176 [-0.276, 0.242] ρ=0.610
17:53:48  baselineEval.src.plotting  INFO       Saved: shap_bar_top20.png and shap_beeswarm_top20.png
17:53:48  baselineEval.src.held_out  INFO     SHAP saved → /srv/beegfs/scratch/shares/schaerm/schaer2/video_sam2_pose/humanLISBET-paper/baselineEval/results_stats_temporal_maxpool_lasso/motor_only/held_out/regression/VLDII_perVS/shap
17:53:48  ccnEvaluation         INFO     ── CV for VLDII_comVS (regression) ──
17:53:48  ccnEvaluation         INFO       X: (95, 186), y: (95,) (classes: [ 7. 10. 11. 12. 13. 14. 15. 16. 17. 18. 20.])
17:53:48  baselineEval.src.cross_validation  INFO     Skipping LGBM regressor (--skip-lgbm)
17:53:48  baselineEval.src.cross_validation  INFO     Regression CV: 1 models, 5×10 nested CV (50 total outer folds)
17:53:54  baselineEval.src.cross_validation  INFO       Saved: predictions_per_subject.csv
17:53:54  baselineEval.src.cross_validation  INFO       CV results: 50 rows → /srv/beegfs/scratch/shares/schaerm/schaer2/video_sam2_pose/humanLISBET-paper/baselineEval/results_stats_temporal_maxpool_lasso/motor_only/regression/VLDII_comVS/cv_results.csv
17:53:54  baselineEval.src.cross_validation  INFO     
── Regression summary (VLDII_comVS) ──
model     rmse        r2  spearman_r
lasso 2.285854 -0.027218    0.150776
17:53:54  ccnEvaluation         INFO     ── Held-out for VLDII_comVS (regression | motor_only) ──
17:53:54  baselineEval.src.held_out  INFO     Best regression model: lasso (RMSE=2.2859 ± 0.2349)
17:53:55  baselineEval.src.held_out  INFO     Held-out regression (motor_only | VLDII_comVS): model=lasso RMSE=2.587 [1.672, 3.459] R²=0.200 [-0.223, 0.440] ρ=0.460
17:53:58  baselineEval.src.plotting  INFO       Saved: shap_bar_top20.png and shap_beeswarm_top20.png
17:53:58  baselineEval.src.held_out  INFO     SHAP saved → /srv/beegfs/scratch/shares/schaerm/schaer2/video_sam2_pose/humanLISBET-paper/baselineEval/results_stats_temporal_maxpool_lasso/motor_only/held_out/regression/VLDII_comVS/shap
17:53:58  ccnEvaluation         INFO     ── CV for VLDII_domVS (regression) ──
17:53:58  ccnEvaluation         INFO       X: (95, 186), y: (95,) (classes: [ 9. 10. 11. 12. 13. 14. 15. 16. 17. 18. 19. 20. 22.])
17:53:58  baselineEval.src.cross_validation  INFO     Skipping LGBM regressor (--skip-lgbm)
17:53:58  baselineEval.src.cross_validation  INFO     Regression CV: 1 models, 5×10 nested CV (50 total outer folds)
17:54:05  baselineEval.src.cross_validation  INFO       Saved: predictions_per_subject.csv
17:54:05  baselineEval.src.cross_validation  INFO       CV results: 50 rows → /srv/beegfs/scratch/shares/schaerm/schaer2/video_sam2_pose/humanLISBET-paper/baselineEval/results_stats_temporal_maxpool_lasso/motor_only/regression/VLDII_domVS/cv_results.csv
17:54:05  baselineEval.src.cross_validation  INFO     
── Regression summary (VLDII_domVS) ──
model     rmse       r2  spearman_r
lasso 2.537497 0.149982    0.432973
17:54:05  ccnEvaluation         INFO     ── Held-out for VLDII_domVS (regression | motor_only) ──
17:54:05  baselineEval.src.held_out  INFO     Best regression model: lasso (RMSE=2.5375 ± 0.2320)
17:54:05  baselineEval.src.held_out  INFO     Held-out regression (motor_only | VLDII_domVS): model=lasso RMSE=2.176 [1.485, 2.777] R²=0.463 [-0.141, 0.649] ρ=0.737
17:54:09  baselineEval.src.plotting  INFO       Saved: shap_bar_top20.png and shap_beeswarm_top20.png
17:54:09  baselineEval.src.held_out  INFO     SHAP saved → /srv/beegfs/scratch/shares/schaerm/schaer2/video_sam2_pose/humanLISBET-paper/baselineEval/results_stats_temporal_maxpool_lasso/motor_only/held_out/regression/VLDII_domVS/shap
17:54:09  ccnEvaluation         INFO     ── CV for VLDII_ComSS (regression) ──
17:54:09  ccnEvaluation         INFO       X: (95, 186), y: (95,) (classes: [ 44.  52.  54.  58.  59.  61.  63.  64.  65.  66.  69.  71.  72.  73.
  74.  76.  79.  80.  81.  84.  85.  86.  89.  90.  91.  93.  95.  97.
 100. 101. 102. 103. 104. 105. 107. 108. 110. 112. 113. 116. 118. 121.
 122. 125.])
17:54:09  baselineEval.src.cross_validation  INFO     Skipping LGBM regressor (--skip-lgbm)
17:54:09  baselineEval.src.cross_validation  INFO     Regression CV: 1 models, 5×10 nested CV (50 total outer folds)
17:54:16  baselineEval.src.cross_validation  INFO       Saved: predictions_per_subject.csv
17:54:16  baselineEval.src.cross_validation  INFO       CV results: 50 rows → /srv/beegfs/scratch/shares/schaerm/schaer2/video_sam2_pose/humanLISBET-paper/baselineEval/results_stats_temporal_maxpool_lasso/motor_only/regression/VLDII_ComSS/cv_results.csv
17:54:16  baselineEval.src.cross_validation  INFO     
── Regression summary (VLDII_ComSS) ──
model      rmse       r2  spearman_r
lasso 17.467111 0.169162    0.474582
17:54:16  ccnEvaluation         INFO     ── Held-out for VLDII_ComSS (regression | motor_only) ──
17:54:16  baselineEval.src.held_out  INFO     Best regression model: lasso (RMSE=17.4671 ± 1.6066)
17:54:17  baselineEval.src.held_out  INFO     Held-out regression (motor_only | VLDII_ComSS): model=lasso RMSE=16.542 [13.153, 19.557] R²=0.422 [0.044, 0.558] ρ=0.633
17:54:21  baselineEval.src.plotting  INFO       Saved: shap_bar_top20.png and shap_beeswarm_top20.png
17:54:21  baselineEval.src.held_out  INFO     SHAP saved → /srv/beegfs/scratch/shares/schaerm/schaer2/video_sam2_pose/humanLISBET-paper/baselineEval/results_stats_temporal_maxpool_lasso/motor_only/held_out/regression/VLDII_ComSS/shap
17:54:21  ccnEvaluation         INFO     ── CV for VLDII_expVS (regression) ──
17:54:21  ccnEvaluation         INFO       X: (95, 186), y: (95,) (classes: [ 6.  7.  8.  9. 10. 11. 12. 13. 14. 15. 16. 17. 18. 19. 20.])
17:54:21  baselineEval.src.cross_validation  INFO     Skipping LGBM regressor (--skip-lgbm)
17:54:21  baselineEval.src.cross_validation  INFO     Regression CV: 1 models, 5×10 nested CV (50 total outer folds)
17:54:27  baselineEval.src.cross_validation  INFO       Saved: predictions_per_subject.csv
17:54:27  baselineEval.src.cross_validation  INFO       CV results: 50 rows → /srv/beegfs/scratch/shares/schaerm/schaer2/video_sam2_pose/humanLISBET-paper/baselineEval/results_stats_temporal_maxpool_lasso/motor_only/regression/VLDII_expVS/cv_results.csv
17:54:27  baselineEval.src.cross_validation  INFO     
── Regression summary (VLDII_expVS) ──
model     rmse       r2  spearman_r
lasso 3.289775 0.179386    0.491263
17:54:27  ccnEvaluation         INFO     ── Held-out for VLDII_expVS (regression | motor_only) ──
17:54:27  baselineEval.src.held_out  INFO     Best regression model: lasso (RMSE=3.2898 ± 0.2703)
17:54:28  baselineEval.src.held_out  INFO     Held-out regression (motor_only | VLDII_expVS): model=lasso RMSE=2.792 [2.191, 3.391] R²=0.413 [-0.179, 0.603] ρ=0.782
17:54:32  baselineEval.src.plotting  INFO       Saved: shap_bar_top20.png and shap_beeswarm_top20.png
17:54:32  baselineEval.src.held_out  INFO     SHAP saved → /srv/beegfs/scratch/shares/schaerm/schaer2/video_sam2_pose/humanLISBET-paper/baselineEval/results_stats_temporal_maxpool_lasso/motor_only/held_out/regression/VLDII_expVS/shap
17:54:32  ccnEvaluation         INFO     ── CV for VLDII_recVS (regression) ──
17:54:32  ccnEvaluation         INFO       X: (95, 186), y: (95,) (classes: [ 3.  5.  6.  7.  8.  9. 10. 11. 12. 13. 14. 15. 16. 17. 18. 19. 20. 21.])
17:54:32  baselineEval.src.cross_validation  INFO     Skipping LGBM regressor (--skip-lgbm)
17:54:32  baselineEval.src.cross_validation  INFO     Regression CV: 1 models, 5×10 nested CV (50 total outer folds)
17:54:38  baselineEval.src.cross_validation  INFO       Saved: predictions_per_subject.csv
17:54:38  baselineEval.src.cross_validation  INFO       CV results: 50 rows → /srv/beegfs/scratch/shares/schaerm/schaer2/video_sam2_pose/humanLISBET-paper/baselineEval/results_stats_temporal_maxpool_lasso/motor_only/regression/VLDII_recVS/cv_results.csv
17:54:38  baselineEval.src.cross_validation  INFO     
── Regression summary (VLDII_recVS) ──
model     rmse       r2  spearman_r
lasso 3.577304 0.197132    0.515025
17:54:38  ccnEvaluation         INFO     ── Held-out for VLDII_recVS (regression | motor_only) ──
17:54:38  baselineEval.src.held_out  INFO     Best regression model: lasso (RMSE=3.5773 ± 0.4065)
17:54:39  baselineEval.src.held_out  INFO     Held-out regression (motor_only | VLDII_recVS): model=lasso RMSE=3.443 [2.625, 4.222] R²=0.442 [0.080, 0.599] ρ=0.694
17:54:43  baselineEval.src.plotting  INFO       Saved: shap_bar_top20.png and shap_beeswarm_top20.png
17:54:43  baselineEval.src.held_out  INFO     SHAP saved → /srv/beegfs/scratch/shares/schaerm/schaer2/video_sam2_pose/humanLISBET-paper/baselineEval/results_stats_temporal_maxpool_lasso/motor_only/held_out/regression/VLDII_recVS/shap
17:54:43  ccnEvaluation         INFO     ── CV for MSEL_TOTAL_DQ (regression) ──
17:54:43  ccnEvaluation         INFO       X: (100, 186), y: (100,) (classes: [ 18.02469136  32.43483412  34.59785415  38.08884914  38.95032984
  40.09469697  40.66399287  41.7597914   48.35352006  48.38185274
  48.56808071  49.32034527  52.60163835  52.78815173  53.41769972
  54.6043883   54.66514664  55.9129902   57.80945419  58.00856827
  58.01880411  58.49358974  60.55385401  60.73988735  61.21267952
  61.65540541  62.6717033   64.54699612  64.58014537  65.85307734
  66.03346902  66.56582561  67.46408956  68.67474001  69.12878788
  69.58887965  70.42091476  70.5832302   71.22161779  72.65127389
  72.74744284  73.39929215  73.55044202  73.63718709  74.37652068
  76.23385285  77.89159198  78.63298081  79.93217054  79.97485632
  80.39067013  81.47321429  82.45481928  83.44764518  83.72463299
  88.69235986  88.94106636  91.04190422  91.67078393  92.86194316
  92.9187448   93.08301946  94.84225533  95.62583836  96.63388805
  97.48931624  98.02617856 102.9518543  103.811149   107.0353937
 107.8029726  108.1764296  108.385181   108.6309524  108.7338226
 109.0520026  109.52137    111.8651489  112.1257819  112.192623
 112.5198886  112.8090659  112.8284389  113.5791843  115.0573568
 116.0376082  116.1326915  118.2653171  119.351962   120.5538618
 121.574912   125.622437   128.0608788  130.5093403  130.8806655
 132.3244751  135.4820159  139.7760116  149.1013072  149.4299051 ])
17:54:43  baselineEval.src.cross_validation  INFO     Skipping LGBM regressor (--skip-lgbm)
17:54:43  baselineEval.src.cross_validation  INFO     Regression CV: 1 models, 5×10 nested CV (50 total outer folds)
17:54:51  baselineEval.src.cross_validation  INFO       Saved: predictions_per_subject.csv
17:54:51  baselineEval.src.cross_validation  INFO       CV results: 50 rows → /srv/beegfs/scratch/shares/schaerm/schaer2/video_sam2_pose/humanLISBET-paper/baselineEval/results_stats_temporal_maxpool_lasso/motor_only/regression/MSEL_TOTAL_DQ/cv_results.csv
17:54:51  baselineEval.src.cross_validation  INFO     
── Regression summary (MSEL_TOTAL_DQ) ──
model      rmse       r2  spearman_r
lasso 25.109643 0.241009    0.537985
17:54:51  ccnEvaluation         INFO     ── Held-out for MSEL_TOTAL_DQ (regression | motor_only) ──
17:54:51  baselineEval.src.held_out  INFO     Best regression model: lasso (RMSE=25.1096 ± 2.9718)
17:54:52  baselineEval.src.held_out  INFO     Held-out regression (motor_only | MSEL_TOTAL_DQ): model=lasso RMSE=22.997 [17.630, 27.723] R²=0.513 [0.243, 0.609] ρ=0.855
17:54:55  baselineEval.src.plotting  INFO       Saved: shap_bar_top20.png and shap_beeswarm_top20.png
17:54:55  baselineEval.src.held_out  INFO     SHAP saved → /srv/beegfs/scratch/shares/schaerm/schaer2/video_sam2_pose/humanLISBET-paper/baselineEval/results_stats_temporal_maxpool_lasso/motor_only/held_out/regression/MSEL_TOTAL_DQ/shap
17:54:55  ccnEvaluation         INFO     ── CV for MSEL_FM_DQ (regression) ──
17:54:55  ccnEvaluation         INFO       X: (100, 186), y: (100,) (classes: [ 18.02469136  46.4649432   48.97137746  50.05646983  54.38484461
  55.25934702  55.26116578  55.3030303   59.06148867  60.89132507
  63.6627907   63.73690338  64.77896096  65.16194848  65.41218638
  65.72629052  69.06338694  69.12878788  69.33210784  70.91968912
  73.53479853  75.06258941  75.18022657  75.486618    75.66334992
  75.86923658  75.90612002  75.91514143  77.07927225  77.89159198
  78.29257829  79.43695591  79.91242474  80.18453427  80.89539007
  80.95690748  82.62072435  82.81765677  83.43724023  83.84379786
  83.94209957  85.6233244   85.79059829  85.92278719  87.62002743
  87.84596871  87.86462758  87.98209366  89.15229885  90.64569536
  90.75497288  90.7960199   92.60343482  92.99363057  93.43003413
  93.95109395  95.05208333  95.38327526  96.20155039  96.63388805
  96.66313559  97.1113645   97.65160523  97.76785714  98.45857418
  98.95429899  98.97788903  99.40087146  99.64898596 102.1903821
 102.8432377  103.6931818  103.811149   104.7045324  105.1267281
 105.4303871  106.1046512  106.538237   107.1589883  108.1764296
 108.201581   108.6309524  109.939759   111.4163614  111.6891065
 112.258348   112.5198886  113.5687229  114.1644325  115.1790314
 119.8555166  120.5538618  121.1819389  121.197515   121.574912
 122.124634   122.1456693  122.8956229  123.8687783  143.1372549 ])
17:54:55  baselineEval.src.cross_validation  INFO     Skipping LGBM regressor (--skip-lgbm)
17:54:55  baselineEval.src.cross_validation  INFO     Regression CV: 1 models, 5×10 nested CV (50 total outer folds)
17:55:03  baselineEval.src.cross_validation  INFO       Saved: predictions_per_subject.csv
17:55:03  baselineEval.src.cross_validation  INFO       CV results: 50 rows → /srv/beegfs/scratch/shares/schaerm/schaer2/video_sam2_pose/humanLISBET-paper/baselineEval/results_stats_temporal_maxpool_lasso/motor_only/regression/MSEL_FM_DQ/cv_results.csv
17:55:03  baselineEval.src.cross_validation  INFO     
── Regression summary (MSEL_FM_DQ) ──
model      rmse       r2  spearman_r
lasso 20.601069 0.044776    0.309085
17:55:03  ccnEvaluation         INFO     ── Held-out for MSEL_FM_DQ (regression | motor_only) ──
17:55:03  baselineEval.src.held_out  INFO     Best regression model: lasso (RMSE=20.6011 ± 2.6592)
17:55:04  baselineEval.src.held_out  INFO     Held-out regression (motor_only | MSEL_FM_DQ): model=lasso RMSE=17.517 [12.375, 22.247] R²=0.357 [-0.024, 0.524] ρ=0.686
17:55:07  baselineEval.src.plotting  INFO       Saved: shap_bar_top20.png and shap_beeswarm_top20.png
17:55:07  baselineEval.src.held_out  INFO     SHAP saved → /srv/beegfs/scratch/shares/schaerm/schaer2/video_sam2_pose/humanLISBET-paper/baselineEval/results_stats_temporal_maxpool_lasso/motor_only/held_out/regression/MSEL_FM_DQ/shap
17:55:07  ccnEvaluation         INFO     ── CV for MSEL_VR_DQ (regression) ──
17:55:07  ccnEvaluation         INFO       X: (100, 186), y: (100,) (classes: [ 24.78395062  38.27847693  40.84386519  44.24242424  48.97137746
  55.48645661  56.65502522  56.92959002  62.16881151  62.75283172
  64.71631206  65.27181688  65.72629052  66.12318841  66.69049889
  67.74833589  69.92337165  70.46332046  70.66795741  71.15009747
  72.16608084  73.80514706  73.80800341  75.41322314  76.86522262
  77.69631031  77.99145299  78.31273601  78.41474446  78.6637931
  79.18580909  79.31783825  80.21978022  83.77964805  84.0389186
  84.56192081  84.81797057  84.88372093  85.28037383  87.43066062
  88.66708914  89.11889597  89.35566001  89.46078431  89.57533077
  89.615829    90.15860634  92.33630952  93.50512357  93.81764069
  94.1109736   94.6140553   96.17918314  96.20155039  97.93244949
  98.97788903 100.5796275  102.1289538  103.2884465  104.0746873
 104.3095565  106.0098302  106.3795337  108.127254   109.5515537
 110.1055807  110.1609658  110.297536   111.6891065  113.7780549
 114.2017705  114.5637163  115.3090847  116.9871795  118.5064935
 121.4642263  123.6822289  124.5733788  125.1905488  125.2213369
 129.0167095  130.7503771  133.1727963  133.6408905  133.8188664
 134.9544937  135.1851852  136.0094851  136.515748   146.7828418
 147.3675711  148.8166269  148.8393977  151.821572   153.0708874
 158.9721254  159.8073555  175.8188825  192.7226814 ])
17:55:07  baselineEval.src.cross_validation  INFO     Skipping LGBM regressor (--skip-lgbm)
17:55:07  baselineEval.src.cross_validation  INFO     Regression CV: 1 models, 5×10 nested CV (50 total outer folds)
17:55:16  baselineEval.src.cross_validation  INFO       Saved: predictions_per_subject.csv
17:55:16  baselineEval.src.cross_validation  INFO       CV results: 50 rows → /srv/beegfs/scratch/shares/schaerm/schaer2/video_sam2_pose/humanLISBET-paper/baselineEval/results_stats_temporal_maxpool_lasso/motor_only/regression/MSEL_VR_DQ/cv_results.csv
17:55:16  baselineEval.src.cross_validation  INFO     
── Regression summary (MSEL_VR_DQ) ──
model      rmse       r2  spearman_r
lasso 29.550112 0.103973    0.393034
17:55:16  ccnEvaluation         INFO     ── Held-out for MSEL_VR_DQ (regression | motor_only) ──
17:55:16  baselineEval.src.held_out  INFO     Best regression model: lasso (RMSE=29.5501 ± 3.6265)
17:55:17  baselineEval.src.held_out  INFO     Held-out regression (motor_only | MSEL_VR_DQ): model=lasso RMSE=26.459 [20.691, 32.031] R²=0.380 [0.108, 0.460] ρ=0.760
17:55:20  baselineEval.src.plotting  INFO       Saved: shap_bar_top20.png and shap_beeswarm_top20.png
17:55:20  baselineEval.src.held_out  INFO     SHAP saved → /srv/beegfs/scratch/shares/schaerm/schaer2/video_sam2_pose/humanLISBET-paper/baselineEval/results_stats_temporal_maxpool_lasso/motor_only/held_out/regression/MSEL_VR_DQ/shap
17:55:20  ccnEvaluation         INFO     ── CV for MSEL_LR_DQ (regression) ──
17:55:20  ccnEvaluation         INFO       X: (100, 186), y: (100,) (classes: [  3.88463176   4.06639929   6.75925926   9.87554113  12.01290153
  16.59090909  18.70972466  20.22384752  20.94811754  21.24563446
  25.56022409  26.50048403  28.99586908  29.92695289  32.38948048
  32.63590844  35.30956329  37.26391016  38.9957265   40.25735294
  40.48807543  43.06091806  44.2961165   44.83182162  46.05097149
  46.79487179  47.45189808  48.93770627  50.11618082  50.37154989
  52.84749035  53.52588625  53.65219358  54.90373045  59.29174789
  59.55070281  62.02209006  62.16545012  62.65018881  63.07603687
  64.61056645  64.9288451   66.12318841  66.75811614  70.61011905
  70.91968912  71.94102807  73.19518717  74.25406872  76.30178639
  76.39534884  77.74980635  77.81007752  77.89159198  78.6637931
  79.07279029  79.43695591  80.19460138  82.52583979  83.43724023
  83.56227106  84.15678524  87.60560676  91.80080483  96.34238311
  96.50411281 102.7847309  104.0746873  105.9596995  107.2715207
 108.1764296  108.8902148  110.0871314  115.4120767  115.9171748
 116.9871795  117.5351288  118.5064935  119.2178672  119.8802164
 120.1122726  120.9753788  121.1819389  122.3190349  122.5189726
 124.5733788  126.9356955  127.766486   128.1288156  130.2021403
 130.5093403  132.9263068  138.2575758  142.6500252  144.1714836
 144.3321617  147.1132898  148.8393977  153.6195286  157.0567986 ])
17:55:20  baselineEval.src.cross_validation  INFO     Skipping LGBM regressor (--skip-lgbm)
17:55:20  baselineEval.src.cross_validation  INFO     Regression CV: 1 models, 5×10 nested CV (50 total outer folds)
17:55:28  baselineEval.src.cross_validation  INFO       Saved: predictions_per_subject.csv
17:55:28  baselineEval.src.cross_validation  INFO       CV results: 50 rows → /srv/beegfs/scratch/shares/schaerm/schaer2/video_sam2_pose/humanLISBET-paper/baselineEval/results_stats_temporal_maxpool_lasso/motor_only/regression/MSEL_LR_DQ/cv_results.csv
17:55:28  baselineEval.src.cross_validation  INFO     
── Regression summary (MSEL_LR_DQ) ──
model      rmse       r2  spearman_r
lasso 33.519746 0.295625    0.588872
17:55:28  ccnEvaluation         INFO     ── Held-out for MSEL_LR_DQ (regression | motor_only) ──
17:55:28  baselineEval.src.held_out  INFO     Best regression model: lasso (RMSE=33.5197 ± 3.4772)
17:55:29  baselineEval.src.held_out  INFO     Held-out regression (motor_only | MSEL_LR_DQ): model=lasso RMSE=27.782 [20.094, 33.877] R²=0.625 [0.346, 0.749] ρ=0.799
17:55:33  baselineEval.src.plotting  INFO       Saved: shap_bar_top20.png and shap_beeswarm_top20.png
17:55:33  baselineEval.src.held_out  INFO     SHAP saved → /srv/beegfs/scratch/shares/schaerm/schaer2/video_sam2_pose/humanLISBET-paper/baselineEval/results_stats_temporal_maxpool_lasso/motor_only/held_out/regression/MSEL_LR_DQ/shap
17:55:33  ccnEvaluation         INFO     ── CV for MSEL_LE_DQ (regression) ──
17:55:33  ccnEvaluation         INFO       X: (100, 186), y: (100,) (classes: [  9.94008715  14.16375631  17.66698935  21.62322275  22.5308642
  23.71669916  24.48568873  29.32736455  29.93313147  31.1965812
  31.83139535  32.5311943   34.96168582  35.3339787   36.51460584
  36.64658635  37.69462981  40.09226714  40.25735294  40.48807543
  41.27091814  41.92189893  43.37492573  44.24242424  44.2961165
  44.43993506  44.83182162  45.69027182  46.51656754  46.72299027
  47.44367418  50.11618082  50.12015105  50.13736264  50.93023256
  52.58200355  54.8048048   55.8530987   56.46658416  56.94227769
  57.72506083  58.12101911  59.82097832  59.93431856  60.11198946
  61.49957877  65.17857143  65.57490326  66.18574582  66.20785318
  69.12878788  69.55030488  71.37484958  72.66780432  73.41954023
  75.10288066  76.33526384  77.99145299  78.1455863   79.85282418
  80.57395143  81.54602324  82.20720721  83.94209957  84.10138249
  85.23058961  86.67962003  89.35128519  89.92073693  90.17483846
  91.02244389  91.36420526  91.65097301  93.77792672  94.24218952
  96.25527426  96.94555113  97.92085848 100.2099483  100.2747253
 103.2239819  106.0553231  108.127254   109.939759   111.2804878
 111.8651489  112.258348   114.1922639  115.7352358  116.9871795
 120.9753788  122.124634   124.6584699  128.4817876  128.8841808
 137.775842   140.655106   143.7007874  170.9694989 ])
17:55:33  baselineEval.src.cross_validation  INFO     Skipping LGBM regressor (--skip-lgbm)
17:55:33  baselineEval.src.cross_validation  INFO     Regression CV: 1 models, 5×10 nested CV (50 total outer folds)
17:55:41  baselineEval.src.cross_validation  INFO       Saved: predictions_per_subject.csv
17:55:41  baselineEval.src.cross_validation  INFO       CV results: 50 rows → /srv/beegfs/scratch/shares/schaerm/schaer2/video_sam2_pose/humanLISBET-paper/baselineEval/results_stats_temporal_maxpool_lasso/motor_only/regression/MSEL_LE_DQ/cv_results.csv
17:55:41  baselineEval.src.cross_validation  INFO     
── Regression summary (MSEL_LE_DQ) ──
model     rmse       r2  spearman_r
lasso 30.65903 0.161287    0.460983
17:55:41  ccnEvaluation         INFO     ── Held-out for MSEL_LE_DQ (regression | motor_only) ──
17:55:41  baselineEval.src.held_out  INFO     Best regression model: lasso (RMSE=30.6590 ± 3.9673)
17:55:42  baselineEval.src.held_out  INFO     Held-out regression (motor_only | MSEL_LE_DQ): model=lasso RMSE=26.147 [19.393, 32.841] R²=0.511 [0.112, 0.656] ρ=0.838
17:55:45  baselineEval.src.plotting  INFO       Saved: shap_bar_top20.png and shap_beeswarm_top20.png
17:55:45  baselineEval.src.held_out  INFO     SHAP saved → /srv/beegfs/scratch/shares/schaerm/schaer2/video_sam2_pose/humanLISBET-paper/baselineEval/results_stats_temporal_maxpool_lasso/motor_only/held_out/regression/MSEL_LE_DQ/shap
17:55:45  ccnEvaluation         INFO     ── CV for MSEL_NV_DQ (regression) ──
17:55:45  ccnEvaluation         INFO       X: (100, 186), y: (100,) (classes: [ 21.40432099  44.16747338  48.05160611  48.97137746  49.77272727
  58.71498864  60.1959643   60.90716019  63.02918895  63.79091198
  64.09642401  65.57490326  65.72629052  66.58026114  67.72345918
  67.91030161  70.16720315  71.56862745  72.80585106  73.37984863
  74.11468486  74.27325581  74.37794938  74.47079827  74.91789819
  76.17530756  76.74648129  76.87728938  77.59353741  79.97251931
  81.51480347  81.6976584   81.89102564  81.99943836  82.20720721
  82.35559567  83.73346137  83.90804598  84.15678524  84.60538218
  84.81199831  86.57250071  88.46431518  88.6496114   88.80778589
  88.87987013  91.05626327  91.88613478  92.03227433  92.13004822
  94.43082789  94.90379615  95.05208333  95.96479195  96.20155039
  96.39084507  96.49226641  97.36019132  97.52310803  97.94594067
  98.60764755  98.68968386  98.84549601  98.97788903  99.87039171
 100.2432517  102.1903821  103.1073446  109.0017065  109.0761612
 109.2369828  110.0871314  111.4163614  111.6531427  111.6891065
 114.2017705  115.7352358  116.0376082  116.2030831  116.810994
 116.9871795  119.3828214  119.8555166  121.5842367  122.8722053
 122.9496192  123.2016379  125.1071123  126.1626445  126.7361111
 127.1777003  128.2630522  128.3820346  129.3307087  130.6682578
 135.4820159  137.1387283  139.16122    139.8314361  157.8091521 ])
17:55:45  baselineEval.src.cross_validation  INFO     Skipping LGBM regressor (--skip-lgbm)
17:55:45  baselineEval.src.cross_validation  INFO     Regression CV: 1 models, 5×10 nested CV (50 total outer folds)
17:55:53  baselineEval.src.cross_validation  INFO       Saved: predictions_per_subject.csv
17:55:53  baselineEval.src.cross_validation  INFO       CV results: 50 rows → /srv/beegfs/scratch/shares/schaerm/schaer2/video_sam2_pose/humanLISBET-paper/baselineEval/results_stats_temporal_maxpool_lasso/motor_only/regression/MSEL_NV_DQ/cv_results.csv
17:55:53  baselineEval.src.cross_validation  INFO     
── Regression summary (MSEL_NV_DQ) ──
model      rmse       r2  spearman_r
lasso 22.991442 0.120612    0.447338
17:55:53  ccnEvaluation         INFO     ── Held-out for MSEL_NV_DQ (regression | motor_only) ──
17:55:53  baselineEval.src.held_out  INFO     Best regression model: lasso (RMSE=22.9914 ± 2.7269)
17:55:54  baselineEval.src.held_out  INFO     Held-out regression (motor_only | MSEL_NV_DQ): model=lasso RMSE=18.361 [14.840, 21.774] R²=0.501 [0.213, 0.629] ρ=0.821
17:55:58  baselineEval.src.plotting  INFO       Saved: shap_bar_top20.png and shap_beeswarm_top20.png
17:55:58  baselineEval.src.held_out  INFO     SHAP saved → /srv/beegfs/scratch/shares/schaerm/schaer2/video_sam2_pose/humanLISBET-paper/baselineEval/results_stats_temporal_maxpool_lasso/motor_only/held_out/regression/MSEL_NV_DQ/shap
17:55:58  ccnEvaluation         INFO     ── CV for MSEL_V_DQ (regression) ──
17:55:58  ccnEvaluation         INFO       X: (100, 186), y: (100,) (classes: [ 14.64506173  16.81806214  17.70469538  18.29879679  19.42315879
  25.02823491  25.13774105  27.1577381   27.20632081  29.4009959
  30.41666667  30.91723136  31.03741497  33.34524944  35.09615385
  36.40292553  37.2753268   37.99205148  39.16309013  39.59290454
  40.25735294  40.48807543  41.50422352  44.2961165   44.83182162
  47.46155586  48.09864458  48.46611722  48.93286143  50.11618082
  50.44223328  52.19708788  52.70214521  54.2462845   54.2693288
  54.68949248  54.82073643  54.89951357  56.38516993  58.28505645
  59.94525547  62.43158183  63.11758893  63.13929001  63.25823224
  63.6627907   64.59137709  67.89434524  69.06338694  70.46826734
  70.9304984   72.04972258  76.04166667  78.79965458  80.77686203
  81.15118577  83.23831243  85.25467149  85.85349462  85.92278719
  85.99599793  87.22984206  89.35566001  91.36789406  92.32431935
  92.73373984  94.37151949  94.86083166  95.8165773   97.07446809
  98.62059158  99.7831825  101.2242965  101.2355018  102.3816809
 103.6931818  103.8747811  107.1158763  108.0484808  109.063745
 110.7318923  111.4235219  114.0037352  114.2017705  115.3090847
 116.9871795  119.5234869  120.9753788  121.0967994  121.1872446
 122.9686881  124.051024   128.2952548  128.9440573  133.4982788
 135.3182415  135.4820159  141.0506581  142.4132948  159.0413943 ])
17:55:58  baselineEval.src.cross_validation  INFO     Skipping LGBM regressor (--skip-lgbm)
17:55:58  baselineEval.src.cross_validation  INFO     Regression CV: 1 models, 5×10 nested CV (50 total outer folds)
17:56:06  baselineEval.src.cross_validation  INFO       Saved: predictions_per_subject.csv
17:56:06  baselineEval.src.cross_validation  INFO       CV results: 50 rows → /srv/beegfs/scratch/shares/schaerm/schaer2/video_sam2_pose/humanLISBET-paper/baselineEval/results_stats_temporal_maxpool_lasso/motor_only/regression/MSEL_V_DQ/cv_results.csv
17:56:06  baselineEval.src.cross_validation  INFO     
── Regression summary (MSEL_V_DQ) ──
model      rmse       r2  spearman_r
lasso 29.844745 0.279587     0.58418
17:56:06  ccnEvaluation         INFO     ── Held-out for MSEL_V_DQ (regression | motor_only) ──
17:56:06  baselineEval.src.held_out  INFO     Best regression model: lasso (RMSE=29.8447 ± 3.5012)
17:56:07  baselineEval.src.held_out  INFO     Held-out regression (motor_only | MSEL_V_DQ): model=lasso RMSE=26.187 [19.928, 32.574] R²=0.588 [0.301, 0.700] ρ=0.882
17:56:10  baselineEval.src.plotting  INFO       Saved: shap_bar_top20.png and shap_beeswarm_top20.png
17:56:10  baselineEval.src.held_out  INFO     SHAP saved → /srv/beegfs/scratch/shares/schaerm/schaer2/video_sam2_pose/humanLISBET-paper/baselineEval/results_stats_temporal_maxpool_lasso/motor_only/held_out/regression/MSEL_V_DQ/shap
17:56:10  ccnEvaluation         INFO     ═══ Representation: full_kinematic ═══
17:56:10  ccnEvaluation         INFO       Features for full_kinematic: 206 columns
17:56:10  ccnEvaluation         INFO     ═══ Step 2: Preprocessing report ═══
17:56:10  baselineEval.src.preprocessing  INFO     Feature selection (full dataset): 206 features → 150 kept (0 missingness, 0 near-zero-var, 56 correlated)
17:56:10  baselineEval.src.preprocessing  INFO     Feature selection report → /srv/beegfs/scratch/shares/schaerm/schaer2/video_sam2_pose/humanLISBET-paper/baselineEval/results_stats_temporal_maxpool_lasso/full_kinematic/feature_selection_report.csv
17:56:10  baselineEval.src.preprocessing  INFO     PCA explained-variance data → /srv/beegfs/scratch/shares/schaerm/schaer2/video_sam2_pose/humanLISBET-paper/baselineEval/results_stats_temporal_maxpool_lasso/full_kinematic/pca_explained_variance.csv
17:56:11  baselineEval.src.preprocessing  INFO     PCA explained-variance plot → /srv/beegfs/scratch/shares/schaerm/schaer2/video_sam2_pose/humanLISBET-paper/baselineEval/results_stats_temporal_maxpool_lasso/full_kinematic/pca_explained_variance.png
17:56:11  ccnEvaluation         INFO     ── CV for diagnosis (classification) ──
17:56:11  ccnEvaluation         INFO       X: (102, 206), y: (102,) (classes: [0 1])
17:56:11  baselineEval.src.cross_validation  INFO     Skipping LGBM classifier (--skip-lgbm)
17:56:11  baselineEval.src.cross_validation  INFO     Classification CV: 1 models, 5×10 nested CV (50 total outer folds)
17:56:47  baselineEval.src.cross_validation  INFO       Saved: predictions_per_subject.csv
17:56:47  baselineEval.src.cross_validation  INFO       CV results: 50 rows → /srv/beegfs/scratch/shares/schaerm/schaer2/video_sam2_pose/humanLISBET-paper/baselineEval/results_stats_temporal_maxpool_lasso/full_kinematic/classification/diagnosis/cv_results.csv
17:56:47  baselineEval.src.cross_validation  INFO     
── Classification AUC-ROC summary (diagnosis) ──
model  auc_roc_mean  auc_roc_std
lasso       0.77792     0.098101
17:56:47  ccnEvaluation         INFO     ── Held-out for diagnosis (classification | full_kinematic) ──
17:56:47  baselineEval.src.held_out  INFO     Best classification model: lasso (AUC=0.7779 ± 0.0981)
17:56:47  baselineEval.src.held_out  INFO     Held-out classification (full_kinematic | diagnosis): model=lasso AUC=0.814 BAcc=0.686 Acc=0.706 [0.440, 0.897]
17:56:50  baselineEval.src.plotting  INFO       Saved: shap_bar_top20.png and shap_beeswarm_top20.png
17:56:50  baselineEval.src.held_out  INFO     SHAP saved → /srv/beegfs/scratch/shares/schaerm/schaer2/video_sam2_pose/humanLISBET-paper/baselineEval/results_stats_temporal_maxpool_lasso/full_kinematic/held_out/classification/diagnosis/shap
17:56:50  ccnEvaluation         INFO     ── CV for ADOS_2_ADOS_G_revised_RRB_level_of_symptoms (classification) ──
17:56:50  ccnEvaluation         INFO       X: (102, 206), y: (102,) (classes: [0 1 2])
17:56:50  baselineEval.src.cross_validation  INFO     Skipping LGBM classifier (--skip-lgbm)
17:56:50  baselineEval.src.cross_validation  INFO     Classification CV: 1 models, 5×10 nested CV (50 total outer folds)
17:57:46  baselineEval.src.cross_validation  INFO       Saved: predictions_per_subject.csv
17:57:46  baselineEval.src.cross_validation  INFO       CV results: 50 rows → /srv/beegfs/scratch/shares/schaerm/schaer2/video_sam2_pose/humanLISBET-paper/baselineEval/results_stats_temporal_maxpool_lasso/full_kinematic/classification/ADOS_2_ADOS_G_revised_RRB_level_of_symptoms/cv_results.csv
17:57:46  baselineEval.src.cross_validation  INFO     
── Classification F1-macro summary (ADOS_2_ADOS_G_revised_RRB_level_of_symptoms) ──
model  f1_macro_mean  f1_macro_std
lasso       0.597898      0.119189
17:57:46  ccnEvaluation         INFO     ── Held-out for ADOS_2_ADOS_G_revised_RRB_level_of_symptoms (classification | full_kinematic) ──
17:57:46  baselineEval.src.held_out  INFO     Best classification model: lasso (F1-macro=0.5979 ± 0.1192)
17:57:47  baselineEval.src.held_out  INFO     Held-out classification (full_kinematic | ADOS_2_ADOS_G_revised_RRB_level_of_symptoms): model=lasso F1-macro=0.552 BAcc=0.544 Acc=0.647 [0.383, 0.858]
17:57:50  baselineEval.src.plotting  INFO       Saved: shap_bar_top20.png and shap_beeswarm_top20.png
17:57:50  baselineEval.src.held_out  INFO     SHAP saved → /srv/beegfs/scratch/shares/schaerm/schaer2/video_sam2_pose/humanLISBET-paper/baselineEval/results_stats_temporal_maxpool_lasso/full_kinematic/held_out/classification/ADOS_2_ADOS_G_revised_RRB_level_of_symptoms/shap
17:57:50  ccnEvaluation         INFO     ── CV for ADOS_2_ADOS_G_REVISED_SA_LEVEL_OF_SYMPTOMS (classification) ──
17:57:50  ccnEvaluation         INFO       X: (102, 206), y: (102,) (classes: [0 1 2 3])
17:57:50  baselineEval.src.cross_validation  INFO     Skipping LGBM classifier (--skip-lgbm)
17:57:50  baselineEval.src.cross_validation  INFO     Classification CV: 1 models, 5×10 nested CV (50 total outer folds)
17:58:52  baselineEval.src.cross_validation  INFO       Saved: predictions_per_subject.csv
17:58:52  baselineEval.src.cross_validation  INFO       CV results: 50 rows → /srv/beegfs/scratch/shares/schaerm/schaer2/video_sam2_pose/humanLISBET-paper/baselineEval/results_stats_temporal_maxpool_lasso/full_kinematic/classification/ADOS_2_ADOS_G_REVISED_SA_LEVEL_OF_SYMPTOMS/cv_results.csv
17:58:52  baselineEval.src.cross_validation  INFO     
── Classification F1-macro summary (ADOS_2_ADOS_G_REVISED_SA_LEVEL_OF_SYMPTOMS) ──
model  f1_macro_mean  f1_macro_std
lasso       0.415432      0.093263
17:58:52  ccnEvaluation         INFO     ── Held-out for ADOS_2_ADOS_G_REVISED_SA_LEVEL_OF_SYMPTOMS (classification | full_kinematic) ──
17:58:52  baselineEval.src.held_out  INFO     Best classification model: lasso (F1-macro=0.4154 ± 0.0933)
17:58:53  baselineEval.src.held_out  INFO     Held-out classification (full_kinematic | ADOS_2_ADOS_G_REVISED_SA_LEVEL_OF_SYMPTOMS): model=lasso F1-macro=0.367 BAcc=0.408 Acc=0.471 [0.230, 0.722]
17:58:56  baselineEval.src.plotting  INFO       Saved: shap_bar_top20.png and shap_beeswarm_top20.png
17:58:56  baselineEval.src.held_out  INFO     SHAP saved → /srv/beegfs/scratch/shares/schaerm/schaer2/video_sam2_pose/humanLISBET-paper/baselineEval/results_stats_temporal_maxpool_lasso/full_kinematic/held_out/classification/ADOS_2_ADOS_G_REVISED_SA_LEVEL_OF_SYMPTOMS/shap
17:58:57  ccnEvaluation         INFO     ── CV for ADOS_G_ADOS_2_TOTAL_score_de_severite (regression) ──
17:58:57  ccnEvaluation         INFO       X: (102, 206), y: (102,) (classes: [ 1.  2.  3.  4.  5.  6.  7.  8.  9. 10.])
17:58:57  baselineEval.src.cross_validation  INFO     Skipping LGBM regressor (--skip-lgbm)
17:58:57  baselineEval.src.cross_validation  INFO     Regression CV: 1 models, 5×10 nested CV (50 total outer folds)
17:59:04  baselineEval.src.cross_validation  INFO       Saved: predictions_per_subject.csv
17:59:04  baselineEval.src.cross_validation  INFO       CV results: 50 rows → /srv/beegfs/scratch/shares/schaerm/schaer2/video_sam2_pose/humanLISBET-paper/baselineEval/results_stats_temporal_maxpool_lasso/full_kinematic/regression/ADOS_G_ADOS_2_TOTAL_score_de_severite/cv_results.csv
17:59:04  baselineEval.src.cross_validation  INFO     
── Regression summary (ADOS_G_ADOS_2_TOTAL_score_de_severite) ──
model     rmse       r2  spearman_r
lasso 2.805407 0.286121    0.617685
17:59:04  ccnEvaluation         INFO     ── Held-out for ADOS_G_ADOS_2_TOTAL_score_de_severite (regression | full_kinematic) ──
17:59:04  baselineEval.src.held_out  INFO     Best regression model: lasso (RMSE=2.8054 ± 0.3525)
17:59:05  baselineEval.src.held_out  INFO     Held-out regression (full_kinematic | ADOS_G_ADOS_2_TOTAL_score_de_severite): model=lasso RMSE=2.662 [1.730, 3.475] R²=0.423 [-0.019, 0.722] ρ=0.570
17:59:08  baselineEval.src.plotting  INFO       Saved: shap_bar_top20.png and shap_beeswarm_top20.png
17:59:08  baselineEval.src.held_out  INFO     SHAP saved → /srv/beegfs/scratch/shares/schaerm/schaer2/video_sam2_pose/humanLISBET-paper/baselineEval/results_stats_temporal_maxpool_lasso/full_kinematic/held_out/regression/ADOS_G_ADOS_2_TOTAL_score_de_severite/shap
17:59:08  ccnEvaluation         INFO     ── CV for ADOS_2_ADOS_G_REVISED_SA_SEVERITY_SCORE (regression) ──
17:59:08  ccnEvaluation         INFO       X: (102, 206), y: (102,) (classes: [ 1.  2.  3.  4.  5.  6.  7.  9. 10.])
17:59:08  baselineEval.src.cross_validation  INFO     Skipping LGBM regressor (--skip-lgbm)
17:59:08  baselineEval.src.cross_validation  INFO     Regression CV: 1 models, 5×10 nested CV (50 total outer folds)
17:59:15  baselineEval.src.cross_validation  INFO       Saved: predictions_per_subject.csv
17:59:15  baselineEval.src.cross_validation  INFO       CV results: 50 rows → /srv/beegfs/scratch/shares/schaerm/schaer2/video_sam2_pose/humanLISBET-paper/baselineEval/results_stats_temporal_maxpool_lasso/full_kinematic/regression/ADOS_2_ADOS_G_REVISED_SA_SEVERITY_SCORE/cv_results.csv
17:59:15  baselineEval.src.cross_validation  INFO     
── Regression summary (ADOS_2_ADOS_G_REVISED_SA_SEVERITY_SCORE) ──
model     rmse       r2  spearman_r
lasso 2.520882 0.316094    0.583396
17:59:15  ccnEvaluation         INFO     ── Held-out for ADOS_2_ADOS_G_REVISED_SA_SEVERITY_SCORE (regression | full_kinematic) ──
17:59:15  baselineEval.src.held_out  INFO     Best regression model: lasso (RMSE=2.5209 ± 0.2936)
17:59:16  baselineEval.src.held_out  INFO     Held-out regression (full_kinematic | ADOS_2_ADOS_G_REVISED_SA_SEVERITY_SCORE): model=lasso RMSE=2.267 [1.223, 3.191] R²=0.376 [-0.184, 0.773] ρ=0.621
17:59:19  baselineEval.src.plotting  INFO       Saved: shap_bar_top20.png and shap_beeswarm_top20.png
17:59:19  baselineEval.src.held_out  INFO     SHAP saved → /srv/beegfs/scratch/shares/schaerm/schaer2/video_sam2_pose/humanLISBET-paper/baselineEval/results_stats_temporal_maxpool_lasso/full_kinematic/held_out/regression/ADOS_2_ADOS_G_REVISED_SA_SEVERITY_SCORE/shap
17:59:19  ccnEvaluation         INFO     ── CV for ADOS_2_ADOS_G_REVISED_RRB_SEVERITY_SCORE_new (regression) ──
17:59:19  ccnEvaluation         INFO       X: (102, 206), y: (102,) (classes: [ 1.  5.  6.  7.  8.  9. 10.])
17:59:19  baselineEval.src.cross_validation  INFO     Skipping LGBM regressor (--skip-lgbm)
17:59:19  baselineEval.src.cross_validation  INFO     Regression CV: 1 models, 5×10 nested CV (50 total outer folds)
17:59:26  baselineEval.src.cross_validation  INFO       Saved: predictions_per_subject.csv
17:59:26  baselineEval.src.cross_validation  INFO       CV results: 50 rows → /srv/beegfs/scratch/shares/schaerm/schaer2/video_sam2_pose/humanLISBET-paper/baselineEval/results_stats_temporal_maxpool_lasso/full_kinematic/regression/ADOS_2_ADOS_G_REVISED_RRB_SEVERITY_SCORE_new/cv_results.csv
17:59:26  baselineEval.src.cross_validation  INFO     
── Regression summary (ADOS_2_ADOS_G_REVISED_RRB_SEVERITY_SCORE_new) ──
model     rmse       r2  spearman_r
lasso 2.923411 0.131681    0.476249
17:59:26  ccnEvaluation         INFO     ── Held-out for ADOS_2_ADOS_G_REVISED_RRB_SEVERITY_SCORE_new (regression | full_kinematic) ──
17:59:26  baselineEval.src.held_out  INFO     Best regression model: lasso (RMSE=2.9234 ± 0.3950)
17:59:27  baselineEval.src.held_out  INFO     Held-out regression (full_kinematic | ADOS_2_ADOS_G_REVISED_RRB_SEVERITY_SCORE_new): model=lasso RMSE=2.959 [2.082, 3.795] R²=0.382 [0.004, 0.606] ρ=0.713
17:59:30  baselineEval.src.plotting  INFO       Saved: shap_bar_top20.png and shap_beeswarm_top20.png
17:59:30  baselineEval.src.held_out  INFO     SHAP saved → /srv/beegfs/scratch/shares/schaerm/schaer2/video_sam2_pose/humanLISBET-paper/baselineEval/results_stats_temporal_maxpool_lasso/full_kinematic/held_out/regression/ADOS_2_ADOS_G_REVISED_RRB_SEVERITY_SCORE_new/shap
17:59:30  ccnEvaluation         INFO     ── CV for VLDII_AdSS (regression) ──
17:59:30  ccnEvaluation         INFO       X: (95, 206), y: (95,) (classes: [ 51.  63.  64.  65.  66.  68.  69.  70.  71.  72.  73.  74.  75.  76.
  77.  78.  79.  80.  81.  83.  84.  85.  86.  87.  88.  89.  90.  91.
  92.  93.  94.  95.  96.  97.  99. 100. 102. 103. 104. 105. 107. 108.
 109. 110. 113. 115. 117.])
17:59:30  baselineEval.src.cross_validation  INFO     Skipping LGBM regressor (--skip-lgbm)
17:59:30  baselineEval.src.cross_validation  INFO     Regression CV: 1 models, 5×10 nested CV (50 total outer folds)
17:59:38  baselineEval.src.cross_validation  INFO       Saved: predictions_per_subject.csv
17:59:38  baselineEval.src.cross_validation  INFO       CV results: 50 rows → /srv/beegfs/scratch/shares/schaerm/schaer2/video_sam2_pose/humanLISBET-paper/baselineEval/results_stats_temporal_maxpool_lasso/full_kinematic/regression/VLDII_AdSS/cv_results.csv
17:59:38  baselineEval.src.cross_validation  INFO     
── Regression summary (VLDII_AdSS) ──
model      rmse       r2  spearman_r
lasso 13.420864 0.154732    0.437432
17:59:38  ccnEvaluation         INFO     ── Held-out for VLDII_AdSS (regression | full_kinematic) ──
17:59:38  baselineEval.src.held_out  INFO     Best regression model: lasso (RMSE=13.4209 ± 1.2986)
17:59:39  baselineEval.src.held_out  INFO     Held-out regression (full_kinematic | VLDII_AdSS): model=lasso RMSE=11.763 [9.005, 14.223] R²=0.447 [0.159, 0.591] ρ=0.744
17:59:42  baselineEval.src.plotting  INFO       Saved: shap_bar_top20.png and shap_beeswarm_top20.png
17:59:42  baselineEval.src.held_out  INFO     SHAP saved → /srv/beegfs/scratch/shares/schaerm/schaer2/video_sam2_pose/humanLISBET-paper/baselineEval/results_stats_temporal_maxpool_lasso/full_kinematic/held_out/regression/VLDII_AdSS/shap
17:59:42  ccnEvaluation         INFO     ── CV for VLDII_MotorSS (regression) ──
17:59:42  ccnEvaluation         INFO       X: (95, 206), y: (95,) (classes: [ 56.  67.  69.  70.  72.  75.  79.  81.  82.  84.  85.  88.  90.  93.
  94.  95.  96.  97. 100. 102. 104. 105. 106. 108. 111. 114. 121. 131.])
17:59:42  baselineEval.src.cross_validation  INFO     Skipping LGBM regressor (--skip-lgbm)
17:59:42  baselineEval.src.cross_validation  INFO     Regression CV: 1 models, 5×10 nested CV (50 total outer folds)
17:59:50  baselineEval.src.cross_validation  INFO       Saved: predictions_per_subject.csv
17:59:50  baselineEval.src.cross_validation  INFO       CV results: 50 rows → /srv/beegfs/scratch/shares/schaerm/schaer2/video_sam2_pose/humanLISBET-paper/baselineEval/results_stats_temporal_maxpool_lasso/full_kinematic/regression/VLDII_MotorSS/cv_results.csv
17:59:50  baselineEval.src.cross_validation  INFO     
── Regression summary (VLDII_MotorSS) ──
model      rmse        r2  spearman_r
lasso 12.495983 -0.031451   -0.085417
17:59:50  ccnEvaluation         INFO     ── Held-out for VLDII_MotorSS (regression | full_kinematic) ──
17:59:50  baselineEval.src.held_out  INFO     Best regression model: lasso (RMSE=12.4960 ± 1.3968)
/srv/beegfs/scratch/shares/schaerm/schaer2/video_sam2_pose/humanLISBET-paper/baselineEval/src/held_out.py:422: ConstantInputWarning: An input array is constant; the correlation coefficient is not defined.
  sp_r, _ = spearmanr(y_test, y_pred)
/srv/beegfs/scratch/shares/schaerm/schaer2/video_sam2_pose/humanLISBET-paper/baselineEval/src/held_out.py:423: ConstantInputWarning: An input array is constant; the correlation coefficient is not defined.
  pe_r, _ = pearsonr(y_test, y_pred)
17:59:51  baselineEval.src.held_out  INFO     Held-out regression (full_kinematic | VLDII_MotorSS): model=lasso RMSE=12.713 [9.358, 16.144] R²=-0.009 [-0.572, -0.000] ρ=nan
17:59:54  baselineEval.src.plotting  INFO       Saved: shap_bar_top20.png and shap_beeswarm_top20.png
17:59:54  baselineEval.src.held_out  INFO     SHAP saved → /srv/beegfs/scratch/shares/schaerm/schaer2/video_sam2_pose/humanLISBET-paper/baselineEval/results_stats_temporal_maxpool_lasso/full_kinematic/held_out/regression/VLDII_MotorSS/shap
17:59:54  ccnEvaluation         INFO     ── CV for VLDII_gmsVS (regression) ──
17:59:54  ccnEvaluation         INFO       X: (95, 206), y: (95,) (classes: [ 8.  9. 10. 11. 12. 13. 14. 15. 16. 17. 18. 22.])
17:59:54  baselineEval.src.cross_validation  INFO     Skipping LGBM regressor (--skip-lgbm)
17:59:54  baselineEval.src.cross_validation  INFO     Regression CV: 1 models, 5×10 nested CV (50 total outer folds)
18:00:01  baselineEval.src.cross_validation  INFO       Saved: predictions_per_subject.csv
18:00:01  baselineEval.src.cross_validation  INFO       CV results: 50 rows → /srv/beegfs/scratch/shares/schaerm/schaer2/video_sam2_pose/humanLISBET-paper/baselineEval/results_stats_temporal_maxpool_lasso/full_kinematic/regression/VLDII_gmsVS/cv_results.csv
18:00:01  baselineEval.src.cross_validation  INFO     
── Regression summary (VLDII_gmsVS) ──
model     rmse        r2  spearman_r
lasso 2.137806 -0.035926   -0.252335
18:00:01  ccnEvaluation         INFO     ── Held-out for VLDII_gmsVS (regression | full_kinematic) ──
18:00:01  baselineEval.src.held_out  INFO     Best regression model: lasso (RMSE=2.1378 ± 0.3574)
/srv/beegfs/scratch/shares/schaerm/schaer2/video_sam2_pose/humanLISBET-paper/baselineEval/src/held_out.py:422: ConstantInputWarning: An input array is constant; the correlation coefficient is not defined.
  sp_r, _ = spearmanr(y_test, y_pred)
/srv/beegfs/scratch/shares/schaerm/schaer2/video_sam2_pose/humanLISBET-paper/baselineEval/src/held_out.py:423: ConstantInputWarning: An input array is constant; the correlation coefficient is not defined.
  pe_r, _ = pearsonr(y_test, y_pred)
18:00:02  baselineEval.src.held_out  INFO     Held-out regression (full_kinematic | VLDII_gmsVS): model=lasso RMSE=1.893 [1.289, 2.418] R²=-0.014 [-0.494, -0.000] ρ=nan
18:00:05  baselineEval.src.plotting  INFO       Saved: shap_bar_top20.png and shap_beeswarm_top20.png
18:00:05  baselineEval.src.held_out  INFO     SHAP saved → /srv/beegfs/scratch/shares/schaerm/schaer2/video_sam2_pose/humanLISBET-paper/baselineEval/results_stats_temporal_maxpool_lasso/full_kinematic/held_out/regression/VLDII_gmsVS/shap
18:00:05  ccnEvaluation         INFO     ── CV for VLDII_fmsVS (regression) ──
18:00:05  ccnEvaluation         INFO       X: (95, 206), y: (95,) (classes: [ 7.  8.  9. 10. 11. 12. 13. 14. 15. 16. 17. 18.])
18:00:05  baselineEval.src.cross_validation  INFO     Skipping LGBM regressor (--skip-lgbm)
18:00:05  baselineEval.src.cross_validation  INFO     Regression CV: 1 models, 5×10 nested CV (50 total outer folds)
18:00:12  baselineEval.src.cross_validation  INFO       Saved: predictions_per_subject.csv
18:00:12  baselineEval.src.cross_validation  INFO       CV results: 50 rows → /srv/beegfs/scratch/shares/schaerm/schaer2/video_sam2_pose/humanLISBET-paper/baselineEval/results_stats_temporal_maxpool_lasso/full_kinematic/regression/VLDII_fmsVS/cv_results.csv
18:00:12  baselineEval.src.cross_validation  INFO     
── Regression summary (VLDII_fmsVS) ──
model     rmse        r2  spearman_r
lasso 2.473876 -0.033901    0.142941
18:00:12  ccnEvaluation         INFO     ── Held-out for VLDII_fmsVS (regression | full_kinematic) ──
18:00:12  baselineEval.src.held_out  INFO     Best regression model: lasso (RMSE=2.4739 ± 0.2417)
/srv/beegfs/scratch/shares/schaerm/schaer2/video_sam2_pose/humanLISBET-paper/baselineEval/src/held_out.py:422: ConstantInputWarning: An input array is constant; the correlation coefficient is not defined.
  sp_r, _ = spearmanr(y_test, y_pred)
/srv/beegfs/scratch/shares/schaerm/schaer2/video_sam2_pose/humanLISBET-paper/baselineEval/src/held_out.py:423: ConstantInputWarning: An input array is constant; the correlation coefficient is not defined.
  pe_r, _ = pearsonr(y_test, y_pred)
18:00:13  baselineEval.src.held_out  INFO     Held-out regression (full_kinematic | VLDII_fmsVS): model=lasso RMSE=2.495 [1.826, 3.138] R²=-0.013 [-0.555, -0.000] ρ=nan
18:00:16  baselineEval.src.plotting  INFO       Saved: shap_bar_top20.png and shap_beeswarm_top20.png
18:00:16  baselineEval.src.held_out  INFO     SHAP saved → /srv/beegfs/scratch/shares/schaerm/schaer2/video_sam2_pose/humanLISBET-paper/baselineEval/results_stats_temporal_maxpool_lasso/full_kinematic/held_out/regression/VLDII_fmsVS/shap
18:00:16  ccnEvaluation         INFO     ── CV for VLDII_SocSS (regression) ──
18:00:16  ccnEvaluation         INFO       X: (95, 206), y: (95,) (classes: [ 59.  65.  66.  68.  70.  72.  74.  75.  76.  78.  79.  80.  81.  82.
  84.  86.  88.  89.  90.  91.  92.  94.  95.  96.  98. 100. 101. 102.
 105. 109. 111. 112. 114.])
18:00:16  baselineEval.src.cross_validation  INFO     Skipping LGBM regressor (--skip-lgbm)
18:00:16  baselineEval.src.cross_validation  INFO     Regression CV: 1 models, 5×10 nested CV (50 total outer folds)
18:00:24  baselineEval.src.cross_validation  INFO       Saved: predictions_per_subject.csv
18:00:24  baselineEval.src.cross_validation  INFO       CV results: 50 rows → /srv/beegfs/scratch/shares/schaerm/schaer2/video_sam2_pose/humanLISBET-paper/baselineEval/results_stats_temporal_maxpool_lasso/full_kinematic/regression/VLDII_SocSS/cv_results.csv
18:00:24  baselineEval.src.cross_validation  INFO     
── Regression summary (VLDII_SocSS) ──
model      rmse       r2  spearman_r
lasso 11.478326 0.101924    0.445865
18:00:24  ccnEvaluation         INFO     ── Held-out for VLDII_SocSS (regression | full_kinematic) ──
18:00:24  baselineEval.src.held_out  INFO     Best regression model: lasso (RMSE=11.4783 ± 1.1637)
18:00:24  baselineEval.src.held_out  INFO     Held-out regression (full_kinematic | VLDII_SocSS): model=lasso RMSE=9.975 [7.583, 12.317] R²=0.346 [0.017, 0.503] ρ=0.662
18:00:27  baselineEval.src.plotting  INFO       Saved: shap_bar_top20.png and shap_beeswarm_top20.png
18:00:27  baselineEval.src.held_out  INFO     SHAP saved → /srv/beegfs/scratch/shares/schaerm/schaer2/video_sam2_pose/humanLISBET-paper/baselineEval/results_stats_temporal_maxpool_lasso/full_kinematic/held_out/regression/VLDII_SocSS/shap
18:00:27  ccnEvaluation         INFO     ── CV for VLDII_intVS (regression) ──
18:00:27  ccnEvaluation         INFO       X: (95, 206), y: (95,) (classes: [ 6.  8.  9. 10. 11. 12. 13. 14. 15. 16. 17. 18. 19. 20.])
18:00:27  baselineEval.src.cross_validation  INFO     Skipping LGBM regressor (--skip-lgbm)
18:00:27  baselineEval.src.cross_validation  INFO     Regression CV: 1 models, 5×10 nested CV (50 total outer folds)
18:00:34  baselineEval.src.cross_validation  INFO       Saved: predictions_per_subject.csv
18:00:34  baselineEval.src.cross_validation  INFO       CV results: 50 rows → /srv/beegfs/scratch/shares/schaerm/schaer2/video_sam2_pose/humanLISBET-paper/baselineEval/results_stats_temporal_maxpool_lasso/full_kinematic/regression/VLDII_intVS/cv_results.csv
18:00:34  baselineEval.src.cross_validation  INFO     
── Regression summary (VLDII_intVS) ──
model    rmse       r2  spearman_r
lasso 2.52209 0.116178    0.444589
18:00:34  ccnEvaluation         INFO     ── Held-out for VLDII_intVS (regression | full_kinematic) ──
18:00:34  baselineEval.src.held_out  INFO     Best regression model: lasso (RMSE=2.5221 ± 0.2955)
18:00:35  baselineEval.src.held_out  INFO     Held-out regression (full_kinematic | VLDII_intVS): model=lasso RMSE=2.485 [2.043, 2.915] R²=0.311 [-0.039, 0.409] ρ=0.755
18:00:38  baselineEval.src.plotting  INFO       Saved: shap_bar_top20.png and shap_beeswarm_top20.png
18:00:38  baselineEval.src.held_out  INFO     SHAP saved → /srv/beegfs/scratch/shares/schaerm/schaer2/video_sam2_pose/humanLISBET-paper/baselineEval/results_stats_temporal_maxpool_lasso/full_kinematic/held_out/regression/VLDII_intVS/shap
18:00:38  ccnEvaluation         INFO     ── CV for VLDII_plaVS (regression) ──
18:00:38  ccnEvaluation         INFO       X: (95, 206), y: (95,) (classes: [ 7.  8.  9. 10. 11. 12. 13. 14. 15. 16. 17. 18. 19.])
18:00:38  baselineEval.src.cross_validation  INFO     Skipping LGBM regressor (--skip-lgbm)
18:00:38  baselineEval.src.cross_validation  INFO     Regression CV: 1 models, 5×10 nested CV (50 total outer folds)
18:00:45  baselineEval.src.cross_validation  INFO       Saved: predictions_per_subject.csv
18:00:45  baselineEval.src.cross_validation  INFO       CV results: 50 rows → /srv/beegfs/scratch/shares/schaerm/schaer2/video_sam2_pose/humanLISBET-paper/baselineEval/results_stats_temporal_maxpool_lasso/full_kinematic/regression/VLDII_plaVS/cv_results.csv
18:00:45  baselineEval.src.cross_validation  INFO     
── Regression summary (VLDII_plaVS) ──
model     rmse       r2  spearman_r
lasso 2.400397 0.113371    0.376348
18:00:45  ccnEvaluation         INFO     ── Held-out for VLDII_plaVS (regression | full_kinematic) ──
18:00:45  baselineEval.src.held_out  INFO     Best regression model: lasso (RMSE=2.4004 ± 0.2873)
18:00:46  baselineEval.src.held_out  INFO     Held-out regression (full_kinematic | VLDII_plaVS): model=lasso RMSE=1.670 [1.253, 2.033] R²=0.565 [0.263, 0.684] ρ=0.810
18:00:49  baselineEval.src.plotting  INFO       Saved: shap_bar_top20.png and shap_beeswarm_top20.png
18:00:49  baselineEval.src.held_out  INFO     SHAP saved → /srv/beegfs/scratch/shares/schaerm/schaer2/video_sam2_pose/humanLISBET-paper/baselineEval/results_stats_temporal_maxpool_lasso/full_kinematic/held_out/regression/VLDII_plaVS/shap
18:00:49  ccnEvaluation         INFO     ── CV for VLDII_copVS (regression) ──
18:00:49  ccnEvaluation         INFO       X: (95, 206), y: (95,) (classes: [ 9. 10. 11. 12. 13. 14. 15. 16. 17.])
18:00:49  baselineEval.src.cross_validation  INFO     Skipping LGBM regressor (--skip-lgbm)
18:00:49  baselineEval.src.cross_validation  INFO     Regression CV: 1 models, 5×10 nested CV (50 total outer folds)
18:00:56  baselineEval.src.cross_validation  INFO       Saved: predictions_per_subject.csv
18:00:56  baselineEval.src.cross_validation  INFO       CV results: 50 rows → /srv/beegfs/scratch/shares/schaerm/schaer2/video_sam2_pose/humanLISBET-paper/baselineEval/results_stats_temporal_maxpool_lasso/full_kinematic/regression/VLDII_copVS/cv_results.csv
18:00:56  baselineEval.src.cross_validation  INFO     
── Regression summary (VLDII_copVS) ──
model     rmse      r2  spearman_r
lasso 2.032167 0.00836    0.313184
18:00:56  ccnEvaluation         INFO     ── Held-out for VLDII_copVS (regression | full_kinematic) ──
18:00:56  baselineEval.src.held_out  INFO     Best regression model: lasso (RMSE=2.0322 ± 0.1542)
18:00:57  baselineEval.src.held_out  INFO     Held-out regression (full_kinematic | VLDII_copVS): model=lasso RMSE=1.632 [1.155, 2.135] R²=0.038 [-1.056, 0.392] ρ=0.355
18:01:00  baselineEval.src.plotting  INFO       Saved: shap_bar_top20.png and shap_beeswarm_top20.png
18:01:00  baselineEval.src.held_out  INFO     SHAP saved → /srv/beegfs/scratch/shares/schaerm/schaer2/video_sam2_pose/humanLISBET-paper/baselineEval/results_stats_temporal_maxpool_lasso/full_kinematic/held_out/regression/VLDII_copVS/shap
18:01:00  ccnEvaluation         INFO     ── CV for VLDII_DaiSS (regression) ──
18:01:00  ccnEvaluation         INFO       X: (95, 206), y: (95,) (classes: [ 53.  62.  65.  67.  69.  71.  73.  75.  77.  78.  80.  81.  82.  83.
  86.  87.  89.  91.  93.  95.  96.  98. 100. 101. 102. 103. 104. 105.
 107. 109. 111. 113. 115. 118. 121.])
18:01:00  baselineEval.src.cross_validation  INFO     Skipping LGBM regressor (--skip-lgbm)
18:01:00  baselineEval.src.cross_validation  INFO     Regression CV: 1 models, 5×10 nested CV (50 total outer folds)
18:01:08  baselineEval.src.cross_validation  INFO       Saved: predictions_per_subject.csv
18:01:08  baselineEval.src.cross_validation  INFO       CV results: 50 rows → /srv/beegfs/scratch/shares/schaerm/schaer2/video_sam2_pose/humanLISBET-paper/baselineEval/results_stats_temporal_maxpool_lasso/full_kinematic/regression/VLDII_DaiSS/cv_results.csv
18:01:08  baselineEval.src.cross_validation  INFO     
── Regression summary (VLDII_DaiSS) ──
model     rmse       r2  spearman_r
lasso 12.95697 0.089895    0.404452
18:01:08  ccnEvaluation         INFO     ── Held-out for VLDII_DaiSS (regression | full_kinematic) ──
18:01:08  baselineEval.src.held_out  INFO     Best regression model: lasso (RMSE=12.9570 ± 1.2909)
18:01:09  baselineEval.src.held_out  INFO     Held-out regression (full_kinematic | VLDII_DaiSS): model=lasso RMSE=11.261 [7.875, 14.460] R²=0.397 [0.114, 0.533] ρ=0.740
18:01:12  baselineEval.src.plotting  INFO       Saved: shap_bar_top20.png and shap_beeswarm_top20.png
18:01:12  baselineEval.src.held_out  INFO     SHAP saved → /srv/beegfs/scratch/shares/schaerm/schaer2/video_sam2_pose/humanLISBET-paper/baselineEval/results_stats_temporal_maxpool_lasso/full_kinematic/held_out/regression/VLDII_DaiSS/shap
18:01:12  ccnEvaluation         INFO     ── CV for VLDII_perVS (regression) ──
18:01:12  ccnEvaluation         INFO       X: (95, 206), y: (95,) (classes: [ 7.  8.  9. 10. 11. 12. 13. 14. 15. 16. 17. 18.])
18:01:12  baselineEval.src.cross_validation  INFO     Skipping LGBM regressor (--skip-lgbm)
18:01:12  baselineEval.src.cross_validation  INFO     Regression CV: 1 models, 5×10 nested CV (50 total outer folds)
18:01:19  baselineEval.src.cross_validation  INFO       Saved: predictions_per_subject.csv
18:01:19  baselineEval.src.cross_validation  INFO       CV results: 50 rows → /srv/beegfs/scratch/shares/schaerm/schaer2/video_sam2_pose/humanLISBET-paper/baselineEval/results_stats_temporal_maxpool_lasso/full_kinematic/regression/VLDII_perVS/cv_results.csv
18:01:19  baselineEval.src.cross_validation  INFO     
── Regression summary (VLDII_perVS) ──
model     rmse       r2  spearman_r
lasso 2.673704 0.013796    0.331536
18:01:19  ccnEvaluation         INFO     ── Held-out for VLDII_perVS (regression | full_kinematic) ──
18:01:19  baselineEval.src.held_out  INFO     Best regression model: lasso (RMSE=2.6737 ± 0.3008)
18:01:20  baselineEval.src.held_out  INFO     Held-out regression (full_kinematic | VLDII_perVS): model=lasso RMSE=2.042 [1.599, 2.467] R²=0.279 [-0.116, 0.417] ρ=0.751
18:01:23  baselineEval.src.plotting  INFO       Saved: shap_bar_top20.png and shap_beeswarm_top20.png
18:01:23  baselineEval.src.held_out  INFO     SHAP saved → /srv/beegfs/scratch/shares/schaerm/schaer2/video_sam2_pose/humanLISBET-paper/baselineEval/results_stats_temporal_maxpool_lasso/full_kinematic/held_out/regression/VLDII_perVS/shap
18:01:23  ccnEvaluation         INFO     ── CV for VLDII_comVS (regression) ──
18:01:23  ccnEvaluation         INFO       X: (95, 206), y: (95,) (classes: [ 7. 10. 11. 12. 13. 14. 15. 16. 17. 18. 20.])
18:01:23  baselineEval.src.cross_validation  INFO     Skipping LGBM regressor (--skip-lgbm)
18:01:23  baselineEval.src.cross_validation  INFO     Regression CV: 1 models, 5×10 nested CV (50 total outer folds)
18:01:30  baselineEval.src.cross_validation  INFO       Saved: predictions_per_subject.csv
18:01:30  baselineEval.src.cross_validation  INFO       CV results: 50 rows → /srv/beegfs/scratch/shares/schaerm/schaer2/video_sam2_pose/humanLISBET-paper/baselineEval/results_stats_temporal_maxpool_lasso/full_kinematic/regression/VLDII_comVS/cv_results.csv
18:01:30  baselineEval.src.cross_validation  INFO     
── Regression summary (VLDII_comVS) ──
model     rmse        r2  spearman_r
lasso 2.295974 -0.036241    0.167826
18:01:30  ccnEvaluation         INFO     ── Held-out for VLDII_comVS (regression | full_kinematic) ──
18:01:30  baselineEval.src.held_out  INFO     Best regression model: lasso (RMSE=2.2960 ± 0.2463)
18:01:30  baselineEval.src.held_out  INFO     Held-out regression (full_kinematic | VLDII_comVS): model=lasso RMSE=2.574 [1.677, 3.443] R²=0.208 [-0.232, 0.454] ρ=0.471
18:01:33  baselineEval.src.plotting  INFO       Saved: shap_bar_top20.png and shap_beeswarm_top20.png
18:01:33  baselineEval.src.held_out  INFO     SHAP saved → /srv/beegfs/scratch/shares/schaerm/schaer2/video_sam2_pose/humanLISBET-paper/baselineEval/results_stats_temporal_maxpool_lasso/full_kinematic/held_out/regression/VLDII_comVS/shap
18:01:33  ccnEvaluation         INFO     ── CV for VLDII_domVS (regression) ──
18:01:33  ccnEvaluation         INFO       X: (95, 206), y: (95,) (classes: [ 9. 10. 11. 12. 13. 14. 15. 16. 17. 18. 19. 20. 22.])
18:01:33  baselineEval.src.cross_validation  INFO     Skipping LGBM regressor (--skip-lgbm)
18:01:33  baselineEval.src.cross_validation  INFO     Regression CV: 1 models, 5×10 nested CV (50 total outer folds)
18:01:40  baselineEval.src.cross_validation  INFO       Saved: predictions_per_subject.csv
18:01:40  baselineEval.src.cross_validation  INFO       CV results: 50 rows → /srv/beegfs/scratch/shares/schaerm/schaer2/video_sam2_pose/humanLISBET-paper/baselineEval/results_stats_temporal_maxpool_lasso/full_kinematic/regression/VLDII_domVS/cv_results.csv
18:01:40  baselineEval.src.cross_validation  INFO     
── Regression summary (VLDII_domVS) ──
model     rmse       r2  spearman_r
lasso 2.542906 0.148618    0.428348
18:01:40  ccnEvaluation         INFO     ── Held-out for VLDII_domVS (regression | full_kinematic) ──
18:01:40  baselineEval.src.held_out  INFO     Best regression model: lasso (RMSE=2.5429 ± 0.2020)
18:01:41  baselineEval.src.held_out  INFO     Held-out regression (full_kinematic | VLDII_domVS): model=lasso RMSE=2.193 [1.468, 2.823] R²=0.455 [-0.161, 0.648] ρ=0.744
18:01:44  baselineEval.src.plotting  INFO       Saved: shap_bar_top20.png and shap_beeswarm_top20.png
18:01:44  baselineEval.src.held_out  INFO     SHAP saved → /srv/beegfs/scratch/shares/schaerm/schaer2/video_sam2_pose/humanLISBET-paper/baselineEval/results_stats_temporal_maxpool_lasso/full_kinematic/held_out/regression/VLDII_domVS/shap
18:01:44  ccnEvaluation         INFO     ── CV for VLDII_ComSS (regression) ──
18:01:44  ccnEvaluation         INFO       X: (95, 206), y: (95,) (classes: [ 44.  52.  54.  58.  59.  61.  63.  64.  65.  66.  69.  71.  72.  73.
  74.  76.  79.  80.  81.  84.  85.  86.  89.  90.  91.  93.  95.  97.
 100. 101. 102. 103. 104. 105. 107. 108. 110. 112. 113. 116. 118. 121.
 122. 125.])
18:01:44  baselineEval.src.cross_validation  INFO     Skipping LGBM regressor (--skip-lgbm)
18:01:44  baselineEval.src.cross_validation  INFO     Regression CV: 1 models, 5×10 nested CV (50 total outer folds)
18:01:52  baselineEval.src.cross_validation  INFO       Saved: predictions_per_subject.csv
18:01:52  baselineEval.src.cross_validation  INFO       CV results: 50 rows → /srv/beegfs/scratch/shares/schaerm/schaer2/video_sam2_pose/humanLISBET-paper/baselineEval/results_stats_temporal_maxpool_lasso/full_kinematic/regression/VLDII_ComSS/cv_results.csv
18:01:52  baselineEval.src.cross_validation  INFO     
── Regression summary (VLDII_ComSS) ──
model      rmse       r2  spearman_r
lasso 17.555379 0.161335    0.456011
18:01:52  ccnEvaluation         INFO     ── Held-out for VLDII_ComSS (regression | full_kinematic) ──
18:01:52  baselineEval.src.held_out  INFO     Best regression model: lasso (RMSE=17.5554 ± 1.4166)
18:01:53  baselineEval.src.held_out  INFO     Held-out regression (full_kinematic | VLDII_ComSS): model=lasso RMSE=16.771 [13.039, 20.469] R²=0.405 [-0.034, 0.568] ρ=0.620
18:01:56  baselineEval.src.plotting  INFO       Saved: shap_bar_top20.png and shap_beeswarm_top20.png
18:01:56  baselineEval.src.held_out  INFO     SHAP saved → /srv/beegfs/scratch/shares/schaerm/schaer2/video_sam2_pose/humanLISBET-paper/baselineEval/results_stats_temporal_maxpool_lasso/full_kinematic/held_out/regression/VLDII_ComSS/shap
18:01:56  ccnEvaluation         INFO     ── CV for VLDII_expVS (regression) ──
18:01:56  ccnEvaluation         INFO       X: (95, 206), y: (95,) (classes: [ 6.  7.  8.  9. 10. 11. 12. 13. 14. 15. 16. 17. 18. 19. 20.])
18:01:56  baselineEval.src.cross_validation  INFO     Skipping LGBM regressor (--skip-lgbm)
18:01:56  baselineEval.src.cross_validation  INFO     Regression CV: 1 models, 5×10 nested CV (50 total outer folds)
18:02:03  baselineEval.src.cross_validation  INFO       Saved: predictions_per_subject.csv
18:02:03  baselineEval.src.cross_validation  INFO       CV results: 50 rows → /srv/beegfs/scratch/shares/schaerm/schaer2/video_sam2_pose/humanLISBET-paper/baselineEval/results_stats_temporal_maxpool_lasso/full_kinematic/regression/VLDII_expVS/cv_results.csv
18:02:03  baselineEval.src.cross_validation  INFO     
── Regression summary (VLDII_expVS) ──
model     rmse       r2  spearman_r
lasso 3.330319 0.159051    0.447627
18:02:03  ccnEvaluation         INFO     ── Held-out for VLDII_expVS (regression | full_kinematic) ──
18:02:03  baselineEval.src.held_out  INFO     Best regression model: lasso (RMSE=3.3303 ± 0.2843)
18:02:04  baselineEval.src.held_out  INFO     Held-out regression (full_kinematic | VLDII_expVS): model=lasso RMSE=2.697 [2.053, 3.264] R²=0.452 [0.147, 0.577] ρ=0.755
18:02:07  baselineEval.src.plotting  INFO       Saved: shap_bar_top20.png and shap_beeswarm_top20.png
18:02:07  baselineEval.src.held_out  INFO     SHAP saved → /srv/beegfs/scratch/shares/schaerm/schaer2/video_sam2_pose/humanLISBET-paper/baselineEval/results_stats_temporal_maxpool_lasso/full_kinematic/held_out/regression/VLDII_expVS/shap
18:02:07  ccnEvaluation         INFO     ── CV for VLDII_recVS (regression) ──
18:02:07  ccnEvaluation         INFO       X: (95, 206), y: (95,) (classes: [ 3.  5.  6.  7.  8.  9. 10. 11. 12. 13. 14. 15. 16. 17. 18. 19. 20. 21.])
18:02:07  baselineEval.src.cross_validation  INFO     Skipping LGBM regressor (--skip-lgbm)
18:02:07  baselineEval.src.cross_validation  INFO     Regression CV: 1 models, 5×10 nested CV (50 total outer folds)
18:02:14  baselineEval.src.cross_validation  INFO       Saved: predictions_per_subject.csv
18:02:14  baselineEval.src.cross_validation  INFO       CV results: 50 rows → /srv/beegfs/scratch/shares/schaerm/schaer2/video_sam2_pose/humanLISBET-paper/baselineEval/results_stats_temporal_maxpool_lasso/full_kinematic/regression/VLDII_recVS/cv_results.csv
18:02:14  baselineEval.src.cross_validation  INFO     
── Regression summary (VLDII_recVS) ──
model     rmse       r2  spearman_r
lasso 3.574178 0.198331    0.508594
18:02:14  ccnEvaluation         INFO     ── Held-out for VLDII_recVS (regression | full_kinematic) ──
18:02:14  baselineEval.src.held_out  INFO     Best regression model: lasso (RMSE=3.5742 ± 0.4444)
18:02:15  baselineEval.src.held_out  INFO     Held-out regression (full_kinematic | VLDII_recVS): model=lasso RMSE=3.502 [2.654, 4.375] R²=0.422 [-0.009, 0.605] ρ=0.666
18:02:18  baselineEval.src.plotting  INFO       Saved: shap_bar_top20.png and shap_beeswarm_top20.png
18:02:18  baselineEval.src.held_out  INFO     SHAP saved → /srv/beegfs/scratch/shares/schaerm/schaer2/video_sam2_pose/humanLISBET-paper/baselineEval/results_stats_temporal_maxpool_lasso/full_kinematic/held_out/regression/VLDII_recVS/shap
18:02:18  ccnEvaluation         INFO     ── CV for MSEL_TOTAL_DQ (regression) ──
18:02:18  ccnEvaluation         INFO       X: (100, 206), y: (100,) (classes: [ 18.02469136  32.43483412  34.59785415  38.08884914  38.95032984
  40.09469697  40.66399287  41.7597914   48.35352006  48.38185274
  48.56808071  49.32034527  52.60163835  52.78815173  53.41769972
  54.6043883   54.66514664  55.9129902   57.80945419  58.00856827
  58.01880411  58.49358974  60.55385401  60.73988735  61.21267952
  61.65540541  62.6717033   64.54699612  64.58014537  65.85307734
  66.03346902  66.56582561  67.46408956  68.67474001  69.12878788
  69.58887965  70.42091476  70.5832302   71.22161779  72.65127389
  72.74744284  73.39929215  73.55044202  73.63718709  74.37652068
  76.23385285  77.89159198  78.63298081  79.93217054  79.97485632
  80.39067013  81.47321429  82.45481928  83.44764518  83.72463299
  88.69235986  88.94106636  91.04190422  91.67078393  92.86194316
  92.9187448   93.08301946  94.84225533  95.62583836  96.63388805
  97.48931624  98.02617856 102.9518543  103.811149   107.0353937
 107.8029726  108.1764296  108.385181   108.6309524  108.7338226
 109.0520026  109.52137    111.8651489  112.1257819  112.192623
 112.5198886  112.8090659  112.8284389  113.5791843  115.0573568
 116.0376082  116.1326915  118.2653171  119.351962   120.5538618
 121.574912   125.622437   128.0608788  130.5093403  130.8806655
 132.3244751  135.4820159  139.7760116  149.1013072  149.4299051 ])
18:02:18  baselineEval.src.cross_validation  INFO     Skipping LGBM regressor (--skip-lgbm)
18:02:18  baselineEval.src.cross_validation  INFO     Regression CV: 1 models, 5×10 nested CV (50 total outer folds)
18:02:27  baselineEval.src.cross_validation  INFO       Saved: predictions_per_subject.csv
18:02:27  baselineEval.src.cross_validation  INFO       CV results: 50 rows → /srv/beegfs/scratch/shares/schaerm/schaer2/video_sam2_pose/humanLISBET-paper/baselineEval/results_stats_temporal_maxpool_lasso/full_kinematic/regression/MSEL_TOTAL_DQ/cv_results.csv
18:02:27  baselineEval.src.cross_validation  INFO     
── Regression summary (MSEL_TOTAL_DQ) ──
model      rmse       r2  spearman_r
lasso 25.106685 0.241586       0.532
18:02:27  ccnEvaluation         INFO     ── Held-out for MSEL_TOTAL_DQ (regression | full_kinematic) ──
18:02:27  baselineEval.src.held_out  INFO     Best regression model: lasso (RMSE=25.1067 ± 3.0105)
18:02:28  baselineEval.src.held_out  INFO     Held-out regression (full_kinematic | MSEL_TOTAL_DQ): model=lasso RMSE=22.380 [17.326, 27.012] R²=0.539 [0.285, 0.631] ρ=0.887
18:02:30  baselineEval.src.plotting  INFO       Saved: shap_bar_top20.png and shap_beeswarm_top20.png
18:02:30  baselineEval.src.held_out  INFO     SHAP saved → /srv/beegfs/scratch/shares/schaerm/schaer2/video_sam2_pose/humanLISBET-paper/baselineEval/results_stats_temporal_maxpool_lasso/full_kinematic/held_out/regression/MSEL_TOTAL_DQ/shap
18:02:30  ccnEvaluation         INFO     ── CV for MSEL_FM_DQ (regression) ──
18:02:30  ccnEvaluation         INFO       X: (100, 206), y: (100,) (classes: [ 18.02469136  46.4649432   48.97137746  50.05646983  54.38484461
  55.25934702  55.26116578  55.3030303   59.06148867  60.89132507
  63.6627907   63.73690338  64.77896096  65.16194848  65.41218638
  65.72629052  69.06338694  69.12878788  69.33210784  70.91968912
  73.53479853  75.06258941  75.18022657  75.486618    75.66334992
  75.86923658  75.90612002  75.91514143  77.07927225  77.89159198
  78.29257829  79.43695591  79.91242474  80.18453427  80.89539007
  80.95690748  82.62072435  82.81765677  83.43724023  83.84379786
  83.94209957  85.6233244   85.79059829  85.92278719  87.62002743
  87.84596871  87.86462758  87.98209366  89.15229885  90.64569536
  90.75497288  90.7960199   92.60343482  92.99363057  93.43003413
  93.95109395  95.05208333  95.38327526  96.20155039  96.63388805
  96.66313559  97.1113645   97.65160523  97.76785714  98.45857418
  98.95429899  98.97788903  99.40087146  99.64898596 102.1903821
 102.8432377  103.6931818  103.811149   104.7045324  105.1267281
 105.4303871  106.1046512  106.538237   107.1589883  108.1764296
 108.201581   108.6309524  109.939759   111.4163614  111.6891065
 112.258348   112.5198886  113.5687229  114.1644325  115.1790314
 119.8555166  120.5538618  121.1819389  121.197515   121.574912
 122.124634   122.1456693  122.8956229  123.8687783  143.1372549 ])
18:02:30  baselineEval.src.cross_validation  INFO     Skipping LGBM regressor (--skip-lgbm)
18:02:30  baselineEval.src.cross_validation  INFO     Regression CV: 1 models, 5×10 nested CV (50 total outer folds)
18:02:39  baselineEval.src.cross_validation  INFO       Saved: predictions_per_subject.csv
18:02:39  baselineEval.src.cross_validation  INFO       CV results: 50 rows → /srv/beegfs/scratch/shares/schaerm/schaer2/video_sam2_pose/humanLISBET-paper/baselineEval/results_stats_temporal_maxpool_lasso/full_kinematic/regression/MSEL_FM_DQ/cv_results.csv
18:02:39  baselineEval.src.cross_validation  INFO     
── Regression summary (MSEL_FM_DQ) ──
model      rmse       r2  spearman_r
lasso 20.348827 0.069616    0.385594
18:02:39  ccnEvaluation         INFO     ── Held-out for MSEL_FM_DQ (regression | full_kinematic) ──
18:02:39  baselineEval.src.held_out  INFO     Best regression model: lasso (RMSE=20.3488 ± 2.6347)
18:02:40  baselineEval.src.held_out  INFO     Held-out regression (full_kinematic | MSEL_FM_DQ): model=lasso RMSE=19.056 [13.468, 23.783] R²=0.239 [-0.118, 0.333] ρ=0.762
18:02:43  baselineEval.src.plotting  INFO       Saved: shap_bar_top20.png and shap_beeswarm_top20.png
18:02:43  baselineEval.src.held_out  INFO     SHAP saved → /srv/beegfs/scratch/shares/schaerm/schaer2/video_sam2_pose/humanLISBET-paper/baselineEval/results_stats_temporal_maxpool_lasso/full_kinematic/held_out/regression/MSEL_FM_DQ/shap
18:02:43  ccnEvaluation         INFO     ── CV for MSEL_VR_DQ (regression) ──
18:02:43  ccnEvaluation         INFO       X: (100, 206), y: (100,) (classes: [ 24.78395062  38.27847693  40.84386519  44.24242424  48.97137746
  55.48645661  56.65502522  56.92959002  62.16881151  62.75283172
  64.71631206  65.27181688  65.72629052  66.12318841  66.69049889
  67.74833589  69.92337165  70.46332046  70.66795741  71.15009747
  72.16608084  73.80514706  73.80800341  75.41322314  76.86522262
  77.69631031  77.99145299  78.31273601  78.41474446  78.6637931
  79.18580909  79.31783825  80.21978022  83.77964805  84.0389186
  84.56192081  84.81797057  84.88372093  85.28037383  87.43066062
  88.66708914  89.11889597  89.35566001  89.46078431  89.57533077
  89.615829    90.15860634  92.33630952  93.50512357  93.81764069
  94.1109736   94.6140553   96.17918314  96.20155039  97.93244949
  98.97788903 100.5796275  102.1289538  103.2884465  104.0746873
 104.3095565  106.0098302  106.3795337  108.127254   109.5515537
 110.1055807  110.1609658  110.297536   111.6891065  113.7780549
 114.2017705  114.5637163  115.3090847  116.9871795  118.5064935
 121.4642263  123.6822289  124.5733788  125.1905488  125.2213369
 129.0167095  130.7503771  133.1727963  133.6408905  133.8188664
 134.9544937  135.1851852  136.0094851  136.515748   146.7828418
 147.3675711  148.8166269  148.8393977  151.821572   153.0708874
 158.9721254  159.8073555  175.8188825  192.7226814 ])
18:02:43  baselineEval.src.cross_validation  INFO     Skipping LGBM regressor (--skip-lgbm)
18:02:43  baselineEval.src.cross_validation  INFO     Regression CV: 1 models, 5×10 nested CV (50 total outer folds)
18:02:52  baselineEval.src.cross_validation  INFO       Saved: predictions_per_subject.csv
18:02:52  baselineEval.src.cross_validation  INFO       CV results: 50 rows → /srv/beegfs/scratch/shares/schaerm/schaer2/video_sam2_pose/humanLISBET-paper/baselineEval/results_stats_temporal_maxpool_lasso/full_kinematic/regression/MSEL_VR_DQ/cv_results.csv
18:02:52  baselineEval.src.cross_validation  INFO     
── Regression summary (MSEL_VR_DQ) ──
model     rmse       r2  spearman_r
lasso 29.71445 0.092374    0.388101
18:02:52  ccnEvaluation         INFO     ── Held-out for MSEL_VR_DQ (regression | full_kinematic) ──
18:02:52  baselineEval.src.held_out  INFO     Best regression model: lasso (RMSE=29.7145 ± 3.7200)
18:02:53  baselineEval.src.held_out  INFO     Held-out regression (full_kinematic | MSEL_VR_DQ): model=lasso RMSE=26.231 [20.413, 31.792] R²=0.391 [0.128, 0.470] ρ=0.770
18:02:56  baselineEval.src.plotting  INFO       Saved: shap_bar_top20.png and shap_beeswarm_top20.png
18:02:56  baselineEval.src.held_out  INFO     SHAP saved → /srv/beegfs/scratch/shares/schaerm/schaer2/video_sam2_pose/humanLISBET-paper/baselineEval/results_stats_temporal_maxpool_lasso/full_kinematic/held_out/regression/MSEL_VR_DQ/shap
18:02:56  ccnEvaluation         INFO     ── CV for MSEL_LR_DQ (regression) ──
18:02:56  ccnEvaluation         INFO       X: (100, 206), y: (100,) (classes: [  3.88463176   4.06639929   6.75925926   9.87554113  12.01290153
  16.59090909  18.70972466  20.22384752  20.94811754  21.24563446
  25.56022409  26.50048403  28.99586908  29.92695289  32.38948048
  32.63590844  35.30956329  37.26391016  38.9957265   40.25735294
  40.48807543  43.06091806  44.2961165   44.83182162  46.05097149
  46.79487179  47.45189808  48.93770627  50.11618082  50.37154989
  52.84749035  53.52588625  53.65219358  54.90373045  59.29174789
  59.55070281  62.02209006  62.16545012  62.65018881  63.07603687
  64.61056645  64.9288451   66.12318841  66.75811614  70.61011905
  70.91968912  71.94102807  73.19518717  74.25406872  76.30178639
  76.39534884  77.74980635  77.81007752  77.89159198  78.6637931
  79.07279029  79.43695591  80.19460138  82.52583979  83.43724023
  83.56227106  84.15678524  87.60560676  91.80080483  96.34238311
  96.50411281 102.7847309  104.0746873  105.9596995  107.2715207
 108.1764296  108.8902148  110.0871314  115.4120767  115.9171748
 116.9871795  117.5351288  118.5064935  119.2178672  119.8802164
 120.1122726  120.9753788  121.1819389  122.3190349  122.5189726
 124.5733788  126.9356955  127.766486   128.1288156  130.2021403
 130.5093403  132.9263068  138.2575758  142.6500252  144.1714836
 144.3321617  147.1132898  148.8393977  153.6195286  157.0567986 ])
18:02:56  baselineEval.src.cross_validation  INFO     Skipping LGBM regressor (--skip-lgbm)
18:02:56  baselineEval.src.cross_validation  INFO     Regression CV: 1 models, 5×10 nested CV (50 total outer folds)
18:03:05  baselineEval.src.cross_validation  INFO       Saved: predictions_per_subject.csv
18:03:05  baselineEval.src.cross_validation  INFO       CV results: 50 rows → /srv/beegfs/scratch/shares/schaerm/schaer2/video_sam2_pose/humanLISBET-paper/baselineEval/results_stats_temporal_maxpool_lasso/full_kinematic/regression/MSEL_LR_DQ/cv_results.csv
18:03:05  baselineEval.src.cross_validation  INFO     
── Regression summary (MSEL_LR_DQ) ──
model      rmse       r2  spearman_r
lasso 33.891707 0.279701    0.583489
18:03:05  ccnEvaluation         INFO     ── Held-out for MSEL_LR_DQ (regression | full_kinematic) ──
18:03:05  baselineEval.src.held_out  INFO     Best regression model: lasso (RMSE=33.8917 ± 3.4550)
18:03:06  baselineEval.src.held_out  INFO     Held-out regression (full_kinematic | MSEL_LR_DQ): model=lasso RMSE=27.389 [19.670, 33.344] R²=0.635 [0.360, 0.755] ρ=0.799
18:03:09  baselineEval.src.plotting  INFO       Saved: shap_bar_top20.png and shap_beeswarm_top20.png
18:03:09  baselineEval.src.held_out  INFO     SHAP saved → /srv/beegfs/scratch/shares/schaerm/schaer2/video_sam2_pose/humanLISBET-paper/baselineEval/results_stats_temporal_maxpool_lasso/full_kinematic/held_out/regression/MSEL_LR_DQ/shap
18:03:09  ccnEvaluation         INFO     ── CV for MSEL_LE_DQ (regression) ──
18:03:09  ccnEvaluation         INFO       X: (100, 206), y: (100,) (classes: [  9.94008715  14.16375631  17.66698935  21.62322275  22.5308642
  23.71669916  24.48568873  29.32736455  29.93313147  31.1965812
  31.83139535  32.5311943   34.96168582  35.3339787   36.51460584
  36.64658635  37.69462981  40.09226714  40.25735294  40.48807543
  41.27091814  41.92189893  43.37492573  44.24242424  44.2961165
  44.43993506  44.83182162  45.69027182  46.51656754  46.72299027
  47.44367418  50.11618082  50.12015105  50.13736264  50.93023256
  52.58200355  54.8048048   55.8530987   56.46658416  56.94227769
  57.72506083  58.12101911  59.82097832  59.93431856  60.11198946
  61.49957877  65.17857143  65.57490326  66.18574582  66.20785318
  69.12878788  69.55030488  71.37484958  72.66780432  73.41954023
  75.10288066  76.33526384  77.99145299  78.1455863   79.85282418
  80.57395143  81.54602324  82.20720721  83.94209957  84.10138249
  85.23058961  86.67962003  89.35128519  89.92073693  90.17483846
  91.02244389  91.36420526  91.65097301  93.77792672  94.24218952
  96.25527426  96.94555113  97.92085848 100.2099483  100.2747253
 103.2239819  106.0553231  108.127254   109.939759   111.2804878
 111.8651489  112.258348   114.1922639  115.7352358  116.9871795
 120.9753788  122.124634   124.6584699  128.4817876  128.8841808
 137.775842   140.655106   143.7007874  170.9694989 ])
18:03:09  baselineEval.src.cross_validation  INFO     Skipping LGBM regressor (--skip-lgbm)
18:03:09  baselineEval.src.cross_validation  INFO     Regression CV: 1 models, 5×10 nested CV (50 total outer folds)
18:03:18  baselineEval.src.cross_validation  INFO       Saved: predictions_per_subject.csv
18:03:18  baselineEval.src.cross_validation  INFO       CV results: 50 rows → /srv/beegfs/scratch/shares/schaerm/schaer2/video_sam2_pose/humanLISBET-paper/baselineEval/results_stats_temporal_maxpool_lasso/full_kinematic/regression/MSEL_LE_DQ/cv_results.csv
18:03:18  baselineEval.src.cross_validation  INFO     
── Regression summary (MSEL_LE_DQ) ──
model      rmse       r2  spearman_r
lasso 30.239893 0.187246    0.464651
18:03:18  ccnEvaluation         INFO     ── Held-out for MSEL_LE_DQ (regression | full_kinematic) ──
18:03:18  baselineEval.src.held_out  INFO     Best regression model: lasso (RMSE=30.2399 ± 3.9159)
18:03:18  baselineEval.src.held_out  INFO     Held-out regression (full_kinematic | MSEL_LE_DQ): model=lasso RMSE=25.558 [19.192, 31.321] R²=0.533 [0.126, 0.672] ρ=0.863
18:03:21  baselineEval.src.plotting  INFO       Saved: shap_bar_top20.png and shap_beeswarm_top20.png
18:03:21  baselineEval.src.held_out  INFO     SHAP saved → /srv/beegfs/scratch/shares/schaerm/schaer2/video_sam2_pose/humanLISBET-paper/baselineEval/results_stats_temporal_maxpool_lasso/full_kinematic/held_out/regression/MSEL_LE_DQ/shap
18:03:21  ccnEvaluation         INFO     ── CV for MSEL_NV_DQ (regression) ──
18:03:21  ccnEvaluation         INFO       X: (100, 206), y: (100,) (classes: [ 21.40432099  44.16747338  48.05160611  48.97137746  49.77272727
  58.71498864  60.1959643   60.90716019  63.02918895  63.79091198
  64.09642401  65.57490326  65.72629052  66.58026114  67.72345918
  67.91030161  70.16720315  71.56862745  72.80585106  73.37984863
  74.11468486  74.27325581  74.37794938  74.47079827  74.91789819
  76.17530756  76.74648129  76.87728938  77.59353741  79.97251931
  81.51480347  81.6976584   81.89102564  81.99943836  82.20720721
  82.35559567  83.73346137  83.90804598  84.15678524  84.60538218
  84.81199831  86.57250071  88.46431518  88.6496114   88.80778589
  88.87987013  91.05626327  91.88613478  92.03227433  92.13004822
  94.43082789  94.90379615  95.05208333  95.96479195  96.20155039
  96.39084507  96.49226641  97.36019132  97.52310803  97.94594067
  98.60764755  98.68968386  98.84549601  98.97788903  99.87039171
 100.2432517  102.1903821  103.1073446  109.0017065  109.0761612
 109.2369828  110.0871314  111.4163614  111.6531427  111.6891065
 114.2017705  115.7352358  116.0376082  116.2030831  116.810994
 116.9871795  119.3828214  119.8555166  121.5842367  122.8722053
 122.9496192  123.2016379  125.1071123  126.1626445  126.7361111
 127.1777003  128.2630522  128.3820346  129.3307087  130.6682578
 135.4820159  137.1387283  139.16122    139.8314361  157.8091521 ])
18:03:21  baselineEval.src.cross_validation  INFO     Skipping LGBM regressor (--skip-lgbm)
18:03:21  baselineEval.src.cross_validation  INFO     Regression CV: 1 models, 5×10 nested CV (50 total outer folds)
18:03:30  baselineEval.src.cross_validation  INFO       Saved: predictions_per_subject.csv
18:03:30  baselineEval.src.cross_validation  INFO       CV results: 50 rows → /srv/beegfs/scratch/shares/schaerm/schaer2/video_sam2_pose/humanLISBET-paper/baselineEval/results_stats_temporal_maxpool_lasso/full_kinematic/regression/MSEL_NV_DQ/cv_results.csv
18:03:30  baselineEval.src.cross_validation  INFO     
── Regression summary (MSEL_NV_DQ) ──
model      rmse       r2  spearman_r
lasso 23.397656 0.089855    0.411759
18:03:30  ccnEvaluation         INFO     ── Held-out for MSEL_NV_DQ (regression | full_kinematic) ──
18:03:30  baselineEval.src.held_out  INFO     Best regression model: lasso (RMSE=23.3977 ± 2.8994)
18:03:31  baselineEval.src.held_out  INFO     Held-out regression (full_kinematic | MSEL_NV_DQ): model=lasso RMSE=20.597 [16.733, 24.145] R²=0.372 [0.080, 0.462] ρ=0.880
18:03:34  baselineEval.src.plotting  INFO       Saved: shap_bar_top20.png and shap_beeswarm_top20.png
18:03:34  baselineEval.src.held_out  INFO     SHAP saved → /srv/beegfs/scratch/shares/schaerm/schaer2/video_sam2_pose/humanLISBET-paper/baselineEval/results_stats_temporal_maxpool_lasso/full_kinematic/held_out/regression/MSEL_NV_DQ/shap
18:03:34  ccnEvaluation         INFO     ── CV for MSEL_V_DQ (regression) ──
18:03:34  ccnEvaluation         INFO       X: (100, 206), y: (100,) (classes: [ 14.64506173  16.81806214  17.70469538  18.29879679  19.42315879
  25.02823491  25.13774105  27.1577381   27.20632081  29.4009959
  30.41666667  30.91723136  31.03741497  33.34524944  35.09615385
  36.40292553  37.2753268   37.99205148  39.16309013  39.59290454
  40.25735294  40.48807543  41.50422352  44.2961165   44.83182162
  47.46155586  48.09864458  48.46611722  48.93286143  50.11618082
  50.44223328  52.19708788  52.70214521  54.2462845   54.2693288
  54.68949248  54.82073643  54.89951357  56.38516993  58.28505645
  59.94525547  62.43158183  63.11758893  63.13929001  63.25823224
  63.6627907   64.59137709  67.89434524  69.06338694  70.46826734
  70.9304984   72.04972258  76.04166667  78.79965458  80.77686203
  81.15118577  83.23831243  85.25467149  85.85349462  85.92278719
  85.99599793  87.22984206  89.35566001  91.36789406  92.32431935
  92.73373984  94.37151949  94.86083166  95.8165773   97.07446809
  98.62059158  99.7831825  101.2242965  101.2355018  102.3816809
 103.6931818  103.8747811  107.1158763  108.0484808  109.063745
 110.7318923  111.4235219  114.0037352  114.2017705  115.3090847
 116.9871795  119.5234869  120.9753788  121.0967994  121.1872446
 122.9686881  124.051024   128.2952548  128.9440573  133.4982788
 135.3182415  135.4820159  141.0506581  142.4132948  159.0413943 ])
18:03:34  baselineEval.src.cross_validation  INFO     Skipping LGBM regressor (--skip-lgbm)
18:03:34  baselineEval.src.cross_validation  INFO     Regression CV: 1 models, 5×10 nested CV (50 total outer folds)
18:03:43  baselineEval.src.cross_validation  INFO       Saved: predictions_per_subject.csv
18:03:43  baselineEval.src.cross_validation  INFO       CV results: 50 rows → /srv/beegfs/scratch/shares/schaerm/schaer2/video_sam2_pose/humanLISBET-paper/baselineEval/results_stats_temporal_maxpool_lasso/full_kinematic/regression/MSEL_V_DQ/cv_results.csv
18:03:43  baselineEval.src.cross_validation  INFO     
── Regression summary (MSEL_V_DQ) ──
model      rmse       r2  spearman_r
lasso 29.768308 0.283823    0.577233
18:03:43  ccnEvaluation         INFO     ── Held-out for MSEL_V_DQ (regression | full_kinematic) ──
18:03:43  baselineEval.src.held_out  INFO     Best regression model: lasso (RMSE=29.7683 ± 3.3725)
18:03:44  baselineEval.src.held_out  INFO     Held-out regression (full_kinematic | MSEL_V_DQ): model=lasso RMSE=25.656 [19.569, 31.572] R²=0.605 [0.305, 0.710] ρ=0.904
18:03:47  baselineEval.src.plotting  INFO       Saved: shap_bar_top20.png and shap_beeswarm_top20.png
18:03:47  baselineEval.src.held_out  INFO     SHAP saved → /srv/beegfs/scratch/shares/schaerm/schaer2/video_sam2_pose/humanLISBET-paper/baselineEval/results_stats_temporal_maxpool_lasso/full_kinematic/held_out/regression/MSEL_V_DQ/shap
18:03:47  ccnEvaluation         INFO     ═══ Representation: embedding ═══
18:03:47  ccnEvaluation         INFO       Features for embedding: 256 columns
18:03:47  ccnEvaluation         INFO     ═══ Step 2: Preprocessing report ═══
18:03:47  baselineEval.src.preprocessing  INFO     Feature selection (full dataset): 256 features → 256 kept (0 missingness, 0 near-zero-var, 0 correlated)
18:03:47  baselineEval.src.preprocessing  INFO     Feature selection report → /srv/beegfs/scratch/shares/schaerm/schaer2/video_sam2_pose/humanLISBET-paper/baselineEval/results_stats_temporal_maxpool_lasso/embedding/feature_selection_report.csv
18:03:47  baselineEval.src.preprocessing  INFO     PCA explained-variance data → /srv/beegfs/scratch/shares/schaerm/schaer2/video_sam2_pose/humanLISBET-paper/baselineEval/results_stats_temporal_maxpool_lasso/embedding/pca_explained_variance.csv
18:03:48  baselineEval.src.preprocessing  INFO     PCA explained-variance plot → /srv/beegfs/scratch/shares/schaerm/schaer2/video_sam2_pose/humanLISBET-paper/baselineEval/results_stats_temporal_maxpool_lasso/embedding/pca_explained_variance.png
18:03:48  ccnEvaluation         INFO     ── CV for diagnosis (classification) ──
18:03:48  ccnEvaluation         INFO       X: (102, 256), y: (102,) (classes: [0 1])
18:03:48  baselineEval.src.cross_validation  INFO     Skipping LGBM classifier (--skip-lgbm)
18:03:48  baselineEval.src.cross_validation  INFO     Classification CV: 1 models, 5×10 nested CV (50 total outer folds)
18:04:34  baselineEval.src.cross_validation  INFO       Saved: predictions_per_subject.csv
18:04:34  baselineEval.src.cross_validation  INFO       CV results: 50 rows → /srv/beegfs/scratch/shares/schaerm/schaer2/video_sam2_pose/humanLISBET-paper/baselineEval/results_stats_temporal_maxpool_lasso/embedding/classification/diagnosis/cv_results.csv
18:04:34  baselineEval.src.cross_validation  INFO     
── Classification AUC-ROC summary (diagnosis) ──
model  auc_roc_mean  auc_roc_std
lasso        0.7445      0.10595
18:04:34  ccnEvaluation         INFO     ── Held-out for diagnosis (classification | embedding) ──
18:04:34  baselineEval.src.held_out  INFO     Best classification model: lasso (AUC=0.7445 ± 0.1059)
18:04:34  baselineEval.src.held_out  INFO     Held-out classification (embedding | diagnosis): model=lasso AUC=0.700 BAcc=0.686 Acc=0.706 [0.440, 0.897]
18:04:34  ccnEvaluation         INFO     ── CV for ADOS_2_ADOS_G_revised_RRB_level_of_symptoms (classification) ──
18:04:34  ccnEvaluation         INFO       X: (102, 256), y: (102,) (classes: [0 1 2])
18:04:34  baselineEval.src.cross_validation  INFO     Skipping LGBM classifier (--skip-lgbm)
18:04:34  baselineEval.src.cross_validation  INFO     Classification CV: 1 models, 5×10 nested CV (50 total outer folds)
18:05:45  baselineEval.src.cross_validation  INFO       Saved: predictions_per_subject.csv
18:05:45  baselineEval.src.cross_validation  INFO       CV results: 50 rows → /srv/beegfs/scratch/shares/schaerm/schaer2/video_sam2_pose/humanLISBET-paper/baselineEval/results_stats_temporal_maxpool_lasso/embedding/classification/ADOS_2_ADOS_G_revised_RRB_level_of_symptoms/cv_results.csv
18:05:45  baselineEval.src.cross_validation  INFO     
── Classification F1-macro summary (ADOS_2_ADOS_G_revised_RRB_level_of_symptoms) ──
model  f1_macro_mean  f1_macro_std
lasso       0.520395      0.121092
18:05:45  ccnEvaluation         INFO     ── Held-out for ADOS_2_ADOS_G_revised_RRB_level_of_symptoms (classification | embedding) ──
18:05:45  baselineEval.src.held_out  INFO     Best classification model: lasso (F1-macro=0.5204 ± 0.1211)
18:05:45  baselineEval.src.held_out  INFO     Held-out classification (embedding | ADOS_2_ADOS_G_revised_RRB_level_of_symptoms): model=lasso F1-macro=0.515 BAcc=0.511 Acc=0.588 [0.329, 0.816]
18:05:45  ccnEvaluation         INFO     ── CV for ADOS_2_ADOS_G_REVISED_SA_LEVEL_OF_SYMPTOMS (classification) ──
18:05:45  ccnEvaluation         INFO       X: (102, 256), y: (102,) (classes: [0 1 2 3])
18:05:45  baselineEval.src.cross_validation  INFO     Skipping LGBM classifier (--skip-lgbm)
18:05:45  baselineEval.src.cross_validation  INFO     Classification CV: 1 models, 5×10 nested CV (50 total outer folds)
18:07:04  baselineEval.src.cross_validation  INFO       Saved: predictions_per_subject.csv
18:07:04  baselineEval.src.cross_validation  INFO       CV results: 50 rows → /srv/beegfs/scratch/shares/schaerm/schaer2/video_sam2_pose/humanLISBET-paper/baselineEval/results_stats_temporal_maxpool_lasso/embedding/classification/ADOS_2_ADOS_G_REVISED_SA_LEVEL_OF_SYMPTOMS/cv_results.csv
18:07:04  baselineEval.src.cross_validation  INFO     
── Classification F1-macro summary (ADOS_2_ADOS_G_REVISED_SA_LEVEL_OF_SYMPTOMS) ──
model  f1_macro_mean  f1_macro_std
lasso       0.302824       0.09403
18:07:04  ccnEvaluation         INFO     ── Held-out for ADOS_2_ADOS_G_REVISED_SA_LEVEL_OF_SYMPTOMS (classification | embedding) ──
18:07:04  baselineEval.src.held_out  INFO     Best classification model: lasso (F1-macro=0.3028 ± 0.0940)
18:07:05  baselineEval.src.held_out  INFO     Held-out classification (embedding | ADOS_2_ADOS_G_REVISED_SA_LEVEL_OF_SYMPTOMS): model=lasso F1-macro=0.349 BAcc=0.387 Acc=0.471 [0.230, 0.722]
18:07:05  ccnEvaluation         INFO     ── CV for ADOS_G_ADOS_2_TOTAL_score_de_severite (regression) ──
18:07:05  ccnEvaluation         INFO       X: (102, 256), y: (102,) (classes: [ 1.  2.  3.  4.  5.  6.  7.  8.  9. 10.])
18:07:05  baselineEval.src.cross_validation  INFO     Skipping LGBM regressor (--skip-lgbm)
18:07:05  baselineEval.src.cross_validation  INFO     Regression CV: 1 models, 5×10 nested CV (50 total outer folds)
18:07:14  baselineEval.src.cross_validation  INFO       Saved: predictions_per_subject.csv
18:07:14  baselineEval.src.cross_validation  INFO       CV results: 50 rows → /srv/beegfs/scratch/shares/schaerm/schaer2/video_sam2_pose/humanLISBET-paper/baselineEval/results_stats_temporal_maxpool_lasso/embedding/regression/ADOS_G_ADOS_2_TOTAL_score_de_severite/cv_results.csv
18:07:14  baselineEval.src.cross_validation  INFO     
── Regression summary (ADOS_G_ADOS_2_TOTAL_score_de_severite) ──
model     rmse       r2  spearman_r
lasso 2.997136 0.192319     0.51835
18:07:14  ccnEvaluation         INFO     ── Held-out for ADOS_G_ADOS_2_TOTAL_score_de_severite (regression | embedding) ──
18:07:14  baselineEval.src.held_out  INFO     Best regression model: lasso (RMSE=2.9971 ± 0.2526)
18:07:15  baselineEval.src.held_out  INFO     Held-out regression (embedding | ADOS_G_ADOS_2_TOTAL_score_de_severite): model=lasso RMSE=3.221 [2.428, 3.919] R²=0.156 [-0.227, 0.367] ρ=0.323
18:07:15  ccnEvaluation         INFO     ── CV for ADOS_2_ADOS_G_REVISED_SA_SEVERITY_SCORE (regression) ──
18:07:15  ccnEvaluation         INFO       X: (102, 256), y: (102,) (classes: [ 1.  2.  3.  4.  5.  6.  7.  9. 10.])
18:07:15  baselineEval.src.cross_validation  INFO     Skipping LGBM regressor (--skip-lgbm)
18:07:15  baselineEval.src.cross_validation  INFO     Regression CV: 1 models, 5×10 nested CV (50 total outer folds)
18:07:23  baselineEval.src.cross_validation  INFO       Saved: predictions_per_subject.csv
18:07:23  baselineEval.src.cross_validation  INFO       CV results: 50 rows → /srv/beegfs/scratch/shares/schaerm/schaer2/video_sam2_pose/humanLISBET-paper/baselineEval/results_stats_temporal_maxpool_lasso/embedding/regression/ADOS_2_ADOS_G_REVISED_SA_SEVERITY_SCORE/cv_results.csv
18:07:23  baselineEval.src.cross_validation  INFO     
── Regression summary (ADOS_2_ADOS_G_REVISED_SA_SEVERITY_SCORE) ──
model     rmse       r2  spearman_r
lasso 2.875877 0.120539    0.421305
18:07:23  ccnEvaluation         INFO     ── Held-out for ADOS_2_ADOS_G_REVISED_SA_SEVERITY_SCORE (regression | embedding) ──
18:07:23  baselineEval.src.held_out  INFO     Best regression model: lasso (RMSE=2.8759 ± 0.2146)
18:07:24  baselineEval.src.held_out  INFO     Held-out regression (embedding | ADOS_2_ADOS_G_REVISED_SA_SEVERITY_SCORE): model=lasso RMSE=2.784 [2.047, 3.403] R²=0.059 [-0.479, 0.291] ρ=0.359
18:07:24  ccnEvaluation         INFO     ── CV for ADOS_2_ADOS_G_REVISED_RRB_SEVERITY_SCORE_new (regression) ──
18:07:24  ccnEvaluation         INFO       X: (102, 256), y: (102,) (classes: [ 1.  5.  6.  7.  8.  9. 10.])
18:07:24  baselineEval.src.cross_validation  INFO     Skipping LGBM regressor (--skip-lgbm)
18:07:24  baselineEval.src.cross_validation  INFO     Regression CV: 1 models, 5×10 nested CV (50 total outer folds)
18:07:33  baselineEval.src.cross_validation  INFO       Saved: predictions_per_subject.csv
18:07:33  baselineEval.src.cross_validation  INFO       CV results: 50 rows → /srv/beegfs/scratch/shares/schaerm/schaer2/video_sam2_pose/humanLISBET-paper/baselineEval/results_stats_temporal_maxpool_lasso/embedding/regression/ADOS_2_ADOS_G_REVISED_RRB_SEVERITY_SCORE_new/cv_results.csv
18:07:33  baselineEval.src.cross_validation  INFO     
── Regression summary (ADOS_2_ADOS_G_REVISED_RRB_SEVERITY_SCORE_new) ──
model     rmse       r2  spearman_r
lasso 2.939801 0.119177    0.562372
18:07:33  ccnEvaluation         INFO     ── Held-out for ADOS_2_ADOS_G_REVISED_RRB_SEVERITY_SCORE_new (regression | embedding) ──
18:07:33  baselineEval.src.held_out  INFO     Best regression model: lasso (RMSE=2.9398 ± 0.3649)
18:07:34  baselineEval.src.held_out  INFO     Held-out regression (embedding | ADOS_2_ADOS_G_REVISED_RRB_SEVERITY_SCORE_new): model=lasso RMSE=3.434 [2.723, 4.108] R²=0.168 [-0.217, 0.297] ρ=0.469
18:07:34  ccnEvaluation         INFO     ── CV for VLDII_AdSS (regression) ──
18:07:34  ccnEvaluation         INFO       X: (95, 256), y: (95,) (classes: [ 51.  63.  64.  65.  66.  68.  69.  70.  71.  72.  73.  74.  75.  76.
  77.  78.  79.  80.  81.  83.  84.  85.  86.  87.  88.  89.  90.  91.
  92.  93.  94.  95.  96.  97.  99. 100. 102. 103. 104. 105. 107. 108.
 109. 110. 113. 115. 117.])
18:07:34  baselineEval.src.cross_validation  INFO     Skipping LGBM regressor (--skip-lgbm)
18:07:34  baselineEval.src.cross_validation  INFO     Regression CV: 1 models, 5×10 nested CV (50 total outer folds)
18:07:43  baselineEval.src.cross_validation  INFO       Saved: predictions_per_subject.csv
18:07:43  baselineEval.src.cross_validation  INFO       CV results: 50 rows → /srv/beegfs/scratch/shares/schaerm/schaer2/video_sam2_pose/humanLISBET-paper/baselineEval/results_stats_temporal_maxpool_lasso/embedding/regression/VLDII_AdSS/cv_results.csv
18:07:43  baselineEval.src.cross_validation  INFO     
── Regression summary (VLDII_AdSS) ──
model      rmse       r2  spearman_r
lasso 13.260926 0.173701    0.486557
18:07:43  ccnEvaluation         INFO     ── Held-out for VLDII_AdSS (regression | embedding) ──
18:07:43  baselineEval.src.held_out  INFO     Best regression model: lasso (RMSE=13.2609 ± 1.1125)
18:07:44  baselineEval.src.held_out  INFO     Held-out regression (embedding | VLDII_AdSS): model=lasso RMSE=14.554 [11.659, 17.061] R²=0.154 [-0.232, 0.281] ρ=0.398
18:07:44  ccnEvaluation         INFO     ── CV for VLDII_MotorSS (regression) ──
18:07:44  ccnEvaluation         INFO       X: (95, 256), y: (95,) (classes: [ 56.  67.  69.  70.  72.  75.  79.  81.  82.  84.  85.  88.  90.  93.
  94.  95.  96.  97. 100. 102. 104. 105. 106. 108. 111. 114. 121. 131.])
18:07:44  baselineEval.src.cross_validation  INFO     Skipping LGBM regressor (--skip-lgbm)
18:07:44  baselineEval.src.cross_validation  INFO     Regression CV: 1 models, 5×10 nested CV (50 total outer folds)
18:07:53  baselineEval.src.cross_validation  INFO       Saved: predictions_per_subject.csv
18:07:53  baselineEval.src.cross_validation  INFO       CV results: 50 rows → /srv/beegfs/scratch/shares/schaerm/schaer2/video_sam2_pose/humanLISBET-paper/baselineEval/results_stats_temporal_maxpool_lasso/embedding/regression/VLDII_MotorSS/cv_results.csv
18:07:53  baselineEval.src.cross_validation  INFO     
── Regression summary (VLDII_MotorSS) ──
model      rmse        r2  spearman_r
lasso 12.367604 -0.009367    0.069326
18:07:53  ccnEvaluation         INFO     ── Held-out for VLDII_MotorSS (regression | embedding) ──
18:07:53  baselineEval.src.held_out  INFO     Best regression model: lasso (RMSE=12.3676 ± 1.4178)
18:07:54  baselineEval.src.held_out  INFO     Held-out regression (embedding | VLDII_MotorSS): model=lasso RMSE=12.942 [9.410, 16.369] R²=-0.045 [-0.599, 0.044] ρ=-0.036
18:07:54  ccnEvaluation         INFO     ── CV for VLDII_gmsVS (regression) ──
18:07:54  ccnEvaluation         INFO       X: (95, 256), y: (95,) (classes: [ 8.  9. 10. 11. 12. 13. 14. 15. 16. 17. 18. 22.])
18:07:54  baselineEval.src.cross_validation  INFO     Skipping LGBM regressor (--skip-lgbm)
18:07:54  baselineEval.src.cross_validation  INFO     Regression CV: 1 models, 5×10 nested CV (50 total outer folds)
18:08:02  baselineEval.src.cross_validation  INFO       Saved: predictions_per_subject.csv
18:08:02  baselineEval.src.cross_validation  INFO       CV results: 50 rows → /srv/beegfs/scratch/shares/schaerm/schaer2/video_sam2_pose/humanLISBET-paper/baselineEval/results_stats_temporal_maxpool_lasso/embedding/regression/VLDII_gmsVS/cv_results.csv
18:08:02  baselineEval.src.cross_validation  INFO     
── Regression summary (VLDII_gmsVS) ──
model     rmse        r2  spearman_r
lasso 2.125767 -0.024615    0.033156
18:08:02  ccnEvaluation         INFO     ── Held-out for VLDII_gmsVS (regression | embedding) ──
18:08:02  baselineEval.src.held_out  INFO     Best regression model: lasso (RMSE=2.1258 ± 0.3446)
/srv/beegfs/scratch/shares/schaerm/schaer2/video_sam2_pose/humanLISBET-paper/baselineEval/src/held_out.py:422: ConstantInputWarning: An input array is constant; the correlation coefficient is not defined.
  sp_r, _ = spearmanr(y_test, y_pred)
/srv/beegfs/scratch/shares/schaerm/schaer2/video_sam2_pose/humanLISBET-paper/baselineEval/src/held_out.py:423: ConstantInputWarning: An input array is constant; the correlation coefficient is not defined.
  pe_r, _ = pearsonr(y_test, y_pred)
18:08:03  baselineEval.src.held_out  INFO     Held-out regression (embedding | VLDII_gmsVS): model=lasso RMSE=1.893 [1.289, 2.418] R²=-0.014 [-0.494, -0.000] ρ=nan
18:08:03  ccnEvaluation         INFO     ── CV for VLDII_fmsVS (regression) ──
18:08:03  ccnEvaluation         INFO       X: (95, 256), y: (95,) (classes: [ 7.  8.  9. 10. 11. 12. 13. 14. 15. 16. 17. 18.])
18:08:03  baselineEval.src.cross_validation  INFO     Skipping LGBM regressor (--skip-lgbm)
18:08:03  baselineEval.src.cross_validation  INFO     Regression CV: 1 models, 5×10 nested CV (50 total outer folds)
18:08:12  baselineEval.src.cross_validation  INFO       Saved: predictions_per_subject.csv
18:08:12  baselineEval.src.cross_validation  INFO       CV results: 50 rows → /srv/beegfs/scratch/shares/schaerm/schaer2/video_sam2_pose/humanLISBET-paper/baselineEval/results_stats_temporal_maxpool_lasso/embedding/regression/VLDII_fmsVS/cv_results.csv
18:08:12  baselineEval.src.cross_validation  INFO     
── Regression summary (VLDII_fmsVS) ──
model     rmse        r2  spearman_r
lasso 2.472007 -0.033527   -0.067935
18:08:12  ccnEvaluation         INFO     ── Held-out for VLDII_fmsVS (regression | embedding) ──
18:08:12  baselineEval.src.held_out  INFO     Best regression model: lasso (RMSE=2.4720 ± 0.2478)
/srv/beegfs/scratch/shares/schaerm/schaer2/video_sam2_pose/humanLISBET-paper/baselineEval/src/held_out.py:422: ConstantInputWarning: An input array is constant; the correlation coefficient is not defined.
  sp_r, _ = spearmanr(y_test, y_pred)
/srv/beegfs/scratch/shares/schaerm/schaer2/video_sam2_pose/humanLISBET-paper/baselineEval/src/held_out.py:423: ConstantInputWarning: An input array is constant; the correlation coefficient is not defined.
  pe_r, _ = pearsonr(y_test, y_pred)
18:08:12  baselineEval.src.held_out  INFO     Held-out regression (embedding | VLDII_fmsVS): model=lasso RMSE=2.495 [1.826, 3.138] R²=-0.013 [-0.555, -0.000] ρ=nan
18:08:12  ccnEvaluation         INFO     ── CV for VLDII_SocSS (regression) ──
18:08:12  ccnEvaluation         INFO       X: (95, 256), y: (95,) (classes: [ 59.  65.  66.  68.  70.  72.  74.  75.  76.  78.  79.  80.  81.  82.
  84.  86.  88.  89.  90.  91.  92.  94.  95.  96.  98. 100. 101. 102.
 105. 109. 111. 112. 114.])
18:08:12  baselineEval.src.cross_validation  INFO     Skipping LGBM regressor (--skip-lgbm)
18:08:12  baselineEval.src.cross_validation  INFO     Regression CV: 1 models, 5×10 nested CV (50 total outer folds)
18:08:22  baselineEval.src.cross_validation  INFO       Saved: predictions_per_subject.csv
18:08:22  baselineEval.src.cross_validation  INFO       CV results: 50 rows → /srv/beegfs/scratch/shares/schaerm/schaer2/video_sam2_pose/humanLISBET-paper/baselineEval/results_stats_temporal_maxpool_lasso/embedding/regression/VLDII_SocSS/cv_results.csv
18:08:22  baselineEval.src.cross_validation  INFO     
── Regression summary (VLDII_SocSS) ──
model      rmse      r2  spearman_r
lasso 11.004743 0.17673    0.493257
18:08:22  ccnEvaluation         INFO     ── Held-out for VLDII_SocSS (regression | embedding) ──
18:08:22  baselineEval.src.held_out  INFO     Best regression model: lasso (RMSE=11.0047 ± 1.2122)
18:08:22  baselineEval.src.held_out  INFO     Held-out regression (embedding | VLDII_SocSS): model=lasso RMSE=11.538 [8.688, 14.196] R²=0.125 [-0.256, 0.251] ρ=0.293
18:08:22  ccnEvaluation         INFO     ── CV for VLDII_intVS (regression) ──
18:08:22  ccnEvaluation         INFO       X: (95, 256), y: (95,) (classes: [ 6.  8.  9. 10. 11. 12. 13. 14. 15. 16. 17. 18. 19. 20.])
18:08:22  baselineEval.src.cross_validation  INFO     Skipping LGBM regressor (--skip-lgbm)
18:08:22  baselineEval.src.cross_validation  INFO     Regression CV: 1 models, 5×10 nested CV (50 total outer folds)
18:08:31  baselineEval.src.cross_validation  INFO       Saved: predictions_per_subject.csv
18:08:31  baselineEval.src.cross_validation  INFO       CV results: 50 rows → /srv/beegfs/scratch/shares/schaerm/schaer2/video_sam2_pose/humanLISBET-paper/baselineEval/results_stats_temporal_maxpool_lasso/embedding/regression/VLDII_intVS/cv_results.csv
18:08:31  baselineEval.src.cross_validation  INFO     
── Regression summary (VLDII_intVS) ──
model     rmse       r2  spearman_r
lasso 2.423114 0.179583    0.527781
18:08:31  ccnEvaluation         INFO     ── Held-out for VLDII_intVS (regression | embedding) ──
18:08:31  baselineEval.src.held_out  INFO     Best regression model: lasso (RMSE=2.4231 ± 0.2537)
18:08:32  baselineEval.src.held_out  INFO     Held-out regression (embedding | VLDII_intVS): model=lasso RMSE=2.892 [2.276, 3.480] R²=0.068 [-0.472, 0.302] ρ=0.175
18:08:32  ccnEvaluation         INFO     ── CV for VLDII_plaVS (regression) ──
18:08:32  ccnEvaluation         INFO       X: (95, 256), y: (95,) (classes: [ 7.  8.  9. 10. 11. 12. 13. 14. 15. 16. 17. 18. 19.])
18:08:32  baselineEval.src.cross_validation  INFO     Skipping LGBM regressor (--skip-lgbm)
18:08:32  baselineEval.src.cross_validation  INFO     Regression CV: 1 models, 5×10 nested CV (50 total outer folds)
18:08:40  baselineEval.src.cross_validation  INFO       Saved: predictions_per_subject.csv
18:08:40  baselineEval.src.cross_validation  INFO       CV results: 50 rows → /srv/beegfs/scratch/shares/schaerm/schaer2/video_sam2_pose/humanLISBET-paper/baselineEval/results_stats_temporal_maxpool_lasso/embedding/regression/VLDII_plaVS/cv_results.csv
18:08:40  baselineEval.src.cross_validation  INFO     
── Regression summary (VLDII_plaVS) ──
model     rmse       r2  spearman_r
lasso 2.432185 0.091236    0.393137
18:08:40  ccnEvaluation         INFO     ── Held-out for VLDII_plaVS (regression | embedding) ──
18:08:40  baselineEval.src.held_out  INFO     Best regression model: lasso (RMSE=2.4322 ± 0.2049)
18:08:41  baselineEval.src.held_out  INFO     Held-out regression (embedding | VLDII_plaVS): model=lasso RMSE=2.102 [1.485, 2.665] R²=0.310 [-0.032, 0.458] ρ=0.619
18:08:41  ccnEvaluation         INFO     ── CV for VLDII_copVS (regression) ──
18:08:41  ccnEvaluation         INFO       X: (95, 256), y: (95,) (classes: [ 9. 10. 11. 12. 13. 14. 15. 16. 17.])
18:08:41  baselineEval.src.cross_validation  INFO     Skipping LGBM regressor (--skip-lgbm)
18:08:41  baselineEval.src.cross_validation  INFO     Regression CV: 1 models, 5×10 nested CV (50 total outer folds)
18:08:49  baselineEval.src.cross_validation  INFO       Saved: predictions_per_subject.csv
18:08:49  baselineEval.src.cross_validation  INFO       CV results: 50 rows → /srv/beegfs/scratch/shares/schaerm/schaer2/video_sam2_pose/humanLISBET-paper/baselineEval/results_stats_temporal_maxpool_lasso/embedding/regression/VLDII_copVS/cv_results.csv
18:08:49  baselineEval.src.cross_validation  INFO     
── Regression summary (VLDII_copVS) ──
model     rmse       r2  spearman_r
lasso 2.009542 0.033246    0.271421
18:08:49  ccnEvaluation         INFO     ── Held-out for VLDII_copVS (regression | embedding) ──
18:08:49  baselineEval.src.held_out  INFO     Best regression model: lasso (RMSE=2.0095 ± 0.1627)
18:08:50  baselineEval.src.held_out  INFO     Held-out regression (embedding | VLDII_copVS): model=lasso RMSE=1.740 [1.340, 2.145] R²=-0.094 [-1.077, 0.205] ρ=0.123
18:08:50  ccnEvaluation         INFO     ── CV for VLDII_DaiSS (regression) ──
18:08:50  ccnEvaluation         INFO       X: (95, 256), y: (95,) (classes: [ 53.  62.  65.  67.  69.  71.  73.  75.  77.  78.  80.  81.  82.  83.
  86.  87.  89.  91.  93.  95.  96.  98. 100. 101. 102. 103. 104. 105.
 107. 109. 111. 113. 115. 118. 121.])
18:08:50  baselineEval.src.cross_validation  INFO     Skipping LGBM regressor (--skip-lgbm)
18:08:50  baselineEval.src.cross_validation  INFO     Regression CV: 1 models, 5×10 nested CV (50 total outer folds)
18:08:59  baselineEval.src.cross_validation  INFO       Saved: predictions_per_subject.csv
18:09:00  baselineEval.src.cross_validation  INFO       CV results: 50 rows → /srv/beegfs/scratch/shares/schaerm/schaer2/video_sam2_pose/humanLISBET-paper/baselineEval/results_stats_temporal_maxpool_lasso/embedding/regression/VLDII_DaiSS/cv_results.csv
18:09:00  baselineEval.src.cross_validation  INFO     
── Regression summary (VLDII_DaiSS) ──
model      rmse       r2  spearman_r
lasso 12.689002 0.128629    0.451999
18:09:00  ccnEvaluation         INFO     ── Held-out for VLDII_DaiSS (regression | embedding) ──
18:09:00  baselineEval.src.held_out  INFO     Best regression model: lasso (RMSE=12.6890 ± 1.4034)
18:09:00  baselineEval.src.held_out  INFO     Held-out regression (embedding | VLDII_DaiSS): model=lasso RMSE=13.795 [10.017, 17.043] R²=0.095 [-0.333, 0.250] ρ=0.343
18:09:00  ccnEvaluation         INFO     ── CV for VLDII_perVS (regression) ──
18:09:01  ccnEvaluation         INFO       X: (95, 256), y: (95,) (classes: [ 7.  8.  9. 10. 11. 12. 13. 14. 15. 16. 17. 18.])
18:09:01  baselineEval.src.cross_validation  INFO     Skipping LGBM regressor (--skip-lgbm)
18:09:01  baselineEval.src.cross_validation  INFO     Regression CV: 1 models, 5×10 nested CV (50 total outer folds)
18:09:09  baselineEval.src.cross_validation  INFO       Saved: predictions_per_subject.csv
18:09:09  baselineEval.src.cross_validation  INFO       CV results: 50 rows → /srv/beegfs/scratch/shares/schaerm/schaer2/video_sam2_pose/humanLISBET-paper/baselineEval/results_stats_temporal_maxpool_lasso/embedding/regression/VLDII_perVS/cv_results.csv
18:09:09  baselineEval.src.cross_validation  INFO     
── Regression summary (VLDII_perVS) ──
model     rmse       r2  spearman_r
lasso 2.532836 0.114625    0.443705
18:09:09  ccnEvaluation         INFO     ── Held-out for VLDII_perVS (regression | embedding) ──
18:09:09  baselineEval.src.held_out  INFO     Best regression model: lasso (RMSE=2.5328 ± 0.2424)
18:09:10  baselineEval.src.held_out  INFO     Held-out regression (embedding | VLDII_perVS): model=lasso RMSE=2.355 [1.814, 2.833] R²=0.040 [-0.423, 0.224] ρ=0.271
18:09:10  ccnEvaluation         INFO     ── CV for VLDII_comVS (regression) ──
18:09:10  ccnEvaluation         INFO       X: (95, 256), y: (95,) (classes: [ 7. 10. 11. 12. 13. 14. 15. 16. 17. 18. 20.])
18:09:10  baselineEval.src.cross_validation  INFO     Skipping LGBM regressor (--skip-lgbm)
18:09:10  baselineEval.src.cross_validation  INFO     Regression CV: 1 models, 5×10 nested CV (50 total outer folds)
18:09:18  baselineEval.src.cross_validation  INFO       Saved: predictions_per_subject.csv
18:09:18  baselineEval.src.cross_validation  INFO       CV results: 50 rows → /srv/beegfs/scratch/shares/schaerm/schaer2/video_sam2_pose/humanLISBET-paper/baselineEval/results_stats_temporal_maxpool_lasso/embedding/regression/VLDII_comVS/cv_results.csv
18:09:18  baselineEval.src.cross_validation  INFO     
── Regression summary (VLDII_comVS) ──
model     rmse       r2  spearman_r
lasso 2.101883 0.131803    0.447086
18:09:18  ccnEvaluation         INFO     ── Held-out for VLDII_comVS (regression | embedding) ──
18:09:18  baselineEval.src.held_out  INFO     Best regression model: lasso (RMSE=2.1019 ± 0.2405)
18:09:19  baselineEval.src.held_out  INFO     Held-out regression (embedding | VLDII_comVS): model=lasso RMSE=3.054 [2.049, 3.985] R²=-0.115 [-0.687, 0.066] ρ=-0.025
18:09:19  ccnEvaluation         INFO     ── CV for VLDII_domVS (regression) ──
18:09:19  ccnEvaluation         INFO       X: (95, 256), y: (95,) (classes: [ 9. 10. 11. 12. 13. 14. 15. 16. 17. 18. 19. 20. 22.])
18:09:19  baselineEval.src.cross_validation  INFO     Skipping LGBM regressor (--skip-lgbm)
18:09:19  baselineEval.src.cross_validation  INFO     Regression CV: 1 models, 5×10 nested CV (50 total outer folds)
18:09:27  baselineEval.src.cross_validation  INFO       Saved: predictions_per_subject.csv
18:09:27  baselineEval.src.cross_validation  INFO       CV results: 50 rows → /srv/beegfs/scratch/shares/schaerm/schaer2/video_sam2_pose/humanLISBET-paper/baselineEval/results_stats_temporal_maxpool_lasso/embedding/regression/VLDII_domVS/cv_results.csv
18:09:27  baselineEval.src.cross_validation  INFO     
── Regression summary (VLDII_domVS) ──
model     rmse       r2  spearman_r
lasso 2.685833 0.054931    0.286586
18:09:27  ccnEvaluation         INFO     ── Held-out for VLDII_domVS (regression | embedding) ──
18:09:27  baselineEval.src.held_out  INFO     Best regression model: lasso (RMSE=2.6858 ± 0.2289)
18:09:28  baselineEval.src.held_out  INFO     Held-out regression (embedding | VLDII_domVS): model=lasso RMSE=2.809 [1.815, 3.677] R²=0.106 [-0.306, 0.219] ρ=0.417
18:09:28  ccnEvaluation         INFO     ── CV for VLDII_ComSS (regression) ──
18:09:28  ccnEvaluation         INFO       X: (95, 256), y: (95,) (classes: [ 44.  52.  54.  58.  59.  61.  63.  64.  65.  66.  69.  71.  72.  73.
  74.  76.  79.  80.  81.  84.  85.  86.  89.  90.  91.  93.  95.  97.
 100. 101. 102. 103. 104. 105. 107. 108. 110. 112. 113. 116. 118. 121.
 122. 125.])
18:09:28  baselineEval.src.cross_validation  INFO     Skipping LGBM regressor (--skip-lgbm)
18:09:28  baselineEval.src.cross_validation  INFO     Regression CV: 1 models, 5×10 nested CV (50 total outer folds)
18:09:38  baselineEval.src.cross_validation  INFO       Saved: predictions_per_subject.csv
18:09:38  baselineEval.src.cross_validation  INFO       CV results: 50 rows → /srv/beegfs/scratch/shares/schaerm/schaer2/video_sam2_pose/humanLISBET-paper/baselineEval/results_stats_temporal_maxpool_lasso/embedding/regression/VLDII_ComSS/cv_results.csv
18:09:38  baselineEval.src.cross_validation  INFO     
── Regression summary (VLDII_ComSS) ──
model      rmse       r2  spearman_r
lasso 17.300073 0.185017      0.4766
18:09:38  ccnEvaluation         INFO     ── Held-out for VLDII_ComSS (regression | embedding) ──
18:09:38  baselineEval.src.held_out  INFO     Best regression model: lasso (RMSE=17.3001 ± 1.6620)
18:09:39  baselineEval.src.held_out  INFO     Held-out regression (embedding | VLDII_ComSS): model=lasso RMSE=20.519 [15.833, 24.619] R²=0.110 [-0.401, 0.327] ρ=0.400
18:09:39  ccnEvaluation         INFO     ── CV for VLDII_expVS (regression) ──
18:09:39  ccnEvaluation         INFO       X: (95, 256), y: (95,) (classes: [ 6.  7.  8.  9. 10. 11. 12. 13. 14. 15. 16. 17. 18. 19. 20.])
18:09:39  baselineEval.src.cross_validation  INFO     Skipping LGBM regressor (--skip-lgbm)
18:09:39  baselineEval.src.cross_validation  INFO     Regression CV: 1 models, 5×10 nested CV (50 total outer folds)
18:09:47  baselineEval.src.cross_validation  INFO       Saved: predictions_per_subject.csv
18:09:47  baselineEval.src.cross_validation  INFO       CV results: 50 rows → /srv/beegfs/scratch/shares/schaerm/schaer2/video_sam2_pose/humanLISBET-paper/baselineEval/results_stats_temporal_maxpool_lasso/embedding/regression/VLDII_expVS/cv_results.csv
18:09:47  baselineEval.src.cross_validation  INFO     
── Regression summary (VLDII_expVS) ──
model     rmse       r2  spearman_r
lasso 3.380244 0.129143    0.448381
18:09:47  ccnEvaluation         INFO     ── Held-out for VLDII_expVS (regression | embedding) ──
18:09:47  baselineEval.src.held_out  INFO     Best regression model: lasso (RMSE=3.3802 ± 0.3350)
18:09:48  baselineEval.src.held_out  INFO     Held-out regression (embedding | VLDII_expVS): model=lasso RMSE=3.466 [2.708, 4.253] R²=0.096 [-0.420, 0.297] ρ=0.313
18:09:48  ccnEvaluation         INFO     ── CV for VLDII_recVS (regression) ──
18:09:48  ccnEvaluation         INFO       X: (95, 256), y: (95,) (classes: [ 3.  5.  6.  7.  8.  9. 10. 11. 12. 13. 14. 15. 16. 17. 18. 19. 20. 21.])
18:09:48  baselineEval.src.cross_validation  INFO     Skipping LGBM regressor (--skip-lgbm)
18:09:48  baselineEval.src.cross_validation  INFO     Regression CV: 1 models, 5×10 nested CV (50 total outer folds)
18:09:56  baselineEval.src.cross_validation  INFO       Saved: predictions_per_subject.csv
18:09:56  baselineEval.src.cross_validation  INFO       CV results: 50 rows → /srv/beegfs/scratch/shares/schaerm/schaer2/video_sam2_pose/humanLISBET-paper/baselineEval/results_stats_temporal_maxpool_lasso/embedding/regression/VLDII_recVS/cv_results.csv
18:09:56  baselineEval.src.cross_validation  INFO     
── Regression summary (VLDII_recVS) ──
model    rmse       r2  spearman_r
lasso 3.47611 0.240001    0.574866
18:09:56  ccnEvaluation         INFO     ── Held-out for VLDII_recVS (regression | embedding) ──
18:09:56  baselineEval.src.held_out  INFO     Best regression model: lasso (RMSE=3.4761 ± 0.4671)
18:09:57  baselineEval.src.held_out  INFO     Held-out regression (embedding | VLDII_recVS): model=lasso RMSE=4.393 [3.574, 5.092] R²=0.091 [-0.411, 0.282] ρ=0.421
18:09:57  ccnEvaluation         INFO     ── CV for MSEL_TOTAL_DQ (regression) ──
18:09:57  ccnEvaluation         INFO       X: (100, 256), y: (100,) (classes: [ 18.02469136  32.43483412  34.59785415  38.08884914  38.95032984
  40.09469697  40.66399287  41.7597914   48.35352006  48.38185274
  48.56808071  49.32034527  52.60163835  52.78815173  53.41769972
  54.6043883   54.66514664  55.9129902   57.80945419  58.00856827
  58.01880411  58.49358974  60.55385401  60.73988735  61.21267952
  61.65540541  62.6717033   64.54699612  64.58014537  65.85307734
  66.03346902  66.56582561  67.46408956  68.67474001  69.12878788
  69.58887965  70.42091476  70.5832302   71.22161779  72.65127389
  72.74744284  73.39929215  73.55044202  73.63718709  74.37652068
  76.23385285  77.89159198  78.63298081  79.93217054  79.97485632
  80.39067013  81.47321429  82.45481928  83.44764518  83.72463299
  88.69235986  88.94106636  91.04190422  91.67078393  92.86194316
  92.9187448   93.08301946  94.84225533  95.62583836  96.63388805
  97.48931624  98.02617856 102.9518543  103.811149   107.0353937
 107.8029726  108.1764296  108.385181   108.6309524  108.7338226
 109.0520026  109.52137    111.8651489  112.1257819  112.192623
 112.5198886  112.8090659  112.8284389  113.5791843  115.0573568
 116.0376082  116.1326915  118.2653171  119.351962   120.5538618
 121.574912   125.622437   128.0608788  130.5093403  130.8806655
 132.3244751  135.4820159  139.7760116  149.1013072  149.4299051 ])
18:09:57  baselineEval.src.cross_validation  INFO     Skipping LGBM regressor (--skip-lgbm)
18:09:57  baselineEval.src.cross_validation  INFO     Regression CV: 1 models, 5×10 nested CV (50 total outer folds)
18:10:07  baselineEval.src.cross_validation  INFO       Saved: predictions_per_subject.csv
18:10:07  baselineEval.src.cross_validation  INFO       CV results: 50 rows → /srv/beegfs/scratch/shares/schaerm/schaer2/video_sam2_pose/humanLISBET-paper/baselineEval/results_stats_temporal_maxpool_lasso/embedding/regression/MSEL_TOTAL_DQ/cv_results.csv
18:10:07  baselineEval.src.cross_validation  INFO     
── Regression summary (MSEL_TOTAL_DQ) ──
model     rmse       r2  spearman_r
lasso 25.02849 0.247147    0.572481
18:10:07  ccnEvaluation         INFO     ── Held-out for MSEL_TOTAL_DQ (regression | embedding) ──
18:10:07  baselineEval.src.held_out  INFO     Best regression model: lasso (RMSE=25.0285 ± 2.7954)
18:10:08  baselineEval.src.held_out  INFO     Held-out regression (embedding | MSEL_TOTAL_DQ): model=lasso RMSE=29.725 [22.833, 36.455] R²=0.186 [-0.314, 0.367] ρ=0.458
18:10:08  ccnEvaluation         INFO     ── CV for MSEL_FM_DQ (regression) ──
18:10:08  ccnEvaluation         INFO       X: (100, 256), y: (100,) (classes: [ 18.02469136  46.4649432   48.97137746  50.05646983  54.38484461
  55.25934702  55.26116578  55.3030303   59.06148867  60.89132507
  63.6627907   63.73690338  64.77896096  65.16194848  65.41218638
  65.72629052  69.06338694  69.12878788  69.33210784  70.91968912
  73.53479853  75.06258941  75.18022657  75.486618    75.66334992
  75.86923658  75.90612002  75.91514143  77.07927225  77.89159198
  78.29257829  79.43695591  79.91242474  80.18453427  80.89539007
  80.95690748  82.62072435  82.81765677  83.43724023  83.84379786
  83.94209957  85.6233244   85.79059829  85.92278719  87.62002743
  87.84596871  87.86462758  87.98209366  89.15229885  90.64569536
  90.75497288  90.7960199   92.60343482  92.99363057  93.43003413
  93.95109395  95.05208333  95.38327526  96.20155039  96.63388805
  96.66313559  97.1113645   97.65160523  97.76785714  98.45857418
  98.95429899  98.97788903  99.40087146  99.64898596 102.1903821
 102.8432377  103.6931818  103.811149   104.7045324  105.1267281
 105.4303871  106.1046512  106.538237   107.1589883  108.1764296
 108.201581   108.6309524  109.939759   111.4163614  111.6891065
 112.258348   112.5198886  113.5687229  114.1644325  115.1790314
 119.8555166  120.5538618  121.1819389  121.197515   121.574912
 122.124634   122.1456693  122.8956229  123.8687783  143.1372549 ])
18:10:08  baselineEval.src.cross_validation  INFO     Skipping LGBM regressor (--skip-lgbm)
18:10:08  baselineEval.src.cross_validation  INFO     Regression CV: 1 models, 5×10 nested CV (50 total outer folds)
18:10:18  baselineEval.src.cross_validation  INFO       Saved: predictions_per_subject.csv
18:10:18  baselineEval.src.cross_validation  INFO       CV results: 50 rows → /srv/beegfs/scratch/shares/schaerm/schaer2/video_sam2_pose/humanLISBET-paper/baselineEval/results_stats_temporal_maxpool_lasso/embedding/regression/MSEL_FM_DQ/cv_results.csv
18:10:18  baselineEval.src.cross_validation  INFO     
── Regression summary (MSEL_FM_DQ) ──
model      rmse       r2  spearman_r
lasso 20.499081 0.059104    0.374904
18:10:18  ccnEvaluation         INFO     ── Held-out for MSEL_FM_DQ (regression | embedding) ──
18:10:18  baselineEval.src.held_out  INFO     Best regression model: lasso (RMSE=20.4991 ± 2.9516)
18:10:19  baselineEval.src.held_out  INFO     Held-out regression (embedding | MSEL_FM_DQ): model=lasso RMSE=21.308 [14.957, 26.758] R²=0.048 [-0.425, 0.157] ρ=0.311
18:10:19  ccnEvaluation         INFO     ── CV for MSEL_VR_DQ (regression) ──
18:10:19  ccnEvaluation         INFO       X: (100, 256), y: (100,) (classes: [ 24.78395062  38.27847693  40.84386519  44.24242424  48.97137746
  55.48645661  56.65502522  56.92959002  62.16881151  62.75283172
  64.71631206  65.27181688  65.72629052  66.12318841  66.69049889
  67.74833589  69.92337165  70.46332046  70.66795741  71.15009747
  72.16608084  73.80514706  73.80800341  75.41322314  76.86522262
  77.69631031  77.99145299  78.31273601  78.41474446  78.6637931
  79.18580909  79.31783825  80.21978022  83.77964805  84.0389186
  84.56192081  84.81797057  84.88372093  85.28037383  87.43066062
  88.66708914  89.11889597  89.35566001  89.46078431  89.57533077
  89.615829    90.15860634  92.33630952  93.50512357  93.81764069
  94.1109736   94.6140553   96.17918314  96.20155039  97.93244949
  98.97788903 100.5796275  102.1289538  103.2884465  104.0746873
 104.3095565  106.0098302  106.3795337  108.127254   109.5515537
 110.1055807  110.1609658  110.297536   111.6891065  113.7780549
 114.2017705  114.5637163  115.3090847  116.9871795  118.5064935
 121.4642263  123.6822289  124.5733788  125.1905488  125.2213369
 129.0167095  130.7503771  133.1727963  133.6408905  133.8188664
 134.9544937  135.1851852  136.0094851  136.515748   146.7828418
 147.3675711  148.8166269  148.8393977  151.821572   153.0708874
 158.9721254  159.8073555  175.8188825  192.7226814 ])
18:10:19  baselineEval.src.cross_validation  INFO     Skipping LGBM regressor (--skip-lgbm)
18:10:19  baselineEval.src.cross_validation  INFO     Regression CV: 1 models, 5×10 nested CV (50 total outer folds)
18:10:30  baselineEval.src.cross_validation  INFO       Saved: predictions_per_subject.csv
18:10:30  baselineEval.src.cross_validation  INFO       CV results: 50 rows → /srv/beegfs/scratch/shares/schaerm/schaer2/video_sam2_pose/humanLISBET-paper/baselineEval/results_stats_temporal_maxpool_lasso/embedding/regression/MSEL_VR_DQ/cv_results.csv
18:10:30  baselineEval.src.cross_validation  INFO     
── Regression summary (MSEL_VR_DQ) ──
model      rmse       r2  spearman_r
lasso 29.642275 0.099221    0.421388
18:10:30  ccnEvaluation         INFO     ── Held-out for MSEL_VR_DQ (regression | embedding) ──
18:10:30  baselineEval.src.held_out  INFO     Best regression model: lasso (RMSE=29.6423 ± 3.8366)
18:10:30  baselineEval.src.held_out  INFO     Held-out regression (embedding | MSEL_VR_DQ): model=lasso RMSE=28.866 [22.470, 34.488] R²=0.262 [-0.058, 0.348] ρ=0.632
18:10:30  ccnEvaluation         INFO     ── CV for MSEL_LR_DQ (regression) ──
18:10:30  ccnEvaluation         INFO       X: (100, 256), y: (100,) (classes: [  3.88463176   4.06639929   6.75925926   9.87554113  12.01290153
  16.59090909  18.70972466  20.22384752  20.94811754  21.24563446
  25.56022409  26.50048403  28.99586908  29.92695289  32.38948048
  32.63590844  35.30956329  37.26391016  38.9957265   40.25735294
  40.48807543  43.06091806  44.2961165   44.83182162  46.05097149
  46.79487179  47.45189808  48.93770627  50.11618082  50.37154989
  52.84749035  53.52588625  53.65219358  54.90373045  59.29174789
  59.55070281  62.02209006  62.16545012  62.65018881  63.07603687
  64.61056645  64.9288451   66.12318841  66.75811614  70.61011905
  70.91968912  71.94102807  73.19518717  74.25406872  76.30178639
  76.39534884  77.74980635  77.81007752  77.89159198  78.6637931
  79.07279029  79.43695591  80.19460138  82.52583979  83.43724023
  83.56227106  84.15678524  87.60560676  91.80080483  96.34238311
  96.50411281 102.7847309  104.0746873  105.9596995  107.2715207
 108.1764296  108.8902148  110.0871314  115.4120767  115.9171748
 116.9871795  117.5351288  118.5064935  119.2178672  119.8802164
 120.1122726  120.9753788  121.1819389  122.3190349  122.5189726
 124.5733788  126.9356955  127.766486   128.1288156  130.2021403
 130.5093403  132.9263068  138.2575758  142.6500252  144.1714836
 144.3321617  147.1132898  148.8393977  153.6195286  157.0567986 ])
18:10:30  baselineEval.src.cross_validation  INFO     Skipping LGBM regressor (--skip-lgbm)
18:10:30  baselineEval.src.cross_validation  INFO     Regression CV: 1 models, 5×10 nested CV (50 total outer folds)
18:10:41  baselineEval.src.cross_validation  INFO       Saved: predictions_per_subject.csv
18:10:41  baselineEval.src.cross_validation  INFO       CV results: 50 rows → /srv/beegfs/scratch/shares/schaerm/schaer2/video_sam2_pose/humanLISBET-paper/baselineEval/results_stats_temporal_maxpool_lasso/embedding/regression/MSEL_LR_DQ/cv_results.csv
18:10:41  baselineEval.src.cross_validation  INFO     
── Regression summary (MSEL_LR_DQ) ──
model      rmse       r2  spearman_r
lasso 34.286041 0.260878     0.58412
18:10:41  ccnEvaluation         INFO     ── Held-out for MSEL_LR_DQ (regression | embedding) ──
18:10:41  baselineEval.src.held_out  INFO     Best regression model: lasso (RMSE=34.2860 ± 3.2020)
18:10:42  baselineEval.src.held_out  INFO     Held-out regression (embedding | MSEL_LR_DQ): model=lasso RMSE=40.567 [30.019, 51.093] R²=0.200 [-0.304, 0.423] ρ=0.380
18:10:42  ccnEvaluation         INFO     ── CV for MSEL_LE_DQ (regression) ──
18:10:42  ccnEvaluation         INFO       X: (100, 256), y: (100,) (classes: [  9.94008715  14.16375631  17.66698935  21.62322275  22.5308642
  23.71669916  24.48568873  29.32736455  29.93313147  31.1965812
  31.83139535  32.5311943   34.96168582  35.3339787   36.51460584
  36.64658635  37.69462981  40.09226714  40.25735294  40.48807543
  41.27091814  41.92189893  43.37492573  44.24242424  44.2961165
  44.43993506  44.83182162  45.69027182  46.51656754  46.72299027
  47.44367418  50.11618082  50.12015105  50.13736264  50.93023256
  52.58200355  54.8048048   55.8530987   56.46658416  56.94227769
  57.72506083  58.12101911  59.82097832  59.93431856  60.11198946
  61.49957877  65.17857143  65.57490326  66.18574582  66.20785318
  69.12878788  69.55030488  71.37484958  72.66780432  73.41954023
  75.10288066  76.33526384  77.99145299  78.1455863   79.85282418
  80.57395143  81.54602324  82.20720721  83.94209957  84.10138249
  85.23058961  86.67962003  89.35128519  89.92073693  90.17483846
  91.02244389  91.36420526  91.65097301  93.77792672  94.24218952
  96.25527426  96.94555113  97.92085848 100.2099483  100.2747253
 103.2239819  106.0553231  108.127254   109.939759   111.2804878
 111.8651489  112.258348   114.1922639  115.7352358  116.9871795
 120.9753788  122.124634   124.6584699  128.4817876  128.8841808
 137.775842   140.655106   143.7007874  170.9694989 ])
18:10:42  baselineEval.src.cross_validation  INFO     Skipping LGBM regressor (--skip-lgbm)
18:10:42  baselineEval.src.cross_validation  INFO     Regression CV: 1 models, 5×10 nested CV (50 total outer folds)
18:10:52  baselineEval.src.cross_validation  INFO       Saved: predictions_per_subject.csv
18:10:52  baselineEval.src.cross_validation  INFO       CV results: 50 rows → /srv/beegfs/scratch/shares/schaerm/schaer2/video_sam2_pose/humanLISBET-paper/baselineEval/results_stats_temporal_maxpool_lasso/embedding/regression/MSEL_LE_DQ/cv_results.csv
18:10:52  baselineEval.src.cross_validation  INFO     
── Regression summary (MSEL_LE_DQ) ──
model      rmse       r2  spearman_r
lasso 29.746408 0.215167    0.550199
18:10:52  ccnEvaluation         INFO     ── Held-out for MSEL_LE_DQ (regression | embedding) ──
18:10:52  baselineEval.src.held_out  INFO     Best regression model: lasso (RMSE=29.7464 ± 3.3592)
18:10:53  baselineEval.src.held_out  INFO     Held-out regression (embedding | MSEL_LE_DQ): model=lasso RMSE=33.749 [25.229, 42.084] R²=0.186 [-0.491, 0.419] ρ=0.392
18:10:53  ccnEvaluation         INFO     ── CV for MSEL_NV_DQ (regression) ──
18:10:53  ccnEvaluation         INFO       X: (100, 256), y: (100,) (classes: [ 21.40432099  44.16747338  48.05160611  48.97137746  49.77272727
  58.71498864  60.1959643   60.90716019  63.02918895  63.79091198
  64.09642401  65.57490326  65.72629052  66.58026114  67.72345918
  67.91030161  70.16720315  71.56862745  72.80585106  73.37984863
  74.11468486  74.27325581  74.37794938  74.47079827  74.91789819
  76.17530756  76.74648129  76.87728938  77.59353741  79.97251931
  81.51480347  81.6976584   81.89102564  81.99943836  82.20720721
  82.35559567  83.73346137  83.90804598  84.15678524  84.60538218
  84.81199831  86.57250071  88.46431518  88.6496114   88.80778589
  88.87987013  91.05626327  91.88613478  92.03227433  92.13004822
  94.43082789  94.90379615  95.05208333  95.96479195  96.20155039
  96.39084507  96.49226641  97.36019132  97.52310803  97.94594067
  98.60764755  98.68968386  98.84549601  98.97788903  99.87039171
 100.2432517  102.1903821  103.1073446  109.0017065  109.0761612
 109.2369828  110.0871314  111.4163614  111.6531427  111.6891065
 114.2017705  115.7352358  116.0376082  116.2030831  116.810994
 116.9871795  119.3828214  119.8555166  121.5842367  122.8722053
 122.9496192  123.2016379  125.1071123  126.1626445  126.7361111
 127.1777003  128.2630522  128.3820346  129.3307087  130.6682578
 135.4820159  137.1387283  139.16122    139.8314361  157.8091521 ])
18:10:53  baselineEval.src.cross_validation  INFO     Skipping LGBM regressor (--skip-lgbm)
18:10:53  baselineEval.src.cross_validation  INFO     Regression CV: 1 models, 5×10 nested CV (50 total outer folds)
18:11:03  baselineEval.src.cross_validation  INFO       Saved: predictions_per_subject.csv
18:11:03  baselineEval.src.cross_validation  INFO       CV results: 50 rows → /srv/beegfs/scratch/shares/schaerm/schaer2/video_sam2_pose/humanLISBET-paper/baselineEval/results_stats_temporal_maxpool_lasso/embedding/regression/MSEL_NV_DQ/cv_results.csv
18:11:03  baselineEval.src.cross_validation  INFO     
── Regression summary (MSEL_NV_DQ) ──
model      rmse       r2  spearman_r
lasso 23.467521 0.085605    0.438738
18:11:03  ccnEvaluation         INFO     ── Held-out for MSEL_NV_DQ (regression | embedding) ──
18:11:03  baselineEval.src.held_out  INFO     Best regression model: lasso (RMSE=23.4675 ± 3.2157)
18:11:04  baselineEval.src.held_out  INFO     Held-out regression (embedding | MSEL_NV_DQ): model=lasso RMSE=24.025 [19.647, 28.072] R²=0.145 [-0.267, 0.261] ρ=0.547
18:11:04  ccnEvaluation         INFO     ── CV for MSEL_V_DQ (regression) ──
18:11:04  ccnEvaluation         INFO       X: (100, 256), y: (100,) (classes: [ 14.64506173  16.81806214  17.70469538  18.29879679  19.42315879
  25.02823491  25.13774105  27.1577381   27.20632081  29.4009959
  30.41666667  30.91723136  31.03741497  33.34524944  35.09615385
  36.40292553  37.2753268   37.99205148  39.16309013  39.59290454
  40.25735294  40.48807543  41.50422352  44.2961165   44.83182162
  47.46155586  48.09864458  48.46611722  48.93286143  50.11618082
  50.44223328  52.19708788  52.70214521  54.2462845   54.2693288
  54.68949248  54.82073643  54.89951357  56.38516993  58.28505645
  59.94525547  62.43158183  63.11758893  63.13929001  63.25823224
  63.6627907   64.59137709  67.89434524  69.06338694  70.46826734
  70.9304984   72.04972258  76.04166667  78.79965458  80.77686203
  81.15118577  83.23831243  85.25467149  85.85349462  85.92278719
  85.99599793  87.22984206  89.35566001  91.36789406  92.32431935
  92.73373984  94.37151949  94.86083166  95.8165773   97.07446809
  98.62059158  99.7831825  101.2242965  101.2355018  102.3816809
 103.6931818  103.8747811  107.1158763  108.0484808  109.063745
 110.7318923  111.4235219  114.0037352  114.2017705  115.3090847
 116.9871795  119.5234869  120.9753788  121.0967994  121.1872446
 122.9686881  124.051024   128.2952548  128.9440573  133.4982788
 135.3182415  135.4820159  141.0506581  142.4132948  159.0413943 ])
18:11:04  baselineEval.src.cross_validation  INFO     Skipping LGBM regressor (--skip-lgbm)
18:11:04  baselineEval.src.cross_validation  INFO     Regression CV: 1 models, 5×10 nested CV (50 total outer folds)
18:11:14  baselineEval.src.cross_validation  INFO       Saved: predictions_per_subject.csv
18:11:14  baselineEval.src.cross_validation  INFO       CV results: 50 rows → /srv/beegfs/scratch/shares/schaerm/schaer2/video_sam2_pose/humanLISBET-paper/baselineEval/results_stats_temporal_maxpool_lasso/embedding/regression/MSEL_V_DQ/cv_results.csv
18:11:14  baselineEval.src.cross_validation  INFO     
── Regression summary (MSEL_V_DQ) ──
model      rmse       r2  spearman_r
lasso 29.549884 0.294146    0.602677
18:11:14  ccnEvaluation         INFO     ── Held-out for MSEL_V_DQ (regression | embedding) ──
18:11:14  baselineEval.src.held_out  INFO     Best regression model: lasso (RMSE=29.5499 ± 2.8683)
18:11:15  baselineEval.src.held_out  INFO     Held-out regression (embedding | MSEL_V_DQ): model=lasso RMSE=37.325 [28.470, 47.045] R²=0.163 [-0.453, 0.397] ρ=0.456
18:11:15  ccnEvaluation         INFO     ═══ Representation: full_kinematic_embedding ═══
18:11:15  baselineEval.src.loading  INFO     Merged kinematic (102) + embedding (102) → 102 subjects
18:11:15  baselineEval.src.loading  INFO     Merged kinematic (17) + embedding (17) → 17 subjects
18:11:15  ccnEvaluation         INFO       Features for full_kinematic_embedding: 462 columns
18:11:15  ccnEvaluation         INFO     ═══ Step 2: Preprocessing report ═══
18:11:16  baselineEval.src.preprocessing  INFO     Feature selection (full dataset): 462 features → 406 kept (0 missingness, 0 near-zero-var, 56 correlated)
18:11:16  baselineEval.src.preprocessing  INFO     Feature selection report → /srv/beegfs/scratch/shares/schaerm/schaer2/video_sam2_pose/humanLISBET-paper/baselineEval/results_stats_temporal_maxpool_lasso/full_kinematic_embedding/feature_selection_report.csv
18:11:16  baselineEval.src.preprocessing  INFO     PCA explained-variance data → /srv/beegfs/scratch/shares/schaerm/schaer2/video_sam2_pose/humanLISBET-paper/baselineEval/results_stats_temporal_maxpool_lasso/full_kinematic_embedding/pca_explained_variance.csv
18:11:16  baselineEval.src.preprocessing  INFO     PCA explained-variance plot → /srv/beegfs/scratch/shares/schaerm/schaer2/video_sam2_pose/humanLISBET-paper/baselineEval/results_stats_temporal_maxpool_lasso/full_kinematic_embedding/pca_explained_variance.png
18:11:16  ccnEvaluation         INFO     ── CV for diagnosis (classification) ──
18:11:16  ccnEvaluation         INFO       X: (102, 462), y: (102,) (classes: [0 1])
18:11:16  baselineEval.src.cross_validation  INFO     Skipping LGBM classifier (--skip-lgbm)
18:11:16  baselineEval.src.cross_validation  INFO     Classification CV: 1 models, 5×10 nested CV (50 total outer folds)
18:12:41  baselineEval.src.cross_validation  INFO       Saved: predictions_per_subject.csv
18:12:41  baselineEval.src.cross_validation  INFO       CV results: 50 rows → /srv/beegfs/scratch/shares/schaerm/schaer2/video_sam2_pose/humanLISBET-paper/baselineEval/results_stats_temporal_maxpool_lasso/full_kinematic_embedding/classification/diagnosis/cv_results.csv
18:12:41  baselineEval.src.cross_validation  INFO     
── Classification AUC-ROC summary (diagnosis) ──
model  auc_roc_mean  auc_roc_std
lasso      0.773182     0.096573
18:12:41  ccnEvaluation         INFO     ── Held-out for diagnosis (classification | full_kinematic_embedding) ──
18:12:41  baselineEval.src.held_out  INFO     Best classification model: lasso (AUC=0.7732 ± 0.0966)
18:12:42  baselineEval.src.held_out  INFO     Held-out classification (full_kinematic_embedding | diagnosis): model=lasso AUC=0.886 BAcc=0.829 Acc=0.824 [0.566, 0.962]
18:12:44  baselineEval.src.plotting  INFO       Saved: shap_bar_top20.png and shap_beeswarm_top20.png
18:12:44  baselineEval.src.held_out  INFO     SHAP saved → /srv/beegfs/scratch/shares/schaerm/schaer2/video_sam2_pose/humanLISBET-paper/baselineEval/results_stats_temporal_maxpool_lasso/full_kinematic_embedding/held_out/classification/diagnosis/shap
18:12:44  ccnEvaluation         INFO     ── CV for ADOS_2_ADOS_G_revised_RRB_level_of_symptoms (classification) ──
18:12:44  ccnEvaluation         INFO       X: (102, 462), y: (102,) (classes: [0 1 2])
18:12:44  baselineEval.src.cross_validation  INFO     Skipping LGBM classifier (--skip-lgbm)
18:12:44  baselineEval.src.cross_validation  INFO     Classification CV: 1 models, 5×10 nested CV (50 total outer folds)
18:14:57  baselineEval.src.cross_validation  INFO       Saved: predictions_per_subject.csv
18:14:57  baselineEval.src.cross_validation  INFO       CV results: 50 rows → /srv/beegfs/scratch/shares/schaerm/schaer2/video_sam2_pose/humanLISBET-paper/baselineEval/results_stats_temporal_maxpool_lasso/full_kinematic_embedding/classification/ADOS_2_ADOS_G_revised_RRB_level_of_symptoms/cv_results.csv
18:14:57  baselineEval.src.cross_validation  INFO     
── Classification F1-macro summary (ADOS_2_ADOS_G_revised_RRB_level_of_symptoms) ──
model  f1_macro_mean  f1_macro_std
lasso       0.582142      0.125048
18:14:57  ccnEvaluation         INFO     ── Held-out for ADOS_2_ADOS_G_revised_RRB_level_of_symptoms (classification | full_kinematic_embedding) ──
18:14:57  baselineEval.src.held_out  INFO     Best classification model: lasso (F1-macro=0.5821 ± 0.1250)
18:14:59  baselineEval.src.held_out  INFO     Held-out classification (full_kinematic_embedding | ADOS_2_ADOS_G_revised_RRB_level_of_symptoms): model=lasso F1-macro=0.598 BAcc=0.622 Acc=0.647 [0.383, 0.858]
18:15:02  baselineEval.src.plotting  INFO       Saved: shap_bar_top20.png and shap_beeswarm_top20.png
18:15:02  baselineEval.src.held_out  INFO     SHAP saved → /srv/beegfs/scratch/shares/schaerm/schaer2/video_sam2_pose/humanLISBET-paper/baselineEval/results_stats_temporal_maxpool_lasso/full_kinematic_embedding/held_out/classification/ADOS_2_ADOS_G_revised_RRB_level_of_symptoms/shap
18:15:02  ccnEvaluation         INFO     ── CV for ADOS_2_ADOS_G_REVISED_SA_LEVEL_OF_SYMPTOMS (classification) ──
18:15:02  ccnEvaluation         INFO       X: (102, 462), y: (102,) (classes: [0 1 2 3])
18:15:02  baselineEval.src.cross_validation  INFO     Skipping LGBM classifier (--skip-lgbm)
18:15:02  baselineEval.src.cross_validation  INFO     Classification CV: 1 models, 5×10 nested CV (50 total outer folds)
18:17:30  baselineEval.src.cross_validation  INFO       Saved: predictions_per_subject.csv
18:17:30  baselineEval.src.cross_validation  INFO       CV results: 50 rows → /srv/beegfs/scratch/shares/schaerm/schaer2/video_sam2_pose/humanLISBET-paper/baselineEval/results_stats_temporal_maxpool_lasso/full_kinematic_embedding/classification/ADOS_2_ADOS_G_REVISED_SA_LEVEL_OF_SYMPTOMS/cv_results.csv
18:17:30  baselineEval.src.cross_validation  INFO     
── Classification F1-macro summary (ADOS_2_ADOS_G_REVISED_SA_LEVEL_OF_SYMPTOMS) ──
model  f1_macro_mean  f1_macro_std
lasso       0.388046       0.11232
18:17:30  ccnEvaluation         INFO     ── Held-out for ADOS_2_ADOS_G_REVISED_SA_LEVEL_OF_SYMPTOMS (classification | full_kinematic_embedding) ──
18:17:30  baselineEval.src.held_out  INFO     Best classification model: lasso (F1-macro=0.3880 ± 0.1123)
18:17:32  baselineEval.src.held_out  INFO     Held-out classification (full_kinematic_embedding | ADOS_2_ADOS_G_REVISED_SA_LEVEL_OF_SYMPTOMS): model=lasso F1-macro=0.341 BAcc=0.372 Acc=0.412 [0.184, 0.671]
18:17:35  baselineEval.src.plotting  INFO       Saved: shap_bar_top20.png and shap_beeswarm_top20.png
18:17:35  baselineEval.src.held_out  INFO     SHAP saved → /srv/beegfs/scratch/shares/schaerm/schaer2/video_sam2_pose/humanLISBET-paper/baselineEval/results_stats_temporal_maxpool_lasso/full_kinematic_embedding/held_out/classification/ADOS_2_ADOS_G_REVISED_SA_LEVEL_OF_SYMPTOMS/shap
18:17:35  ccnEvaluation         INFO     ── CV for ADOS_G_ADOS_2_TOTAL_score_de_severite (regression) ──
18:17:35  ccnEvaluation         INFO       X: (102, 462), y: (102,) (classes: [ 1.  2.  3.  4.  5.  6.  7.  8.  9. 10.])
18:17:35  baselineEval.src.cross_validation  INFO     Skipping LGBM regressor (--skip-lgbm)
18:17:35  baselineEval.src.cross_validation  INFO     Regression CV: 1 models, 5×10 nested CV (50 total outer folds)
18:17:49  baselineEval.src.cross_validation  INFO       Saved: predictions_per_subject.csv
18:17:49  baselineEval.src.cross_validation  INFO       CV results: 50 rows → /srv/beegfs/scratch/shares/schaerm/schaer2/video_sam2_pose/humanLISBET-paper/baselineEval/results_stats_temporal_maxpool_lasso/full_kinematic_embedding/regression/ADOS_G_ADOS_2_TOTAL_score_de_severite/cv_results.csv
18:17:49  baselineEval.src.cross_validation  INFO     
── Regression summary (ADOS_G_ADOS_2_TOTAL_score_de_severite) ──
model     rmse       r2  spearman_r
lasso 2.854336 0.260085    0.595384
18:17:49  ccnEvaluation         INFO     ── Held-out for ADOS_G_ADOS_2_TOTAL_score_de_severite (regression | full_kinematic_embedding) ──
18:17:49  baselineEval.src.held_out  INFO     Best regression model: lasso (RMSE=2.8543 ± 0.4066)
18:17:49  baselineEval.src.held_out  INFO     Held-out regression (full_kinematic_embedding | ADOS_G_ADOS_2_TOTAL_score_de_severite): model=lasso RMSE=2.684 [1.709, 3.573] R²=0.414 [-0.044, 0.723] ρ=0.651
18:17:52  baselineEval.src.plotting  INFO       Saved: shap_bar_top20.png and shap_beeswarm_top20.png
18:17:52  baselineEval.src.held_out  INFO     SHAP saved → /srv/beegfs/scratch/shares/schaerm/schaer2/video_sam2_pose/humanLISBET-paper/baselineEval/results_stats_temporal_maxpool_lasso/full_kinematic_embedding/held_out/regression/ADOS_G_ADOS_2_TOTAL_score_de_severite/shap
18:17:52  ccnEvaluation         INFO     ── CV for ADOS_2_ADOS_G_REVISED_SA_SEVERITY_SCORE (regression) ──
18:17:52  ccnEvaluation         INFO       X: (102, 462), y: (102,) (classes: [ 1.  2.  3.  4.  5.  6.  7.  9. 10.])
18:17:52  baselineEval.src.cross_validation  INFO     Skipping LGBM regressor (--skip-lgbm)
18:17:52  baselineEval.src.cross_validation  INFO     Regression CV: 1 models, 5×10 nested CV (50 total outer folds)
18:18:06  baselineEval.src.cross_validation  INFO       Saved: predictions_per_subject.csv
18:18:06  baselineEval.src.cross_validation  INFO       CV results: 50 rows → /srv/beegfs/scratch/shares/schaerm/schaer2/video_sam2_pose/humanLISBET-paper/baselineEval/results_stats_temporal_maxpool_lasso/full_kinematic_embedding/regression/ADOS_2_ADOS_G_REVISED_SA_SEVERITY_SCORE/cv_results.csv
18:18:06  baselineEval.src.cross_validation  INFO     
── Regression summary (ADOS_2_ADOS_G_REVISED_SA_SEVERITY_SCORE) ──
model     rmse      r2  spearman_r
lasso 2.529735 0.31169    0.584371
18:18:06  ccnEvaluation         INFO     ── Held-out for ADOS_2_ADOS_G_REVISED_SA_SEVERITY_SCORE (regression | full_kinematic_embedding) ──
18:18:06  baselineEval.src.held_out  INFO     Best regression model: lasso (RMSE=2.5297 ± 0.2946)
18:18:07  baselineEval.src.held_out  INFO     Held-out regression (full_kinematic_embedding | ADOS_2_ADOS_G_REVISED_SA_SEVERITY_SCORE): model=lasso RMSE=2.305 [1.281, 3.272] R²=0.355 [-0.193, 0.758] ρ=0.638
18:18:09  baselineEval.src.plotting  INFO       Saved: shap_bar_top20.png and shap_beeswarm_top20.png
18:18:09  baselineEval.src.held_out  INFO     SHAP saved → /srv/beegfs/scratch/shares/schaerm/schaer2/video_sam2_pose/humanLISBET-paper/baselineEval/results_stats_temporal_maxpool_lasso/full_kinematic_embedding/held_out/regression/ADOS_2_ADOS_G_REVISED_SA_SEVERITY_SCORE/shap
18:18:09  ccnEvaluation         INFO     ── CV for ADOS_2_ADOS_G_REVISED_RRB_SEVERITY_SCORE_new (regression) ──
18:18:09  ccnEvaluation         INFO       X: (102, 462), y: (102,) (classes: [ 1.  5.  6.  7.  8.  9. 10.])
18:18:09  baselineEval.src.cross_validation  INFO     Skipping LGBM regressor (--skip-lgbm)
18:18:09  baselineEval.src.cross_validation  INFO     Regression CV: 1 models, 5×10 nested CV (50 total outer folds)
18:18:24  baselineEval.src.cross_validation  INFO       Saved: predictions_per_subject.csv
18:18:24  baselineEval.src.cross_validation  INFO       CV results: 50 rows → /srv/beegfs/scratch/shares/schaerm/schaer2/video_sam2_pose/humanLISBET-paper/baselineEval/results_stats_temporal_maxpool_lasso/full_kinematic_embedding/regression/ADOS_2_ADOS_G_REVISED_RRB_SEVERITY_SCORE_new/cv_results.csv
18:18:24  baselineEval.src.cross_validation  INFO     
── Regression summary (ADOS_2_ADOS_G_REVISED_RRB_SEVERITY_SCORE_new) ──
model     rmse       r2  spearman_r
lasso 2.934211 0.118685    0.511811
18:18:24  ccnEvaluation         INFO     ── Held-out for ADOS_2_ADOS_G_REVISED_RRB_SEVERITY_SCORE_new (regression | full_kinematic_embedding) ──
18:18:24  baselineEval.src.held_out  INFO     Best regression model: lasso (RMSE=2.9342 ± 0.3506)
18:18:24  baselineEval.src.held_out  INFO     Held-out regression (full_kinematic_embedding | ADOS_2_ADOS_G_REVISED_RRB_SEVERITY_SCORE_new): model=lasso RMSE=2.979 [2.148, 3.769] R²=0.374 [0.016, 0.580] ρ=0.709
18:18:28  baselineEval.src.plotting  INFO       Saved: shap_bar_top20.png and shap_beeswarm_top20.png
18:18:28  baselineEval.src.held_out  INFO     SHAP saved → /srv/beegfs/scratch/shares/schaerm/schaer2/video_sam2_pose/humanLISBET-paper/baselineEval/results_stats_temporal_maxpool_lasso/full_kinematic_embedding/held_out/regression/ADOS_2_ADOS_G_REVISED_RRB_SEVERITY_SCORE_new/shap
18:18:28  ccnEvaluation         INFO     ── CV for VLDII_AdSS (regression) ──
18:18:28  ccnEvaluation         INFO       X: (95, 462), y: (95,) (classes: [ 51.  63.  64.  65.  66.  68.  69.  70.  71.  72.  73.  74.  75.  76.
  77.  78.  79.  80.  81.  83.  84.  85.  86.  87.  88.  89.  90.  91.
  92.  93.  94.  95.  96.  97.  99. 100. 102. 103. 104. 105. 107. 108.
 109. 110. 113. 115. 117.])
18:18:28  baselineEval.src.cross_validation  INFO     Skipping LGBM regressor (--skip-lgbm)
18:18:28  baselineEval.src.cross_validation  INFO     Regression CV: 1 models, 5×10 nested CV (50 total outer folds)
18:18:43  baselineEval.src.cross_validation  INFO       Saved: predictions_per_subject.csv
18:18:43  baselineEval.src.cross_validation  INFO       CV results: 50 rows → /srv/beegfs/scratch/shares/schaerm/schaer2/video_sam2_pose/humanLISBET-paper/baselineEval/results_stats_temporal_maxpool_lasso/full_kinematic_embedding/regression/VLDII_AdSS/cv_results.csv
18:18:43  baselineEval.src.cross_validation  INFO     
── Regression summary (VLDII_AdSS) ──
model      rmse      r2  spearman_r
lasso 13.196462 0.18038    0.458038
18:18:43  ccnEvaluation         INFO     ── Held-out for VLDII_AdSS (regression | full_kinematic_embedding) ──
18:18:43  baselineEval.src.held_out  INFO     Best regression model: lasso (RMSE=13.1965 ± 1.2326)
18:18:45  baselineEval.src.held_out  INFO     Held-out regression (full_kinematic_embedding | VLDII_AdSS): model=lasso RMSE=12.449 [10.056, 14.675] R²=0.381 [0.084, 0.491] ρ=0.725
18:18:48  baselineEval.src.plotting  INFO       Saved: shap_bar_top20.png and shap_beeswarm_top20.png
18:18:48  baselineEval.src.held_out  INFO     SHAP saved → /srv/beegfs/scratch/shares/schaerm/schaer2/video_sam2_pose/humanLISBET-paper/baselineEval/results_stats_temporal_maxpool_lasso/full_kinematic_embedding/held_out/regression/VLDII_AdSS/shap
18:18:48  ccnEvaluation         INFO     ── CV for VLDII_MotorSS (regression) ──
18:18:48  ccnEvaluation         INFO       X: (95, 462), y: (95,) (classes: [ 56.  67.  69.  70.  72.  75.  79.  81.  82.  84.  85.  88.  90.  93.
  94.  95.  96.  97. 100. 102. 104. 105. 106. 108. 111. 114. 121. 131.])
18:18:48  baselineEval.src.cross_validation  INFO     Skipping LGBM regressor (--skip-lgbm)
18:18:48  baselineEval.src.cross_validation  INFO     Regression CV: 1 models, 5×10 nested CV (50 total outer folds)
18:19:03  baselineEval.src.cross_validation  INFO       Saved: predictions_per_subject.csv
18:19:03  baselineEval.src.cross_validation  INFO       CV results: 50 rows → /srv/beegfs/scratch/shares/schaerm/schaer2/video_sam2_pose/humanLISBET-paper/baselineEval/results_stats_temporal_maxpool_lasso/full_kinematic_embedding/regression/VLDII_MotorSS/cv_results.csv
18:19:03  baselineEval.src.cross_validation  INFO     
── Regression summary (VLDII_MotorSS) ──
model      rmse        r2  spearman_r
lasso 12.483582 -0.030901    0.010916
18:19:03  ccnEvaluation         INFO     ── Held-out for VLDII_MotorSS (regression | full_kinematic_embedding) ──
18:19:03  baselineEval.src.held_out  INFO     Best regression model: lasso (RMSE=12.4836 ± 1.4275)
/srv/beegfs/scratch/shares/schaerm/schaer2/video_sam2_pose/humanLISBET-paper/baselineEval/src/held_out.py:422: ConstantInputWarning: An input array is constant; the correlation coefficient is not defined.
  sp_r, _ = spearmanr(y_test, y_pred)
/srv/beegfs/scratch/shares/schaerm/schaer2/video_sam2_pose/humanLISBET-paper/baselineEval/src/held_out.py:423: ConstantInputWarning: An input array is constant; the correlation coefficient is not defined.
  pe_r, _ = pearsonr(y_test, y_pred)
18:19:04  baselineEval.src.held_out  INFO     Held-out regression (full_kinematic_embedding | VLDII_MotorSS): model=lasso RMSE=12.713 [9.358, 16.144] R²=-0.009 [-0.572, -0.000] ρ=nan
18:19:06  baselineEval.src.plotting  INFO       Saved: shap_bar_top20.png and shap_beeswarm_top20.png
18:19:06  baselineEval.src.held_out  INFO     SHAP saved → /srv/beegfs/scratch/shares/schaerm/schaer2/video_sam2_pose/humanLISBET-paper/baselineEval/results_stats_temporal_maxpool_lasso/full_kinematic_embedding/held_out/regression/VLDII_MotorSS/shap
18:19:06  ccnEvaluation         INFO     ── CV for VLDII_gmsVS (regression) ──
18:19:06  ccnEvaluation         INFO       X: (95, 462), y: (95,) (classes: [ 8.  9. 10. 11. 12. 13. 14. 15. 16. 17. 18. 22.])
18:19:06  baselineEval.src.cross_validation  INFO     Skipping LGBM regressor (--skip-lgbm)
18:19:06  baselineEval.src.cross_validation  INFO     Regression CV: 1 models, 5×10 nested CV (50 total outer folds)
18:19:19  baselineEval.src.cross_validation  INFO       Saved: predictions_per_subject.csv
18:19:19  baselineEval.src.cross_validation  INFO       CV results: 50 rows → /srv/beegfs/scratch/shares/schaerm/schaer2/video_sam2_pose/humanLISBET-paper/baselineEval/results_stats_temporal_maxpool_lasso/full_kinematic_embedding/regression/VLDII_gmsVS/cv_results.csv
18:19:19  baselineEval.src.cross_validation  INFO     
── Regression summary (VLDII_gmsVS) ──
model     rmse        r2  spearman_r
lasso 2.144257 -0.044613   -0.038249
18:19:19  ccnEvaluation         INFO     ── Held-out for VLDII_gmsVS (regression | full_kinematic_embedding) ──
18:19:19  baselineEval.src.held_out  INFO     Best regression model: lasso (RMSE=2.1443 ± 0.3436)
/srv/beegfs/scratch/shares/schaerm/schaer2/video_sam2_pose/humanLISBET-paper/baselineEval/src/held_out.py:422: ConstantInputWarning: An input array is constant; the correlation coefficient is not defined.
  sp_r, _ = spearmanr(y_test, y_pred)
/srv/beegfs/scratch/shares/schaerm/schaer2/video_sam2_pose/humanLISBET-paper/baselineEval/src/held_out.py:423: ConstantInputWarning: An input array is constant; the correlation coefficient is not defined.
  pe_r, _ = pearsonr(y_test, y_pred)
18:19:20  baselineEval.src.held_out  INFO     Held-out regression (full_kinematic_embedding | VLDII_gmsVS): model=lasso RMSE=1.893 [1.289, 2.418] R²=-0.014 [-0.494, -0.000] ρ=nan
18:19:22  baselineEval.src.plotting  INFO       Saved: shap_bar_top20.png and shap_beeswarm_top20.png
18:19:22  baselineEval.src.held_out  INFO     SHAP saved → /srv/beegfs/scratch/shares/schaerm/schaer2/video_sam2_pose/humanLISBET-paper/baselineEval/results_stats_temporal_maxpool_lasso/full_kinematic_embedding/held_out/regression/VLDII_gmsVS/shap
18:19:22  ccnEvaluation         INFO     ── CV for VLDII_fmsVS (regression) ──
18:19:22  ccnEvaluation         INFO       X: (95, 462), y: (95,) (classes: [ 7.  8.  9. 10. 11. 12. 13. 14. 15. 16. 17. 18.])
18:19:22  baselineEval.src.cross_validation  INFO     Skipping LGBM regressor (--skip-lgbm)
18:19:22  baselineEval.src.cross_validation  INFO     Regression CV: 1 models, 5×10 nested CV (50 total outer folds)
18:19:36  baselineEval.src.cross_validation  INFO       Saved: predictions_per_subject.csv
18:19:36  baselineEval.src.cross_validation  INFO       CV results: 50 rows → /srv/beegfs/scratch/shares/schaerm/schaer2/video_sam2_pose/humanLISBET-paper/baselineEval/results_stats_temporal_maxpool_lasso/full_kinematic_embedding/regression/VLDII_fmsVS/cv_results.csv
18:19:36  baselineEval.src.cross_validation  INFO     
── Regression summary (VLDII_fmsVS) ──
model     rmse        r2  spearman_r
lasso 2.466097 -0.024248   -0.025662
18:19:36  ccnEvaluation         INFO     ── Held-out for VLDII_fmsVS (regression | full_kinematic_embedding) ──
18:19:36  baselineEval.src.held_out  INFO     Best regression model: lasso (RMSE=2.4661 ± 0.2511)
/srv/beegfs/scratch/shares/schaerm/schaer2/video_sam2_pose/humanLISBET-paper/baselineEval/src/held_out.py:422: ConstantInputWarning: An input array is constant; the correlation coefficient is not defined.
  sp_r, _ = spearmanr(y_test, y_pred)
/srv/beegfs/scratch/shares/schaerm/schaer2/video_sam2_pose/humanLISBET-paper/baselineEval/src/held_out.py:423: ConstantInputWarning: An input array is constant; the correlation coefficient is not defined.
  pe_r, _ = pearsonr(y_test, y_pred)
18:19:36  baselineEval.src.held_out  INFO     Held-out regression (full_kinematic_embedding | VLDII_fmsVS): model=lasso RMSE=2.495 [1.826, 3.138] R²=-0.013 [-0.555, -0.000] ρ=nan
18:19:38  baselineEval.src.plotting  INFO       Saved: shap_bar_top20.png and shap_beeswarm_top20.png
18:19:38  baselineEval.src.held_out  INFO     SHAP saved → /srv/beegfs/scratch/shares/schaerm/schaer2/video_sam2_pose/humanLISBET-paper/baselineEval/results_stats_temporal_maxpool_lasso/full_kinematic_embedding/held_out/regression/VLDII_fmsVS/shap
18:19:38  ccnEvaluation         INFO     ── CV for VLDII_SocSS (regression) ──
18:19:38  ccnEvaluation         INFO       X: (95, 462), y: (95,) (classes: [ 59.  65.  66.  68.  70.  72.  74.  75.  76.  78.  79.  80.  81.  82.
  84.  86.  88.  89.  90.  91.  92.  94.  95.  96.  98. 100. 101. 102.
 105. 109. 111. 112. 114.])
18:19:38  baselineEval.src.cross_validation  INFO     Skipping LGBM regressor (--skip-lgbm)
18:19:38  baselineEval.src.cross_validation  INFO     Regression CV: 1 models, 5×10 nested CV (50 total outer folds)
18:19:53  baselineEval.src.cross_validation  INFO       Saved: predictions_per_subject.csv
18:19:53  baselineEval.src.cross_validation  INFO       CV results: 50 rows → /srv/beegfs/scratch/shares/schaerm/schaer2/video_sam2_pose/humanLISBET-paper/baselineEval/results_stats_temporal_maxpool_lasso/full_kinematic_embedding/regression/VLDII_SocSS/cv_results.csv
18:19:53  baselineEval.src.cross_validation  INFO     
── Regression summary (VLDII_SocSS) ──
model     rmse      r2  spearman_r
lasso 11.02763 0.17066    0.492329
18:19:53  ccnEvaluation         INFO     ── Held-out for VLDII_SocSS (regression | full_kinematic_embedding) ──
18:19:53  baselineEval.src.held_out  INFO     Best regression model: lasso (RMSE=11.0276 ± 1.2586)
18:19:54  baselineEval.src.held_out  INFO     Held-out regression (full_kinematic_embedding | VLDII_SocSS): model=lasso RMSE=10.393 [7.856, 12.784] R²=0.290 [-0.049, 0.415] ρ=0.600
18:19:57  baselineEval.src.plotting  INFO       Saved: shap_bar_top20.png and shap_beeswarm_top20.png
18:19:57  baselineEval.src.held_out  INFO     SHAP saved → /srv/beegfs/scratch/shares/schaerm/schaer2/video_sam2_pose/humanLISBET-paper/baselineEval/results_stats_temporal_maxpool_lasso/full_kinematic_embedding/held_out/regression/VLDII_SocSS/shap
18:19:57  ccnEvaluation         INFO     ── CV for VLDII_intVS (regression) ──
18:19:57  ccnEvaluation         INFO       X: (95, 462), y: (95,) (classes: [ 6.  8.  9. 10. 11. 12. 13. 14. 15. 16. 17. 18. 19. 20.])
18:19:57  baselineEval.src.cross_validation  INFO     Skipping LGBM regressor (--skip-lgbm)
18:19:57  baselineEval.src.cross_validation  INFO     Regression CV: 1 models, 5×10 nested CV (50 total outer folds)
18:20:11  baselineEval.src.cross_validation  INFO       Saved: predictions_per_subject.csv
18:20:11  baselineEval.src.cross_validation  INFO       CV results: 50 rows → /srv/beegfs/scratch/shares/schaerm/schaer2/video_sam2_pose/humanLISBET-paper/baselineEval/results_stats_temporal_maxpool_lasso/full_kinematic_embedding/regression/VLDII_intVS/cv_results.csv
18:20:11  baselineEval.src.cross_validation  INFO     
── Regression summary (VLDII_intVS) ──
model     rmse       r2  spearman_r
lasso 2.443831 0.166482    0.488829
18:20:11  ccnEvaluation         INFO     ── Held-out for VLDII_intVS (regression | full_kinematic_embedding) ──
18:20:11  baselineEval.src.held_out  INFO     Best regression model: lasso (RMSE=2.4438 ± 0.2467)
18:20:11  baselineEval.src.held_out  INFO     Held-out regression (full_kinematic_embedding | VLDII_intVS): model=lasso RMSE=2.467 [1.938, 2.949] R²=0.322 [-0.112, 0.511] ρ=0.557
18:20:14  baselineEval.src.plotting  INFO       Saved: shap_bar_top20.png and shap_beeswarm_top20.png
18:20:14  baselineEval.src.held_out  INFO     SHAP saved → /srv/beegfs/scratch/shares/schaerm/schaer2/video_sam2_pose/humanLISBET-paper/baselineEval/results_stats_temporal_maxpool_lasso/full_kinematic_embedding/held_out/regression/VLDII_intVS/shap
18:20:14  ccnEvaluation         INFO     ── CV for VLDII_plaVS (regression) ──
18:20:14  ccnEvaluation         INFO       X: (95, 462), y: (95,) (classes: [ 7.  8.  9. 10. 11. 12. 13. 14. 15. 16. 17. 18. 19.])
18:20:14  baselineEval.src.cross_validation  INFO     Skipping LGBM regressor (--skip-lgbm)
18:20:14  baselineEval.src.cross_validation  INFO     Regression CV: 1 models, 5×10 nested CV (50 total outer folds)
18:20:28  baselineEval.src.cross_validation  INFO       Saved: predictions_per_subject.csv
18:20:28  baselineEval.src.cross_validation  INFO       CV results: 50 rows → /srv/beegfs/scratch/shares/schaerm/schaer2/video_sam2_pose/humanLISBET-paper/baselineEval/results_stats_temporal_maxpool_lasso/full_kinematic_embedding/regression/VLDII_plaVS/cv_results.csv
18:20:28  baselineEval.src.cross_validation  INFO     
── Regression summary (VLDII_plaVS) ──
model     rmse       r2  spearman_r
lasso 2.456581 0.073582    0.356627
18:20:28  ccnEvaluation         INFO     ── Held-out for VLDII_plaVS (regression | full_kinematic_embedding) ──
18:20:28  baselineEval.src.held_out  INFO     Best regression model: lasso (RMSE=2.4566 ± 0.2205)
18:20:28  baselineEval.src.held_out  INFO     Held-out regression (full_kinematic_embedding | VLDII_plaVS): model=lasso RMSE=1.768 [1.238, 2.251] R²=0.512 [0.261, 0.630] ρ=0.809
18:20:31  baselineEval.src.plotting  INFO       Saved: shap_bar_top20.png and shap_beeswarm_top20.png
18:20:31  baselineEval.src.held_out  INFO     SHAP saved → /srv/beegfs/scratch/shares/schaerm/schaer2/video_sam2_pose/humanLISBET-paper/baselineEval/results_stats_temporal_maxpool_lasso/full_kinematic_embedding/held_out/regression/VLDII_plaVS/shap
18:20:31  ccnEvaluation         INFO     ── CV for VLDII_copVS (regression) ──
18:20:31  ccnEvaluation         INFO       X: (95, 462), y: (95,) (classes: [ 9. 10. 11. 12. 13. 14. 15. 16. 17.])
18:20:31  baselineEval.src.cross_validation  INFO     Skipping LGBM regressor (--skip-lgbm)
18:20:31  baselineEval.src.cross_validation  INFO     Regression CV: 1 models, 5×10 nested CV (50 total outer folds)
18:20:44  baselineEval.src.cross_validation  INFO       Saved: predictions_per_subject.csv
18:20:44  baselineEval.src.cross_validation  INFO       CV results: 50 rows → /srv/beegfs/scratch/shares/schaerm/schaer2/video_sam2_pose/humanLISBET-paper/baselineEval/results_stats_temporal_maxpool_lasso/full_kinematic_embedding/regression/VLDII_copVS/cv_results.csv
18:20:44  baselineEval.src.cross_validation  INFO     
── Regression summary (VLDII_copVS) ──
model     rmse        r2  spearman_r
lasso 2.051155 -0.010744    0.230893
18:20:44  ccnEvaluation         INFO     ── Held-out for VLDII_copVS (regression | full_kinematic_embedding) ──
18:20:44  baselineEval.src.held_out  INFO     Best regression model: lasso (RMSE=2.0512 ± 0.1824)
18:20:45  baselineEval.src.held_out  INFO     Held-out regression (full_kinematic_embedding | VLDII_copVS): model=lasso RMSE=1.694 [1.277, 2.067] R²=-0.037 [-0.839, 0.093] ρ=0.344
18:20:48  baselineEval.src.plotting  INFO       Saved: shap_bar_top20.png and shap_beeswarm_top20.png
18:20:48  baselineEval.src.held_out  INFO     SHAP saved → /srv/beegfs/scratch/shares/schaerm/schaer2/video_sam2_pose/humanLISBET-paper/baselineEval/results_stats_temporal_maxpool_lasso/full_kinematic_embedding/held_out/regression/VLDII_copVS/shap
18:20:48  ccnEvaluation         INFO     ── CV for VLDII_DaiSS (regression) ──
18:20:48  ccnEvaluation         INFO       X: (95, 462), y: (95,) (classes: [ 53.  62.  65.  67.  69.  71.  73.  75.  77.  78.  80.  81.  82.  83.
  86.  87.  89.  91.  93.  95.  96.  98. 100. 101. 102. 103. 104. 105.
 107. 109. 111. 113. 115. 118. 121.])
18:20:48  baselineEval.src.cross_validation  INFO     Skipping LGBM regressor (--skip-lgbm)
18:20:48  baselineEval.src.cross_validation  INFO     Regression CV: 1 models, 5×10 nested CV (50 total outer folds)
18:21:03  baselineEval.src.cross_validation  INFO       Saved: predictions_per_subject.csv
18:21:03  baselineEval.src.cross_validation  INFO       CV results: 50 rows → /srv/beegfs/scratch/shares/schaerm/schaer2/video_sam2_pose/humanLISBET-paper/baselineEval/results_stats_temporal_maxpool_lasso/full_kinematic_embedding/regression/VLDII_DaiSS/cv_results.csv
18:21:03  baselineEval.src.cross_validation  INFO     
── Regression summary (VLDII_DaiSS) ──
model      rmse       r2  spearman_r
lasso 12.602244 0.135844    0.481245
18:21:03  ccnEvaluation         INFO     ── Held-out for VLDII_DaiSS (regression | full_kinematic_embedding) ──
18:21:03  baselineEval.src.held_out  INFO     Best regression model: lasso (RMSE=12.6022 ± 1.3595)
18:21:04  baselineEval.src.held_out  INFO     Held-out regression (full_kinematic_embedding | VLDII_DaiSS): model=lasso RMSE=11.896 [8.882, 14.791] R²=0.327 [0.033, 0.422] ρ=0.696
18:21:07  baselineEval.src.plotting  INFO       Saved: shap_bar_top20.png and shap_beeswarm_top20.png
18:21:07  baselineEval.src.held_out  INFO     SHAP saved → /srv/beegfs/scratch/shares/schaerm/schaer2/video_sam2_pose/humanLISBET-paper/baselineEval/results_stats_temporal_maxpool_lasso/full_kinematic_embedding/held_out/regression/VLDII_DaiSS/shap
18:21:07  ccnEvaluation         INFO     ── CV for VLDII_perVS (regression) ──
18:21:07  ccnEvaluation         INFO       X: (95, 462), y: (95,) (classes: [ 7.  8.  9. 10. 11. 12. 13. 14. 15. 16. 17. 18.])
18:21:07  baselineEval.src.cross_validation  INFO     Skipping LGBM regressor (--skip-lgbm)
18:21:07  baselineEval.src.cross_validation  INFO     Regression CV: 1 models, 5×10 nested CV (50 total outer folds)
18:21:20  baselineEval.src.cross_validation  INFO       Saved: predictions_per_subject.csv
18:21:20  baselineEval.src.cross_validation  INFO       CV results: 50 rows → /srv/beegfs/scratch/shares/schaerm/schaer2/video_sam2_pose/humanLISBET-paper/baselineEval/results_stats_temporal_maxpool_lasso/full_kinematic_embedding/regression/VLDII_perVS/cv_results.csv
18:21:20  baselineEval.src.cross_validation  INFO     
── Regression summary (VLDII_perVS) ──
model     rmse       r2  spearman_r
lasso 2.559604 0.093718    0.412592
18:21:20  ccnEvaluation         INFO     ── Held-out for VLDII_perVS (regression | full_kinematic_embedding) ──
18:21:20  baselineEval.src.held_out  INFO     Best regression model: lasso (RMSE=2.5596 ± 0.2672)
18:21:21  baselineEval.src.held_out  INFO     Held-out regression (full_kinematic_embedding | VLDII_perVS): model=lasso RMSE=2.167 [1.666, 2.618] R²=0.188 [-0.221, 0.335] ρ=0.522
18:21:24  baselineEval.src.plotting  INFO       Saved: shap_bar_top20.png and shap_beeswarm_top20.png
18:21:24  baselineEval.src.held_out  INFO     SHAP saved → /srv/beegfs/scratch/shares/schaerm/schaer2/video_sam2_pose/humanLISBET-paper/baselineEval/results_stats_temporal_maxpool_lasso/full_kinematic_embedding/held_out/regression/VLDII_perVS/shap
18:21:24  ccnEvaluation         INFO     ── CV for VLDII_comVS (regression) ──
18:21:24  ccnEvaluation         INFO       X: (95, 462), y: (95,) (classes: [ 7. 10. 11. 12. 13. 14. 15. 16. 17. 18. 20.])
18:21:24  baselineEval.src.cross_validation  INFO     Skipping LGBM regressor (--skip-lgbm)
18:21:24  baselineEval.src.cross_validation  INFO     Regression CV: 1 models, 5×10 nested CV (50 total outer folds)
18:21:37  baselineEval.src.cross_validation  INFO       Saved: predictions_per_subject.csv
18:21:38  baselineEval.src.cross_validation  INFO       CV results: 50 rows → /srv/beegfs/scratch/shares/schaerm/schaer2/video_sam2_pose/humanLISBET-paper/baselineEval/results_stats_temporal_maxpool_lasso/full_kinematic_embedding/regression/VLDII_comVS/cv_results.csv
18:21:38  baselineEval.src.cross_validation  INFO     
── Regression summary (VLDII_comVS) ──
model     rmse       r2  spearman_r
lasso 2.143428 0.098719    0.384497
18:21:38  ccnEvaluation         INFO     ── Held-out for VLDII_comVS (regression | full_kinematic_embedding) ──
18:21:38  baselineEval.src.held_out  INFO     Best regression model: lasso (RMSE=2.1434 ± 0.2529)
18:21:39  baselineEval.src.held_out  INFO     Held-out regression (full_kinematic_embedding | VLDII_comVS): model=lasso RMSE=2.942 [1.943, 3.929] R²=-0.035 [-0.470, 0.062] ρ=0.001
18:21:42  baselineEval.src.plotting  INFO       Saved: shap_bar_top20.png and shap_beeswarm_top20.png
18:21:42  baselineEval.src.held_out  INFO     SHAP saved → /srv/beegfs/scratch/shares/schaerm/schaer2/video_sam2_pose/humanLISBET-paper/baselineEval/results_stats_temporal_maxpool_lasso/full_kinematic_embedding/held_out/regression/VLDII_comVS/shap
18:21:42  ccnEvaluation         INFO     ── CV for VLDII_domVS (regression) ──
18:21:42  ccnEvaluation         INFO       X: (95, 462), y: (95,) (classes: [ 9. 10. 11. 12. 13. 14. 15. 16. 17. 18. 19. 20. 22.])
18:21:42  baselineEval.src.cross_validation  INFO     Skipping LGBM regressor (--skip-lgbm)
18:21:42  baselineEval.src.cross_validation  INFO     Regression CV: 1 models, 5×10 nested CV (50 total outer folds)
18:21:55  baselineEval.src.cross_validation  INFO       Saved: predictions_per_subject.csv
18:21:55  baselineEval.src.cross_validation  INFO       CV results: 50 rows → /srv/beegfs/scratch/shares/schaerm/schaer2/video_sam2_pose/humanLISBET-paper/baselineEval/results_stats_temporal_maxpool_lasso/full_kinematic_embedding/regression/VLDII_domVS/cv_results.csv
18:21:55  baselineEval.src.cross_validation  INFO     
── Regression summary (VLDII_domVS) ──
model     rmse      r2  spearman_r
lasso 2.641301 0.08441     0.37745
18:21:55  ccnEvaluation         INFO     ── Held-out for VLDII_domVS (regression | full_kinematic_embedding) ──
18:21:55  baselineEval.src.held_out  INFO     Best regression model: lasso (RMSE=2.6413 ± 0.2234)
18:21:56  baselineEval.src.held_out  INFO     Held-out regression (full_kinematic_embedding | VLDII_domVS): model=lasso RMSE=2.526 [1.610, 3.318] R²=0.277 [-0.070, 0.427] ρ=0.763
18:21:59  baselineEval.src.plotting  INFO       Saved: shap_bar_top20.png and shap_beeswarm_top20.png
18:21:59  baselineEval.src.held_out  INFO     SHAP saved → /srv/beegfs/scratch/shares/schaerm/schaer2/video_sam2_pose/humanLISBET-paper/baselineEval/results_stats_temporal_maxpool_lasso/full_kinematic_embedding/held_out/regression/VLDII_domVS/shap
18:21:59  ccnEvaluation         INFO     ── CV for VLDII_ComSS (regression) ──
18:21:59  ccnEvaluation         INFO       X: (95, 462), y: (95,) (classes: [ 44.  52.  54.  58.  59.  61.  63.  64.  65.  66.  69.  71.  72.  73.
  74.  76.  79.  80.  81.  84.  85.  86.  89.  90.  91.  93.  95.  97.
 100. 101. 102. 103. 104. 105. 107. 108. 110. 112. 113. 116. 118. 121.
 122. 125.])
18:21:59  baselineEval.src.cross_validation  INFO     Skipping LGBM regressor (--skip-lgbm)
18:21:59  baselineEval.src.cross_validation  INFO     Regression CV: 1 models, 5×10 nested CV (50 total outer folds)
18:22:15  baselineEval.src.cross_validation  INFO       Saved: predictions_per_subject.csv
18:22:15  baselineEval.src.cross_validation  INFO       CV results: 50 rows → /srv/beegfs/scratch/shares/schaerm/schaer2/video_sam2_pose/humanLISBET-paper/baselineEval/results_stats_temporal_maxpool_lasso/full_kinematic_embedding/regression/VLDII_ComSS/cv_results.csv
18:22:15  baselineEval.src.cross_validation  INFO     
── Regression summary (VLDII_ComSS) ──
model      rmse       r2  spearman_r
lasso 17.707764 0.142985    0.441704
18:22:15  ccnEvaluation         INFO     ── Held-out for VLDII_ComSS (regression | full_kinematic_embedding) ──
18:22:15  baselineEval.src.held_out  INFO     Best regression model: lasso (RMSE=17.7078 ± 1.7359)
18:22:16  baselineEval.src.held_out  INFO     Held-out regression (full_kinematic_embedding | VLDII_ComSS): model=lasso RMSE=17.609 [13.625, 21.035] R²=0.345 [-0.039, 0.522] ρ=0.591
18:22:19  baselineEval.src.plotting  INFO       Saved: shap_bar_top20.png and shap_beeswarm_top20.png
18:22:19  baselineEval.src.held_out  INFO     SHAP saved → /srv/beegfs/scratch/shares/schaerm/schaer2/video_sam2_pose/humanLISBET-paper/baselineEval/results_stats_temporal_maxpool_lasso/full_kinematic_embedding/held_out/regression/VLDII_ComSS/shap
18:22:19  ccnEvaluation         INFO     ── CV for VLDII_expVS (regression) ──
18:22:19  ccnEvaluation         INFO       X: (95, 462), y: (95,) (classes: [ 6.  7.  8.  9. 10. 11. 12. 13. 14. 15. 16. 17. 18. 19. 20.])
18:22:19  baselineEval.src.cross_validation  INFO     Skipping LGBM regressor (--skip-lgbm)
18:22:19  baselineEval.src.cross_validation  INFO     Regression CV: 1 models, 5×10 nested CV (50 total outer folds)
18:22:33  baselineEval.src.cross_validation  INFO       Saved: predictions_per_subject.csv
18:22:33  baselineEval.src.cross_validation  INFO       CV results: 50 rows → /srv/beegfs/scratch/shares/schaerm/schaer2/video_sam2_pose/humanLISBET-paper/baselineEval/results_stats_temporal_maxpool_lasso/full_kinematic_embedding/regression/VLDII_expVS/cv_results.csv
18:22:33  baselineEval.src.cross_validation  INFO     
── Regression summary (VLDII_expVS) ──
model     rmse       r2  spearman_r
lasso 3.433376 0.097098    0.427567
18:22:33  ccnEvaluation         INFO     ── Held-out for VLDII_expVS (regression | full_kinematic_embedding) ──
18:22:33  baselineEval.src.held_out  INFO     Best regression model: lasso (RMSE=3.4334 ± 0.4992)
18:22:33  baselineEval.src.held_out  INFO     Held-out regression (full_kinematic_embedding | VLDII_expVS): model=lasso RMSE=3.038 [2.323, 3.738] R²=0.305 [-0.094, 0.474] ρ=0.553
18:22:37  baselineEval.src.plotting  INFO       Saved: shap_bar_top20.png and shap_beeswarm_top20.png
18:22:37  baselineEval.src.held_out  INFO     SHAP saved → /srv/beegfs/scratch/shares/schaerm/schaer2/video_sam2_pose/humanLISBET-paper/baselineEval/results_stats_temporal_maxpool_lasso/full_kinematic_embedding/held_out/regression/VLDII_expVS/shap
18:22:37  ccnEvaluation         INFO     ── CV for VLDII_recVS (regression) ──
18:22:37  ccnEvaluation         INFO       X: (95, 462), y: (95,) (classes: [ 3.  5.  6.  7.  8.  9. 10. 11. 12. 13. 14. 15. 16. 17. 18. 19. 20. 21.])
18:22:37  baselineEval.src.cross_validation  INFO     Skipping LGBM regressor (--skip-lgbm)
18:22:37  baselineEval.src.cross_validation  INFO     Regression CV: 1 models, 5×10 nested CV (50 total outer folds)
18:22:50  baselineEval.src.cross_validation  INFO       Saved: predictions_per_subject.csv
18:22:50  baselineEval.src.cross_validation  INFO       CV results: 50 rows → /srv/beegfs/scratch/shares/schaerm/schaer2/video_sam2_pose/humanLISBET-paper/baselineEval/results_stats_temporal_maxpool_lasso/full_kinematic_embedding/regression/VLDII_recVS/cv_results.csv
18:22:50  baselineEval.src.cross_validation  INFO     
── Regression summary (VLDII_recVS) ──
model     rmse       r2  spearman_r
lasso 3.531405 0.214888     0.52866
18:22:50  ccnEvaluation         INFO     ── Held-out for VLDII_recVS (regression | full_kinematic_embedding) ──
18:22:50  baselineEval.src.held_out  INFO     Best regression model: lasso (RMSE=3.5314 ± 0.4487)
18:22:52  baselineEval.src.held_out  INFO     Held-out regression (full_kinematic_embedding | VLDII_recVS): model=lasso RMSE=3.705 [2.902, 4.384] R²=0.353 [-0.006, 0.511] ρ=0.681
18:22:55  baselineEval.src.plotting  INFO       Saved: shap_bar_top20.png and shap_beeswarm_top20.png
18:22:55  baselineEval.src.held_out  INFO     SHAP saved → /srv/beegfs/scratch/shares/schaerm/schaer2/video_sam2_pose/humanLISBET-paper/baselineEval/results_stats_temporal_maxpool_lasso/full_kinematic_embedding/held_out/regression/VLDII_recVS/shap
18:22:55  ccnEvaluation         INFO     ── CV for MSEL_TOTAL_DQ (regression) ──
18:22:55  ccnEvaluation         INFO       X: (100, 462), y: (100,) (classes: [ 18.02469136  32.43483412  34.59785415  38.08884914  38.95032984
  40.09469697  40.66399287  41.7597914   48.35352006  48.38185274
  48.56808071  49.32034527  52.60163835  52.78815173  53.41769972
  54.6043883   54.66514664  55.9129902   57.80945419  58.00856827
  58.01880411  58.49358974  60.55385401  60.73988735  61.21267952
  61.65540541  62.6717033   64.54699612  64.58014537  65.85307734
  66.03346902  66.56582561  67.46408956  68.67474001  69.12878788
  69.58887965  70.42091476  70.5832302   71.22161779  72.65127389
  72.74744284  73.39929215  73.55044202  73.63718709  74.37652068
  76.23385285  77.89159198  78.63298081  79.93217054  79.97485632
  80.39067013  81.47321429  82.45481928  83.44764518  83.72463299
  88.69235986  88.94106636  91.04190422  91.67078393  92.86194316
  92.9187448   93.08301946  94.84225533  95.62583836  96.63388805
  97.48931624  98.02617856 102.9518543  103.811149   107.0353937
 107.8029726  108.1764296  108.385181   108.6309524  108.7338226
 109.0520026  109.52137    111.8651489  112.1257819  112.192623
 112.5198886  112.8090659  112.8284389  113.5791843  115.0573568
 116.0376082  116.1326915  118.2653171  119.351962   120.5538618
 121.574912   125.622437   128.0608788  130.5093403  130.8806655
 132.3244751  135.4820159  139.7760116  149.1013072  149.4299051 ])
18:22:55  baselineEval.src.cross_validation  INFO     Skipping LGBM regressor (--skip-lgbm)
18:22:55  baselineEval.src.cross_validation  INFO     Regression CV: 1 models, 5×10 nested CV (50 total outer folds)
18:23:11  baselineEval.src.cross_validation  INFO       Saved: predictions_per_subject.csv
18:23:11  baselineEval.src.cross_validation  INFO       CV results: 50 rows → /srv/beegfs/scratch/shares/schaerm/schaer2/video_sam2_pose/humanLISBET-paper/baselineEval/results_stats_temporal_maxpool_lasso/full_kinematic_embedding/regression/MSEL_TOTAL_DQ/cv_results.csv
18:23:11  baselineEval.src.cross_validation  INFO     
── Regression summary (MSEL_TOTAL_DQ) ──
model      rmse       r2  spearman_r
lasso 25.153794 0.238172    0.545444
18:23:11  ccnEvaluation         INFO     ── Held-out for MSEL_TOTAL_DQ (regression | full_kinematic_embedding) ──
18:23:11  baselineEval.src.held_out  INFO     Best regression model: lasso (RMSE=25.1538 ± 2.9117)
18:23:12  baselineEval.src.held_out  INFO     Held-out regression (full_kinematic_embedding | MSEL_TOTAL_DQ): model=lasso RMSE=25.412 [19.768, 30.811] R²=0.405 [0.066, 0.532] ρ=0.799
18:23:15  baselineEval.src.plotting  INFO       Saved: shap_bar_top20.png and shap_beeswarm_top20.png
18:23:15  baselineEval.src.held_out  INFO     SHAP saved → /srv/beegfs/scratch/shares/schaerm/schaer2/video_sam2_pose/humanLISBET-paper/baselineEval/results_stats_temporal_maxpool_lasso/full_kinematic_embedding/held_out/regression/MSEL_TOTAL_DQ/shap
18:23:15  ccnEvaluation         INFO     ── CV for MSEL_FM_DQ (regression) ──
18:23:15  ccnEvaluation         INFO       X: (100, 462), y: (100,) (classes: [ 18.02469136  46.4649432   48.97137746  50.05646983  54.38484461
  55.25934702  55.26116578  55.3030303   59.06148867  60.89132507
  63.6627907   63.73690338  64.77896096  65.16194848  65.41218638
  65.72629052  69.06338694  69.12878788  69.33210784  70.91968912
  73.53479853  75.06258941  75.18022657  75.486618    75.66334992
  75.86923658  75.90612002  75.91514143  77.07927225  77.89159198
  78.29257829  79.43695591  79.91242474  80.18453427  80.89539007
  80.95690748  82.62072435  82.81765677  83.43724023  83.84379786
  83.94209957  85.6233244   85.79059829  85.92278719  87.62002743
  87.84596871  87.86462758  87.98209366  89.15229885  90.64569536
  90.75497288  90.7960199   92.60343482  92.99363057  93.43003413
  93.95109395  95.05208333  95.38327526  96.20155039  96.63388805
  96.66313559  97.1113645   97.65160523  97.76785714  98.45857418
  98.95429899  98.97788903  99.40087146  99.64898596 102.1903821
 102.8432377  103.6931818  103.811149   104.7045324  105.1267281
 105.4303871  106.1046512  106.538237   107.1589883  108.1764296
 108.201581   108.6309524  109.939759   111.4163614  111.6891065
 112.258348   112.5198886  113.5687229  114.1644325  115.1790314
 119.8555166  120.5538618  121.1819389  121.197515   121.574912
 122.124634   122.1456693  122.8956229  123.8687783  143.1372549 ])
18:23:15  baselineEval.src.cross_validation  INFO     Skipping LGBM regressor (--skip-lgbm)
18:23:15  baselineEval.src.cross_validation  INFO     Regression CV: 1 models, 5×10 nested CV (50 total outer folds)
18:23:32  baselineEval.src.cross_validation  INFO       Saved: predictions_per_subject.csv
18:23:32  baselineEval.src.cross_validation  INFO       CV results: 50 rows → /srv/beegfs/scratch/shares/schaerm/schaer2/video_sam2_pose/humanLISBET-paper/baselineEval/results_stats_temporal_maxpool_lasso/full_kinematic_embedding/regression/MSEL_FM_DQ/cv_results.csv
18:23:32  baselineEval.src.cross_validation  INFO     
── Regression summary (MSEL_FM_DQ) ──
model      rmse       r2  spearman_r
lasso 20.512676 0.054322    0.381922
18:23:32  ccnEvaluation         INFO     ── Held-out for MSEL_FM_DQ (regression | full_kinematic_embedding) ──
18:23:32  baselineEval.src.held_out  INFO     Best regression model: lasso (RMSE=20.5127 ± 2.5987)
18:23:32  baselineEval.src.held_out  INFO     Held-out regression (full_kinematic_embedding | MSEL_FM_DQ): model=lasso RMSE=19.685 [13.875, 24.747] R²=0.188 [-0.198, 0.301] ρ=0.745
18:23:36  baselineEval.src.plotting  INFO       Saved: shap_bar_top20.png and shap_beeswarm_top20.png
18:23:36  baselineEval.src.held_out  INFO     SHAP saved → /srv/beegfs/scratch/shares/schaerm/schaer2/video_sam2_pose/humanLISBET-paper/baselineEval/results_stats_temporal_maxpool_lasso/full_kinematic_embedding/held_out/regression/MSEL_FM_DQ/shap
18:23:36  ccnEvaluation         INFO     ── CV for MSEL_VR_DQ (regression) ──
18:23:36  ccnEvaluation         INFO       X: (100, 462), y: (100,) (classes: [ 24.78395062  38.27847693  40.84386519  44.24242424  48.97137746
  55.48645661  56.65502522  56.92959002  62.16881151  62.75283172
  64.71631206  65.27181688  65.72629052  66.12318841  66.69049889
  67.74833589  69.92337165  70.46332046  70.66795741  71.15009747
  72.16608084  73.80514706  73.80800341  75.41322314  76.86522262
  77.69631031  77.99145299  78.31273601  78.41474446  78.6637931
  79.18580909  79.31783825  80.21978022  83.77964805  84.0389186
  84.56192081  84.81797057  84.88372093  85.28037383  87.43066062
  88.66708914  89.11889597  89.35566001  89.46078431  89.57533077
  89.615829    90.15860634  92.33630952  93.50512357  93.81764069
  94.1109736   94.6140553   96.17918314  96.20155039  97.93244949
  98.97788903 100.5796275  102.1289538  103.2884465  104.0746873
 104.3095565  106.0098302  106.3795337  108.127254   109.5515537
 110.1055807  110.1609658  110.297536   111.6891065  113.7780549
 114.2017705  114.5637163  115.3090847  116.9871795  118.5064935
 121.4642263  123.6822289  124.5733788  125.1905488  125.2213369
 129.0167095  130.7503771  133.1727963  133.6408905  133.8188664
 134.9544937  135.1851852  136.0094851  136.515748   146.7828418
 147.3675711  148.8166269  148.8393977  151.821572   153.0708874
 158.9721254  159.8073555  175.8188825  192.7226814 ])
18:23:36  baselineEval.src.cross_validation  INFO     Skipping LGBM regressor (--skip-lgbm)
18:23:36  baselineEval.src.cross_validation  INFO     Regression CV: 1 models, 5×10 nested CV (50 total outer folds)
18:23:53  baselineEval.src.cross_validation  INFO       Saved: predictions_per_subject.csv
18:23:53  baselineEval.src.cross_validation  INFO       CV results: 50 rows → /srv/beegfs/scratch/shares/schaerm/schaer2/video_sam2_pose/humanLISBET-paper/baselineEval/results_stats_temporal_maxpool_lasso/full_kinematic_embedding/regression/MSEL_VR_DQ/cv_results.csv
18:23:53  baselineEval.src.cross_validation  INFO     
── Regression summary (MSEL_VR_DQ) ──
model      rmse       r2  spearman_r
lasso 29.896814 0.084127    0.381822
18:23:53  ccnEvaluation         INFO     ── Held-out for MSEL_VR_DQ (regression | full_kinematic_embedding) ──
18:23:53  baselineEval.src.held_out  INFO     Best regression model: lasso (RMSE=29.8968 ± 3.7601)
18:23:53  baselineEval.src.held_out  INFO     Held-out regression (full_kinematic_embedding | MSEL_VR_DQ): model=lasso RMSE=27.048 [21.349, 32.405] R²=0.352 [0.082, 0.408] ρ=0.787
18:23:56  baselineEval.src.plotting  INFO       Saved: shap_bar_top20.png and shap_beeswarm_top20.png
18:23:56  baselineEval.src.held_out  INFO     SHAP saved → /srv/beegfs/scratch/shares/schaerm/schaer2/video_sam2_pose/humanLISBET-paper/baselineEval/results_stats_temporal_maxpool_lasso/full_kinematic_embedding/held_out/regression/MSEL_VR_DQ/shap
18:23:56  ccnEvaluation         INFO     ── CV for MSEL_LR_DQ (regression) ──
18:23:56  ccnEvaluation         INFO       X: (100, 462), y: (100,) (classes: [  3.88463176   4.06639929   6.75925926   9.87554113  12.01290153
  16.59090909  18.70972466  20.22384752  20.94811754  21.24563446
  25.56022409  26.50048403  28.99586908  29.92695289  32.38948048
  32.63590844  35.30956329  37.26391016  38.9957265   40.25735294
  40.48807543  43.06091806  44.2961165   44.83182162  46.05097149
  46.79487179  47.45189808  48.93770627  50.11618082  50.37154989
  52.84749035  53.52588625  53.65219358  54.90373045  59.29174789
  59.55070281  62.02209006  62.16545012  62.65018881  63.07603687
  64.61056645  64.9288451   66.12318841  66.75811614  70.61011905
  70.91968912  71.94102807  73.19518717  74.25406872  76.30178639
  76.39534884  77.74980635  77.81007752  77.89159198  78.6637931
  79.07279029  79.43695591  80.19460138  82.52583979  83.43724023
  83.56227106  84.15678524  87.60560676  91.80080483  96.34238311
  96.50411281 102.7847309  104.0746873  105.9596995  107.2715207
 108.1764296  108.8902148  110.0871314  115.4120767  115.9171748
 116.9871795  117.5351288  118.5064935  119.2178672  119.8802164
 120.1122726  120.9753788  121.1819389  122.3190349  122.5189726
 124.5733788  126.9356955  127.766486   128.1288156  130.2021403
 130.5093403  132.9263068  138.2575758  142.6500252  144.1714836
 144.3321617  147.1132898  148.8393977  153.6195286  157.0567986 ])
18:23:56  baselineEval.src.cross_validation  INFO     Skipping LGBM regressor (--skip-lgbm)
18:23:56  baselineEval.src.cross_validation  INFO     Regression CV: 1 models, 5×10 nested CV (50 total outer folds)
18:24:13  baselineEval.src.cross_validation  INFO       Saved: predictions_per_subject.csv
18:24:13  baselineEval.src.cross_validation  INFO       CV results: 50 rows → /srv/beegfs/scratch/shares/schaerm/schaer2/video_sam2_pose/humanLISBET-paper/baselineEval/results_stats_temporal_maxpool_lasso/full_kinematic_embedding/regression/MSEL_LR_DQ/cv_results.csv
18:24:13  baselineEval.src.cross_validation  INFO     
── Regression summary (MSEL_LR_DQ) ──
model      rmse       r2  spearman_r
lasso 33.955848 0.275843    0.594556
18:24:13  ccnEvaluation         INFO     ── Held-out for MSEL_LR_DQ (regression | full_kinematic_embedding) ──
18:24:13  baselineEval.src.held_out  INFO     Best regression model: lasso (RMSE=33.9558 ± 3.1931)
18:24:14  baselineEval.src.held_out  INFO     Held-out regression (full_kinematic_embedding | MSEL_LR_DQ): model=lasso RMSE=32.066 [22.806, 39.820] R²=0.500 [0.161, 0.671] ρ=0.745
18:24:17  baselineEval.src.plotting  INFO       Saved: shap_bar_top20.png and shap_beeswarm_top20.png
18:24:17  baselineEval.src.held_out  INFO     SHAP saved → /srv/beegfs/scratch/shares/schaerm/schaer2/video_sam2_pose/humanLISBET-paper/baselineEval/results_stats_temporal_maxpool_lasso/full_kinematic_embedding/held_out/regression/MSEL_LR_DQ/shap
18:24:17  ccnEvaluation         INFO     ── CV for MSEL_LE_DQ (regression) ──
18:24:17  ccnEvaluation         INFO       X: (100, 462), y: (100,) (classes: [  9.94008715  14.16375631  17.66698935  21.62322275  22.5308642
  23.71669916  24.48568873  29.32736455  29.93313147  31.1965812
  31.83139535  32.5311943   34.96168582  35.3339787   36.51460584
  36.64658635  37.69462981  40.09226714  40.25735294  40.48807543
  41.27091814  41.92189893  43.37492573  44.24242424  44.2961165
  44.43993506  44.83182162  45.69027182  46.51656754  46.72299027
  47.44367418  50.11618082  50.12015105  50.13736264  50.93023256
  52.58200355  54.8048048   55.8530987   56.46658416  56.94227769
  57.72506083  58.12101911  59.82097832  59.93431856  60.11198946
  61.49957877  65.17857143  65.57490326  66.18574582  66.20785318
  69.12878788  69.55030488  71.37484958  72.66780432  73.41954023
  75.10288066  76.33526384  77.99145299  78.1455863   79.85282418
  80.57395143  81.54602324  82.20720721  83.94209957  84.10138249
  85.23058961  86.67962003  89.35128519  89.92073693  90.17483846
  91.02244389  91.36420526  91.65097301  93.77792672  94.24218952
  96.25527426  96.94555113  97.92085848 100.2099483  100.2747253
 103.2239819  106.0553231  108.127254   109.939759   111.2804878
 111.8651489  112.258348   114.1922639  115.7352358  116.9871795
 120.9753788  122.124634   124.6584699  128.4817876  128.8841808
 137.775842   140.655106   143.7007874  170.9694989 ])
18:24:17  baselineEval.src.cross_validation  INFO     Skipping LGBM regressor (--skip-lgbm)
18:24:17  baselineEval.src.cross_validation  INFO     Regression CV: 1 models, 5×10 nested CV (50 total outer folds)
18:24:34  baselineEval.src.cross_validation  INFO       Saved: predictions_per_subject.csv
18:24:34  baselineEval.src.cross_validation  INFO       CV results: 50 rows → /srv/beegfs/scratch/shares/schaerm/schaer2/video_sam2_pose/humanLISBET-paper/baselineEval/results_stats_temporal_maxpool_lasso/full_kinematic_embedding/regression/MSEL_LE_DQ/cv_results.csv
18:24:34  baselineEval.src.cross_validation  INFO     
── Regression summary (MSEL_LE_DQ) ──
model      rmse      r2  spearman_r
lasso 30.282449 0.18655    0.493358
18:24:34  ccnEvaluation         INFO     ── Held-out for MSEL_LE_DQ (regression | full_kinematic_embedding) ──
18:24:34  baselineEval.src.held_out  INFO     Best regression model: lasso (RMSE=30.2824 ± 3.5915)
18:24:35  baselineEval.src.held_out  INFO     Held-out regression (full_kinematic_embedding | MSEL_LE_DQ): model=lasso RMSE=29.748 [21.973, 37.188] R²=0.368 [-0.197, 0.569] ρ=0.691
18:24:38  baselineEval.src.plotting  INFO       Saved: shap_bar_top20.png and shap_beeswarm_top20.png
18:24:38  baselineEval.src.held_out  INFO     SHAP saved → /srv/beegfs/scratch/shares/schaerm/schaer2/video_sam2_pose/humanLISBET-paper/baselineEval/results_stats_temporal_maxpool_lasso/full_kinematic_embedding/held_out/regression/MSEL_LE_DQ/shap
18:24:38  ccnEvaluation         INFO     ── CV for MSEL_NV_DQ (regression) ──
18:24:38  ccnEvaluation         INFO       X: (100, 462), y: (100,) (classes: [ 21.40432099  44.16747338  48.05160611  48.97137746  49.77272727
  58.71498864  60.1959643   60.90716019  63.02918895  63.79091198
  64.09642401  65.57490326  65.72629052  66.58026114  67.72345918
  67.91030161  70.16720315  71.56862745  72.80585106  73.37984863
  74.11468486  74.27325581  74.37794938  74.47079827  74.91789819
  76.17530756  76.74648129  76.87728938  77.59353741  79.97251931
  81.51480347  81.6976584   81.89102564  81.99943836  82.20720721
  82.35559567  83.73346137  83.90804598  84.15678524  84.60538218
  84.81199831  86.57250071  88.46431518  88.6496114   88.80778589
  88.87987013  91.05626327  91.88613478  92.03227433  92.13004822
  94.43082789  94.90379615  95.05208333  95.96479195  96.20155039
  96.39084507  96.49226641  97.36019132  97.52310803  97.94594067
  98.60764755  98.68968386  98.84549601  98.97788903  99.87039171
 100.2432517  102.1903821  103.1073446  109.0017065  109.0761612
 109.2369828  110.0871314  111.4163614  111.6531427  111.6891065
 114.2017705  115.7352358  116.0376082  116.2030831  116.810994
 116.9871795  119.3828214  119.8555166  121.5842367  122.8722053
 122.9496192  123.2016379  125.1071123  126.1626445  126.7361111
 127.1777003  128.2630522  128.3820346  129.3307087  130.6682578
 135.4820159  137.1387283  139.16122    139.8314361  157.8091521 ])
18:24:38  baselineEval.src.cross_validation  INFO     Skipping LGBM regressor (--skip-lgbm)
18:24:38  baselineEval.src.cross_validation  INFO     Regression CV: 1 models, 5×10 nested CV (50 total outer folds)
18:24:54  baselineEval.src.cross_validation  INFO       Saved: predictions_per_subject.csv
18:24:54  baselineEval.src.cross_validation  INFO       CV results: 50 rows → /srv/beegfs/scratch/shares/schaerm/schaer2/video_sam2_pose/humanLISBET-paper/baselineEval/results_stats_temporal_maxpool_lasso/full_kinematic_embedding/regression/MSEL_NV_DQ/cv_results.csv
18:24:54  baselineEval.src.cross_validation  INFO     
── Regression summary (MSEL_NV_DQ) ──
model      rmse       r2  spearman_r
lasso 23.573288 0.074598    0.424499
18:24:54  ccnEvaluation         INFO     ── Held-out for MSEL_NV_DQ (regression | full_kinematic_embedding) ──
18:24:54  baselineEval.src.held_out  INFO     Best regression model: lasso (RMSE=23.5733 ± 2.8678)
18:24:55  baselineEval.src.held_out  INFO     Held-out regression (full_kinematic_embedding | MSEL_NV_DQ): model=lasso RMSE=21.951 [18.028, 25.654] R²=0.286 [-0.053, 0.377] ρ=0.779
18:24:58  baselineEval.src.plotting  INFO       Saved: shap_bar_top20.png and shap_beeswarm_top20.png
18:24:58  baselineEval.src.held_out  INFO     SHAP saved → /srv/beegfs/scratch/shares/schaerm/schaer2/video_sam2_pose/humanLISBET-paper/baselineEval/results_stats_temporal_maxpool_lasso/full_kinematic_embedding/held_out/regression/MSEL_NV_DQ/shap
18:24:58  ccnEvaluation         INFO     ── CV for MSEL_V_DQ (regression) ──
18:24:58  ccnEvaluation         INFO       X: (100, 462), y: (100,) (classes: [ 14.64506173  16.81806214  17.70469538  18.29879679  19.42315879
  25.02823491  25.13774105  27.1577381   27.20632081  29.4009959
  30.41666667  30.91723136  31.03741497  33.34524944  35.09615385
  36.40292553  37.2753268   37.99205148  39.16309013  39.59290454
  40.25735294  40.48807543  41.50422352  44.2961165   44.83182162
  47.46155586  48.09864458  48.46611722  48.93286143  50.11618082
  50.44223328  52.19708788  52.70214521  54.2462845   54.2693288
  54.68949248  54.82073643  54.89951357  56.38516993  58.28505645
  59.94525547  62.43158183  63.11758893  63.13929001  63.25823224
  63.6627907   64.59137709  67.89434524  69.06338694  70.46826734
  70.9304984   72.04972258  76.04166667  78.79965458  80.77686203
  81.15118577  83.23831243  85.25467149  85.85349462  85.92278719
  85.99599793  87.22984206  89.35566001  91.36789406  92.32431935
  92.73373984  94.37151949  94.86083166  95.8165773   97.07446809
  98.62059158  99.7831825  101.2242965  101.2355018  102.3816809
 103.6931818  103.8747811  107.1158763  108.0484808  109.063745
 110.7318923  111.4235219  114.0037352  114.2017705  115.3090847
 116.9871795  119.5234869  120.9753788  121.0967994  121.1872446
 122.9686881  124.051024   128.2952548  128.9440573  133.4982788
 135.3182415  135.4820159  141.0506581  142.4132948  159.0413943 ])
18:24:58  baselineEval.src.cross_validation  INFO     Skipping LGBM regressor (--skip-lgbm)
18:24:58  baselineEval.src.cross_validation  INFO     Regression CV: 1 models, 5×10 nested CV (50 total outer folds)
18:25:15  baselineEval.src.cross_validation  INFO       Saved: predictions_per_subject.csv
18:25:15  baselineEval.src.cross_validation  INFO       CV results: 50 rows → /srv/beegfs/scratch/shares/schaerm/schaer2/video_sam2_pose/humanLISBET-paper/baselineEval/results_stats_temporal_maxpool_lasso/full_kinematic_embedding/regression/MSEL_V_DQ/cv_results.csv
18:25:15  baselineEval.src.cross_validation  INFO     
── Regression summary (MSEL_V_DQ) ──
model      rmse       r2  spearman_r
lasso 29.165013 0.312263    0.613925
18:25:15  ccnEvaluation         INFO     ── Held-out for MSEL_V_DQ (regression | full_kinematic_embedding) ──
18:25:15  baselineEval.src.held_out  INFO     Best regression model: lasso (RMSE=29.1650 ± 3.3384)
18:25:16  baselineEval.src.held_out  INFO     Held-out regression (full_kinematic_embedding | MSEL_V_DQ): model=lasso RMSE=30.479 [23.343, 38.146] R²=0.442 [0.002, 0.617] ρ=0.799
18:25:19  baselineEval.src.plotting  INFO       Saved: shap_bar_top20.png and shap_beeswarm_top20.png
18:25:19  baselineEval.src.held_out  INFO     SHAP saved → /srv/beegfs/scratch/shares/schaerm/schaer2/video_sam2_pose/humanLISBET-paper/baselineEval/results_stats_temporal_maxpool_lasso/full_kinematic_embedding/held_out/regression/MSEL_V_DQ/shap
18:25:19  ccnEvaluation         INFO     ═══ Representation: motor_only_temporal ═══
18:25:19  ccnEvaluation         INFO       Features for motor_only_temporal: 144 columns
18:25:19  ccnEvaluation         INFO     ═══ Step 2: Preprocessing report ═══
18:25:19  baselineEval.src.preprocessing  INFO     Feature selection (full dataset): 144 features → 110 kept (0 missingness, 2 near-zero-var, 32 correlated)
18:25:19  baselineEval.src.preprocessing  INFO     Feature selection report → /srv/beegfs/scratch/shares/schaerm/schaer2/video_sam2_pose/humanLISBET-paper/baselineEval/results_stats_temporal_maxpool_lasso/motor_only_temporal/feature_selection_report.csv
18:25:19  baselineEval.src.preprocessing  INFO     PCA explained-variance data → /srv/beegfs/scratch/shares/schaerm/schaer2/video_sam2_pose/humanLISBET-paper/baselineEval/results_stats_temporal_maxpool_lasso/motor_only_temporal/pca_explained_variance.csv
18:25:20  baselineEval.src.preprocessing  INFO     PCA explained-variance plot → /srv/beegfs/scratch/shares/schaerm/schaer2/video_sam2_pose/humanLISBET-paper/baselineEval/results_stats_temporal_maxpool_lasso/motor_only_temporal/pca_explained_variance.png
18:25:20  ccnEvaluation         INFO     ── CV for diagnosis (classification) ──
18:25:20  ccnEvaluation         INFO       X: (102, 144), y: (102,) (classes: [0 1])
18:25:20  baselineEval.src.cross_validation  INFO     Skipping LGBM classifier (--skip-lgbm)
18:25:20  baselineEval.src.cross_validation  INFO     Classification CV: 1 models, 5×10 nested CV (50 total outer folds)
18:25:46  baselineEval.src.cross_validation  INFO       Saved: predictions_per_subject.csv
18:25:46  baselineEval.src.cross_validation  INFO       CV results: 50 rows → /srv/beegfs/scratch/shares/schaerm/schaer2/video_sam2_pose/humanLISBET-paper/baselineEval/results_stats_temporal_maxpool_lasso/motor_only_temporal/classification/diagnosis/cv_results.csv
18:25:46  baselineEval.src.cross_validation  INFO     
── Classification AUC-ROC summary (diagnosis) ──
model  auc_roc_mean  auc_roc_std
lasso      0.644333     0.118541
18:25:46  ccnEvaluation         INFO     ── Held-out for diagnosis (classification | motor_only_temporal) ──
18:25:46  baselineEval.src.held_out  INFO     Best classification model: lasso (AUC=0.6443 ± 0.1185)
18:25:47  baselineEval.src.held_out  INFO     Held-out classification (motor_only_temporal | diagnosis): model=lasso AUC=0.643 BAcc=0.536 Acc=0.529 [0.278, 0.770]
18:25:50  baselineEval.src.plotting  INFO       Saved: shap_bar_top20.png and shap_beeswarm_top20.png
18:25:50  baselineEval.src.held_out  INFO     SHAP saved → /srv/beegfs/scratch/shares/schaerm/schaer2/video_sam2_pose/humanLISBET-paper/baselineEval/results_stats_temporal_maxpool_lasso/motor_only_temporal/held_out/classification/diagnosis/shap
18:25:50  ccnEvaluation         INFO     ── CV for ADOS_2_ADOS_G_revised_RRB_level_of_symptoms (classification) ──
18:25:50  ccnEvaluation         INFO       X: (102, 144), y: (102,) (classes: [0 1 2])
18:25:50  baselineEval.src.cross_validation  INFO     Skipping LGBM classifier (--skip-lgbm)
18:25:50  baselineEval.src.cross_validation  INFO     Classification CV: 1 models, 5×10 nested CV (50 total outer folds)
18:26:32  baselineEval.src.cross_validation  INFO       Saved: predictions_per_subject.csv
18:26:32  baselineEval.src.cross_validation  INFO       CV results: 50 rows → /srv/beegfs/scratch/shares/schaerm/schaer2/video_sam2_pose/humanLISBET-paper/baselineEval/results_stats_temporal_maxpool_lasso/motor_only_temporal/classification/ADOS_2_ADOS_G_revised_RRB_level_of_symptoms/cv_results.csv
18:26:32  baselineEval.src.cross_validation  INFO     
── Classification F1-macro summary (ADOS_2_ADOS_G_revised_RRB_level_of_symptoms) ──
model  f1_macro_mean  f1_macro_std
lasso       0.347538      0.105904
18:26:32  ccnEvaluation         INFO     ── Held-out for ADOS_2_ADOS_G_revised_RRB_level_of_symptoms (classification | motor_only_temporal) ──
18:26:32  baselineEval.src.held_out  INFO     Best classification model: lasso (F1-macro=0.3475 ± 0.1059)
18:26:32  baselineEval.src.held_out  INFO     Held-out classification (motor_only_temporal | ADOS_2_ADOS_G_revised_RRB_level_of_symptoms): model=lasso F1-macro=0.333 BAcc=0.422 Acc=0.471 [0.230, 0.722]
18:26:36  baselineEval.src.plotting  INFO       Saved: shap_bar_top20.png and shap_beeswarm_top20.png
18:26:36  baselineEval.src.held_out  INFO     SHAP saved → /srv/beegfs/scratch/shares/schaerm/schaer2/video_sam2_pose/humanLISBET-paper/baselineEval/results_stats_temporal_maxpool_lasso/motor_only_temporal/held_out/classification/ADOS_2_ADOS_G_revised_RRB_level_of_symptoms/shap
18:26:36  ccnEvaluation         INFO     ── CV for ADOS_2_ADOS_G_REVISED_SA_LEVEL_OF_SYMPTOMS (classification) ──
18:26:36  ccnEvaluation         INFO       X: (102, 144), y: (102,) (classes: [0 1 2 3])
18:26:36  baselineEval.src.cross_validation  INFO     Skipping LGBM classifier (--skip-lgbm)
18:26:36  baselineEval.src.cross_validation  INFO     Classification CV: 1 models, 5×10 nested CV (50 total outer folds)
18:27:22  baselineEval.src.cross_validation  INFO       Saved: predictions_per_subject.csv
18:27:22  baselineEval.src.cross_validation  INFO       CV results: 50 rows → /srv/beegfs/scratch/shares/schaerm/schaer2/video_sam2_pose/humanLISBET-paper/baselineEval/results_stats_temporal_maxpool_lasso/motor_only_temporal/classification/ADOS_2_ADOS_G_REVISED_SA_LEVEL_OF_SYMPTOMS/cv_results.csv
18:27:22  baselineEval.src.cross_validation  INFO     
── Classification F1-macro summary (ADOS_2_ADOS_G_REVISED_SA_LEVEL_OF_SYMPTOMS) ──
model  f1_macro_mean  f1_macro_std
lasso       0.317083      0.093374
18:27:22  ccnEvaluation         INFO     ── Held-out for ADOS_2_ADOS_G_REVISED_SA_LEVEL_OF_SYMPTOMS (classification | motor_only_temporal) ──
18:27:22  baselineEval.src.held_out  INFO     Best classification model: lasso (F1-macro=0.3171 ± 0.0934)
18:27:23  baselineEval.src.held_out  INFO     Held-out classification (motor_only_temporal | ADOS_2_ADOS_G_REVISED_SA_LEVEL_OF_SYMPTOMS): model=lasso F1-macro=0.188 BAcc=0.226 Acc=0.294 [0.103, 0.560]
18:27:27  baselineEval.src.plotting  INFO       Saved: shap_bar_top20.png and shap_beeswarm_top20.png
18:27:27  baselineEval.src.held_out  INFO     SHAP saved → /srv/beegfs/scratch/shares/schaerm/schaer2/video_sam2_pose/humanLISBET-paper/baselineEval/results_stats_temporal_maxpool_lasso/motor_only_temporal/held_out/classification/ADOS_2_ADOS_G_REVISED_SA_LEVEL_OF_SYMPTOMS/shap
18:27:27  ccnEvaluation         INFO     ── CV for ADOS_G_ADOS_2_TOTAL_score_de_severite (regression) ──
18:27:27  ccnEvaluation         INFO       X: (102, 144), y: (102,) (classes: [ 1.  2.  3.  4.  5.  6.  7.  8.  9. 10.])
18:27:27  baselineEval.src.cross_validation  INFO     Skipping LGBM regressor (--skip-lgbm)
18:27:27  baselineEval.src.cross_validation  INFO     Regression CV: 1 models, 5×10 nested CV (50 total outer folds)
18:27:32  baselineEval.src.cross_validation  INFO       Saved: predictions_per_subject.csv
18:27:32  baselineEval.src.cross_validation  INFO       CV results: 50 rows → /srv/beegfs/scratch/shares/schaerm/schaer2/video_sam2_pose/humanLISBET-paper/baselineEval/results_stats_temporal_maxpool_lasso/motor_only_temporal/regression/ADOS_G_ADOS_2_TOTAL_score_de_severite/cv_results.csv
18:27:32  baselineEval.src.cross_validation  INFO     
── Regression summary (ADOS_G_ADOS_2_TOTAL_score_de_severite) ──
model     rmse       r2  spearman_r
lasso 3.295721 0.019063    0.417186
18:27:32  ccnEvaluation         INFO     ── Held-out for ADOS_G_ADOS_2_TOTAL_score_de_severite (regression | motor_only_temporal) ──
18:27:32  baselineEval.src.held_out  INFO     Best regression model: lasso (RMSE=3.2957 ± 0.3340)
18:27:33  baselineEval.src.held_out  INFO     Held-out regression (motor_only_temporal | ADOS_G_ADOS_2_TOTAL_score_de_severite): model=lasso RMSE=3.065 [2.445, 3.600] R²=0.236 [-0.152, 0.351] ρ=0.643
18:27:37  baselineEval.src.plotting  INFO       Saved: shap_bar_top20.png and shap_beeswarm_top20.png
18:27:37  baselineEval.src.held_out  INFO     SHAP saved → /srv/beegfs/scratch/shares/schaerm/schaer2/video_sam2_pose/humanLISBET-paper/baselineEval/results_stats_temporal_maxpool_lasso/motor_only_temporal/held_out/regression/ADOS_G_ADOS_2_TOTAL_score_de_severite/shap
18:27:37  ccnEvaluation         INFO     ── CV for ADOS_2_ADOS_G_REVISED_SA_SEVERITY_SCORE (regression) ──
18:27:37  ccnEvaluation         INFO       X: (102, 144), y: (102,) (classes: [ 1.  2.  3.  4.  5.  6.  7.  9. 10.])
18:27:37  baselineEval.src.cross_validation  INFO     Skipping LGBM regressor (--skip-lgbm)
18:27:37  baselineEval.src.cross_validation  INFO     Regression CV: 1 models, 5×10 nested CV (50 total outer folds)
18:27:42  baselineEval.src.cross_validation  INFO       Saved: predictions_per_subject.csv
18:27:42  baselineEval.src.cross_validation  INFO       CV results: 50 rows → /srv/beegfs/scratch/shares/schaerm/schaer2/video_sam2_pose/humanLISBET-paper/baselineEval/results_stats_temporal_maxpool_lasso/motor_only_temporal/regression/ADOS_2_ADOS_G_REVISED_SA_SEVERITY_SCORE/cv_results.csv
18:27:43  baselineEval.src.cross_validation  INFO     
── Regression summary (ADOS_2_ADOS_G_REVISED_SA_SEVERITY_SCORE) ──
model     rmse        r2  spearman_r
lasso 3.192447 -0.096682    0.279622
18:27:43  ccnEvaluation         INFO     ── Held-out for ADOS_2_ADOS_G_REVISED_SA_SEVERITY_SCORE (regression | motor_only_temporal) ──
18:27:43  baselineEval.src.held_out  INFO     Best regression model: lasso (RMSE=3.1924 ± 0.3922)
/srv/beegfs/scratch/shares/schaerm/schaer2/video_sam2_pose/humanLISBET-paper/baselineEval/src/held_out.py:422: ConstantInputWarning: An input array is constant; the correlation coefficient is not defined.
  sp_r, _ = spearmanr(y_test, y_pred)
/srv/beegfs/scratch/shares/schaerm/schaer2/video_sam2_pose/humanLISBET-paper/baselineEval/src/held_out.py:423: ConstantInputWarning: An input array is constant; the correlation coefficient is not defined.
  pe_r, _ = pearsonr(y_test, y_pred)
18:27:43  baselineEval.src.held_out  INFO     Held-out regression (motor_only_temporal | ADOS_2_ADOS_G_REVISED_SA_SEVERITY_SCORE): model=lasso RMSE=2.960 [2.370, 3.428] R²=-0.064 [-1.000, -0.000] ρ=nan
18:27:47  baselineEval.src.plotting  INFO       Saved: shap_bar_top20.png and shap_beeswarm_top20.png
18:27:47  baselineEval.src.held_out  INFO     SHAP saved → /srv/beegfs/scratch/shares/schaerm/schaer2/video_sam2_pose/humanLISBET-paper/baselineEval/results_stats_temporal_maxpool_lasso/motor_only_temporal/held_out/regression/ADOS_2_ADOS_G_REVISED_SA_SEVERITY_SCORE/shap
18:27:47  ccnEvaluation         INFO     ── CV for ADOS_2_ADOS_G_REVISED_RRB_SEVERITY_SCORE_new (regression) ──
18:27:47  ccnEvaluation         INFO       X: (102, 144), y: (102,) (classes: [ 1.  5.  6.  7.  8.  9. 10.])
18:27:47  baselineEval.src.cross_validation  INFO     Skipping LGBM regressor (--skip-lgbm)
18:27:47  baselineEval.src.cross_validation  INFO     Regression CV: 1 models, 5×10 nested CV (50 total outer folds)
18:27:53  baselineEval.src.cross_validation  INFO       Saved: predictions_per_subject.csv
18:27:53  baselineEval.src.cross_validation  INFO       CV results: 50 rows → /srv/beegfs/scratch/shares/schaerm/schaer2/video_sam2_pose/humanLISBET-paper/baselineEval/results_stats_temporal_maxpool_lasso/motor_only_temporal/regression/ADOS_2_ADOS_G_REVISED_RRB_SEVERITY_SCORE_new/cv_results.csv
18:27:53  baselineEval.src.cross_validation  INFO     
── Regression summary (ADOS_2_ADOS_G_REVISED_RRB_SEVERITY_SCORE_new) ──
model     rmse       r2  spearman_r
lasso 3.140457 0.004726    0.231508
18:27:53  ccnEvaluation         INFO     ── Held-out for ADOS_2_ADOS_G_REVISED_RRB_SEVERITY_SCORE_new (regression | motor_only_temporal) ──
18:27:53  baselineEval.src.held_out  INFO     Best regression model: lasso (RMSE=3.1405 ± 0.3718)
18:27:54  baselineEval.src.held_out  INFO     Held-out regression (motor_only_temporal | ADOS_2_ADOS_G_REVISED_RRB_SEVERITY_SCORE_new): model=lasso RMSE=3.464 [2.623, 4.247] R²=0.154 [-0.177, 0.225] ρ=0.650
18:27:57  baselineEval.src.plotting  INFO       Saved: shap_bar_top20.png and shap_beeswarm_top20.png
18:27:57  baselineEval.src.held_out  INFO     SHAP saved → /srv/beegfs/scratch/shares/schaerm/schaer2/video_sam2_pose/humanLISBET-paper/baselineEval/results_stats_temporal_maxpool_lasso/motor_only_temporal/held_out/regression/ADOS_2_ADOS_G_REVISED_RRB_SEVERITY_SCORE_new/shap
18:27:57  ccnEvaluation         INFO     ── CV for VLDII_AdSS (regression) ──
18:27:57  ccnEvaluation         INFO       X: (95, 144), y: (95,) (classes: [ 51.  63.  64.  65.  66.  68.  69.  70.  71.  72.  73.  74.  75.  76.
  77.  78.  79.  80.  81.  83.  84.  85.  86.  87.  88.  89.  90.  91.
  92.  93.  94.  95.  96.  97.  99. 100. 102. 103. 104. 105. 107. 108.
 109. 110. 113. 115. 117.])
18:27:57  baselineEval.src.cross_validation  INFO     Skipping LGBM regressor (--skip-lgbm)
18:27:57  baselineEval.src.cross_validation  INFO     Regression CV: 1 models, 5×10 nested CV (50 total outer folds)
18:28:04  baselineEval.src.cross_validation  INFO       Saved: predictions_per_subject.csv
18:28:04  baselineEval.src.cross_validation  INFO       CV results: 50 rows → /srv/beegfs/scratch/shares/schaerm/schaer2/video_sam2_pose/humanLISBET-paper/baselineEval/results_stats_temporal_maxpool_lasso/motor_only_temporal/regression/VLDII_AdSS/cv_results.csv
18:28:04  baselineEval.src.cross_validation  INFO     
── Regression summary (VLDII_AdSS) ──
model      rmse       r2  spearman_r
lasso 14.302365 0.040574    0.256943
18:28:04  ccnEvaluation         INFO     ── Held-out for VLDII_AdSS (regression | motor_only_temporal) ──
18:28:04  baselineEval.src.held_out  INFO     Best regression model: lasso (RMSE=14.3024 ± 1.2025)
18:28:05  baselineEval.src.held_out  INFO     Held-out regression (motor_only_temporal | VLDII_AdSS): model=lasso RMSE=15.140 [11.650, 18.221] R²=0.084 [-0.427, 0.207] ρ=0.469
18:28:08  baselineEval.src.plotting  INFO       Saved: shap_bar_top20.png and shap_beeswarm_top20.png
18:28:08  baselineEval.src.held_out  INFO     SHAP saved → /srv/beegfs/scratch/shares/schaerm/schaer2/video_sam2_pose/humanLISBET-paper/baselineEval/results_stats_temporal_maxpool_lasso/motor_only_temporal/held_out/regression/VLDII_AdSS/shap
18:28:08  ccnEvaluation         INFO     ── CV for VLDII_MotorSS (regression) ──
18:28:08  ccnEvaluation         INFO       X: (95, 144), y: (95,) (classes: [ 56.  67.  69.  70.  72.  75.  79.  81.  82.  84.  85.  88.  90.  93.
  94.  95.  96.  97. 100. 102. 104. 105. 106. 108. 111. 114. 121. 131.])
18:28:08  baselineEval.src.cross_validation  INFO     Skipping LGBM regressor (--skip-lgbm)
18:28:08  baselineEval.src.cross_validation  INFO     Regression CV: 1 models, 5×10 nested CV (50 total outer folds)
18:28:14  baselineEval.src.cross_validation  INFO       Saved: predictions_per_subject.csv
18:28:14  baselineEval.src.cross_validation  INFO       CV results: 50 rows → /srv/beegfs/scratch/shares/schaerm/schaer2/video_sam2_pose/humanLISBET-paper/baselineEval/results_stats_temporal_maxpool_lasso/motor_only_temporal/regression/VLDII_MotorSS/cv_results.csv
18:28:14  baselineEval.src.cross_validation  INFO     
── Regression summary (VLDII_MotorSS) ──
model      rmse        r2  spearman_r
lasso 12.483183 -0.028605    0.111353
18:28:14  ccnEvaluation         INFO     ── Held-out for VLDII_MotorSS (regression | motor_only_temporal) ──
18:28:14  baselineEval.src.held_out  INFO     Best regression model: lasso (RMSE=12.4832 ± 1.4401)
/srv/beegfs/scratch/shares/schaerm/schaer2/video_sam2_pose/humanLISBET-paper/baselineEval/src/held_out.py:422: ConstantInputWarning: An input array is constant; the correlation coefficient is not defined.
  sp_r, _ = spearmanr(y_test, y_pred)
/srv/beegfs/scratch/shares/schaerm/schaer2/video_sam2_pose/humanLISBET-paper/baselineEval/src/held_out.py:423: ConstantInputWarning: An input array is constant; the correlation coefficient is not defined.
  pe_r, _ = pearsonr(y_test, y_pred)
18:28:15  baselineEval.src.held_out  INFO     Held-out regression (motor_only_temporal | VLDII_MotorSS): model=lasso RMSE=12.713 [9.358, 16.144] R²=-0.009 [-0.572, -0.000] ρ=nan
18:28:19  baselineEval.src.plotting  INFO       Saved: shap_bar_top20.png and shap_beeswarm_top20.png
18:28:19  baselineEval.src.held_out  INFO     SHAP saved → /srv/beegfs/scratch/shares/schaerm/schaer2/video_sam2_pose/humanLISBET-paper/baselineEval/results_stats_temporal_maxpool_lasso/motor_only_temporal/held_out/regression/VLDII_MotorSS/shap
18:28:19  ccnEvaluation         INFO     ── CV for VLDII_gmsVS (regression) ──
18:28:19  ccnEvaluation         INFO       X: (95, 144), y: (95,) (classes: [ 8.  9. 10. 11. 12. 13. 14. 15. 16. 17. 18. 22.])
18:28:19  baselineEval.src.cross_validation  INFO     Skipping LGBM regressor (--skip-lgbm)
18:28:19  baselineEval.src.cross_validation  INFO     Regression CV: 1 models, 5×10 nested CV (50 total outer folds)
18:28:24  baselineEval.src.cross_validation  INFO       Saved: predictions_per_subject.csv
18:28:24  baselineEval.src.cross_validation  INFO       CV results: 50 rows → /srv/beegfs/scratch/shares/schaerm/schaer2/video_sam2_pose/humanLISBET-paper/baselineEval/results_stats_temporal_maxpool_lasso/motor_only_temporal/regression/VLDII_gmsVS/cv_results.csv
18:28:24  baselineEval.src.cross_validation  INFO     
── Regression summary (VLDII_gmsVS) ──
model     rmse       r2  spearman_r
lasso 2.123713 -0.02039    0.109067
18:28:24  ccnEvaluation         INFO     ── Held-out for VLDII_gmsVS (regression | motor_only_temporal) ──
18:28:24  baselineEval.src.held_out  INFO     Best regression model: lasso (RMSE=2.1237 ± 0.3589)
/srv/beegfs/scratch/shares/schaerm/schaer2/video_sam2_pose/humanLISBET-paper/baselineEval/src/held_out.py:422: ConstantInputWarning: An input array is constant; the correlation coefficient is not defined.
  sp_r, _ = spearmanr(y_test, y_pred)
/srv/beegfs/scratch/shares/schaerm/schaer2/video_sam2_pose/humanLISBET-paper/baselineEval/src/held_out.py:423: ConstantInputWarning: An input array is constant; the correlation coefficient is not defined.
  pe_r, _ = pearsonr(y_test, y_pred)
18:28:25  baselineEval.src.held_out  INFO     Held-out regression (motor_only_temporal | VLDII_gmsVS): model=lasso RMSE=1.893 [1.289, 2.418] R²=-0.014 [-0.494, -0.000] ρ=nan
18:28:29  baselineEval.src.plotting  INFO       Saved: shap_bar_top20.png and shap_beeswarm_top20.png
18:28:29  baselineEval.src.held_out  INFO     SHAP saved → /srv/beegfs/scratch/shares/schaerm/schaer2/video_sam2_pose/humanLISBET-paper/baselineEval/results_stats_temporal_maxpool_lasso/motor_only_temporal/held_out/regression/VLDII_gmsVS/shap
18:28:29  ccnEvaluation         INFO     ── CV for VLDII_fmsVS (regression) ──
18:28:29  ccnEvaluation         INFO       X: (95, 144), y: (95,) (classes: [ 7.  8.  9. 10. 11. 12. 13. 14. 15. 16. 17. 18.])
18:28:29  baselineEval.src.cross_validation  INFO     Skipping LGBM regressor (--skip-lgbm)
18:28:29  baselineEval.src.cross_validation  INFO     Regression CV: 1 models, 5×10 nested CV (50 total outer folds)
18:28:34  baselineEval.src.cross_validation  INFO       Saved: predictions_per_subject.csv
18:28:34  baselineEval.src.cross_validation  INFO       CV results: 50 rows → /srv/beegfs/scratch/shares/schaerm/schaer2/video_sam2_pose/humanLISBET-paper/baselineEval/results_stats_temporal_maxpool_lasso/motor_only_temporal/regression/VLDII_fmsVS/cv_results.csv
18:28:34  baselineEval.src.cross_validation  INFO     
── Regression summary (VLDII_fmsVS) ──
model     rmse        r2  spearman_r
lasso 2.463903 -0.022965    0.084401
18:28:34  ccnEvaluation         INFO     ── Held-out for VLDII_fmsVS (regression | motor_only_temporal) ──
18:28:34  baselineEval.src.held_out  INFO     Best regression model: lasso (RMSE=2.4639 ± 0.2580)
18:28:35  baselineEval.src.held_out  INFO     Held-out regression (motor_only_temporal | VLDII_fmsVS): model=lasso RMSE=2.691 [1.654, 3.610] R²=-0.178 [-0.774, 0.103] ρ=-0.069
18:28:39  baselineEval.src.plotting  INFO       Saved: shap_bar_top20.png and shap_beeswarm_top20.png
18:28:39  baselineEval.src.held_out  INFO     SHAP saved → /srv/beegfs/scratch/shares/schaerm/schaer2/video_sam2_pose/humanLISBET-paper/baselineEval/results_stats_temporal_maxpool_lasso/motor_only_temporal/held_out/regression/VLDII_fmsVS/shap
18:28:39  ccnEvaluation         INFO     ── CV for VLDII_SocSS (regression) ──
18:28:39  ccnEvaluation         INFO       X: (95, 144), y: (95,) (classes: [ 59.  65.  66.  68.  70.  72.  74.  75.  76.  78.  79.  80.  81.  82.
  84.  86.  88.  89.  90.  91.  92.  94.  95.  96.  98. 100. 101. 102.
 105. 109. 111. 112. 114.])
18:28:39  baselineEval.src.cross_validation  INFO     Skipping LGBM regressor (--skip-lgbm)
18:28:39  baselineEval.src.cross_validation  INFO     Regression CV: 1 models, 5×10 nested CV (50 total outer folds)
18:28:45  baselineEval.src.cross_validation  INFO       Saved: predictions_per_subject.csv
18:28:45  baselineEval.src.cross_validation  INFO       CV results: 50 rows → /srv/beegfs/scratch/shares/schaerm/schaer2/video_sam2_pose/humanLISBET-paper/baselineEval/results_stats_temporal_maxpool_lasso/motor_only_temporal/regression/VLDII_SocSS/cv_results.csv
18:28:45  baselineEval.src.cross_validation  INFO     
── Regression summary (VLDII_SocSS) ──
model     rmse       r2  spearman_r
lasso 11.73617 0.059668    0.240073
18:28:45  ccnEvaluation         INFO     ── Held-out for VLDII_SocSS (regression | motor_only_temporal) ──
18:28:45  baselineEval.src.held_out  INFO     Best regression model: lasso (RMSE=11.7362 ± 1.1079)
18:28:47  baselineEval.src.held_out  INFO     Held-out regression (motor_only_temporal | VLDII_SocSS): model=lasso RMSE=11.116 [8.332, 13.964] R²=0.188 [-0.363, 0.388] ρ=0.353
18:28:50  baselineEval.src.plotting  INFO       Saved: shap_bar_top20.png and shap_beeswarm_top20.png
18:28:50  baselineEval.src.held_out  INFO     SHAP saved → /srv/beegfs/scratch/shares/schaerm/schaer2/video_sam2_pose/humanLISBET-paper/baselineEval/results_stats_temporal_maxpool_lasso/motor_only_temporal/held_out/regression/VLDII_SocSS/shap
18:28:50  ccnEvaluation         INFO     ── CV for VLDII_intVS (regression) ──
18:28:50  ccnEvaluation         INFO       X: (95, 144), y: (95,) (classes: [ 6.  8.  9. 10. 11. 12. 13. 14. 15. 16. 17. 18. 19. 20.])
18:28:50  baselineEval.src.cross_validation  INFO     Skipping LGBM regressor (--skip-lgbm)
18:28:50  baselineEval.src.cross_validation  INFO     Regression CV: 1 models, 5×10 nested CV (50 total outer folds)
18:28:56  baselineEval.src.cross_validation  INFO       Saved: predictions_per_subject.csv
18:28:56  baselineEval.src.cross_validation  INFO       CV results: 50 rows → /srv/beegfs/scratch/shares/schaerm/schaer2/video_sam2_pose/humanLISBET-paper/baselineEval/results_stats_temporal_maxpool_lasso/motor_only_temporal/regression/VLDII_intVS/cv_results.csv
18:28:56  baselineEval.src.cross_validation  INFO     
── Regression summary (VLDII_intVS) ──
model     rmse       r2  spearman_r
lasso 2.635185 0.034733    0.258445
18:28:56  ccnEvaluation         INFO     ── Held-out for VLDII_intVS (regression | motor_only_temporal) ──
18:28:56  baselineEval.src.held_out  INFO     Best regression model: lasso (RMSE=2.6352 ± 0.2485)
18:28:56  baselineEval.src.held_out  INFO     Held-out regression (motor_only_temporal | VLDII_intVS): model=lasso RMSE=2.723 [2.153, 3.264] R²=0.173 [-0.401, 0.360] ρ=0.410
18:29:00  baselineEval.src.plotting  INFO       Saved: shap_bar_top20.png and shap_beeswarm_top20.png
18:29:00  baselineEval.src.held_out  INFO     SHAP saved → /srv/beegfs/scratch/shares/schaerm/schaer2/video_sam2_pose/humanLISBET-paper/baselineEval/results_stats_temporal_maxpool_lasso/motor_only_temporal/held_out/regression/VLDII_intVS/shap
18:29:00  ccnEvaluation         INFO     ── CV for VLDII_plaVS (regression) ──
18:29:00  ccnEvaluation         INFO       X: (95, 144), y: (95,) (classes: [ 7.  8.  9. 10. 11. 12. 13. 14. 15. 16. 17. 18. 19.])
18:29:00  baselineEval.src.cross_validation  INFO     Skipping LGBM regressor (--skip-lgbm)
18:29:00  baselineEval.src.cross_validation  INFO     Regression CV: 1 models, 5×10 nested CV (50 total outer folds)
18:29:05  baselineEval.src.cross_validation  INFO       Saved: predictions_per_subject.csv
18:29:05  baselineEval.src.cross_validation  INFO       CV results: 50 rows → /srv/beegfs/scratch/shares/schaerm/schaer2/video_sam2_pose/humanLISBET-paper/baselineEval/results_stats_temporal_maxpool_lasso/motor_only_temporal/regression/VLDII_plaVS/cv_results.csv
18:29:05  baselineEval.src.cross_validation  INFO     
── Regression summary (VLDII_plaVS) ──
model     rmse       r2  spearman_r
lasso 2.408871 0.111848     0.36387
18:29:05  ccnEvaluation         INFO     ── Held-out for VLDII_plaVS (regression | motor_only_temporal) ──
18:29:05  baselineEval.src.held_out  INFO     Best regression model: lasso (RMSE=2.4089 ± 0.2332)
18:29:06  baselineEval.src.held_out  INFO     Held-out regression (motor_only_temporal | VLDII_plaVS): model=lasso RMSE=2.367 [1.588, 3.155] R²=0.126 [-0.404, 0.389] ρ=0.464
18:29:10  baselineEval.src.plotting  INFO       Saved: shap_bar_top20.png and shap_beeswarm_top20.png
18:29:10  baselineEval.src.held_out  INFO     SHAP saved → /srv/beegfs/scratch/shares/schaerm/schaer2/video_sam2_pose/humanLISBET-paper/baselineEval/results_stats_temporal_maxpool_lasso/motor_only_temporal/held_out/regression/VLDII_plaVS/shap
18:29:10  ccnEvaluation         INFO     ── CV for VLDII_copVS (regression) ──
18:29:10  ccnEvaluation         INFO       X: (95, 144), y: (95,) (classes: [ 9. 10. 11. 12. 13. 14. 15. 16. 17.])
18:29:10  baselineEval.src.cross_validation  INFO     Skipping LGBM regressor (--skip-lgbm)
18:29:10  baselineEval.src.cross_validation  INFO     Regression CV: 1 models, 5×10 nested CV (50 total outer folds)
18:29:15  baselineEval.src.cross_validation  INFO       Saved: predictions_per_subject.csv
18:29:15  baselineEval.src.cross_validation  INFO       CV results: 50 rows → /srv/beegfs/scratch/shares/schaerm/schaer2/video_sam2_pose/humanLISBET-paper/baselineEval/results_stats_temporal_maxpool_lasso/motor_only_temporal/regression/VLDII_copVS/cv_results.csv
18:29:15  baselineEval.src.cross_validation  INFO     
── Regression summary (VLDII_copVS) ──
model     rmse        r2  spearman_r
lasso 2.050152 -0.003744    0.196207
18:29:15  ccnEvaluation         INFO     ── Held-out for VLDII_copVS (regression | motor_only_temporal) ──
18:29:15  baselineEval.src.held_out  INFO     Best regression model: lasso (RMSE=2.0502 ± 0.1852)
18:29:16  baselineEval.src.held_out  INFO     Held-out regression (motor_only_temporal | VLDII_copVS): model=lasso RMSE=1.588 [1.169, 1.948] R²=0.089 [-0.514, 0.245] ρ=0.344
18:29:20  baselineEval.src.plotting  INFO       Saved: shap_bar_top20.png and shap_beeswarm_top20.png
18:29:20  baselineEval.src.held_out  INFO     SHAP saved → /srv/beegfs/scratch/shares/schaerm/schaer2/video_sam2_pose/humanLISBET-paper/baselineEval/results_stats_temporal_maxpool_lasso/motor_only_temporal/held_out/regression/VLDII_copVS/shap
18:29:20  ccnEvaluation         INFO     ── CV for VLDII_DaiSS (regression) ──
18:29:20  ccnEvaluation         INFO       X: (95, 144), y: (95,) (classes: [ 53.  62.  65.  67.  69.  71.  73.  75.  77.  78.  80.  81.  82.  83.
  86.  87.  89.  91.  93.  95.  96.  98. 100. 101. 102. 103. 104. 105.
 107. 109. 111. 113. 115. 118. 121.])
18:29:20  baselineEval.src.cross_validation  INFO     Skipping LGBM regressor (--skip-lgbm)
18:29:20  baselineEval.src.cross_validation  INFO     Regression CV: 1 models, 5×10 nested CV (50 total outer folds)
18:29:26  baselineEval.src.cross_validation  INFO       Saved: predictions_per_subject.csv
18:29:26  baselineEval.src.cross_validation  INFO       CV results: 50 rows → /srv/beegfs/scratch/shares/schaerm/schaer2/video_sam2_pose/humanLISBET-paper/baselineEval/results_stats_temporal_maxpool_lasso/motor_only_temporal/regression/VLDII_DaiSS/cv_results.csv
18:29:26  baselineEval.src.cross_validation  INFO     
── Regression summary (VLDII_DaiSS) ──
model      rmse       r2  spearman_r
lasso 13.569244 0.005776    0.190328
18:29:26  ccnEvaluation         INFO     ── Held-out for VLDII_DaiSS (regression | motor_only_temporal) ──
18:29:26  baselineEval.src.held_out  INFO     Best regression model: lasso (RMSE=13.5692 ± 1.3275)
18:29:27  baselineEval.src.held_out  INFO     Held-out regression (motor_only_temporal | VLDII_DaiSS): model=lasso RMSE=13.605 [9.909, 16.933] R²=0.120 [-0.417, 0.299] ρ=0.366
18:29:30  baselineEval.src.plotting  INFO       Saved: shap_bar_top20.png and shap_beeswarm_top20.png
18:29:30  baselineEval.src.held_out  INFO     SHAP saved → /srv/beegfs/scratch/shares/schaerm/schaer2/video_sam2_pose/humanLISBET-paper/baselineEval/results_stats_temporal_maxpool_lasso/motor_only_temporal/held_out/regression/VLDII_DaiSS/shap
18:29:30  ccnEvaluation         INFO     ── CV for VLDII_perVS (regression) ──
18:29:30  ccnEvaluation         INFO       X: (95, 144), y: (95,) (classes: [ 7.  8.  9. 10. 11. 12. 13. 14. 15. 16. 17. 18.])
18:29:30  baselineEval.src.cross_validation  INFO     Skipping LGBM regressor (--skip-lgbm)
18:29:30  baselineEval.src.cross_validation  INFO     Regression CV: 1 models, 5×10 nested CV (50 total outer folds)
18:29:36  baselineEval.src.cross_validation  INFO       Saved: predictions_per_subject.csv
18:29:36  baselineEval.src.cross_validation  INFO       CV results: 50 rows → /srv/beegfs/scratch/shares/schaerm/schaer2/video_sam2_pose/humanLISBET-paper/baselineEval/results_stats_temporal_maxpool_lasso/motor_only_temporal/regression/VLDII_perVS/cv_results.csv
18:29:36  baselineEval.src.cross_validation  INFO     
── Regression summary (VLDII_perVS) ──
model     rmse        r2  spearman_r
lasso 2.698236 -0.003342    0.185031
18:29:36  ccnEvaluation         INFO     ── Held-out for VLDII_perVS (regression | motor_only_temporal) ──
18:29:36  baselineEval.src.held_out  INFO     Best regression model: lasso (RMSE=2.6982 ± 0.2802)
18:29:37  baselineEval.src.held_out  INFO     Held-out regression (motor_only_temporal | VLDII_perVS): model=lasso RMSE=2.199 [1.676, 2.686] R²=0.163 [-0.245, 0.311] ρ=0.530
18:29:40  baselineEval.src.plotting  INFO       Saved: shap_bar_top20.png and shap_beeswarm_top20.png
18:29:40  baselineEval.src.held_out  INFO     SHAP saved → /srv/beegfs/scratch/shares/schaerm/schaer2/video_sam2_pose/humanLISBET-paper/baselineEval/results_stats_temporal_maxpool_lasso/motor_only_temporal/held_out/regression/VLDII_perVS/shap
18:29:40  ccnEvaluation         INFO     ── CV for VLDII_comVS (regression) ──
18:29:40  ccnEvaluation         INFO       X: (95, 144), y: (95,) (classes: [ 7. 10. 11. 12. 13. 14. 15. 16. 17. 18. 20.])
18:29:40  baselineEval.src.cross_validation  INFO     Skipping LGBM regressor (--skip-lgbm)
18:29:40  baselineEval.src.cross_validation  INFO     Regression CV: 1 models, 5×10 nested CV (50 total outer folds)
18:29:46  baselineEval.src.cross_validation  INFO       Saved: predictions_per_subject.csv
18:29:46  baselineEval.src.cross_validation  INFO       CV results: 50 rows → /srv/beegfs/scratch/shares/schaerm/schaer2/video_sam2_pose/humanLISBET-paper/baselineEval/results_stats_temporal_maxpool_lasso/motor_only_temporal/regression/VLDII_comVS/cv_results.csv
18:29:46  baselineEval.src.cross_validation  INFO     
── Regression summary (VLDII_comVS) ──
model     rmse       r2  spearman_r
lasso 2.281202 -0.01904    0.080585
18:29:46  ccnEvaluation         INFO     ── Held-out for VLDII_comVS (regression | motor_only_temporal) ──
18:29:46  baselineEval.src.held_out  INFO     Best regression model: lasso (RMSE=2.2812 ± 0.2368)
/srv/beegfs/scratch/shares/schaerm/schaer2/video_sam2_pose/humanLISBET-paper/baselineEval/src/held_out.py:422: ConstantInputWarning: An input array is constant; the correlation coefficient is not defined.
  sp_r, _ = spearmanr(y_test, y_pred)
/srv/beegfs/scratch/shares/schaerm/schaer2/video_sam2_pose/humanLISBET-paper/baselineEval/src/held_out.py:423: ConstantInputWarning: An input array is constant; the correlation coefficient is not defined.
  pe_r, _ = pearsonr(y_test, y_pred)
18:29:47  baselineEval.src.held_out  INFO     Held-out regression (motor_only_temporal | VLDII_comVS): model=lasso RMSE=2.911 [1.960, 3.801] R²=-0.012 [-0.406, -0.000] ρ=nan
18:29:50  baselineEval.src.plotting  INFO       Saved: shap_bar_top20.png and shap_beeswarm_top20.png
18:29:50  baselineEval.src.held_out  INFO     SHAP saved → /srv/beegfs/scratch/shares/schaerm/schaer2/video_sam2_pose/humanLISBET-paper/baselineEval/results_stats_temporal_maxpool_lasso/motor_only_temporal/held_out/regression/VLDII_comVS/shap
18:29:50  ccnEvaluation         INFO     ── CV for VLDII_domVS (regression) ──
18:29:50  ccnEvaluation         INFO       X: (95, 144), y: (95,) (classes: [ 9. 10. 11. 12. 13. 14. 15. 16. 17. 18. 19. 20. 22.])
18:29:50  baselineEval.src.cross_validation  INFO     Skipping LGBM regressor (--skip-lgbm)
18:29:50  baselineEval.src.cross_validation  INFO     Regression CV: 1 models, 5×10 nested CV (50 total outer folds)
18:29:56  baselineEval.src.cross_validation  INFO       Saved: predictions_per_subject.csv
18:29:56  baselineEval.src.cross_validation  INFO       CV results: 50 rows → /srv/beegfs/scratch/shares/schaerm/schaer2/video_sam2_pose/humanLISBET-paper/baselineEval/results_stats_temporal_maxpool_lasso/motor_only_temporal/regression/VLDII_domVS/cv_results.csv
18:29:56  baselineEval.src.cross_validation  INFO     
── Regression summary (VLDII_domVS) ──
model     rmse       r2  spearman_r
lasso 2.749573 0.007741    0.148936
18:29:56  ccnEvaluation         INFO     ── Held-out for VLDII_domVS (regression | motor_only_temporal) ──
18:29:56  baselineEval.src.held_out  INFO     Best regression model: lasso (RMSE=2.7496 ± 0.1973)
18:29:57  baselineEval.src.held_out  INFO     Held-out regression (motor_only_temporal | VLDII_domVS): model=lasso RMSE=2.950 [1.945, 3.843] R²=0.014 [-0.887, 0.260] ρ=0.180
18:30:00  baselineEval.src.plotting  INFO       Saved: shap_bar_top20.png and shap_beeswarm_top20.png
18:30:00  baselineEval.src.held_out  INFO     SHAP saved → /srv/beegfs/scratch/shares/schaerm/schaer2/video_sam2_pose/humanLISBET-paper/baselineEval/results_stats_temporal_maxpool_lasso/motor_only_temporal/held_out/regression/VLDII_domVS/shap
18:30:00  ccnEvaluation         INFO     ── CV for VLDII_ComSS (regression) ──
18:30:00  ccnEvaluation         INFO       X: (95, 144), y: (95,) (classes: [ 44.  52.  54.  58.  59.  61.  63.  64.  65.  66.  69.  71.  72.  73.
  74.  76.  79.  80.  81.  84.  85.  86.  89.  90.  91.  93.  95.  97.
 100. 101. 102. 103. 104. 105. 107. 108. 110. 112. 113. 116. 118. 121.
 122. 125.])
18:30:00  baselineEval.src.cross_validation  INFO     Skipping LGBM regressor (--skip-lgbm)
18:30:00  baselineEval.src.cross_validation  INFO     Regression CV: 1 models, 5×10 nested CV (50 total outer folds)
18:30:07  baselineEval.src.cross_validation  INFO       Saved: predictions_per_subject.csv
18:30:07  baselineEval.src.cross_validation  INFO       CV results: 50 rows → /srv/beegfs/scratch/shares/schaerm/schaer2/video_sam2_pose/humanLISBET-paper/baselineEval/results_stats_temporal_maxpool_lasso/motor_only_temporal/regression/VLDII_ComSS/cv_results.csv
18:30:07  baselineEval.src.cross_validation  INFO     
── Regression summary (VLDII_ComSS) ──
model      rmse       r2  spearman_r
lasso 18.702016 0.050707    0.270106
18:30:07  ccnEvaluation         INFO     ── Held-out for VLDII_ComSS (regression | motor_only_temporal) ──
18:30:07  baselineEval.src.held_out  INFO     Best regression model: lasso (RMSE=18.7020 ± 1.4085)
18:30:08  baselineEval.src.held_out  INFO     Held-out regression (motor_only_temporal | VLDII_ComSS): model=lasso RMSE=18.982 [15.453, 22.167] R²=0.238 [-0.144, 0.335] ρ=0.701
18:30:11  baselineEval.src.plotting  INFO       Saved: shap_bar_top20.png and shap_beeswarm_top20.png
18:30:11  baselineEval.src.held_out  INFO     SHAP saved → /srv/beegfs/scratch/shares/schaerm/schaer2/video_sam2_pose/humanLISBET-paper/baselineEval/results_stats_temporal_maxpool_lasso/motor_only_temporal/held_out/regression/VLDII_ComSS/shap
18:30:11  ccnEvaluation         INFO     ── CV for VLDII_expVS (regression) ──
18:30:11  ccnEvaluation         INFO       X: (95, 144), y: (95,) (classes: [ 6.  7.  8.  9. 10. 11. 12. 13. 14. 15. 16. 17. 18. 19. 20.])
18:30:11  baselineEval.src.cross_validation  INFO     Skipping LGBM regressor (--skip-lgbm)
18:30:11  baselineEval.src.cross_validation  INFO     Regression CV: 1 models, 5×10 nested CV (50 total outer folds)
18:30:17  baselineEval.src.cross_validation  INFO       Saved: predictions_per_subject.csv
18:30:17  baselineEval.src.cross_validation  INFO       CV results: 50 rows → /srv/beegfs/scratch/shares/schaerm/schaer2/video_sam2_pose/humanLISBET-paper/baselineEval/results_stats_temporal_maxpool_lasso/motor_only_temporal/regression/VLDII_expVS/cv_results.csv
18:30:17  baselineEval.src.cross_validation  INFO     
── Regression summary (VLDII_expVS) ──
model     rmse       r2  spearman_r
lasso 3.564101 0.037762    0.273064
18:30:17  ccnEvaluation         INFO     ── Held-out for VLDII_expVS (regression | motor_only_temporal) ──
18:30:17  baselineEval.src.held_out  INFO     Best regression model: lasso (RMSE=3.5641 ± 0.2573)
18:30:18  baselineEval.src.held_out  INFO     Held-out regression (motor_only_temporal | VLDII_expVS): model=lasso RMSE=3.332 [2.709, 3.970] R²=0.164 [-0.285, 0.248] ρ=0.498
18:30:21  baselineEval.src.plotting  INFO       Saved: shap_bar_top20.png and shap_beeswarm_top20.png
18:30:21  baselineEval.src.held_out  INFO     SHAP saved → /srv/beegfs/scratch/shares/schaerm/schaer2/video_sam2_pose/humanLISBET-paper/baselineEval/results_stats_temporal_maxpool_lasso/motor_only_temporal/held_out/regression/VLDII_expVS/shap
18:30:21  ccnEvaluation         INFO     ── CV for VLDII_recVS (regression) ──
18:30:21  ccnEvaluation         INFO       X: (95, 144), y: (95,) (classes: [ 3.  5.  6.  7.  8.  9. 10. 11. 12. 13. 14. 15. 16. 17. 18. 19. 20. 21.])
18:30:21  baselineEval.src.cross_validation  INFO     Skipping LGBM regressor (--skip-lgbm)
18:30:21  baselineEval.src.cross_validation  INFO     Regression CV: 1 models, 5×10 nested CV (50 total outer folds)
18:30:27  baselineEval.src.cross_validation  INFO       Saved: predictions_per_subject.csv
18:30:27  baselineEval.src.cross_validation  INFO       CV results: 50 rows → /srv/beegfs/scratch/shares/schaerm/schaer2/video_sam2_pose/humanLISBET-paper/baselineEval/results_stats_temporal_maxpool_lasso/motor_only_temporal/regression/VLDII_recVS/cv_results.csv
18:30:27  baselineEval.src.cross_validation  INFO     
── Regression summary (VLDII_recVS) ──
model     rmse       r2  spearman_r
lasso 3.919132 0.035554     0.29865
18:30:27  ccnEvaluation         INFO     ── Held-out for VLDII_recVS (regression | motor_only_temporal) ──
18:30:27  baselineEval.src.held_out  INFO     Best regression model: lasso (RMSE=3.9191 ± 0.4992)
18:30:28  baselineEval.src.held_out  INFO     Held-out regression (motor_only_temporal | VLDII_recVS): model=lasso RMSE=3.960 [3.298, 4.545] R²=0.261 [-0.107, 0.347] ρ=0.765
18:30:31  baselineEval.src.plotting  INFO       Saved: shap_bar_top20.png and shap_beeswarm_top20.png
18:30:31  baselineEval.src.held_out  INFO     SHAP saved → /srv/beegfs/scratch/shares/schaerm/schaer2/video_sam2_pose/humanLISBET-paper/baselineEval/results_stats_temporal_maxpool_lasso/motor_only_temporal/held_out/regression/VLDII_recVS/shap
18:30:31  ccnEvaluation         INFO     ── CV for MSEL_TOTAL_DQ (regression) ──
18:30:31  ccnEvaluation         INFO       X: (100, 144), y: (100,) (classes: [ 18.02469136  32.43483412  34.59785415  38.08884914  38.95032984
  40.09469697  40.66399287  41.7597914   48.35352006  48.38185274
  48.56808071  49.32034527  52.60163835  52.78815173  53.41769972
  54.6043883   54.66514664  55.9129902   57.80945419  58.00856827
  58.01880411  58.49358974  60.55385401  60.73988735  61.21267952
  61.65540541  62.6717033   64.54699612  64.58014537  65.85307734
  66.03346902  66.56582561  67.46408956  68.67474001  69.12878788
  69.58887965  70.42091476  70.5832302   71.22161779  72.65127389
  72.74744284  73.39929215  73.55044202  73.63718709  74.37652068
  76.23385285  77.89159198  78.63298081  79.93217054  79.97485632
  80.39067013  81.47321429  82.45481928  83.44764518  83.72463299
  88.69235986  88.94106636  91.04190422  91.67078393  92.86194316
  92.9187448   93.08301946  94.84225533  95.62583836  96.63388805
  97.48931624  98.02617856 102.9518543  103.811149   107.0353937
 107.8029726  108.1764296  108.385181   108.6309524  108.7338226
 109.0520026  109.52137    111.8651489  112.1257819  112.192623
 112.5198886  112.8090659  112.8284389  113.5791843  115.0573568
 116.0376082  116.1326915  118.2653171  119.351962   120.5538618
 121.574912   125.622437   128.0608788  130.5093403  130.8806655
 132.3244751  135.4820159  139.7760116  149.1013072  149.4299051 ])
18:30:31  baselineEval.src.cross_validation  INFO     Skipping LGBM regressor (--skip-lgbm)
18:30:31  baselineEval.src.cross_validation  INFO     Regression CV: 1 models, 5×10 nested CV (50 total outer folds)
18:30:38  baselineEval.src.cross_validation  INFO       Saved: predictions_per_subject.csv
18:30:38  baselineEval.src.cross_validation  INFO       CV results: 50 rows → /srv/beegfs/scratch/shares/schaerm/schaer2/video_sam2_pose/humanLISBET-paper/baselineEval/results_stats_temporal_maxpool_lasso/motor_only_temporal/regression/MSEL_TOTAL_DQ/cv_results.csv
18:30:38  baselineEval.src.cross_validation  INFO     
── Regression summary (MSEL_TOTAL_DQ) ──
model      rmse        r2  spearman_r
lasso 28.938887 -0.006666    0.182918
18:30:38  ccnEvaluation         INFO     ── Held-out for MSEL_TOTAL_DQ (regression | motor_only_temporal) ──
18:30:38  baselineEval.src.held_out  INFO     Best regression model: lasso (RMSE=28.9389 ± 2.5662)
18:30:39  baselineEval.src.held_out  INFO     Held-out regression (motor_only_temporal | MSEL_TOTAL_DQ): model=lasso RMSE=29.517 [23.148, 35.007] R²=0.198 [-0.270, 0.285] ρ=0.846
18:30:43  baselineEval.src.plotting  INFO       Saved: shap_bar_top20.png and shap_beeswarm_top20.png
18:30:43  baselineEval.src.held_out  INFO     SHAP saved → /srv/beegfs/scratch/shares/schaerm/schaer2/video_sam2_pose/humanLISBET-paper/baselineEval/results_stats_temporal_maxpool_lasso/motor_only_temporal/held_out/regression/MSEL_TOTAL_DQ/shap
18:30:43  ccnEvaluation         INFO     ── CV for MSEL_FM_DQ (regression) ──
18:30:43  ccnEvaluation         INFO       X: (100, 144), y: (100,) (classes: [ 18.02469136  46.4649432   48.97137746  50.05646983  54.38484461
  55.25934702  55.26116578  55.3030303   59.06148867  60.89132507
  63.6627907   63.73690338  64.77896096  65.16194848  65.41218638
  65.72629052  69.06338694  69.12878788  69.33210784  70.91968912
  73.53479853  75.06258941  75.18022657  75.486618    75.66334992
  75.86923658  75.90612002  75.91514143  77.07927225  77.89159198
  78.29257829  79.43695591  79.91242474  80.18453427  80.89539007
  80.95690748  82.62072435  82.81765677  83.43724023  83.84379786
  83.94209957  85.6233244   85.79059829  85.92278719  87.62002743
  87.84596871  87.86462758  87.98209366  89.15229885  90.64569536
  90.75497288  90.7960199   92.60343482  92.99363057  93.43003413
  93.95109395  95.05208333  95.38327526  96.20155039  96.63388805
  96.66313559  97.1113645   97.65160523  97.76785714  98.45857418
  98.95429899  98.97788903  99.40087146  99.64898596 102.1903821
 102.8432377  103.6931818  103.811149   104.7045324  105.1267281
 105.4303871  106.1046512  106.538237   107.1589883  108.1764296
 108.201581   108.6309524  109.939759   111.4163614  111.6891065
 112.258348   112.5198886  113.5687229  114.1644325  115.1790314
 119.8555166  120.5538618  121.1819389  121.197515   121.574912
 122.124634   122.1456693  122.8956229  123.8687783  143.1372549 ])
18:30:43  baselineEval.src.cross_validation  INFO     Skipping LGBM regressor (--skip-lgbm)
18:30:43  baselineEval.src.cross_validation  INFO     Regression CV: 1 models, 5×10 nested CV (50 total outer folds)
18:30:49  baselineEval.src.cross_validation  INFO       Saved: predictions_per_subject.csv
18:30:49  baselineEval.src.cross_validation  INFO       CV results: 50 rows → /srv/beegfs/scratch/shares/schaerm/schaer2/video_sam2_pose/humanLISBET-paper/baselineEval/results_stats_temporal_maxpool_lasso/motor_only_temporal/regression/MSEL_FM_DQ/cv_results.csv
18:30:49  baselineEval.src.cross_validation  INFO     
── Regression summary (MSEL_FM_DQ) ──
model      rmse        r2  spearman_r
lasso 21.318284 -0.026708    0.125842
18:30:49  ccnEvaluation         INFO     ── Held-out for MSEL_FM_DQ (regression | motor_only_temporal) ──
18:30:49  baselineEval.src.held_out  INFO     Best regression model: lasso (RMSE=21.3183 ± 2.5049)
18:30:50  baselineEval.src.held_out  INFO     Held-out regression (motor_only_temporal | MSEL_FM_DQ): model=lasso RMSE=23.102 [15.477, 29.476] R²=-0.119 [-0.847, 0.104] ρ=0.042
18:30:54  baselineEval.src.plotting  INFO       Saved: shap_bar_top20.png and shap_beeswarm_top20.png
18:30:54  baselineEval.src.held_out  INFO     SHAP saved → /srv/beegfs/scratch/shares/schaerm/schaer2/video_sam2_pose/humanLISBET-paper/baselineEval/results_stats_temporal_maxpool_lasso/motor_only_temporal/held_out/regression/MSEL_FM_DQ/shap
18:30:54  ccnEvaluation         INFO     ── CV for MSEL_VR_DQ (regression) ──
18:30:54  ccnEvaluation         INFO       X: (100, 144), y: (100,) (classes: [ 24.78395062  38.27847693  40.84386519  44.24242424  48.97137746
  55.48645661  56.65502522  56.92959002  62.16881151  62.75283172
  64.71631206  65.27181688  65.72629052  66.12318841  66.69049889
  67.74833589  69.92337165  70.46332046  70.66795741  71.15009747
  72.16608084  73.80514706  73.80800341  75.41322314  76.86522262
  77.69631031  77.99145299  78.31273601  78.41474446  78.6637931
  79.18580909  79.31783825  80.21978022  83.77964805  84.0389186
  84.56192081  84.81797057  84.88372093  85.28037383  87.43066062
  88.66708914  89.11889597  89.35566001  89.46078431  89.57533077
  89.615829    90.15860634  92.33630952  93.50512357  93.81764069
  94.1109736   94.6140553   96.17918314  96.20155039  97.93244949
  98.97788903 100.5796275  102.1289538  103.2884465  104.0746873
 104.3095565  106.0098302  106.3795337  108.127254   109.5515537
 110.1055807  110.1609658  110.297536   111.6891065  113.7780549
 114.2017705  114.5637163  115.3090847  116.9871795  118.5064935
 121.4642263  123.6822289  124.5733788  125.1905488  125.2213369
 129.0167095  130.7503771  133.1727963  133.6408905  133.8188664
 134.9544937  135.1851852  136.0094851  136.515748   146.7828418
 147.3675711  148.8166269  148.8393977  151.821572   153.0708874
 158.9721254  159.8073555  175.8188825  192.7226814 ])
18:30:54  baselineEval.src.cross_validation  INFO     Skipping LGBM regressor (--skip-lgbm)
18:30:54  baselineEval.src.cross_validation  INFO     Regression CV: 1 models, 5×10 nested CV (50 total outer folds)
18:31:01  baselineEval.src.cross_validation  INFO       Saved: predictions_per_subject.csv
18:31:01  baselineEval.src.cross_validation  INFO       CV results: 50 rows → /srv/beegfs/scratch/shares/schaerm/schaer2/video_sam2_pose/humanLISBET-paper/baselineEval/results_stats_temporal_maxpool_lasso/motor_only_temporal/regression/MSEL_VR_DQ/cv_results.csv
18:31:01  baselineEval.src.cross_validation  INFO     
── Regression summary (MSEL_VR_DQ) ──
model      rmse        r2  spearman_r
lasso 31.608004 -0.025615   -0.097414
18:31:01  ccnEvaluation         INFO     ── Held-out for MSEL_VR_DQ (regression | motor_only_temporal) ──
18:31:01  baselineEval.src.held_out  INFO     Best regression model: lasso (RMSE=31.6080 ± 3.3296)
/srv/beegfs/scratch/shares/schaerm/schaer2/video_sam2_pose/humanLISBET-paper/baselineEval/src/held_out.py:422: ConstantInputWarning: An input array is constant; the correlation coefficient is not defined.
  sp_r, _ = spearmanr(y_test, y_pred)
/srv/beegfs/scratch/shares/schaerm/schaer2/video_sam2_pose/humanLISBET-paper/baselineEval/src/held_out.py:423: ConstantInputWarning: An input array is constant; the correlation coefficient is not defined.
  pe_r, _ = pearsonr(y_test, y_pred)
18:31:02  baselineEval.src.held_out  INFO     Held-out regression (motor_only_temporal | MSEL_VR_DQ): model=lasso RMSE=33.816 [25.903, 41.698] R²=-0.012 [-0.406, -0.000] ρ=nan
18:31:06  baselineEval.src.plotting  INFO       Saved: shap_bar_top20.png and shap_beeswarm_top20.png
18:31:06  baselineEval.src.held_out  INFO     SHAP saved → /srv/beegfs/scratch/shares/schaerm/schaer2/video_sam2_pose/humanLISBET-paper/baselineEval/results_stats_temporal_maxpool_lasso/motor_only_temporal/held_out/regression/MSEL_VR_DQ/shap
18:31:06  ccnEvaluation         INFO     ── CV for MSEL_LR_DQ (regression) ──
18:31:06  ccnEvaluation         INFO       X: (100, 144), y: (100,) (classes: [  3.88463176   4.06639929   6.75925926   9.87554113  12.01290153
  16.59090909  18.70972466  20.22384752  20.94811754  21.24563446
  25.56022409  26.50048403  28.99586908  29.92695289  32.38948048
  32.63590844  35.30956329  37.26391016  38.9957265   40.25735294
  40.48807543  43.06091806  44.2961165   44.83182162  46.05097149
  46.79487179  47.45189808  48.93770627  50.11618082  50.37154989
  52.84749035  53.52588625  53.65219358  54.90373045  59.29174789
  59.55070281  62.02209006  62.16545012  62.65018881  63.07603687
  64.61056645  64.9288451   66.12318841  66.75811614  70.61011905
  70.91968912  71.94102807  73.19518717  74.25406872  76.30178639
  76.39534884  77.74980635  77.81007752  77.89159198  78.6637931
  79.07279029  79.43695591  80.19460138  82.52583979  83.43724023
  83.56227106  84.15678524  87.60560676  91.80080483  96.34238311
  96.50411281 102.7847309  104.0746873  105.9596995  107.2715207
 108.1764296  108.8902148  110.0871314  115.4120767  115.9171748
 116.9871795  117.5351288  118.5064935  119.2178672  119.8802164
 120.1122726  120.9753788  121.1819389  122.3190349  122.5189726
 124.5733788  126.9356955  127.766486   128.1288156  130.2021403
 130.5093403  132.9263068  138.2575758  142.6500252  144.1714836
 144.3321617  147.1132898  148.8393977  153.6195286  157.0567986 ])
18:31:06  baselineEval.src.cross_validation  INFO     Skipping LGBM regressor (--skip-lgbm)
18:31:06  baselineEval.src.cross_validation  INFO     Regression CV: 1 models, 5×10 nested CV (50 total outer folds)
18:31:13  baselineEval.src.cross_validation  INFO       Saved: predictions_per_subject.csv
18:31:13  baselineEval.src.cross_validation  INFO       CV results: 50 rows → /srv/beegfs/scratch/shares/schaerm/schaer2/video_sam2_pose/humanLISBET-paper/baselineEval/results_stats_temporal_maxpool_lasso/motor_only_temporal/regression/MSEL_LR_DQ/cv_results.csv
18:31:13  baselineEval.src.cross_validation  INFO     
── Regression summary (MSEL_LR_DQ) ──
model      rmse       r2  spearman_r
lasso 37.829336 0.109204    0.340722
18:31:13  ccnEvaluation         INFO     ── Held-out for MSEL_LR_DQ (regression | motor_only_temporal) ──
18:31:13  baselineEval.src.held_out  INFO     Best regression model: lasso (RMSE=37.8293 ± 3.3666)
18:31:13  baselineEval.src.held_out  INFO     Held-out regression (motor_only_temporal | MSEL_LR_DQ): model=lasso RMSE=36.047 [26.839, 44.527] R²=0.368 [-0.055, 0.503] ρ=0.797
18:31:17  baselineEval.src.plotting  INFO       Saved: shap_bar_top20.png and shap_beeswarm_top20.png
18:31:17  baselineEval.src.held_out  INFO     SHAP saved → /srv/beegfs/scratch/shares/schaerm/schaer2/video_sam2_pose/humanLISBET-paper/baselineEval/results_stats_temporal_maxpool_lasso/motor_only_temporal/held_out/regression/MSEL_LR_DQ/shap
18:31:17  ccnEvaluation         INFO     ── CV for MSEL_LE_DQ (regression) ──
18:31:17  ccnEvaluation         INFO       X: (100, 144), y: (100,) (classes: [  9.94008715  14.16375631  17.66698935  21.62322275  22.5308642
  23.71669916  24.48568873  29.32736455  29.93313147  31.1965812
  31.83139535  32.5311943   34.96168582  35.3339787   36.51460584
  36.64658635  37.69462981  40.09226714  40.25735294  40.48807543
  41.27091814  41.92189893  43.37492573  44.24242424  44.2961165
  44.43993506  44.83182162  45.69027182  46.51656754  46.72299027
  47.44367418  50.11618082  50.12015105  50.13736264  50.93023256
  52.58200355  54.8048048   55.8530987   56.46658416  56.94227769
  57.72506083  58.12101911  59.82097832  59.93431856  60.11198946
  61.49957877  65.17857143  65.57490326  66.18574582  66.20785318
  69.12878788  69.55030488  71.37484958  72.66780432  73.41954023
  75.10288066  76.33526384  77.99145299  78.1455863   79.85282418
  80.57395143  81.54602324  82.20720721  83.94209957  84.10138249
  85.23058961  86.67962003  89.35128519  89.92073693  90.17483846
  91.02244389  91.36420526  91.65097301  93.77792672  94.24218952
  96.25527426  96.94555113  97.92085848 100.2099483  100.2747253
 103.2239819  106.0553231  108.127254   109.939759   111.2804878
 111.8651489  112.258348   114.1922639  115.7352358  116.9871795
 120.9753788  122.124634   124.6584699  128.4817876  128.8841808
 137.775842   140.655106   143.7007874  170.9694989 ])
18:31:17  baselineEval.src.cross_validation  INFO     Skipping LGBM regressor (--skip-lgbm)
18:31:17  baselineEval.src.cross_validation  INFO     Regression CV: 1 models, 5×10 nested CV (50 total outer folds)
18:31:24  baselineEval.src.cross_validation  INFO       Saved: predictions_per_subject.csv
18:31:24  baselineEval.src.cross_validation  INFO       CV results: 50 rows → /srv/beegfs/scratch/shares/schaerm/schaer2/video_sam2_pose/humanLISBET-paper/baselineEval/results_stats_temporal_maxpool_lasso/motor_only_temporal/regression/MSEL_LE_DQ/cv_results.csv
18:31:24  baselineEval.src.cross_validation  INFO     
── Regression summary (MSEL_LE_DQ) ──
model      rmse        r2  spearman_r
lasso 35.138262 -0.132445    0.243243
18:31:24  ccnEvaluation         INFO     ── Held-out for MSEL_LE_DQ (regression | motor_only_temporal) ──
18:31:24  baselineEval.src.held_out  INFO     Best regression model: lasso (RMSE=35.1383 ± 6.6235)
18:31:25  baselineEval.src.held_out  INFO     Held-out regression (motor_only_temporal | MSEL_LE_DQ): model=lasso RMSE=34.462 [26.892, 40.943] R²=0.151 [-0.496, 0.301] ρ=0.689
18:31:28  baselineEval.src.plotting  INFO       Saved: shap_bar_top20.png and shap_beeswarm_top20.png
18:31:28  baselineEval.src.held_out  INFO     SHAP saved → /srv/beegfs/scratch/shares/schaerm/schaer2/video_sam2_pose/humanLISBET-paper/baselineEval/results_stats_temporal_maxpool_lasso/motor_only_temporal/held_out/regression/MSEL_LE_DQ/shap
18:31:28  ccnEvaluation         INFO     ── CV for MSEL_NV_DQ (regression) ──
18:31:28  ccnEvaluation         INFO       X: (100, 144), y: (100,) (classes: [ 21.40432099  44.16747338  48.05160611  48.97137746  49.77272727
  58.71498864  60.1959643   60.90716019  63.02918895  63.79091198
  64.09642401  65.57490326  65.72629052  66.58026114  67.72345918
  67.91030161  70.16720315  71.56862745  72.80585106  73.37984863
  74.11468486  74.27325581  74.37794938  74.47079827  74.91789819
  76.17530756  76.74648129  76.87728938  77.59353741  79.97251931
  81.51480347  81.6976584   81.89102564  81.99943836  82.20720721
  82.35559567  83.73346137  83.90804598  84.15678524  84.60538218
  84.81199831  86.57250071  88.46431518  88.6496114   88.80778589
  88.87987013  91.05626327  91.88613478  92.03227433  92.13004822
  94.43082789  94.90379615  95.05208333  95.96479195  96.20155039
  96.39084507  96.49226641  97.36019132  97.52310803  97.94594067
  98.60764755  98.68968386  98.84549601  98.97788903  99.87039171
 100.2432517  102.1903821  103.1073446  109.0017065  109.0761612
 109.2369828  110.0871314  111.4163614  111.6531427  111.6891065
 114.2017705  115.7352358  116.0376082  116.2030831  116.810994
 116.9871795  119.3828214  119.8555166  121.5842367  122.8722053
 122.9496192  123.2016379  125.1071123  126.1626445  126.7361111
 127.1777003  128.2630522  128.3820346  129.3307087  130.6682578
 135.4820159  137.1387283  139.16122    139.8314361  157.8091521 ])
18:31:28  baselineEval.src.cross_validation  INFO     Skipping LGBM regressor (--skip-lgbm)
18:31:28  baselineEval.src.cross_validation  INFO     Regression CV: 1 models, 5×10 nested CV (50 total outer folds)
18:31:35  baselineEval.src.cross_validation  INFO       Saved: predictions_per_subject.csv
18:31:35  baselineEval.src.cross_validation  INFO       CV results: 50 rows → /srv/beegfs/scratch/shares/schaerm/schaer2/video_sam2_pose/humanLISBET-paper/baselineEval/results_stats_temporal_maxpool_lasso/motor_only_temporal/regression/MSEL_NV_DQ/cv_results.csv
18:31:35  baselineEval.src.cross_validation  INFO     
── Regression summary (MSEL_NV_DQ) ──
model      rmse        r2  spearman_r
lasso 24.873814 -0.027401   -0.044171
18:31:35  ccnEvaluation         INFO     ── Held-out for MSEL_NV_DQ (regression | motor_only_temporal) ──
18:31:35  baselineEval.src.held_out  INFO     Best regression model: lasso (RMSE=24.8738 ± 2.6847)
/srv/beegfs/scratch/shares/schaerm/schaer2/video_sam2_pose/humanLISBET-paper/baselineEval/src/held_out.py:422: ConstantInputWarning: An input array is constant; the correlation coefficient is not defined.
  sp_r, _ = spearmanr(y_test, y_pred)
/srv/beegfs/scratch/shares/schaerm/schaer2/video_sam2_pose/humanLISBET-paper/baselineEval/src/held_out.py:423: ConstantInputWarning: An input array is constant; the correlation coefficient is not defined.
  pe_r, _ = pearsonr(y_test, y_pred)
18:31:36  baselineEval.src.held_out  INFO     Held-out regression (motor_only_temporal | MSEL_NV_DQ): model=lasso RMSE=26.245 [21.560, 30.315] R²=-0.020 [-0.485, -0.000] ρ=nan
18:31:40  baselineEval.src.plotting  INFO       Saved: shap_bar_top20.png and shap_beeswarm_top20.png
18:31:40  baselineEval.src.held_out  INFO     SHAP saved → /srv/beegfs/scratch/shares/schaerm/schaer2/video_sam2_pose/humanLISBET-paper/baselineEval/results_stats_temporal_maxpool_lasso/motor_only_temporal/held_out/regression/MSEL_NV_DQ/shap
18:31:40  ccnEvaluation         INFO     ── CV for MSEL_V_DQ (regression) ──
18:31:40  ccnEvaluation         INFO       X: (100, 144), y: (100,) (classes: [ 14.64506173  16.81806214  17.70469538  18.29879679  19.42315879
  25.02823491  25.13774105  27.1577381   27.20632081  29.4009959
  30.41666667  30.91723136  31.03741497  33.34524944  35.09615385
  36.40292553  37.2753268   37.99205148  39.16309013  39.59290454
  40.25735294  40.48807543  41.50422352  44.2961165   44.83182162
  47.46155586  48.09864458  48.46611722  48.93286143  50.11618082
  50.44223328  52.19708788  52.70214521  54.2462845   54.2693288
  54.68949248  54.82073643  54.89951357  56.38516993  58.28505645
  59.94525547  62.43158183  63.11758893  63.13929001  63.25823224
  63.6627907   64.59137709  67.89434524  69.06338694  70.46826734
  70.9304984   72.04972258  76.04166667  78.79965458  80.77686203
  81.15118577  83.23831243  85.25467149  85.85349462  85.92278719
  85.99599793  87.22984206  89.35566001  91.36789406  92.32431935
  92.73373984  94.37151949  94.86083166  95.8165773   97.07446809
  98.62059158  99.7831825  101.2242965  101.2355018  102.3816809
 103.6931818  103.8747811  107.1158763  108.0484808  109.063745
 110.7318923  111.4235219  114.0037352  114.2017705  115.3090847
 116.9871795  119.5234869  120.9753788  121.0967994  121.1872446
 122.9686881  124.051024   128.2952548  128.9440573  133.4982788
 135.3182415  135.4820159  141.0506581  142.4132948  159.0413943 ])
18:31:40  baselineEval.src.cross_validation  INFO     Skipping LGBM regressor (--skip-lgbm)
18:31:40  baselineEval.src.cross_validation  INFO     Regression CV: 1 models, 5×10 nested CV (50 total outer folds)
18:31:47  baselineEval.src.cross_validation  INFO       Saved: predictions_per_subject.csv
18:31:47  baselineEval.src.cross_validation  INFO       CV results: 50 rows → /srv/beegfs/scratch/shares/schaerm/schaer2/video_sam2_pose/humanLISBET-paper/baselineEval/results_stats_temporal_maxpool_lasso/motor_only_temporal/regression/MSEL_V_DQ/cv_results.csv
18:31:47  baselineEval.src.cross_validation  INFO     
── Regression summary (MSEL_V_DQ) ──
model      rmse       r2  spearman_r
lasso 33.372958 0.098302    0.382851
18:31:47  ccnEvaluation         INFO     ── Held-out for MSEL_V_DQ (regression | motor_only_temporal) ──
18:31:47  baselineEval.src.held_out  INFO     Best regression model: lasso (RMSE=33.3730 ± 3.3444)
18:31:47  baselineEval.src.held_out  INFO     Held-out regression (motor_only_temporal | MSEL_V_DQ): model=lasso RMSE=34.177 [25.950, 41.763] R²=0.298 [-0.178, 0.436] ρ=0.833
18:31:51  baselineEval.src.plotting  INFO       Saved: shap_bar_top20.png and shap_beeswarm_top20.png
18:31:51  baselineEval.src.held_out  INFO     SHAP saved → /srv/beegfs/scratch/shares/schaerm/schaer2/video_sam2_pose/humanLISBET-paper/baselineEval/results_stats_temporal_maxpool_lasso/motor_only_temporal/held_out/regression/MSEL_V_DQ/shap
18:31:51  ccnEvaluation         INFO     ═══ Representation: full_kinematic_temporal ═══
18:31:51  ccnEvaluation         INFO       Features for full_kinematic_temporal: 159 columns
18:31:51  ccnEvaluation         INFO     ═══ Step 2: Preprocessing report ═══
18:31:51  baselineEval.src.preprocessing  INFO     Feature selection (full dataset): 159 features → 122 kept (0 missingness, 2 near-zero-var, 35 correlated)
18:31:51  baselineEval.src.preprocessing  INFO     Feature selection report → /srv/beegfs/scratch/shares/schaerm/schaer2/video_sam2_pose/humanLISBET-paper/baselineEval/results_stats_temporal_maxpool_lasso/full_kinematic_temporal/feature_selection_report.csv
18:31:51  baselineEval.src.preprocessing  INFO     PCA explained-variance data → /srv/beegfs/scratch/shares/schaerm/schaer2/video_sam2_pose/humanLISBET-paper/baselineEval/results_stats_temporal_maxpool_lasso/full_kinematic_temporal/pca_explained_variance.csv
18:31:52  baselineEval.src.preprocessing  INFO     PCA explained-variance plot → /srv/beegfs/scratch/shares/schaerm/schaer2/video_sam2_pose/humanLISBET-paper/baselineEval/results_stats_temporal_maxpool_lasso/full_kinematic_temporal/pca_explained_variance.png
18:31:52  ccnEvaluation         INFO     ── CV for diagnosis (classification) ──
18:31:52  ccnEvaluation         INFO       X: (102, 159), y: (102,) (classes: [0 1])
18:31:52  baselineEval.src.cross_validation  INFO     Skipping LGBM classifier (--skip-lgbm)
18:31:52  baselineEval.src.cross_validation  INFO     Classification CV: 1 models, 5×10 nested CV (50 total outer folds)
18:32:23  baselineEval.src.cross_validation  INFO       Saved: predictions_per_subject.csv
18:32:23  baselineEval.src.cross_validation  INFO       CV results: 50 rows → /srv/beegfs/scratch/shares/schaerm/schaer2/video_sam2_pose/humanLISBET-paper/baselineEval/results_stats_temporal_maxpool_lasso/full_kinematic_temporal/classification/diagnosis/cv_results.csv
18:32:23  baselineEval.src.cross_validation  INFO     
── Classification AUC-ROC summary (diagnosis) ──
model  auc_roc_mean  auc_roc_std
lasso       0.66061      0.11028
18:32:23  ccnEvaluation         INFO     ── Held-out for diagnosis (classification | full_kinematic_temporal) ──
18:32:23  baselineEval.src.held_out  INFO     Best classification model: lasso (AUC=0.6606 ± 0.1103)
18:32:23  baselineEval.src.held_out  INFO     Held-out classification (full_kinematic_temporal | diagnosis): model=lasso AUC=0.671 BAcc=0.536 Acc=0.529 [0.278, 0.770]
18:32:27  baselineEval.src.plotting  INFO       Saved: shap_bar_top20.png and shap_beeswarm_top20.png
18:32:27  baselineEval.src.held_out  INFO     SHAP saved → /srv/beegfs/scratch/shares/schaerm/schaer2/video_sam2_pose/humanLISBET-paper/baselineEval/results_stats_temporal_maxpool_lasso/full_kinematic_temporal/held_out/classification/diagnosis/shap
18:32:27  ccnEvaluation         INFO     ── CV for ADOS_2_ADOS_G_revised_RRB_level_of_symptoms (classification) ──
18:32:27  ccnEvaluation         INFO       X: (102, 159), y: (102,) (classes: [0 1 2])
18:32:27  baselineEval.src.cross_validation  INFO     Skipping LGBM classifier (--skip-lgbm)
18:32:27  baselineEval.src.cross_validation  INFO     Classification CV: 1 models, 5×10 nested CV (50 total outer folds)
18:33:15  baselineEval.src.cross_validation  INFO       Saved: predictions_per_subject.csv
18:33:15  baselineEval.src.cross_validation  INFO       CV results: 50 rows → /srv/beegfs/scratch/shares/schaerm/schaer2/video_sam2_pose/humanLISBET-paper/baselineEval/results_stats_temporal_maxpool_lasso/full_kinematic_temporal/classification/ADOS_2_ADOS_G_revised_RRB_level_of_symptoms/cv_results.csv
18:33:15  baselineEval.src.cross_validation  INFO     
── Classification F1-macro summary (ADOS_2_ADOS_G_revised_RRB_level_of_symptoms) ──
model  f1_macro_mean  f1_macro_std
lasso       0.379576      0.103268
18:33:15  ccnEvaluation         INFO     ── Held-out for ADOS_2_ADOS_G_revised_RRB_level_of_symptoms (classification | full_kinematic_temporal) ──
18:33:15  baselineEval.src.held_out  INFO     Best classification model: lasso (F1-macro=0.3796 ± 0.1033)
18:33:15  baselineEval.src.held_out  INFO     Held-out classification (full_kinematic_temporal | ADOS_2_ADOS_G_revised_RRB_level_of_symptoms): model=lasso F1-macro=0.496 BAcc=0.600 Acc=0.647 [0.383, 0.858]
18:33:19  baselineEval.src.plotting  INFO       Saved: shap_bar_top20.png and shap_beeswarm_top20.png
18:33:19  baselineEval.src.held_out  INFO     SHAP saved → /srv/beegfs/scratch/shares/schaerm/schaer2/video_sam2_pose/humanLISBET-paper/baselineEval/results_stats_temporal_maxpool_lasso/full_kinematic_temporal/held_out/classification/ADOS_2_ADOS_G_revised_RRB_level_of_symptoms/shap
18:33:19  ccnEvaluation         INFO     ── CV for ADOS_2_ADOS_G_REVISED_SA_LEVEL_OF_SYMPTOMS (classification) ──
18:33:19  ccnEvaluation         INFO       X: (102, 159), y: (102,) (classes: [0 1 2 3])
18:33:19  baselineEval.src.cross_validation  INFO     Skipping LGBM classifier (--skip-lgbm)
18:33:19  baselineEval.src.cross_validation  INFO     Classification CV: 1 models, 5×10 nested CV (50 total outer folds)
18:34:14  baselineEval.src.cross_validation  INFO       Saved: predictions_per_subject.csv
18:34:14  baselineEval.src.cross_validation  INFO       CV results: 50 rows → /srv/beegfs/scratch/shares/schaerm/schaer2/video_sam2_pose/humanLISBET-paper/baselineEval/results_stats_temporal_maxpool_lasso/full_kinematic_temporal/classification/ADOS_2_ADOS_G_REVISED_SA_LEVEL_OF_SYMPTOMS/cv_results.csv
18:34:14  baselineEval.src.cross_validation  INFO     
── Classification F1-macro summary (ADOS_2_ADOS_G_REVISED_SA_LEVEL_OF_SYMPTOMS) ──
model  f1_macro_mean  f1_macro_std
lasso       0.352194       0.10367
18:34:14  ccnEvaluation         INFO     ── Held-out for ADOS_2_ADOS_G_REVISED_SA_LEVEL_OF_SYMPTOMS (classification | full_kinematic_temporal) ──
18:34:14  baselineEval.src.held_out  INFO     Best classification model: lasso (F1-macro=0.3522 ± 0.1037)
18:34:15  baselineEval.src.held_out  INFO     Held-out classification (full_kinematic_temporal | ADOS_2_ADOS_G_REVISED_SA_LEVEL_OF_SYMPTOMS): model=lasso F1-macro=0.233 BAcc=0.253 Acc=0.294 [0.103, 0.560]
18:34:19  baselineEval.src.plotting  INFO       Saved: shap_bar_top20.png and shap_beeswarm_top20.png
18:34:19  baselineEval.src.held_out  INFO     SHAP saved → /srv/beegfs/scratch/shares/schaerm/schaer2/video_sam2_pose/humanLISBET-paper/baselineEval/results_stats_temporal_maxpool_lasso/full_kinematic_temporal/held_out/classification/ADOS_2_ADOS_G_REVISED_SA_LEVEL_OF_SYMPTOMS/shap
18:34:19  ccnEvaluation         INFO     ── CV for ADOS_G_ADOS_2_TOTAL_score_de_severite (regression) ──
18:34:19  ccnEvaluation         INFO       X: (102, 159), y: (102,) (classes: [ 1.  2.  3.  4.  5.  6.  7.  8.  9. 10.])
18:34:19  baselineEval.src.cross_validation  INFO     Skipping LGBM regressor (--skip-lgbm)
18:34:19  baselineEval.src.cross_validation  INFO     Regression CV: 1 models, 5×10 nested CV (50 total outer folds)
18:34:25  baselineEval.src.cross_validation  INFO       Saved: predictions_per_subject.csv
18:34:25  baselineEval.src.cross_validation  INFO       CV results: 50 rows → /srv/beegfs/scratch/shares/schaerm/schaer2/video_sam2_pose/humanLISBET-paper/baselineEval/results_stats_temporal_maxpool_lasso/full_kinematic_temporal/regression/ADOS_G_ADOS_2_TOTAL_score_de_severite/cv_results.csv
18:34:25  baselineEval.src.cross_validation  INFO     
── Regression summary (ADOS_G_ADOS_2_TOTAL_score_de_severite) ──
model     rmse      r2  spearman_r
lasso 3.257345 0.04045    0.385853
18:34:25  ccnEvaluation         INFO     ── Held-out for ADOS_G_ADOS_2_TOTAL_score_de_severite (regression | full_kinematic_temporal) ──
18:34:25  baselineEval.src.held_out  INFO     Best regression model: lasso (RMSE=3.2573 ± 0.3521)
18:34:26  baselineEval.src.held_out  INFO     Held-out regression (full_kinematic_temporal | ADOS_G_ADOS_2_TOTAL_score_de_severite): model=lasso RMSE=3.052 [2.383, 3.606] R²=0.242 [-0.099, 0.372] ρ=0.575
18:34:29  baselineEval.src.plotting  INFO       Saved: shap_bar_top20.png and shap_beeswarm_top20.png
18:34:29  baselineEval.src.held_out  INFO     SHAP saved → /srv/beegfs/scratch/shares/schaerm/schaer2/video_sam2_pose/humanLISBET-paper/baselineEval/results_stats_temporal_maxpool_lasso/full_kinematic_temporal/held_out/regression/ADOS_G_ADOS_2_TOTAL_score_de_severite/shap
18:34:29  ccnEvaluation         INFO     ── CV for ADOS_2_ADOS_G_REVISED_SA_SEVERITY_SCORE (regression) ──
18:34:29  ccnEvaluation         INFO       X: (102, 159), y: (102,) (classes: [ 1.  2.  3.  4.  5.  6.  7.  9. 10.])
18:34:29  baselineEval.src.cross_validation  INFO     Skipping LGBM regressor (--skip-lgbm)
18:34:29  baselineEval.src.cross_validation  INFO     Regression CV: 1 models, 5×10 nested CV (50 total outer folds)
18:34:35  baselineEval.src.cross_validation  INFO       Saved: predictions_per_subject.csv
18:34:35  baselineEval.src.cross_validation  INFO       CV results: 50 rows → /srv/beegfs/scratch/shares/schaerm/schaer2/video_sam2_pose/humanLISBET-paper/baselineEval/results_stats_temporal_maxpool_lasso/full_kinematic_temporal/regression/ADOS_2_ADOS_G_REVISED_SA_SEVERITY_SCORE/cv_results.csv
18:34:35  baselineEval.src.cross_validation  INFO     
── Regression summary (ADOS_2_ADOS_G_REVISED_SA_SEVERITY_SCORE) ──
model     rmse        r2  spearman_r
lasso 3.185884 -0.097527    0.271819
18:34:35  ccnEvaluation         INFO     ── Held-out for ADOS_2_ADOS_G_REVISED_SA_SEVERITY_SCORE (regression | full_kinematic_temporal) ──
18:34:35  baselineEval.src.held_out  INFO     Best regression model: lasso (RMSE=3.1859 ± 0.3998)
18:34:36  baselineEval.src.held_out  INFO     Held-out regression (full_kinematic_temporal | ADOS_2_ADOS_G_REVISED_SA_SEVERITY_SCORE): model=lasso RMSE=2.688 [2.055, 3.210] R²=0.123 [-0.491, 0.258] ρ=0.522
18:34:40  baselineEval.src.plotting  INFO       Saved: shap_bar_top20.png and shap_beeswarm_top20.png
18:34:40  baselineEval.src.held_out  INFO     SHAP saved → /srv/beegfs/scratch/shares/schaerm/schaer2/video_sam2_pose/humanLISBET-paper/baselineEval/results_stats_temporal_maxpool_lasso/full_kinematic_temporal/held_out/regression/ADOS_2_ADOS_G_REVISED_SA_SEVERITY_SCORE/shap
18:34:40  ccnEvaluation         INFO     ── CV for ADOS_2_ADOS_G_REVISED_RRB_SEVERITY_SCORE_new (regression) ──
18:34:40  ccnEvaluation         INFO       X: (102, 159), y: (102,) (classes: [ 1.  5.  6.  7.  8.  9. 10.])
18:34:40  baselineEval.src.cross_validation  INFO     Skipping LGBM regressor (--skip-lgbm)
18:34:40  baselineEval.src.cross_validation  INFO     Regression CV: 1 models, 5×10 nested CV (50 total outer folds)
18:34:46  baselineEval.src.cross_validation  INFO       Saved: predictions_per_subject.csv
18:34:46  baselineEval.src.cross_validation  INFO       CV results: 50 rows → /srv/beegfs/scratch/shares/schaerm/schaer2/video_sam2_pose/humanLISBET-paper/baselineEval/results_stats_temporal_maxpool_lasso/full_kinematic_temporal/regression/ADOS_2_ADOS_G_REVISED_RRB_SEVERITY_SCORE_new/cv_results.csv
18:34:46  baselineEval.src.cross_validation  INFO     
── Regression summary (ADOS_2_ADOS_G_REVISED_RRB_SEVERITY_SCORE_new) ──
model     rmse       r2  spearman_r
lasso 3.102805 0.029146    0.314035
18:34:46  ccnEvaluation         INFO     ── Held-out for ADOS_2_ADOS_G_REVISED_RRB_SEVERITY_SCORE_new (regression | full_kinematic_temporal) ──
18:34:46  baselineEval.src.held_out  INFO     Best regression model: lasso (RMSE=3.1028 ± 0.4027)
18:34:47  baselineEval.src.held_out  INFO     Held-out regression (full_kinematic_temporal | ADOS_2_ADOS_G_REVISED_RRB_SEVERITY_SCORE_new): model=lasso RMSE=3.504 [2.667, 4.268] R²=0.134 [-0.206, 0.217] ρ=0.509
18:34:50  baselineEval.src.plotting  INFO       Saved: shap_bar_top20.png and shap_beeswarm_top20.png
18:34:50  baselineEval.src.held_out  INFO     SHAP saved → /srv/beegfs/scratch/shares/schaerm/schaer2/video_sam2_pose/humanLISBET-paper/baselineEval/results_stats_temporal_maxpool_lasso/full_kinematic_temporal/held_out/regression/ADOS_2_ADOS_G_REVISED_RRB_SEVERITY_SCORE_new/shap
18:34:50  ccnEvaluation         INFO     ── CV for VLDII_AdSS (regression) ──
18:34:50  ccnEvaluation         INFO       X: (95, 159), y: (95,) (classes: [ 51.  63.  64.  65.  66.  68.  69.  70.  71.  72.  73.  74.  75.  76.
  77.  78.  79.  80.  81.  83.  84.  85.  86.  87.  88.  89.  90.  91.
  92.  93.  94.  95.  96.  97.  99. 100. 102. 103. 104. 105. 107. 108.
 109. 110. 113. 115. 117.])
18:34:50  baselineEval.src.cross_validation  INFO     Skipping LGBM regressor (--skip-lgbm)
18:34:50  baselineEval.src.cross_validation  INFO     Regression CV: 1 models, 5×10 nested CV (50 total outer folds)
18:34:57  baselineEval.src.cross_validation  INFO       Saved: predictions_per_subject.csv
18:34:57  baselineEval.src.cross_validation  INFO       CV results: 50 rows → /srv/beegfs/scratch/shares/schaerm/schaer2/video_sam2_pose/humanLISBET-paper/baselineEval/results_stats_temporal_maxpool_lasso/full_kinematic_temporal/regression/VLDII_AdSS/cv_results.csv
18:34:57  baselineEval.src.cross_validation  INFO     
── Regression summary (VLDII_AdSS) ──
model      rmse       r2  spearman_r
lasso 13.894192 0.091858    0.347284
18:34:57  ccnEvaluation         INFO     ── Held-out for VLDII_AdSS (regression | full_kinematic_temporal) ──
18:34:57  baselineEval.src.held_out  INFO     Best regression model: lasso (RMSE=13.8942 ± 1.3463)
18:34:58  baselineEval.src.held_out  INFO     Held-out regression (full_kinematic_temporal | VLDII_AdSS): model=lasso RMSE=14.616 [11.233, 17.654] R²=0.147 [-0.289, 0.262] ρ=0.541
18:35:01  baselineEval.src.plotting  INFO       Saved: shap_bar_top20.png and shap_beeswarm_top20.png
18:35:01  baselineEval.src.held_out  INFO     SHAP saved → /srv/beegfs/scratch/shares/schaerm/schaer2/video_sam2_pose/humanLISBET-paper/baselineEval/results_stats_temporal_maxpool_lasso/full_kinematic_temporal/held_out/regression/VLDII_AdSS/shap
18:35:01  ccnEvaluation         INFO     ── CV for VLDII_MotorSS (regression) ──
18:35:01  ccnEvaluation         INFO       X: (95, 159), y: (95,) (classes: [ 56.  67.  69.  70.  72.  75.  79.  81.  82.  84.  85.  88.  90.  93.
  94.  95.  96.  97. 100. 102. 104. 105. 106. 108. 111. 114. 121. 131.])
18:35:01  baselineEval.src.cross_validation  INFO     Skipping LGBM regressor (--skip-lgbm)
18:35:01  baselineEval.src.cross_validation  INFO     Regression CV: 1 models, 5×10 nested CV (50 total outer folds)
18:35:08  baselineEval.src.cross_validation  INFO       Saved: predictions_per_subject.csv
18:35:08  baselineEval.src.cross_validation  INFO       CV results: 50 rows → /srv/beegfs/scratch/shares/schaerm/schaer2/video_sam2_pose/humanLISBET-paper/baselineEval/results_stats_temporal_maxpool_lasso/full_kinematic_temporal/regression/VLDII_MotorSS/cv_results.csv
18:35:08  baselineEval.src.cross_validation  INFO     
── Regression summary (VLDII_MotorSS) ──
model     rmse        r2  spearman_r
lasso 12.58234 -0.049765    0.054083
18:35:08  ccnEvaluation         INFO     ── Held-out for VLDII_MotorSS (regression | full_kinematic_temporal) ──
18:35:08  baselineEval.src.held_out  INFO     Best regression model: lasso (RMSE=12.5823 ± 1.4723)
/srv/beegfs/scratch/shares/schaerm/schaer2/video_sam2_pose/humanLISBET-paper/baselineEval/src/held_out.py:422: ConstantInputWarning: An input array is constant; the correlation coefficient is not defined.
  sp_r, _ = spearmanr(y_test, y_pred)
/srv/beegfs/scratch/shares/schaerm/schaer2/video_sam2_pose/humanLISBET-paper/baselineEval/src/held_out.py:423: ConstantInputWarning: An input array is constant; the correlation coefficient is not defined.
  pe_r, _ = pearsonr(y_test, y_pred)
18:35:09  baselineEval.src.held_out  INFO     Held-out regression (full_kinematic_temporal | VLDII_MotorSS): model=lasso RMSE=12.713 [9.358, 16.144] R²=-0.009 [-0.572, -0.000] ρ=nan
18:35:12  baselineEval.src.plotting  INFO       Saved: shap_bar_top20.png and shap_beeswarm_top20.png
18:35:12  baselineEval.src.held_out  INFO     SHAP saved → /srv/beegfs/scratch/shares/schaerm/schaer2/video_sam2_pose/humanLISBET-paper/baselineEval/results_stats_temporal_maxpool_lasso/full_kinematic_temporal/held_out/regression/VLDII_MotorSS/shap
18:35:12  ccnEvaluation         INFO     ── CV for VLDII_gmsVS (regression) ──
18:35:12  ccnEvaluation         INFO       X: (95, 159), y: (95,) (classes: [ 8.  9. 10. 11. 12. 13. 14. 15. 16. 17. 18. 22.])
18:35:12  baselineEval.src.cross_validation  INFO     Skipping LGBM regressor (--skip-lgbm)
18:35:12  baselineEval.src.cross_validation  INFO     Regression CV: 1 models, 5×10 nested CV (50 total outer folds)
18:35:18  baselineEval.src.cross_validation  INFO       Saved: predictions_per_subject.csv
18:35:18  baselineEval.src.cross_validation  INFO       CV results: 50 rows → /srv/beegfs/scratch/shares/schaerm/schaer2/video_sam2_pose/humanLISBET-paper/baselineEval/results_stats_temporal_maxpool_lasso/full_kinematic_temporal/regression/VLDII_gmsVS/cv_results.csv
18:35:18  baselineEval.src.cross_validation  INFO     
── Regression summary (VLDII_gmsVS) ──
model   rmse        r2  spearman_r
lasso 2.1424 -0.040544    0.067486
18:35:18  ccnEvaluation         INFO     ── Held-out for VLDII_gmsVS (regression | full_kinematic_temporal) ──
18:35:18  baselineEval.src.held_out  INFO     Best regression model: lasso (RMSE=2.1424 ± 0.3510)
18:35:19  baselineEval.src.held_out  INFO     Held-out regression (full_kinematic_temporal | VLDII_gmsVS): model=lasso RMSE=1.901 [1.306, 2.424] R²=-0.022 [-0.558, 0.011] ρ=0.098
18:35:22  baselineEval.src.plotting  INFO       Saved: shap_bar_top20.png and shap_beeswarm_top20.png
18:35:22  baselineEval.src.held_out  INFO     SHAP saved → /srv/beegfs/scratch/shares/schaerm/schaer2/video_sam2_pose/humanLISBET-paper/baselineEval/results_stats_temporal_maxpool_lasso/full_kinematic_temporal/held_out/regression/VLDII_gmsVS/shap
18:35:22  ccnEvaluation         INFO     ── CV for VLDII_fmsVS (regression) ──
18:35:22  ccnEvaluation         INFO       X: (95, 159), y: (95,) (classes: [ 7.  8.  9. 10. 11. 12. 13. 14. 15. 16. 17. 18.])
18:35:22  baselineEval.src.cross_validation  INFO     Skipping LGBM regressor (--skip-lgbm)
18:35:22  baselineEval.src.cross_validation  INFO     Regression CV: 1 models, 5×10 nested CV (50 total outer folds)
18:35:28  baselineEval.src.cross_validation  INFO       Saved: predictions_per_subject.csv
18:35:28  baselineEval.src.cross_validation  INFO       CV results: 50 rows → /srv/beegfs/scratch/shares/schaerm/schaer2/video_sam2_pose/humanLISBET-paper/baselineEval/results_stats_temporal_maxpool_lasso/full_kinematic_temporal/regression/VLDII_fmsVS/cv_results.csv
18:35:28  baselineEval.src.cross_validation  INFO     
── Regression summary (VLDII_fmsVS) ──
model    rmse        r2  spearman_r
lasso 2.49396 -0.047626    0.065533
18:35:28  ccnEvaluation         INFO     ── Held-out for VLDII_fmsVS (regression | full_kinematic_temporal) ──
18:35:28  baselineEval.src.held_out  INFO     Best regression model: lasso (RMSE=2.4940 ± 0.2903)
/srv/beegfs/scratch/shares/schaerm/schaer2/video_sam2_pose/humanLISBET-paper/baselineEval/src/held_out.py:422: ConstantInputWarning: An input array is constant; the correlation coefficient is not defined.
  sp_r, _ = spearmanr(y_test, y_pred)
/srv/beegfs/scratch/shares/schaerm/schaer2/video_sam2_pose/humanLISBET-paper/baselineEval/src/held_out.py:423: ConstantInputWarning: An input array is constant; the correlation coefficient is not defined.
  pe_r, _ = pearsonr(y_test, y_pred)
18:35:29  baselineEval.src.held_out  INFO     Held-out regression (full_kinematic_temporal | VLDII_fmsVS): model=lasso RMSE=2.495 [1.826, 3.138] R²=-0.013 [-0.555, -0.000] ρ=nan
18:35:33  baselineEval.src.plotting  INFO       Saved: shap_bar_top20.png and shap_beeswarm_top20.png
18:35:33  baselineEval.src.held_out  INFO     SHAP saved → /srv/beegfs/scratch/shares/schaerm/schaer2/video_sam2_pose/humanLISBET-paper/baselineEval/results_stats_temporal_maxpool_lasso/full_kinematic_temporal/held_out/regression/VLDII_fmsVS/shap
18:35:33  ccnEvaluation         INFO     ── CV for VLDII_SocSS (regression) ──
18:35:33  ccnEvaluation         INFO       X: (95, 159), y: (95,) (classes: [ 59.  65.  66.  68.  70.  72.  74.  75.  76.  78.  79.  80.  81.  82.
  84.  86.  88.  89.  90.  91.  92.  94.  95.  96.  98. 100. 101. 102.
 105. 109. 111. 112. 114.])
18:35:33  baselineEval.src.cross_validation  INFO     Skipping LGBM regressor (--skip-lgbm)
18:35:33  baselineEval.src.cross_validation  INFO     Regression CV: 1 models, 5×10 nested CV (50 total outer folds)
18:35:39  baselineEval.src.cross_validation  INFO       Saved: predictions_per_subject.csv
18:35:39  baselineEval.src.cross_validation  INFO       CV results: 50 rows → /srv/beegfs/scratch/shares/schaerm/schaer2/video_sam2_pose/humanLISBET-paper/baselineEval/results_stats_temporal_maxpool_lasso/full_kinematic_temporal/regression/VLDII_SocSS/cv_results.csv
18:35:39  baselineEval.src.cross_validation  INFO     
── Regression summary (VLDII_SocSS) ──
model      rmse       r2  spearman_r
lasso 11.500662 0.096876    0.355103
18:35:39  ccnEvaluation         INFO     ── Held-out for VLDII_SocSS (regression | full_kinematic_temporal) ──
18:35:39  baselineEval.src.held_out  INFO     Best regression model: lasso (RMSE=11.5007 ± 1.2370)
18:35:40  baselineEval.src.held_out  INFO     Held-out regression (full_kinematic_temporal | VLDII_SocSS): model=lasso RMSE=10.457 [7.570, 13.287] R²=0.281 [-0.173, 0.461] ρ=0.389
18:35:44  baselineEval.src.plotting  INFO       Saved: shap_bar_top20.png and shap_beeswarm_top20.png
18:35:44  baselineEval.src.held_out  INFO     SHAP saved → /srv/beegfs/scratch/shares/schaerm/schaer2/video_sam2_pose/humanLISBET-paper/baselineEval/results_stats_temporal_maxpool_lasso/full_kinematic_temporal/held_out/regression/VLDII_SocSS/shap
18:35:44  ccnEvaluation         INFO     ── CV for VLDII_intVS (regression) ──
18:35:44  ccnEvaluation         INFO       X: (95, 159), y: (95,) (classes: [ 6.  8.  9. 10. 11. 12. 13. 14. 15. 16. 17. 18. 19. 20.])
18:35:44  baselineEval.src.cross_validation  INFO     Skipping LGBM regressor (--skip-lgbm)
18:35:44  baselineEval.src.cross_validation  INFO     Regression CV: 1 models, 5×10 nested CV (50 total outer folds)
18:35:50  baselineEval.src.cross_validation  INFO       Saved: predictions_per_subject.csv
18:35:50  baselineEval.src.cross_validation  INFO       CV results: 50 rows → /srv/beegfs/scratch/shares/schaerm/schaer2/video_sam2_pose/humanLISBET-paper/baselineEval/results_stats_temporal_maxpool_lasso/full_kinematic_temporal/regression/VLDII_intVS/cv_results.csv
18:35:50  baselineEval.src.cross_validation  INFO     
── Regression summary (VLDII_intVS) ──
model     rmse      r2  spearman_r
lasso 2.629582 0.03987    0.312019
18:35:50  ccnEvaluation         INFO     ── Held-out for VLDII_intVS (regression | full_kinematic_temporal) ──
18:35:50  baselineEval.src.held_out  INFO     Best regression model: lasso (RMSE=2.6296 ± 0.2808)
18:35:50  baselineEval.src.held_out  INFO     Held-out regression (full_kinematic_temporal | VLDII_intVS): model=lasso RMSE=2.651 [2.111, 3.163] R²=0.216 [-0.256, 0.371] ρ=0.430
18:35:54  baselineEval.src.plotting  INFO       Saved: shap_bar_top20.png and shap_beeswarm_top20.png
18:35:54  baselineEval.src.held_out  INFO     SHAP saved → /srv/beegfs/scratch/shares/schaerm/schaer2/video_sam2_pose/humanLISBET-paper/baselineEval/results_stats_temporal_maxpool_lasso/full_kinematic_temporal/held_out/regression/VLDII_intVS/shap
18:35:54  ccnEvaluation         INFO     ── CV for VLDII_plaVS (regression) ──
18:35:54  ccnEvaluation         INFO       X: (95, 159), y: (95,) (classes: [ 7.  8.  9. 10. 11. 12. 13. 14. 15. 16. 17. 18. 19.])
18:35:54  baselineEval.src.cross_validation  INFO     Skipping LGBM regressor (--skip-lgbm)
18:35:54  baselineEval.src.cross_validation  INFO     Regression CV: 1 models, 5×10 nested CV (50 total outer folds)
18:35:59  baselineEval.src.cross_validation  INFO       Saved: predictions_per_subject.csv
18:36:00  baselineEval.src.cross_validation  INFO       CV results: 50 rows → /srv/beegfs/scratch/shares/schaerm/schaer2/video_sam2_pose/humanLISBET-paper/baselineEval/results_stats_temporal_maxpool_lasso/full_kinematic_temporal/regression/VLDII_plaVS/cv_results.csv
18:36:00  baselineEval.src.cross_validation  INFO     
── Regression summary (VLDII_plaVS) ──
model     rmse       r2  spearman_r
lasso 2.390313 0.118337    0.384162
18:36:00  ccnEvaluation         INFO     ── Held-out for VLDII_plaVS (regression | full_kinematic_temporal) ──
18:36:00  baselineEval.src.held_out  INFO     Best regression model: lasso (RMSE=2.3903 ± 0.2959)
18:36:01  baselineEval.src.held_out  INFO     Held-out regression (full_kinematic_temporal | VLDII_plaVS): model=lasso RMSE=2.181 [1.441, 2.898] R²=0.257 [-0.184, 0.487] ρ=0.556
18:36:04  baselineEval.src.plotting  INFO       Saved: shap_bar_top20.png and shap_beeswarm_top20.png
18:36:04  baselineEval.src.held_out  INFO     SHAP saved → /srv/beegfs/scratch/shares/schaerm/schaer2/video_sam2_pose/humanLISBET-paper/baselineEval/results_stats_temporal_maxpool_lasso/full_kinematic_temporal/held_out/regression/VLDII_plaVS/shap
18:36:04  ccnEvaluation         INFO     ── CV for VLDII_copVS (regression) ──
18:36:04  ccnEvaluation         INFO       X: (95, 159), y: (95,) (classes: [ 9. 10. 11. 12. 13. 14. 15. 16. 17.])
18:36:04  baselineEval.src.cross_validation  INFO     Skipping LGBM regressor (--skip-lgbm)
18:36:04  baselineEval.src.cross_validation  INFO     Regression CV: 1 models, 5×10 nested CV (50 total outer folds)
18:36:10  baselineEval.src.cross_validation  INFO       Saved: predictions_per_subject.csv
18:36:10  baselineEval.src.cross_validation  INFO       CV results: 50 rows → /srv/beegfs/scratch/shares/schaerm/schaer2/video_sam2_pose/humanLISBET-paper/baselineEval/results_stats_temporal_maxpool_lasso/full_kinematic_temporal/regression/VLDII_copVS/cv_results.csv
18:36:10  baselineEval.src.cross_validation  INFO     
── Regression summary (VLDII_copVS) ──
model     rmse        r2  spearman_r
lasso 2.051725 -0.008694    0.215177
18:36:10  ccnEvaluation         INFO     ── Held-out for VLDII_copVS (regression | full_kinematic_temporal) ──
18:36:10  baselineEval.src.held_out  INFO     Best regression model: lasso (RMSE=2.0517 ± 0.1833)
18:36:11  baselineEval.src.held_out  INFO     Held-out regression (full_kinematic_temporal | VLDII_copVS): model=lasso RMSE=1.591 [1.167, 1.985] R²=0.085 [-0.659, 0.283] ρ=0.387
18:36:14  baselineEval.src.plotting  INFO       Saved: shap_bar_top20.png and shap_beeswarm_top20.png
18:36:14  baselineEval.src.held_out  INFO     SHAP saved → /srv/beegfs/scratch/shares/schaerm/schaer2/video_sam2_pose/humanLISBET-paper/baselineEval/results_stats_temporal_maxpool_lasso/full_kinematic_temporal/held_out/regression/VLDII_copVS/shap
18:36:14  ccnEvaluation         INFO     ── CV for VLDII_DaiSS (regression) ──
18:36:14  ccnEvaluation         INFO       X: (95, 159), y: (95,) (classes: [ 53.  62.  65.  67.  69.  71.  73.  75.  77.  78.  80.  81.  82.  83.
  86.  87.  89.  91.  93.  95.  96.  98. 100. 101. 102. 103. 104. 105.
 107. 109. 111. 113. 115. 118. 121.])
18:36:14  baselineEval.src.cross_validation  INFO     Skipping LGBM regressor (--skip-lgbm)
18:36:14  baselineEval.src.cross_validation  INFO     Regression CV: 1 models, 5×10 nested CV (50 total outer folds)
18:36:21  baselineEval.src.cross_validation  INFO       Saved: predictions_per_subject.csv
18:36:21  baselineEval.src.cross_validation  INFO       CV results: 50 rows → /srv/beegfs/scratch/shares/schaerm/schaer2/video_sam2_pose/humanLISBET-paper/baselineEval/results_stats_temporal_maxpool_lasso/full_kinematic_temporal/regression/VLDII_DaiSS/cv_results.csv
18:36:21  baselineEval.src.cross_validation  INFO     
── Regression summary (VLDII_DaiSS) ──
model      rmse       r2  spearman_r
lasso 13.230017 0.054686    0.302223
18:36:21  ccnEvaluation         INFO     ── Held-out for VLDII_DaiSS (regression | full_kinematic_temporal) ──
18:36:21  baselineEval.src.held_out  INFO     Best regression model: lasso (RMSE=13.2300 ± 1.3878)
18:36:22  baselineEval.src.held_out  INFO     Held-out regression (full_kinematic_temporal | VLDII_DaiSS): model=lasso RMSE=13.098 [9.484, 16.300] R²=0.184 [-0.271, 0.323] ρ=0.451
18:36:25  baselineEval.src.plotting  INFO       Saved: shap_bar_top20.png and shap_beeswarm_top20.png
18:36:25  baselineEval.src.held_out  INFO     SHAP saved → /srv/beegfs/scratch/shares/schaerm/schaer2/video_sam2_pose/humanLISBET-paper/baselineEval/results_stats_temporal_maxpool_lasso/full_kinematic_temporal/held_out/regression/VLDII_DaiSS/shap
18:36:25  ccnEvaluation         INFO     ── CV for VLDII_perVS (regression) ──
18:36:25  ccnEvaluation         INFO       X: (95, 159), y: (95,) (classes: [ 7.  8.  9. 10. 11. 12. 13. 14. 15. 16. 17. 18.])
18:36:25  baselineEval.src.cross_validation  INFO     Skipping LGBM regressor (--skip-lgbm)
18:36:25  baselineEval.src.cross_validation  INFO     Regression CV: 1 models, 5×10 nested CV (50 total outer folds)
18:36:31  baselineEval.src.cross_validation  INFO       Saved: predictions_per_subject.csv
18:36:31  baselineEval.src.cross_validation  INFO       CV results: 50 rows → /srv/beegfs/scratch/shares/schaerm/schaer2/video_sam2_pose/humanLISBET-paper/baselineEval/results_stats_temporal_maxpool_lasso/full_kinematic_temporal/regression/VLDII_perVS/cv_results.csv
18:36:31  baselineEval.src.cross_validation  INFO     
── Regression summary (VLDII_perVS) ──
model     rmse      r2  spearman_r
lasso 2.624268 0.04823    0.234606
18:36:31  ccnEvaluation         INFO     ── Held-out for VLDII_perVS (regression | full_kinematic_temporal) ──
18:36:31  baselineEval.src.held_out  INFO     Best regression model: lasso (RMSE=2.6243 ± 0.2756)
18:36:32  baselineEval.src.held_out  INFO     Held-out regression (full_kinematic_temporal | VLDII_perVS): model=lasso RMSE=2.199 [1.682, 2.699] R²=0.163 [-0.229, 0.330] ρ=0.452
18:36:35  baselineEval.src.plotting  INFO       Saved: shap_bar_top20.png and shap_beeswarm_top20.png
18:36:35  baselineEval.src.held_out  INFO     SHAP saved → /srv/beegfs/scratch/shares/schaerm/schaer2/video_sam2_pose/humanLISBET-paper/baselineEval/results_stats_temporal_maxpool_lasso/full_kinematic_temporal/held_out/regression/VLDII_perVS/shap
18:36:35  ccnEvaluation         INFO     ── CV for VLDII_comVS (regression) ──
18:36:35  ccnEvaluation         INFO       X: (95, 159), y: (95,) (classes: [ 7. 10. 11. 12. 13. 14. 15. 16. 17. 18. 20.])
18:36:35  baselineEval.src.cross_validation  INFO     Skipping LGBM regressor (--skip-lgbm)
18:36:35  baselineEval.src.cross_validation  INFO     Regression CV: 1 models, 5×10 nested CV (50 total outer folds)
18:36:41  baselineEval.src.cross_validation  INFO       Saved: predictions_per_subject.csv
18:36:41  baselineEval.src.cross_validation  INFO       CV results: 50 rows → /srv/beegfs/scratch/shares/schaerm/schaer2/video_sam2_pose/humanLISBET-paper/baselineEval/results_stats_temporal_maxpool_lasso/full_kinematic_temporal/regression/VLDII_comVS/cv_results.csv
18:36:41  baselineEval.src.cross_validation  INFO     
── Regression summary (VLDII_comVS) ──
model     rmse        r2  spearman_r
lasso 2.281935 -0.022038    0.223698
18:36:41  ccnEvaluation         INFO     ── Held-out for VLDII_comVS (regression | full_kinematic_temporal) ──
18:36:41  baselineEval.src.held_out  INFO     Best regression model: lasso (RMSE=2.2819 ± 0.2276)
18:36:42  baselineEval.src.held_out  INFO     Held-out regression (full_kinematic_temporal | VLDII_comVS): model=lasso RMSE=2.909 [1.962, 3.800] R²=-0.012 [-0.403, 0.000] ρ=0.183
18:36:45  baselineEval.src.plotting  INFO       Saved: shap_bar_top20.png and shap_beeswarm_top20.png
18:36:45  baselineEval.src.held_out  INFO     SHAP saved → /srv/beegfs/scratch/shares/schaerm/schaer2/video_sam2_pose/humanLISBET-paper/baselineEval/results_stats_temporal_maxpool_lasso/full_kinematic_temporal/held_out/regression/VLDII_comVS/shap
18:36:45  ccnEvaluation         INFO     ── CV for VLDII_domVS (regression) ──
18:36:45  ccnEvaluation         INFO       X: (95, 159), y: (95,) (classes: [ 9. 10. 11. 12. 13. 14. 15. 16. 17. 18. 19. 20. 22.])
18:36:45  baselineEval.src.cross_validation  INFO     Skipping LGBM regressor (--skip-lgbm)
18:36:45  baselineEval.src.cross_validation  INFO     Regression CV: 1 models, 5×10 nested CV (50 total outer folds)
18:36:51  baselineEval.src.cross_validation  INFO       Saved: predictions_per_subject.csv
18:36:51  baselineEval.src.cross_validation  INFO       CV results: 50 rows → /srv/beegfs/scratch/shares/schaerm/schaer2/video_sam2_pose/humanLISBET-paper/baselineEval/results_stats_temporal_maxpool_lasso/full_kinematic_temporal/regression/VLDII_domVS/cv_results.csv
18:36:51  baselineEval.src.cross_validation  INFO     
── Regression summary (VLDII_domVS) ──
model     rmse       r2  spearman_r
lasso 2.655217 0.072758    0.261799
18:36:51  ccnEvaluation         INFO     ── Held-out for VLDII_domVS (regression | full_kinematic_temporal) ──
18:36:51  baselineEval.src.held_out  INFO     Best regression model: lasso (RMSE=2.6552 ± 0.2038)
18:36:52  baselineEval.src.held_out  INFO     Held-out regression (full_kinematic_temporal | VLDII_domVS): model=lasso RMSE=2.792 [1.848, 3.659] R²=0.116 [-0.582, 0.308] ρ=0.455
18:36:55  baselineEval.src.plotting  INFO       Saved: shap_bar_top20.png and shap_beeswarm_top20.png
18:36:55  baselineEval.src.held_out  INFO     SHAP saved → /srv/beegfs/scratch/shares/schaerm/schaer2/video_sam2_pose/humanLISBET-paper/baselineEval/results_stats_temporal_maxpool_lasso/full_kinematic_temporal/held_out/regression/VLDII_domVS/shap
18:36:55  ccnEvaluation         INFO     ── CV for VLDII_ComSS (regression) ──
18:36:55  ccnEvaluation         INFO       X: (95, 159), y: (95,) (classes: [ 44.  52.  54.  58.  59.  61.  63.  64.  65.  66.  69.  71.  72.  73.
  74.  76.  79.  80.  81.  84.  85.  86.  89.  90.  91.  93.  95.  97.
 100. 101. 102. 103. 104. 105. 107. 108. 110. 112. 113. 116. 118. 121.
 122. 125.])
18:36:55  baselineEval.src.cross_validation  INFO     Skipping LGBM regressor (--skip-lgbm)
18:36:55  baselineEval.src.cross_validation  INFO     Regression CV: 1 models, 5×10 nested CV (50 total outer folds)
18:37:02  baselineEval.src.cross_validation  INFO       Saved: predictions_per_subject.csv
18:37:02  baselineEval.src.cross_validation  INFO       CV results: 50 rows → /srv/beegfs/scratch/shares/schaerm/schaer2/video_sam2_pose/humanLISBET-paper/baselineEval/results_stats_temporal_maxpool_lasso/full_kinematic_temporal/regression/VLDII_ComSS/cv_results.csv
18:37:02  baselineEval.src.cross_validation  INFO     
── Regression summary (VLDII_ComSS) ──
model      rmse       r2  spearman_r
lasso 17.862511 0.135035    0.380276
18:37:02  ccnEvaluation         INFO     ── Held-out for VLDII_ComSS (regression | full_kinematic_temporal) ──
18:37:02  baselineEval.src.held_out  INFO     Best regression model: lasso (RMSE=17.8625 ± 1.5219)
18:37:03  baselineEval.src.held_out  INFO     Held-out regression (full_kinematic_temporal | VLDII_ComSS): model=lasso RMSE=18.257 [14.361, 21.699] R²=0.295 [-0.065, 0.410] ρ=0.754
18:37:06  baselineEval.src.plotting  INFO       Saved: shap_bar_top20.png and shap_beeswarm_top20.png
18:37:06  baselineEval.src.held_out  INFO     SHAP saved → /srv/beegfs/scratch/shares/schaerm/schaer2/video_sam2_pose/humanLISBET-paper/baselineEval/results_stats_temporal_maxpool_lasso/full_kinematic_temporal/held_out/regression/VLDII_ComSS/shap
18:37:06  ccnEvaluation         INFO     ── CV for VLDII_expVS (regression) ──
18:37:06  ccnEvaluation         INFO       X: (95, 159), y: (95,) (classes: [ 6.  7.  8.  9. 10. 11. 12. 13. 14. 15. 16. 17. 18. 19. 20.])
18:37:07  baselineEval.src.cross_validation  INFO     Skipping LGBM regressor (--skip-lgbm)
18:37:07  baselineEval.src.cross_validation  INFO     Regression CV: 1 models, 5×10 nested CV (50 total outer folds)
18:37:12  baselineEval.src.cross_validation  INFO       Saved: predictions_per_subject.csv
18:37:12  baselineEval.src.cross_validation  INFO       CV results: 50 rows → /srv/beegfs/scratch/shares/schaerm/schaer2/video_sam2_pose/humanLISBET-paper/baselineEval/results_stats_temporal_maxpool_lasso/full_kinematic_temporal/regression/VLDII_expVS/cv_results.csv
18:37:12  baselineEval.src.cross_validation  INFO     
── Regression summary (VLDII_expVS) ──
model     rmse       r2  spearman_r
lasso 3.478729 0.078792    0.360717
18:37:12  ccnEvaluation         INFO     ── Held-out for VLDII_expVS (regression | full_kinematic_temporal) ──
18:37:13  baselineEval.src.held_out  INFO     Best regression model: lasso (RMSE=3.4787 ± 0.2656)
18:37:13  baselineEval.src.held_out  INFO     Held-out regression (full_kinematic_temporal | VLDII_expVS): model=lasso RMSE=3.169 [2.555, 3.780] R²=0.244 [-0.118, 0.322] ρ=0.559
18:37:17  baselineEval.src.plotting  INFO       Saved: shap_bar_top20.png and shap_beeswarm_top20.png
18:37:17  baselineEval.src.held_out  INFO     SHAP saved → /srv/beegfs/scratch/shares/schaerm/schaer2/video_sam2_pose/humanLISBET-paper/baselineEval/results_stats_temporal_maxpool_lasso/full_kinematic_temporal/held_out/regression/VLDII_expVS/shap
18:37:17  ccnEvaluation         INFO     ── CV for VLDII_recVS (regression) ──
18:37:17  ccnEvaluation         INFO       X: (95, 159), y: (95,) (classes: [ 3.  5.  6.  7.  8.  9. 10. 11. 12. 13. 14. 15. 16. 17. 18. 19. 20. 21.])
18:37:17  baselineEval.src.cross_validation  INFO     Skipping LGBM regressor (--skip-lgbm)
18:37:17  baselineEval.src.cross_validation  INFO     Regression CV: 1 models, 5×10 nested CV (50 total outer folds)
18:37:23  baselineEval.src.cross_validation  INFO       Saved: predictions_per_subject.csv
18:37:23  baselineEval.src.cross_validation  INFO       CV results: 50 rows → /srv/beegfs/scratch/shares/schaerm/schaer2/video_sam2_pose/humanLISBET-paper/baselineEval/results_stats_temporal_maxpool_lasso/full_kinematic_temporal/regression/VLDII_recVS/cv_results.csv
18:37:23  baselineEval.src.cross_validation  INFO     
── Regression summary (VLDII_recVS) ──
model    rmse       r2  spearman_r
lasso 3.85451 0.068212    0.347152
18:37:23  ccnEvaluation         INFO     ── Held-out for VLDII_recVS (regression | full_kinematic_temporal) ──
18:37:23  baselineEval.src.held_out  INFO     Best regression model: lasso (RMSE=3.8545 ± 0.4447)
18:37:24  baselineEval.src.held_out  INFO     Held-out regression (full_kinematic_temporal | VLDII_recVS): model=lasso RMSE=3.893 [3.172, 4.533] R²=0.286 [-0.053, 0.379] ρ=0.733
18:37:27  baselineEval.src.plotting  INFO       Saved: shap_bar_top20.png and shap_beeswarm_top20.png
18:37:27  baselineEval.src.held_out  INFO     SHAP saved → /srv/beegfs/scratch/shares/schaerm/schaer2/video_sam2_pose/humanLISBET-paper/baselineEval/results_stats_temporal_maxpool_lasso/full_kinematic_temporal/held_out/regression/VLDII_recVS/shap
18:37:27  ccnEvaluation         INFO     ── CV for MSEL_TOTAL_DQ (regression) ──
18:37:27  ccnEvaluation         INFO       X: (100, 159), y: (100,) (classes: [ 18.02469136  32.43483412  34.59785415  38.08884914  38.95032984
  40.09469697  40.66399287  41.7597914   48.35352006  48.38185274
  48.56808071  49.32034527  52.60163835  52.78815173  53.41769972
  54.6043883   54.66514664  55.9129902   57.80945419  58.00856827
  58.01880411  58.49358974  60.55385401  60.73988735  61.21267952
  61.65540541  62.6717033   64.54699612  64.58014537  65.85307734
  66.03346902  66.56582561  67.46408956  68.67474001  69.12878788
  69.58887965  70.42091476  70.5832302   71.22161779  72.65127389
  72.74744284  73.39929215  73.55044202  73.63718709  74.37652068
  76.23385285  77.89159198  78.63298081  79.93217054  79.97485632
  80.39067013  81.47321429  82.45481928  83.44764518  83.72463299
  88.69235986  88.94106636  91.04190422  91.67078393  92.86194316
  92.9187448   93.08301946  94.84225533  95.62583836  96.63388805
  97.48931624  98.02617856 102.9518543  103.811149   107.0353937
 107.8029726  108.1764296  108.385181   108.6309524  108.7338226
 109.0520026  109.52137    111.8651489  112.1257819  112.192623
 112.5198886  112.8090659  112.8284389  113.5791843  115.0573568
 116.0376082  116.1326915  118.2653171  119.351962   120.5538618
 121.574912   125.622437   128.0608788  130.5093403  130.8806655
 132.3244751  135.4820159  139.7760116  149.1013072  149.4299051 ])
18:37:27  baselineEval.src.cross_validation  INFO     Skipping LGBM regressor (--skip-lgbm)
18:37:27  baselineEval.src.cross_validation  INFO     Regression CV: 1 models, 5×10 nested CV (50 total outer folds)
18:37:34  baselineEval.src.cross_validation  INFO       Saved: predictions_per_subject.csv
18:37:34  baselineEval.src.cross_validation  INFO       CV results: 50 rows → /srv/beegfs/scratch/shares/schaerm/schaer2/video_sam2_pose/humanLISBET-paper/baselineEval/results_stats_temporal_maxpool_lasso/full_kinematic_temporal/regression/MSEL_TOTAL_DQ/cv_results.csv
18:37:34  baselineEval.src.cross_validation  INFO     
── Regression summary (MSEL_TOTAL_DQ) ──
model      rmse       r2  spearman_r
lasso 27.075617 0.115957    0.404692
18:37:34  ccnEvaluation         INFO     ── Held-out for MSEL_TOTAL_DQ (regression | full_kinematic_temporal) ──
18:37:34  baselineEval.src.held_out  INFO     Best regression model: lasso (RMSE=27.0756 ± 3.1439)
18:37:35  baselineEval.src.held_out  INFO     Held-out regression (full_kinematic_temporal | MSEL_TOTAL_DQ): model=lasso RMSE=28.935 [22.559, 34.552] R²=0.229 [-0.234, 0.323] ρ=0.806
18:37:38  baselineEval.src.plotting  INFO       Saved: shap_bar_top20.png and shap_beeswarm_top20.png
18:37:38  baselineEval.src.held_out  INFO     SHAP saved → /srv/beegfs/scratch/shares/schaerm/schaer2/video_sam2_pose/humanLISBET-paper/baselineEval/results_stats_temporal_maxpool_lasso/full_kinematic_temporal/held_out/regression/MSEL_TOTAL_DQ/shap
18:37:38  ccnEvaluation         INFO     ── CV for MSEL_FM_DQ (regression) ──
18:37:38  ccnEvaluation         INFO       X: (100, 159), y: (100,) (classes: [ 18.02469136  46.4649432   48.97137746  50.05646983  54.38484461
  55.25934702  55.26116578  55.3030303   59.06148867  60.89132507
  63.6627907   63.73690338  64.77896096  65.16194848  65.41218638
  65.72629052  69.06338694  69.12878788  69.33210784  70.91968912
  73.53479853  75.06258941  75.18022657  75.486618    75.66334992
  75.86923658  75.90612002  75.91514143  77.07927225  77.89159198
  78.29257829  79.43695591  79.91242474  80.18453427  80.89539007
  80.95690748  82.62072435  82.81765677  83.43724023  83.84379786
  83.94209957  85.6233244   85.79059829  85.92278719  87.62002743
  87.84596871  87.86462758  87.98209366  89.15229885  90.64569536
  90.75497288  90.7960199   92.60343482  92.99363057  93.43003413
  93.95109395  95.05208333  95.38327526  96.20155039  96.63388805
  96.66313559  97.1113645   97.65160523  97.76785714  98.45857418
  98.95429899  98.97788903  99.40087146  99.64898596 102.1903821
 102.8432377  103.6931818  103.811149   104.7045324  105.1267281
 105.4303871  106.1046512  106.538237   107.1589883  108.1764296
 108.201581   108.6309524  109.939759   111.4163614  111.6891065
 112.258348   112.5198886  113.5687229  114.1644325  115.1790314
 119.8555166  120.5538618  121.1819389  121.197515   121.574912
 122.124634   122.1456693  122.8956229  123.8687783  143.1372549 ])
18:37:38  baselineEval.src.cross_validation  INFO     Skipping LGBM regressor (--skip-lgbm)
18:37:38  baselineEval.src.cross_validation  INFO     Regression CV: 1 models, 5×10 nested CV (50 total outer folds)
18:37:46  baselineEval.src.cross_validation  INFO       Saved: predictions_per_subject.csv
18:37:46  baselineEval.src.cross_validation  INFO       CV results: 50 rows → /srv/beegfs/scratch/shares/schaerm/schaer2/video_sam2_pose/humanLISBET-paper/baselineEval/results_stats_temporal_maxpool_lasso/full_kinematic_temporal/regression/MSEL_FM_DQ/cv_results.csv
18:37:46  baselineEval.src.cross_validation  INFO     
── Regression summary (MSEL_FM_DQ) ──
model     rmse        r2  spearman_r
lasso 21.13047 -0.053975    0.290087
18:37:46  ccnEvaluation         INFO     ── Held-out for MSEL_FM_DQ (regression | full_kinematic_temporal) ──
18:37:46  baselineEval.src.held_out  INFO     Best regression model: lasso (RMSE=21.1305 ± 3.4858)
18:37:47  baselineEval.src.held_out  INFO     Held-out regression (full_kinematic_temporal | MSEL_FM_DQ): model=lasso RMSE=22.257 [15.331, 28.257] R²=-0.038 [-0.647, 0.175] ρ=0.221
18:37:50  baselineEval.src.plotting  INFO       Saved: shap_bar_top20.png and shap_beeswarm_top20.png
18:37:50  baselineEval.src.held_out  INFO     SHAP saved → /srv/beegfs/scratch/shares/schaerm/schaer2/video_sam2_pose/humanLISBET-paper/baselineEval/results_stats_temporal_maxpool_lasso/full_kinematic_temporal/held_out/regression/MSEL_FM_DQ/shap
18:37:50  ccnEvaluation         INFO     ── CV for MSEL_VR_DQ (regression) ──
18:37:50  ccnEvaluation         INFO       X: (100, 159), y: (100,) (classes: [ 24.78395062  38.27847693  40.84386519  44.24242424  48.97137746
  55.48645661  56.65502522  56.92959002  62.16881151  62.75283172
  64.71631206  65.27181688  65.72629052  66.12318841  66.69049889
  67.74833589  69.92337165  70.46332046  70.66795741  71.15009747
  72.16608084  73.80514706  73.80800341  75.41322314  76.86522262
  77.69631031  77.99145299  78.31273601  78.41474446  78.6637931
  79.18580909  79.31783825  80.21978022  83.77964805  84.0389186
  84.56192081  84.81797057  84.88372093  85.28037383  87.43066062
  88.66708914  89.11889597  89.35566001  89.46078431  89.57533077
  89.615829    90.15860634  92.33630952  93.50512357  93.81764069
  94.1109736   94.6140553   96.17918314  96.20155039  97.93244949
  98.97788903 100.5796275  102.1289538  103.2884465  104.0746873
 104.3095565  106.0098302  106.3795337  108.127254   109.5515537
 110.1055807  110.1609658  110.297536   111.6891065  113.7780549
 114.2017705  114.5637163  115.3090847  116.9871795  118.5064935
 121.4642263  123.6822289  124.5733788  125.1905488  125.2213369
 129.0167095  130.7503771  133.1727963  133.6408905  133.8188664
 134.9544937  135.1851852  136.0094851  136.515748   146.7828418
 147.3675711  148.8166269  148.8393977  151.821572   153.0708874
 158.9721254  159.8073555  175.8188825  192.7226814 ])
18:37:50  baselineEval.src.cross_validation  INFO     Skipping LGBM regressor (--skip-lgbm)
18:37:50  baselineEval.src.cross_validation  INFO     Regression CV: 1 models, 5×10 nested CV (50 total outer folds)
18:37:58  baselineEval.src.cross_validation  INFO       Saved: predictions_per_subject.csv
18:37:58  baselineEval.src.cross_validation  INFO       CV results: 50 rows → /srv/beegfs/scratch/shares/schaerm/schaer2/video_sam2_pose/humanLISBET-paper/baselineEval/results_stats_temporal_maxpool_lasso/full_kinematic_temporal/regression/MSEL_VR_DQ/cv_results.csv
18:37:58  baselineEval.src.cross_validation  INFO     
── Regression summary (MSEL_VR_DQ) ──
model      rmse       r2  spearman_r
lasso 30.630867 0.035936    0.231579
18:37:58  ccnEvaluation         INFO     ── Held-out for MSEL_VR_DQ (regression | full_kinematic_temporal) ──
18:37:58  baselineEval.src.held_out  INFO     Best regression model: lasso (RMSE=30.6309 ± 3.6694)
18:37:58  baselineEval.src.held_out  INFO     Held-out regression (full_kinematic_temporal | MSEL_VR_DQ): model=lasso RMSE=31.731 [24.220, 39.081] R²=0.109 [-0.282, 0.175] ρ=0.713
18:38:02  baselineEval.src.plotting  INFO       Saved: shap_bar_top20.png and shap_beeswarm_top20.png
18:38:02  baselineEval.src.held_out  INFO     SHAP saved → /srv/beegfs/scratch/shares/schaerm/schaer2/video_sam2_pose/humanLISBET-paper/baselineEval/results_stats_temporal_maxpool_lasso/full_kinematic_temporal/held_out/regression/MSEL_VR_DQ/shap
18:38:02  ccnEvaluation         INFO     ── CV for MSEL_LR_DQ (regression) ──
18:38:02  ccnEvaluation         INFO       X: (100, 159), y: (100,) (classes: [  3.88463176   4.06639929   6.75925926   9.87554113  12.01290153
  16.59090909  18.70972466  20.22384752  20.94811754  21.24563446
  25.56022409  26.50048403  28.99586908  29.92695289  32.38948048
  32.63590844  35.30956329  37.26391016  38.9957265   40.25735294
  40.48807543  43.06091806  44.2961165   44.83182162  46.05097149
  46.79487179  47.45189808  48.93770627  50.11618082  50.37154989
  52.84749035  53.52588625  53.65219358  54.90373045  59.29174789
  59.55070281  62.02209006  62.16545012  62.65018881  63.07603687
  64.61056645  64.9288451   66.12318841  66.75811614  70.61011905
  70.91968912  71.94102807  73.19518717  74.25406872  76.30178639
  76.39534884  77.74980635  77.81007752  77.89159198  78.6637931
  79.07279029  79.43695591  80.19460138  82.52583979  83.43724023
  83.56227106  84.15678524  87.60560676  91.80080483  96.34238311
  96.50411281 102.7847309  104.0746873  105.9596995  107.2715207
 108.1764296  108.8902148  110.0871314  115.4120767  115.9171748
 116.9871795  117.5351288  118.5064935  119.2178672  119.8802164
 120.1122726  120.9753788  121.1819389  122.3190349  122.5189726
 124.5733788  126.9356955  127.766486   128.1288156  130.2021403
 130.5093403  132.9263068  138.2575758  142.6500252  144.1714836
 144.3321617  147.1132898  148.8393977  153.6195286  157.0567986 ])
18:38:02  baselineEval.src.cross_validation  INFO     Skipping LGBM regressor (--skip-lgbm)
18:38:02  baselineEval.src.cross_validation  INFO     Regression CV: 1 models, 5×10 nested CV (50 total outer folds)
18:38:09  baselineEval.src.cross_validation  INFO       Saved: predictions_per_subject.csv
18:38:09  baselineEval.src.cross_validation  INFO       CV results: 50 rows → /srv/beegfs/scratch/shares/schaerm/schaer2/video_sam2_pose/humanLISBET-paper/baselineEval/results_stats_temporal_maxpool_lasso/full_kinematic_temporal/regression/MSEL_LR_DQ/cv_results.csv
18:38:09  baselineEval.src.cross_validation  INFO     
── Regression summary (MSEL_LR_DQ) ──
model      rmse       r2  spearman_r
lasso 36.301482 0.177405    0.465337
18:38:09  ccnEvaluation         INFO     ── Held-out for MSEL_LR_DQ (regression | full_kinematic_temporal) ──
18:38:09  baselineEval.src.held_out  INFO     Best regression model: lasso (RMSE=36.3015 ± 3.5760)
18:38:10  baselineEval.src.held_out  INFO     Held-out regression (full_kinematic_temporal | MSEL_LR_DQ): model=lasso RMSE=36.825 [26.655, 46.334] R²=0.341 [-0.097, 0.501] ρ=0.743
18:38:14  baselineEval.src.plotting  INFO       Saved: shap_bar_top20.png and shap_beeswarm_top20.png
18:38:14  baselineEval.src.held_out  INFO     SHAP saved → /srv/beegfs/scratch/shares/schaerm/schaer2/video_sam2_pose/humanLISBET-paper/baselineEval/results_stats_temporal_maxpool_lasso/full_kinematic_temporal/held_out/regression/MSEL_LR_DQ/shap
18:38:14  ccnEvaluation         INFO     ── CV for MSEL_LE_DQ (regression) ──
18:38:14  ccnEvaluation         INFO       X: (100, 159), y: (100,) (classes: [  9.94008715  14.16375631  17.66698935  21.62322275  22.5308642
  23.71669916  24.48568873  29.32736455  29.93313147  31.1965812
  31.83139535  32.5311943   34.96168582  35.3339787   36.51460584
  36.64658635  37.69462981  40.09226714  40.25735294  40.48807543
  41.27091814  41.92189893  43.37492573  44.24242424  44.2961165
  44.43993506  44.83182162  45.69027182  46.51656754  46.72299027
  47.44367418  50.11618082  50.12015105  50.13736264  50.93023256
  52.58200355  54.8048048   55.8530987   56.46658416  56.94227769
  57.72506083  58.12101911  59.82097832  59.93431856  60.11198946
  61.49957877  65.17857143  65.57490326  66.18574582  66.20785318
  69.12878788  69.55030488  71.37484958  72.66780432  73.41954023
  75.10288066  76.33526384  77.99145299  78.1455863   79.85282418
  80.57395143  81.54602324  82.20720721  83.94209957  84.10138249
  85.23058961  86.67962003  89.35128519  89.92073693  90.17483846
  91.02244389  91.36420526  91.65097301  93.77792672  94.24218952
  96.25527426  96.94555113  97.92085848 100.2099483  100.2747253
 103.2239819  106.0553231  108.127254   109.939759   111.2804878
 111.8651489  112.258348   114.1922639  115.7352358  116.9871795
 120.9753788  122.124634   124.6584699  128.4817876  128.8841808
 137.775842   140.655106   143.7007874  170.9694989 ])
18:38:14  baselineEval.src.cross_validation  INFO     Skipping LGBM regressor (--skip-lgbm)
18:38:14  baselineEval.src.cross_validation  INFO     Regression CV: 1 models, 5×10 nested CV (50 total outer folds)
18:38:21  baselineEval.src.cross_validation  INFO       Saved: predictions_per_subject.csv
18:38:21  baselineEval.src.cross_validation  INFO       CV results: 50 rows → /srv/beegfs/scratch/shares/schaerm/schaer2/video_sam2_pose/humanLISBET-paper/baselineEval/results_stats_temporal_maxpool_lasso/full_kinematic_temporal/regression/MSEL_LE_DQ/cv_results.csv
18:38:21  baselineEval.src.cross_validation  INFO     
── Regression summary (MSEL_LE_DQ) ──
model      rmse        r2  spearman_r
lasso 34.886518 -0.145037    0.365234
18:38:21  ccnEvaluation         INFO     ── Held-out for MSEL_LE_DQ (regression | full_kinematic_temporal) ──
18:38:21  baselineEval.src.held_out  INFO     Best regression model: lasso (RMSE=34.8865 ± 7.9524)
18:38:22  baselineEval.src.held_out  INFO     Held-out regression (full_kinematic_temporal | MSEL_LE_DQ): model=lasso RMSE=32.945 [25.435, 39.734] R²=0.224 [-0.329, 0.364] ρ=0.809
18:38:25  baselineEval.src.plotting  INFO       Saved: shap_bar_top20.png and shap_beeswarm_top20.png
18:38:25  baselineEval.src.held_out  INFO     SHAP saved → /srv/beegfs/scratch/shares/schaerm/schaer2/video_sam2_pose/humanLISBET-paper/baselineEval/results_stats_temporal_maxpool_lasso/full_kinematic_temporal/held_out/regression/MSEL_LE_DQ/shap
18:38:25  ccnEvaluation         INFO     ── CV for MSEL_NV_DQ (regression) ──
18:38:25  ccnEvaluation         INFO       X: (100, 159), y: (100,) (classes: [ 21.40432099  44.16747338  48.05160611  48.97137746  49.77272727
  58.71498864  60.1959643   60.90716019  63.02918895  63.79091198
  64.09642401  65.57490326  65.72629052  66.58026114  67.72345918
  67.91030161  70.16720315  71.56862745  72.80585106  73.37984863
  74.11468486  74.27325581  74.37794938  74.47079827  74.91789819
  76.17530756  76.74648129  76.87728938  77.59353741  79.97251931
  81.51480347  81.6976584   81.89102564  81.99943836  82.20720721
  82.35559567  83.73346137  83.90804598  84.15678524  84.60538218
  84.81199831  86.57250071  88.46431518  88.6496114   88.80778589
  88.87987013  91.05626327  91.88613478  92.03227433  92.13004822
  94.43082789  94.90379615  95.05208333  95.96479195  96.20155039
  96.39084507  96.49226641  97.36019132  97.52310803  97.94594067
  98.60764755  98.68968386  98.84549601  98.97788903  99.87039171
 100.2432517  102.1903821  103.1073446  109.0017065  109.0761612
 109.2369828  110.0871314  111.4163614  111.6531427  111.6891065
 114.2017705  115.7352358  116.0376082  116.2030831  116.810994
 116.9871795  119.3828214  119.8555166  121.5842367  122.8722053
 122.9496192  123.2016379  125.1071123  126.1626445  126.7361111
 127.1777003  128.2630522  128.3820346  129.3307087  130.6682578
 135.4820159  137.1387283  139.16122    139.8314361  157.8091521 ])
18:38:25  baselineEval.src.cross_validation  INFO     Skipping LGBM regressor (--skip-lgbm)
18:38:25  baselineEval.src.cross_validation  INFO     Regression CV: 1 models, 5×10 nested CV (50 total outer folds)
18:38:33  baselineEval.src.cross_validation  INFO       Saved: predictions_per_subject.csv
18:38:33  baselineEval.src.cross_validation  INFO       CV results: 50 rows → /srv/beegfs/scratch/shares/schaerm/schaer2/video_sam2_pose/humanLISBET-paper/baselineEval/results_stats_temporal_maxpool_lasso/full_kinematic_temporal/regression/MSEL_NV_DQ/cv_results.csv
18:38:33  baselineEval.src.cross_validation  INFO     
── Regression summary (MSEL_NV_DQ) ──
model      rmse       r2  spearman_r
lasso 23.988556 0.042228    0.236558
18:38:33  ccnEvaluation         INFO     ── Held-out for MSEL_NV_DQ (regression | full_kinematic_temporal) ──
18:38:33  baselineEval.src.held_out  INFO     Best regression model: lasso (RMSE=23.9886 ± 2.9005)
18:38:33  baselineEval.src.held_out  INFO     Held-out regression (full_kinematic_temporal | MSEL_NV_DQ): model=lasso RMSE=24.453 [19.055, 29.460] R²=0.114 [-0.406, 0.320] ρ=0.436
18:38:37  baselineEval.src.plotting  INFO       Saved: shap_bar_top20.png and shap_beeswarm_top20.png
18:38:37  baselineEval.src.held_out  INFO     SHAP saved → /srv/beegfs/scratch/shares/schaerm/schaer2/video_sam2_pose/humanLISBET-paper/baselineEval/results_stats_temporal_maxpool_lasso/full_kinematic_temporal/held_out/regression/MSEL_NV_DQ/shap
18:38:37  ccnEvaluation         INFO     ── CV for MSEL_V_DQ (regression) ──
18:38:37  ccnEvaluation         INFO       X: (100, 159), y: (100,) (classes: [ 14.64506173  16.81806214  17.70469538  18.29879679  19.42315879
  25.02823491  25.13774105  27.1577381   27.20632081  29.4009959
  30.41666667  30.91723136  31.03741497  33.34524944  35.09615385
  36.40292553  37.2753268   37.99205148  39.16309013  39.59290454
  40.25735294  40.48807543  41.50422352  44.2961165   44.83182162
  47.46155586  48.09864458  48.46611722  48.93286143  50.11618082
  50.44223328  52.19708788  52.70214521  54.2462845   54.2693288
  54.68949248  54.82073643  54.89951357  56.38516993  58.28505645
  59.94525547  62.43158183  63.11758893  63.13929001  63.25823224
  63.6627907   64.59137709  67.89434524  69.06338694  70.46826734
  70.9304984   72.04972258  76.04166667  78.79965458  80.77686203
  81.15118577  83.23831243  85.25467149  85.85349462  85.92278719
  85.99599793  87.22984206  89.35566001  91.36789406  92.32431935
  92.73373984  94.37151949  94.86083166  95.8165773   97.07446809
  98.62059158  99.7831825  101.2242965  101.2355018  102.3816809
 103.6931818  103.8747811  107.1158763  108.0484808  109.063745
 110.7318923  111.4235219  114.0037352  114.2017705  115.3090847
 116.9871795  119.5234869  120.9753788  121.0967994  121.1872446
 122.9686881  124.051024   128.2952548  128.9440573  133.4982788
 135.3182415  135.4820159  141.0506581  142.4132948  159.0413943 ])
18:38:37  baselineEval.src.cross_validation  INFO     Skipping LGBM regressor (--skip-lgbm)
18:38:37  baselineEval.src.cross_validation  INFO     Regression CV: 1 models, 5×10 nested CV (50 total outer folds)
18:38:44  baselineEval.src.cross_validation  INFO       Saved: predictions_per_subject.csv
18:38:44  baselineEval.src.cross_validation  INFO       CV results: 50 rows → /srv/beegfs/scratch/shares/schaerm/schaer2/video_sam2_pose/humanLISBET-paper/baselineEval/results_stats_temporal_maxpool_lasso/full_kinematic_temporal/regression/MSEL_V_DQ/cv_results.csv
18:38:44  baselineEval.src.cross_validation  INFO     
── Regression summary (MSEL_V_DQ) ──
model      rmse       r2  spearman_r
lasso 31.837782 0.168404    0.488845
18:38:44  ccnEvaluation         INFO     ── Held-out for MSEL_V_DQ (regression | full_kinematic_temporal) ──
18:38:44  baselineEval.src.held_out  INFO     Best regression model: lasso (RMSE=31.8378 ± 4.3675)
18:38:45  baselineEval.src.held_out  INFO     Held-out regression (full_kinematic_temporal | MSEL_V_DQ): model=lasso RMSE=33.927 [25.183, 42.074] R²=0.308 [-0.164, 0.461] ρ=0.814
18:38:48  baselineEval.src.plotting  INFO       Saved: shap_bar_top20.png and shap_beeswarm_top20.png
18:38:48  baselineEval.src.held_out  INFO     SHAP saved → /srv/beegfs/scratch/shares/schaerm/schaer2/video_sam2_pose/humanLISBET-paper/baselineEval/results_stats_temporal_maxpool_lasso/full_kinematic_temporal/held_out/regression/MSEL_V_DQ/shap
18:38:48  ccnEvaluation         INFO     ═══ Representation: embedding_temporal ═══
18:38:48  ccnEvaluation         INFO       Features for embedding_temporal: 384 columns
18:38:48  ccnEvaluation         INFO     ═══ Step 2: Preprocessing report ═══
18:38:49  baselineEval.src.preprocessing  INFO     Feature selection (full dataset): 384 features → 384 kept (0 missingness, 0 near-zero-var, 0 correlated)
18:38:49  baselineEval.src.preprocessing  INFO     Feature selection report → /srv/beegfs/scratch/shares/schaerm/schaer2/video_sam2_pose/humanLISBET-paper/baselineEval/results_stats_temporal_maxpool_lasso/embedding_temporal/feature_selection_report.csv
18:38:49  baselineEval.src.preprocessing  INFO     PCA explained-variance data → /srv/beegfs/scratch/shares/schaerm/schaer2/video_sam2_pose/humanLISBET-paper/baselineEval/results_stats_temporal_maxpool_lasso/embedding_temporal/pca_explained_variance.csv
18:38:50  baselineEval.src.preprocessing  INFO     PCA explained-variance plot → /srv/beegfs/scratch/shares/schaerm/schaer2/video_sam2_pose/humanLISBET-paper/baselineEval/results_stats_temporal_maxpool_lasso/embedding_temporal/pca_explained_variance.png
18:38:50  ccnEvaluation         INFO     ── CV for diagnosis (classification) ──
18:38:50  ccnEvaluation         INFO       X: (102, 384), y: (102,) (classes: [0 1])
18:38:50  baselineEval.src.cross_validation  INFO     Skipping LGBM classifier (--skip-lgbm)
18:38:50  baselineEval.src.cross_validation  INFO     Classification CV: 1 models, 5×10 nested CV (50 total outer folds)
18:39:57  baselineEval.src.cross_validation  INFO       Saved: predictions_per_subject.csv
18:39:57  baselineEval.src.cross_validation  INFO       CV results: 50 rows → /srv/beegfs/scratch/shares/schaerm/schaer2/video_sam2_pose/humanLISBET-paper/baselineEval/results_stats_temporal_maxpool_lasso/embedding_temporal/classification/diagnosis/cv_results.csv
18:39:57  baselineEval.src.cross_validation  INFO     
── Classification AUC-ROC summary (diagnosis) ──
model  auc_roc_mean  auc_roc_std
lasso      0.675442     0.119993
18:39:57  ccnEvaluation         INFO     ── Held-out for diagnosis (classification | embedding_temporal) ──
18:39:57  baselineEval.src.held_out  INFO     Best classification model: lasso (AUC=0.6754 ± 0.1200)
18:39:58  baselineEval.src.held_out  INFO     Held-out classification (embedding_temporal | diagnosis): model=lasso AUC=0.829 BAcc=0.707 Acc=0.706 [0.440, 0.897]
18:39:59  baselineEval.src.plotting  INFO       Saved: shap_bar_top20.png and shap_beeswarm_top20.png
18:39:59  baselineEval.src.held_out  INFO     SHAP saved → /srv/beegfs/scratch/shares/schaerm/schaer2/video_sam2_pose/humanLISBET-paper/baselineEval/results_stats_temporal_maxpool_lasso/embedding_temporal/held_out/classification/diagnosis/shap
18:39:59  ccnEvaluation         INFO     ── CV for ADOS_2_ADOS_G_revised_RRB_level_of_symptoms (classification) ──
18:39:59  ccnEvaluation         INFO       X: (102, 384), y: (102,) (classes: [0 1 2])
18:39:59  baselineEval.src.cross_validation  INFO     Skipping LGBM classifier (--skip-lgbm)
18:39:59  baselineEval.src.cross_validation  INFO     Classification CV: 1 models, 5×10 nested CV (50 total outer folds)
18:41:46  baselineEval.src.cross_validation  INFO       Saved: predictions_per_subject.csv
18:41:46  baselineEval.src.cross_validation  INFO       CV results: 50 rows → /srv/beegfs/scratch/shares/schaerm/schaer2/video_sam2_pose/humanLISBET-paper/baselineEval/results_stats_temporal_maxpool_lasso/embedding_temporal/classification/ADOS_2_ADOS_G_revised_RRB_level_of_symptoms/cv_results.csv
18:41:46  baselineEval.src.cross_validation  INFO     
── Classification F1-macro summary (ADOS_2_ADOS_G_revised_RRB_level_of_symptoms) ──
model  f1_macro_mean  f1_macro_std
lasso       0.462606      0.095968
18:41:46  ccnEvaluation         INFO     ── Held-out for ADOS_2_ADOS_G_revised_RRB_level_of_symptoms (classification | embedding_temporal) ──
18:41:46  baselineEval.src.held_out  INFO     Best classification model: lasso (F1-macro=0.4626 ± 0.0960)
18:41:47  baselineEval.src.held_out  INFO     Held-out classification (embedding_temporal | ADOS_2_ADOS_G_revised_RRB_level_of_symptoms): model=lasso F1-macro=0.333 BAcc=0.333 Acc=0.412 [0.184, 0.671]
18:41:49  baselineEval.src.plotting  INFO       Saved: shap_bar_top20.png and shap_beeswarm_top20.png
18:41:49  baselineEval.src.held_out  INFO     SHAP saved → /srv/beegfs/scratch/shares/schaerm/schaer2/video_sam2_pose/humanLISBET-paper/baselineEval/results_stats_temporal_maxpool_lasso/embedding_temporal/held_out/classification/ADOS_2_ADOS_G_revised_RRB_level_of_symptoms/shap
18:41:49  ccnEvaluation         INFO     ── CV for ADOS_2_ADOS_G_REVISED_SA_LEVEL_OF_SYMPTOMS (classification) ──
18:41:49  ccnEvaluation         INFO       X: (102, 384), y: (102,) (classes: [0 1 2 3])
18:41:49  baselineEval.src.cross_validation  INFO     Skipping LGBM classifier (--skip-lgbm)
18:41:49  baselineEval.src.cross_validation  INFO     Classification CV: 1 models, 5×10 nested CV (50 total outer folds)
18:43:49  baselineEval.src.cross_validation  INFO       Saved: predictions_per_subject.csv
18:43:49  baselineEval.src.cross_validation  INFO       CV results: 50 rows → /srv/beegfs/scratch/shares/schaerm/schaer2/video_sam2_pose/humanLISBET-paper/baselineEval/results_stats_temporal_maxpool_lasso/embedding_temporal/classification/ADOS_2_ADOS_G_REVISED_SA_LEVEL_OF_SYMPTOMS/cv_results.csv
18:43:49  baselineEval.src.cross_validation  INFO     
── Classification F1-macro summary (ADOS_2_ADOS_G_REVISED_SA_LEVEL_OF_SYMPTOMS) ──
model  f1_macro_mean  f1_macro_std
lasso       0.332433      0.093577
18:43:49  ccnEvaluation         INFO     ── Held-out for ADOS_2_ADOS_G_REVISED_SA_LEVEL_OF_SYMPTOMS (classification | embedding_temporal) ──
18:43:49  baselineEval.src.held_out  INFO     Best classification model: lasso (F1-macro=0.3324 ± 0.0936)
18:43:51  baselineEval.src.held_out  INFO     Held-out classification (embedding_temporal | ADOS_2_ADOS_G_REVISED_SA_LEVEL_OF_SYMPTOMS): model=lasso F1-macro=0.343 BAcc=0.351 Acc=0.412 [0.184, 0.671]
18:43:53  baselineEval.src.plotting  INFO       Saved: shap_bar_top20.png and shap_beeswarm_top20.png
18:43:53  baselineEval.src.held_out  INFO     SHAP saved → /srv/beegfs/scratch/shares/schaerm/schaer2/video_sam2_pose/humanLISBET-paper/baselineEval/results_stats_temporal_maxpool_lasso/embedding_temporal/held_out/classification/ADOS_2_ADOS_G_REVISED_SA_LEVEL_OF_SYMPTOMS/shap
18:43:53  ccnEvaluation         INFO     ── CV for ADOS_G_ADOS_2_TOTAL_score_de_severite (regression) ──
18:43:53  ccnEvaluation         INFO       X: (102, 384), y: (102,) (classes: [ 1.  2.  3.  4.  5.  6.  7.  8.  9. 10.])
18:43:53  baselineEval.src.cross_validation  INFO     Skipping LGBM regressor (--skip-lgbm)
18:43:53  baselineEval.src.cross_validation  INFO     Regression CV: 1 models, 5×10 nested CV (50 total outer folds)
18:44:04  baselineEval.src.cross_validation  INFO       Saved: predictions_per_subject.csv
18:44:05  baselineEval.src.cross_validation  INFO       CV results: 50 rows → /srv/beegfs/scratch/shares/schaerm/schaer2/video_sam2_pose/humanLISBET-paper/baselineEval/results_stats_temporal_maxpool_lasso/embedding_temporal/regression/ADOS_G_ADOS_2_TOTAL_score_de_severite/cv_results.csv
18:44:05  baselineEval.src.cross_validation  INFO     
── Regression summary (ADOS_G_ADOS_2_TOTAL_score_de_severite) ──
model     rmse       r2  spearman_r
lasso 3.207854 0.076531    0.402336
18:44:05  ccnEvaluation         INFO     ── Held-out for ADOS_G_ADOS_2_TOTAL_score_de_severite (regression | embedding_temporal) ──
18:44:05  baselineEval.src.held_out  INFO     Best regression model: lasso (RMSE=3.2079 ± 0.2766)
18:44:05  baselineEval.src.held_out  INFO     Held-out regression (embedding_temporal | ADOS_G_ADOS_2_TOTAL_score_de_severite): model=lasso RMSE=3.196 [2.448, 3.832] R²=0.169 [-0.243, 0.365] ρ=0.447
18:44:07  baselineEval.src.plotting  INFO       Saved: shap_bar_top20.png and shap_beeswarm_top20.png
18:44:07  baselineEval.src.held_out  INFO     SHAP saved → /srv/beegfs/scratch/shares/schaerm/schaer2/video_sam2_pose/humanLISBET-paper/baselineEval/results_stats_temporal_maxpool_lasso/embedding_temporal/held_out/regression/ADOS_G_ADOS_2_TOTAL_score_de_severite/shap
18:44:07  ccnEvaluation         INFO     ── CV for ADOS_2_ADOS_G_REVISED_SA_SEVERITY_SCORE (regression) ──
18:44:07  ccnEvaluation         INFO       X: (102, 384), y: (102,) (classes: [ 1.  2.  3.  4.  5.  6.  7.  9. 10.])
18:44:07  baselineEval.src.cross_validation  INFO     Skipping LGBM regressor (--skip-lgbm)
18:44:07  baselineEval.src.cross_validation  INFO     Regression CV: 1 models, 5×10 nested CV (50 total outer folds)
18:44:19  baselineEval.src.cross_validation  INFO       Saved: predictions_per_subject.csv
18:44:19  baselineEval.src.cross_validation  INFO       CV results: 50 rows → /srv/beegfs/scratch/shares/schaerm/schaer2/video_sam2_pose/humanLISBET-paper/baselineEval/results_stats_temporal_maxpool_lasso/embedding_temporal/regression/ADOS_2_ADOS_G_REVISED_SA_SEVERITY_SCORE/cv_results.csv
18:44:19  baselineEval.src.cross_validation  INFO     
── Regression summary (ADOS_2_ADOS_G_REVISED_SA_SEVERITY_SCORE) ──
model     rmse       r2  spearman_r
lasso 3.047915 0.010541    0.248739
18:44:19  ccnEvaluation         INFO     ── Held-out for ADOS_2_ADOS_G_REVISED_SA_SEVERITY_SCORE (regression | embedding_temporal) ──
18:44:19  baselineEval.src.held_out  INFO     Best regression model: lasso (RMSE=3.0479 ± 0.2070)
18:44:20  baselineEval.src.held_out  INFO     Held-out regression (embedding_temporal | ADOS_2_ADOS_G_REVISED_SA_SEVERITY_SCORE): model=lasso RMSE=2.850 [2.186, 3.398] R²=0.014 [-0.792, 0.205] ρ=0.265
18:44:22  baselineEval.src.plotting  INFO       Saved: shap_bar_top20.png and shap_beeswarm_top20.png
18:44:22  baselineEval.src.held_out  INFO     SHAP saved → /srv/beegfs/scratch/shares/schaerm/schaer2/video_sam2_pose/humanLISBET-paper/baselineEval/results_stats_temporal_maxpool_lasso/embedding_temporal/held_out/regression/ADOS_2_ADOS_G_REVISED_SA_SEVERITY_SCORE/shap
18:44:22  ccnEvaluation         INFO     ── CV for ADOS_2_ADOS_G_REVISED_RRB_SEVERITY_SCORE_new (regression) ──
18:44:22  ccnEvaluation         INFO       X: (102, 384), y: (102,) (classes: [ 1.  5.  6.  7.  8.  9. 10.])
18:44:22  baselineEval.src.cross_validation  INFO     Skipping LGBM regressor (--skip-lgbm)
18:44:22  baselineEval.src.cross_validation  INFO     Regression CV: 1 models, 5×10 nested CV (50 total outer folds)
18:44:33  baselineEval.src.cross_validation  INFO       Saved: predictions_per_subject.csv
18:44:33  baselineEval.src.cross_validation  INFO       CV results: 50 rows → /srv/beegfs/scratch/shares/schaerm/schaer2/video_sam2_pose/humanLISBET-paper/baselineEval/results_stats_temporal_maxpool_lasso/embedding_temporal/regression/ADOS_2_ADOS_G_REVISED_RRB_SEVERITY_SCORE_new/cv_results.csv
18:44:33  baselineEval.src.cross_validation  INFO     
── Regression summary (ADOS_2_ADOS_G_REVISED_RRB_SEVERITY_SCORE_new) ──
model     rmse        r2  spearman_r
lasso 3.144493 -0.001061    0.360218
18:44:33  ccnEvaluation         INFO     ── Held-out for ADOS_2_ADOS_G_REVISED_RRB_SEVERITY_SCORE_new (regression | embedding_temporal) ──
18:44:33  baselineEval.src.held_out  INFO     Best regression model: lasso (RMSE=3.1445 ± 0.3968)
18:44:34  baselineEval.src.held_out  INFO     Held-out regression (embedding_temporal | ADOS_2_ADOS_G_REVISED_RRB_SEVERITY_SCORE_new): model=lasso RMSE=3.387 [2.602, 4.192] R²=0.191 [-0.180, 0.396] ρ=0.418
18:44:36  baselineEval.src.plotting  INFO       Saved: shap_bar_top20.png and shap_beeswarm_top20.png
18:44:36  baselineEval.src.held_out  INFO     SHAP saved → /srv/beegfs/scratch/shares/schaerm/schaer2/video_sam2_pose/humanLISBET-paper/baselineEval/results_stats_temporal_maxpool_lasso/embedding_temporal/held_out/regression/ADOS_2_ADOS_G_REVISED_RRB_SEVERITY_SCORE_new/shap
18:44:36  ccnEvaluation         INFO     ── CV for VLDII_AdSS (regression) ──
18:44:36  ccnEvaluation         INFO       X: (95, 384), y: (95,) (classes: [ 51.  63.  64.  65.  66.  68.  69.  70.  71.  72.  73.  74.  75.  76.
  77.  78.  79.  80.  81.  83.  84.  85.  86.  87.  88.  89.  90.  91.
  92.  93.  94.  95.  96.  97.  99. 100. 102. 103. 104. 105. 107. 108.
 109. 110. 113. 115. 117.])
18:44:36  baselineEval.src.cross_validation  INFO     Skipping LGBM regressor (--skip-lgbm)
18:44:36  baselineEval.src.cross_validation  INFO     Regression CV: 1 models, 5×10 nested CV (50 total outer folds)
18:44:49  baselineEval.src.cross_validation  INFO       Saved: predictions_per_subject.csv
18:44:49  baselineEval.src.cross_validation  INFO       CV results: 50 rows → /srv/beegfs/scratch/shares/schaerm/schaer2/video_sam2_pose/humanLISBET-paper/baselineEval/results_stats_temporal_maxpool_lasso/embedding_temporal/regression/VLDII_AdSS/cv_results.csv
18:44:49  baselineEval.src.cross_validation  INFO     
── Regression summary (VLDII_AdSS) ──
model      rmse       r2  spearman_r
lasso 13.724074 0.116608    0.398257
18:44:49  ccnEvaluation         INFO     ── Held-out for VLDII_AdSS (regression | embedding_temporal) ──
18:44:49  baselineEval.src.held_out  INFO     Best regression model: lasso (RMSE=13.7241 ± 1.2121)
18:44:50  baselineEval.src.held_out  INFO     Held-out regression (embedding_temporal | VLDII_AdSS): model=lasso RMSE=14.798 [11.726, 17.439] R²=0.125 [-0.268, 0.259] ρ=0.361
18:44:52  baselineEval.src.plotting  INFO       Saved: shap_bar_top20.png and shap_beeswarm_top20.png
18:44:52  baselineEval.src.held_out  INFO     SHAP saved → /srv/beegfs/scratch/shares/schaerm/schaer2/video_sam2_pose/humanLISBET-paper/baselineEval/results_stats_temporal_maxpool_lasso/embedding_temporal/held_out/regression/VLDII_AdSS/shap
18:44:52  ccnEvaluation         INFO     ── CV for VLDII_MotorSS (regression) ──
18:44:52  ccnEvaluation         INFO       X: (95, 384), y: (95,) (classes: [ 56.  67.  69.  70.  72.  75.  79.  81.  82.  84.  85.  88.  90.  93.
  94.  95.  96.  97. 100. 102. 104. 105. 106. 108. 111. 114. 121. 131.])
18:44:52  baselineEval.src.cross_validation  INFO     Skipping LGBM regressor (--skip-lgbm)
18:44:52  baselineEval.src.cross_validation  INFO     Regression CV: 1 models, 5×10 nested CV (50 total outer folds)
18:45:05  baselineEval.src.cross_validation  INFO       Saved: predictions_per_subject.csv
18:45:05  baselineEval.src.cross_validation  INFO       CV results: 50 rows → /srv/beegfs/scratch/shares/schaerm/schaer2/video_sam2_pose/humanLISBET-paper/baselineEval/results_stats_temporal_maxpool_lasso/embedding_temporal/regression/VLDII_MotorSS/cv_results.csv
18:45:05  baselineEval.src.cross_validation  INFO     
── Regression summary (VLDII_MotorSS) ──
model      rmse       r2  spearman_r
lasso 12.300171 0.000967    0.142848
18:45:05  ccnEvaluation         INFO     ── Held-out for VLDII_MotorSS (regression | embedding_temporal) ──
18:45:05  baselineEval.src.held_out  INFO     Best regression model: lasso (RMSE=12.3002 ± 1.3814)
18:45:05  baselineEval.src.held_out  INFO     Held-out regression (embedding_temporal | VLDII_MotorSS): model=lasso RMSE=12.336 [9.149, 15.435] R²=0.050 [-0.551, 0.123] ρ=0.244
18:45:07  baselineEval.src.plotting  INFO       Saved: shap_bar_top20.png and shap_beeswarm_top20.png
18:45:07  baselineEval.src.held_out  INFO     SHAP saved → /srv/beegfs/scratch/shares/schaerm/schaer2/video_sam2_pose/humanLISBET-paper/baselineEval/results_stats_temporal_maxpool_lasso/embedding_temporal/held_out/regression/VLDII_MotorSS/shap
18:45:07  ccnEvaluation         INFO     ── CV for VLDII_gmsVS (regression) ──
18:45:07  ccnEvaluation         INFO       X: (95, 384), y: (95,) (classes: [ 8.  9. 10. 11. 12. 13. 14. 15. 16. 17. 18. 22.])
18:45:07  baselineEval.src.cross_validation  INFO     Skipping LGBM regressor (--skip-lgbm)
18:45:07  baselineEval.src.cross_validation  INFO     Regression CV: 1 models, 5×10 nested CV (50 total outer folds)
18:45:18  baselineEval.src.cross_validation  INFO       Saved: predictions_per_subject.csv
18:45:18  baselineEval.src.cross_validation  INFO       CV results: 50 rows → /srv/beegfs/scratch/shares/schaerm/schaer2/video_sam2_pose/humanLISBET-paper/baselineEval/results_stats_temporal_maxpool_lasso/embedding_temporal/regression/VLDII_gmsVS/cv_results.csv
18:45:18  baselineEval.src.cross_validation  INFO     
── Regression summary (VLDII_gmsVS) ──
model     rmse        r2  spearman_r
lasso 2.109771 -0.006088     0.19331
18:45:18  ccnEvaluation         INFO     ── Held-out for VLDII_gmsVS (regression | embedding_temporal) ──
18:45:18  baselineEval.src.held_out  INFO     Best regression model: lasso (RMSE=2.1098 ± 0.3675)
18:45:19  baselineEval.src.held_out  INFO     Held-out regression (embedding_temporal | VLDII_gmsVS): model=lasso RMSE=1.851 [1.292, 2.348] R²=0.031 [-0.475, 0.090] ρ=0.220
18:45:21  baselineEval.src.plotting  INFO       Saved: shap_bar_top20.png and shap_beeswarm_top20.png
18:45:21  baselineEval.src.held_out  INFO     SHAP saved → /srv/beegfs/scratch/shares/schaerm/schaer2/video_sam2_pose/humanLISBET-paper/baselineEval/results_stats_temporal_maxpool_lasso/embedding_temporal/held_out/regression/VLDII_gmsVS/shap
18:45:21  ccnEvaluation         INFO     ── CV for VLDII_fmsVS (regression) ──
18:45:21  ccnEvaluation         INFO       X: (95, 384), y: (95,) (classes: [ 7.  8.  9. 10. 11. 12. 13. 14. 15. 16. 17. 18.])
18:45:21  baselineEval.src.cross_validation  INFO     Skipping LGBM regressor (--skip-lgbm)
18:45:21  baselineEval.src.cross_validation  INFO     Regression CV: 1 models, 5×10 nested CV (50 total outer folds)
18:45:32  baselineEval.src.cross_validation  INFO       Saved: predictions_per_subject.csv
18:45:32  baselineEval.src.cross_validation  INFO       CV results: 50 rows → /srv/beegfs/scratch/shares/schaerm/schaer2/video_sam2_pose/humanLISBET-paper/baselineEval/results_stats_temporal_maxpool_lasso/embedding_temporal/regression/VLDII_fmsVS/cv_results.csv
18:45:32  baselineEval.src.cross_validation  INFO     
── Regression summary (VLDII_fmsVS) ──
model     rmse        r2  spearman_r
lasso 2.477509 -0.036857    0.008871
18:45:32  ccnEvaluation         INFO     ── Held-out for VLDII_fmsVS (regression | embedding_temporal) ──
18:45:32  baselineEval.src.held_out  INFO     Best regression model: lasso (RMSE=2.4775 ± 0.2542)
/srv/beegfs/scratch/shares/schaerm/schaer2/video_sam2_pose/humanLISBET-paper/baselineEval/src/held_out.py:422: ConstantInputWarning: An input array is constant; the correlation coefficient is not defined.
  sp_r, _ = spearmanr(y_test, y_pred)
/srv/beegfs/scratch/shares/schaerm/schaer2/video_sam2_pose/humanLISBET-paper/baselineEval/src/held_out.py:423: ConstantInputWarning: An input array is constant; the correlation coefficient is not defined.
  pe_r, _ = pearsonr(y_test, y_pred)
18:45:33  baselineEval.src.held_out  INFO     Held-out regression (embedding_temporal | VLDII_fmsVS): model=lasso RMSE=2.495 [1.826, 3.138] R²=-0.013 [-0.555, -0.000] ρ=nan
18:45:35  baselineEval.src.plotting  INFO       Saved: shap_bar_top20.png and shap_beeswarm_top20.png
18:45:35  baselineEval.src.held_out  INFO     SHAP saved → /srv/beegfs/scratch/shares/schaerm/schaer2/video_sam2_pose/humanLISBET-paper/baselineEval/results_stats_temporal_maxpool_lasso/embedding_temporal/held_out/regression/VLDII_fmsVS/shap
18:45:35  ccnEvaluation         INFO     ── CV for VLDII_SocSS (regression) ──
18:45:35  ccnEvaluation         INFO       X: (95, 384), y: (95,) (classes: [ 59.  65.  66.  68.  70.  72.  74.  75.  76.  78.  79.  80.  81.  82.
  84.  86.  88.  89.  90.  91.  92.  94.  95.  96.  98. 100. 101. 102.
 105. 109. 111. 112. 114.])
18:45:35  baselineEval.src.cross_validation  INFO     Skipping LGBM regressor (--skip-lgbm)
18:45:35  baselineEval.src.cross_validation  INFO     Regression CV: 1 models, 5×10 nested CV (50 total outer folds)
18:45:47  baselineEval.src.cross_validation  INFO       Saved: predictions_per_subject.csv
18:45:47  baselineEval.src.cross_validation  INFO       CV results: 50 rows → /srv/beegfs/scratch/shares/schaerm/schaer2/video_sam2_pose/humanLISBET-paper/baselineEval/results_stats_temporal_maxpool_lasso/embedding_temporal/regression/VLDII_SocSS/cv_results.csv
18:45:47  baselineEval.src.cross_validation  INFO     
── Regression summary (VLDII_SocSS) ──
model      rmse       r2  spearman_r
lasso 11.576442 0.088781    0.421691
18:45:47  ccnEvaluation         INFO     ── Held-out for VLDII_SocSS (regression | embedding_temporal) ──
18:45:47  baselineEval.src.held_out  INFO     Best regression model: lasso (RMSE=11.5764 ± 1.0055)
18:45:48  baselineEval.src.held_out  INFO     Held-out regression (embedding_temporal | VLDII_SocSS): model=lasso RMSE=11.609 [8.906, 14.034] R²=0.114 [-0.239, 0.238] ρ=0.348
18:45:50  baselineEval.src.plotting  INFO       Saved: shap_bar_top20.png and shap_beeswarm_top20.png
18:45:50  baselineEval.src.held_out  INFO     SHAP saved → /srv/beegfs/scratch/shares/schaerm/schaer2/video_sam2_pose/humanLISBET-paper/baselineEval/results_stats_temporal_maxpool_lasso/embedding_temporal/held_out/regression/VLDII_SocSS/shap
18:45:50  ccnEvaluation         INFO     ── CV for VLDII_intVS (regression) ──
18:45:50  ccnEvaluation         INFO       X: (95, 384), y: (95,) (classes: [ 6.  8.  9. 10. 11. 12. 13. 14. 15. 16. 17. 18. 19. 20.])
18:45:50  baselineEval.src.cross_validation  INFO     Skipping LGBM regressor (--skip-lgbm)
18:45:50  baselineEval.src.cross_validation  INFO     Regression CV: 1 models, 5×10 nested CV (50 total outer folds)
18:46:01  baselineEval.src.cross_validation  INFO       Saved: predictions_per_subject.csv
18:46:01  baselineEval.src.cross_validation  INFO       CV results: 50 rows → /srv/beegfs/scratch/shares/schaerm/schaer2/video_sam2_pose/humanLISBET-paper/baselineEval/results_stats_temporal_maxpool_lasso/embedding_temporal/regression/VLDII_intVS/cv_results.csv
18:46:01  baselineEval.src.cross_validation  INFO     
── Regression summary (VLDII_intVS) ──
model     rmse       r2  spearman_r
lasso 2.534185 0.109967    0.509808
18:46:01  ccnEvaluation         INFO     ── Held-out for VLDII_intVS (regression | embedding_temporal) ──
18:46:01  baselineEval.src.held_out  INFO     Best regression model: lasso (RMSE=2.5342 ± 0.2566)
18:46:02  baselineEval.src.held_out  INFO     Held-out regression (embedding_temporal | VLDII_intVS): model=lasso RMSE=2.868 [2.377, 3.334] R²=0.083 [-0.347, 0.196] ρ=0.287
18:46:04  baselineEval.src.plotting  INFO       Saved: shap_bar_top20.png and shap_beeswarm_top20.png
18:46:04  baselineEval.src.held_out  INFO     SHAP saved → /srv/beegfs/scratch/shares/schaerm/schaer2/video_sam2_pose/humanLISBET-paper/baselineEval/results_stats_temporal_maxpool_lasso/embedding_temporal/held_out/regression/VLDII_intVS/shap
18:46:04  ccnEvaluation         INFO     ── CV for VLDII_plaVS (regression) ──
18:46:04  ccnEvaluation         INFO       X: (95, 384), y: (95,) (classes: [ 7.  8.  9. 10. 11. 12. 13. 14. 15. 16. 17. 18. 19.])
18:46:04  baselineEval.src.cross_validation  INFO     Skipping LGBM regressor (--skip-lgbm)
18:46:04  baselineEval.src.cross_validation  INFO     Regression CV: 1 models, 5×10 nested CV (50 total outer folds)
18:46:16  baselineEval.src.cross_validation  INFO       Saved: predictions_per_subject.csv
18:46:16  baselineEval.src.cross_validation  INFO       CV results: 50 rows → /srv/beegfs/scratch/shares/schaerm/schaer2/video_sam2_pose/humanLISBET-paper/baselineEval/results_stats_temporal_maxpool_lasso/embedding_temporal/regression/VLDII_plaVS/cv_results.csv
18:46:16  baselineEval.src.cross_validation  INFO     
── Regression summary (VLDII_plaVS) ──
model     rmse       r2  spearman_r
lasso 2.514731 0.026332    0.292346
18:46:16  ccnEvaluation         INFO     ── Held-out for VLDII_plaVS (regression | embedding_temporal) ──
18:46:16  baselineEval.src.held_out  INFO     Best regression model: lasso (RMSE=2.5147 ± 0.2292)
18:46:17  baselineEval.src.held_out  INFO     Held-out regression (embedding_temporal | VLDII_plaVS): model=lasso RMSE=2.416 [1.835, 2.904] R²=0.089 [-0.287, 0.195] ρ=0.255
18:46:19  baselineEval.src.plotting  INFO       Saved: shap_bar_top20.png and shap_beeswarm_top20.png
18:46:19  baselineEval.src.held_out  INFO     SHAP saved → /srv/beegfs/scratch/shares/schaerm/schaer2/video_sam2_pose/humanLISBET-paper/baselineEval/results_stats_temporal_maxpool_lasso/embedding_temporal/held_out/regression/VLDII_plaVS/shap
18:46:19  ccnEvaluation         INFO     ── CV for VLDII_copVS (regression) ──
18:46:19  ccnEvaluation         INFO       X: (95, 384), y: (95,) (classes: [ 9. 10. 11. 12. 13. 14. 15. 16. 17.])
18:46:19  baselineEval.src.cross_validation  INFO     Skipping LGBM regressor (--skip-lgbm)
18:46:19  baselineEval.src.cross_validation  INFO     Regression CV: 1 models, 5×10 nested CV (50 total outer folds)
18:46:30  baselineEval.src.cross_validation  INFO       Saved: predictions_per_subject.csv
18:46:30  baselineEval.src.cross_validation  INFO       CV results: 50 rows → /srv/beegfs/scratch/shares/schaerm/schaer2/video_sam2_pose/humanLISBET-paper/baselineEval/results_stats_temporal_maxpool_lasso/embedding_temporal/regression/VLDII_copVS/cv_results.csv
18:46:30  baselineEval.src.cross_validation  INFO     
── Regression summary (VLDII_copVS) ──
model     rmse        r2  spearman_r
lasso 2.127879 -0.092796    0.072467
18:46:30  ccnEvaluation         INFO     ── Held-out for VLDII_copVS (regression | embedding_temporal) ──
18:46:30  baselineEval.src.held_out  INFO     Best regression model: lasso (RMSE=2.1279 ± 0.2130)
/srv/beegfs/scratch/shares/schaerm/schaer2/video_sam2_pose/humanLISBET-paper/baselineEval/src/held_out.py:422: ConstantInputWarning: An input array is constant; the correlation coefficient is not defined.
  sp_r, _ = spearmanr(y_test, y_pred)
/srv/beegfs/scratch/shares/schaerm/schaer2/video_sam2_pose/humanLISBET-paper/baselineEval/src/held_out.py:423: ConstantInputWarning: An input array is constant; the correlation coefficient is not defined.
  pe_r, _ = pearsonr(y_test, y_pred)
18:46:31  baselineEval.src.held_out  INFO     Held-out regression (embedding_temporal | VLDII_copVS): model=lasso RMSE=1.732 [1.312, 2.105] R²=-0.083 [-0.847, -0.000] ρ=nan
18:46:33  baselineEval.src.plotting  INFO       Saved: shap_bar_top20.png and shap_beeswarm_top20.png
18:46:33  baselineEval.src.held_out  INFO     SHAP saved → /srv/beegfs/scratch/shares/schaerm/schaer2/video_sam2_pose/humanLISBET-paper/baselineEval/results_stats_temporal_maxpool_lasso/embedding_temporal/held_out/regression/VLDII_copVS/shap
18:46:33  ccnEvaluation         INFO     ── CV for VLDII_DaiSS (regression) ──
18:46:33  ccnEvaluation         INFO       X: (95, 384), y: (95,) (classes: [ 53.  62.  65.  67.  69.  71.  73.  75.  77.  78.  80.  81.  82.  83.
  86.  87.  89.  91.  93.  95.  96.  98. 100. 101. 102. 103. 104. 105.
 107. 109. 111. 113. 115. 118. 121.])
18:46:33  baselineEval.src.cross_validation  INFO     Skipping LGBM regressor (--skip-lgbm)
18:46:33  baselineEval.src.cross_validation  INFO     Regression CV: 1 models, 5×10 nested CV (50 total outer folds)
18:46:46  baselineEval.src.cross_validation  INFO       Saved: predictions_per_subject.csv
18:46:46  baselineEval.src.cross_validation  INFO       CV results: 50 rows → /srv/beegfs/scratch/shares/schaerm/schaer2/video_sam2_pose/humanLISBET-paper/baselineEval/results_stats_temporal_maxpool_lasso/embedding_temporal/regression/VLDII_DaiSS/cv_results.csv
18:46:46  baselineEval.src.cross_validation  INFO     
── Regression summary (VLDII_DaiSS) ──
model      rmse       r2  spearman_r
lasso 13.563196 0.007411    0.252505
18:46:46  ccnEvaluation         INFO     ── Held-out for VLDII_DaiSS (regression | embedding_temporal) ──
18:46:46  baselineEval.src.held_out  INFO     Best regression model: lasso (RMSE=13.5632 ± 1.6381)
18:46:47  baselineEval.src.held_out  INFO     Held-out regression (embedding_temporal | VLDII_DaiSS): model=lasso RMSE=13.745 [9.760, 17.534] R²=0.102 [-0.277, 0.227] ρ=0.415
18:46:48  baselineEval.src.plotting  INFO       Saved: shap_bar_top20.png and shap_beeswarm_top20.png
18:46:48  baselineEval.src.held_out  INFO     SHAP saved → /srv/beegfs/scratch/shares/schaerm/schaer2/video_sam2_pose/humanLISBET-paper/baselineEval/results_stats_temporal_maxpool_lasso/embedding_temporal/held_out/regression/VLDII_DaiSS/shap
18:46:48  ccnEvaluation         INFO     ── CV for VLDII_perVS (regression) ──
18:46:48  ccnEvaluation         INFO       X: (95, 384), y: (95,) (classes: [ 7.  8.  9. 10. 11. 12. 13. 14. 15. 16. 17. 18.])
18:46:48  baselineEval.src.cross_validation  INFO     Skipping LGBM regressor (--skip-lgbm)
18:46:48  baselineEval.src.cross_validation  INFO     Regression CV: 1 models, 5×10 nested CV (50 total outer folds)
18:47:00  baselineEval.src.cross_validation  INFO       Saved: predictions_per_subject.csv
18:47:00  baselineEval.src.cross_validation  INFO       CV results: 50 rows → /srv/beegfs/scratch/shares/schaerm/schaer2/video_sam2_pose/humanLISBET-paper/baselineEval/results_stats_temporal_maxpool_lasso/embedding_temporal/regression/VLDII_perVS/cv_results.csv
18:47:00  baselineEval.src.cross_validation  INFO     
── Regression summary (VLDII_perVS) ──
model     rmse        r2  spearman_r
lasso 2.714871 -0.016298    0.214972
18:47:00  ccnEvaluation         INFO     ── Held-out for VLDII_perVS (regression | embedding_temporal) ──
18:47:00  baselineEval.src.held_out  INFO     Best regression model: lasso (RMSE=2.7149 ± 0.2895)
18:47:00  baselineEval.src.held_out  INFO     Held-out regression (embedding_temporal | VLDII_perVS): model=lasso RMSE=2.289 [1.802, 2.722] R²=0.094 [-0.289, 0.164] ρ=0.541
18:47:02  baselineEval.src.plotting  INFO       Saved: shap_bar_top20.png and shap_beeswarm_top20.png
18:47:02  baselineEval.src.held_out  INFO     SHAP saved → /srv/beegfs/scratch/shares/schaerm/schaer2/video_sam2_pose/humanLISBET-paper/baselineEval/results_stats_temporal_maxpool_lasso/embedding_temporal/held_out/regression/VLDII_perVS/shap
18:47:02  ccnEvaluation         INFO     ── CV for VLDII_comVS (regression) ──
18:47:02  ccnEvaluation         INFO       X: (95, 384), y: (95,) (classes: [ 7. 10. 11. 12. 13. 14. 15. 16. 17. 18. 20.])
18:47:02  baselineEval.src.cross_validation  INFO     Skipping LGBM regressor (--skip-lgbm)
18:47:02  baselineEval.src.cross_validation  INFO     Regression CV: 1 models, 5×10 nested CV (50 total outer folds)
18:47:13  baselineEval.src.cross_validation  INFO       Saved: predictions_per_subject.csv
18:47:13  baselineEval.src.cross_validation  INFO       CV results: 50 rows → /srv/beegfs/scratch/shares/schaerm/schaer2/video_sam2_pose/humanLISBET-paper/baselineEval/results_stats_temporal_maxpool_lasso/embedding_temporal/regression/VLDII_comVS/cv_results.csv
18:47:13  baselineEval.src.cross_validation  INFO     
── Regression summary (VLDII_comVS) ──
model     rmse       r2  spearman_r
lasso 2.140941 0.098281    0.416968
18:47:13  ccnEvaluation         INFO     ── Held-out for VLDII_comVS (regression | embedding_temporal) ──
18:47:13  baselineEval.src.held_out  INFO     Best regression model: lasso (RMSE=2.1409 ± 0.2577)
18:47:14  baselineEval.src.held_out  INFO     Held-out regression (embedding_temporal | VLDII_comVS): model=lasso RMSE=3.004 [1.823, 4.042] R²=-0.078 [-0.583, 0.177] ρ=-0.060
18:47:16  baselineEval.src.plotting  INFO       Saved: shap_bar_top20.png and shap_beeswarm_top20.png
18:47:16  baselineEval.src.held_out  INFO     SHAP saved → /srv/beegfs/scratch/shares/schaerm/schaer2/video_sam2_pose/humanLISBET-paper/baselineEval/results_stats_temporal_maxpool_lasso/embedding_temporal/held_out/regression/VLDII_comVS/shap
18:47:16  ccnEvaluation         INFO     ── CV for VLDII_domVS (regression) ──
18:47:16  ccnEvaluation         INFO       X: (95, 384), y: (95,) (classes: [ 9. 10. 11. 12. 13. 14. 15. 16. 17. 18. 19. 20. 22.])
18:47:16  baselineEval.src.cross_validation  INFO     Skipping LGBM regressor (--skip-lgbm)
18:47:16  baselineEval.src.cross_validation  INFO     Regression CV: 1 models, 5×10 nested CV (50 total outer folds)
18:47:27  baselineEval.src.cross_validation  INFO       Saved: predictions_per_subject.csv
18:47:27  baselineEval.src.cross_validation  INFO       CV results: 50 rows → /srv/beegfs/scratch/shares/schaerm/schaer2/video_sam2_pose/humanLISBET-paper/baselineEval/results_stats_temporal_maxpool_lasso/embedding_temporal/regression/VLDII_domVS/cv_results.csv
18:47:27  baselineEval.src.cross_validation  INFO     
── Regression summary (VLDII_domVS) ──
model    rmse       r2  spearman_r
lasso 2.74616 0.011964    0.231256
18:47:27  ccnEvaluation         INFO     ── Held-out for VLDII_domVS (regression | embedding_temporal) ──
18:47:27  baselineEval.src.held_out  INFO     Best regression model: lasso (RMSE=2.7462 ± 0.1784)
18:47:28  baselineEval.src.held_out  INFO     Held-out regression (embedding_temporal | VLDII_domVS): model=lasso RMSE=2.902 [1.930, 3.803] R²=0.045 [-0.478, 0.142] ρ=0.551
18:47:30  baselineEval.src.plotting  INFO       Saved: shap_bar_top20.png and shap_beeswarm_top20.png
18:47:30  baselineEval.src.held_out  INFO     SHAP saved → /srv/beegfs/scratch/shares/schaerm/schaer2/video_sam2_pose/humanLISBET-paper/baselineEval/results_stats_temporal_maxpool_lasso/embedding_temporal/held_out/regression/VLDII_domVS/shap
18:47:30  ccnEvaluation         INFO     ── CV for VLDII_ComSS (regression) ──
18:47:30  ccnEvaluation         INFO       X: (95, 384), y: (95,) (classes: [ 44.  52.  54.  58.  59.  61.  63.  64.  65.  66.  69.  71.  72.  73.
  74.  76.  79.  80.  81.  84.  85.  86.  89.  90.  91.  93.  95.  97.
 100. 101. 102. 103. 104. 105. 107. 108. 110. 112. 113. 116. 118. 121.
 122. 125.])
18:47:30  baselineEval.src.cross_validation  INFO     Skipping LGBM regressor (--skip-lgbm)
18:47:30  baselineEval.src.cross_validation  INFO     Regression CV: 1 models, 5×10 nested CV (50 total outer folds)
18:47:43  baselineEval.src.cross_validation  INFO       Saved: predictions_per_subject.csv
18:47:43  baselineEval.src.cross_validation  INFO       CV results: 50 rows → /srv/beegfs/scratch/shares/schaerm/schaer2/video_sam2_pose/humanLISBET-paper/baselineEval/results_stats_temporal_maxpool_lasso/embedding_temporal/regression/VLDII_ComSS/cv_results.csv
18:47:43  baselineEval.src.cross_validation  INFO     
── Regression summary (VLDII_ComSS) ──
model      rmse       r2  spearman_r
lasso 18.482897 0.073603     0.37413
18:47:43  ccnEvaluation         INFO     ── Held-out for VLDII_ComSS (regression | embedding_temporal) ──
18:47:43  baselineEval.src.held_out  INFO     Best regression model: lasso (RMSE=18.4829 ± 1.2164)
18:47:44  baselineEval.src.held_out  INFO     Held-out regression (embedding_temporal | VLDII_ComSS): model=lasso RMSE=20.948 [16.118, 25.285] R²=0.072 [-0.455, 0.244] ρ=0.132
18:47:46  baselineEval.src.plotting  INFO       Saved: shap_bar_top20.png and shap_beeswarm_top20.png
18:47:46  baselineEval.src.held_out  INFO     SHAP saved → /srv/beegfs/scratch/shares/schaerm/schaer2/video_sam2_pose/humanLISBET-paper/baselineEval/results_stats_temporal_maxpool_lasso/embedding_temporal/held_out/regression/VLDII_ComSS/shap
18:47:46  ccnEvaluation         INFO     ── CV for VLDII_expVS (regression) ──
18:47:46  ccnEvaluation         INFO       X: (95, 384), y: (95,) (classes: [ 6.  7.  8.  9. 10. 11. 12. 13. 14. 15. 16. 17. 18. 19. 20.])
18:47:46  baselineEval.src.cross_validation  INFO     Skipping LGBM regressor (--skip-lgbm)
18:47:46  baselineEval.src.cross_validation  INFO     Regression CV: 1 models, 5×10 nested CV (50 total outer folds)
18:47:58  baselineEval.src.cross_validation  INFO       Saved: predictions_per_subject.csv
18:47:58  baselineEval.src.cross_validation  INFO       CV results: 50 rows → /srv/beegfs/scratch/shares/schaerm/schaer2/video_sam2_pose/humanLISBET-paper/baselineEval/results_stats_temporal_maxpool_lasso/embedding_temporal/regression/VLDII_expVS/cv_results.csv
18:47:58  baselineEval.src.cross_validation  INFO     
── Regression summary (VLDII_expVS) ──
model     rmse       r2  spearman_r
lasso 3.524327 0.060357    0.319377
18:47:58  ccnEvaluation         INFO     ── Held-out for VLDII_expVS (regression | embedding_temporal) ──
18:47:58  baselineEval.src.held_out  INFO     Best regression model: lasso (RMSE=3.5243 ± 0.2462)
18:47:59  baselineEval.src.held_out  INFO     Held-out regression (embedding_temporal | VLDII_expVS): model=lasso RMSE=3.427 [2.605, 4.223] R²=0.116 [-0.370, 0.278] ρ=0.250
18:48:00  baselineEval.src.plotting  INFO       Saved: shap_bar_top20.png and shap_beeswarm_top20.png
18:48:00  baselineEval.src.held_out  INFO     SHAP saved → /srv/beegfs/scratch/shares/schaerm/schaer2/video_sam2_pose/humanLISBET-paper/baselineEval/results_stats_temporal_maxpool_lasso/embedding_temporal/held_out/regression/VLDII_expVS/shap
18:48:00  ccnEvaluation         INFO     ── CV for VLDII_recVS (regression) ──
18:48:00  ccnEvaluation         INFO       X: (95, 384), y: (95,) (classes: [ 3.  5.  6.  7.  8.  9. 10. 11. 12. 13. 14. 15. 16. 17. 18. 19. 20. 21.])
18:48:00  baselineEval.src.cross_validation  INFO     Skipping LGBM regressor (--skip-lgbm)
18:48:00  baselineEval.src.cross_validation  INFO     Regression CV: 1 models, 5×10 nested CV (50 total outer folds)
18:48:12  baselineEval.src.cross_validation  INFO       Saved: predictions_per_subject.csv
18:48:12  baselineEval.src.cross_validation  INFO       CV results: 50 rows → /srv/beegfs/scratch/shares/schaerm/schaer2/video_sam2_pose/humanLISBET-paper/baselineEval/results_stats_temporal_maxpool_lasso/embedding_temporal/regression/VLDII_recVS/cv_results.csv
18:48:12  baselineEval.src.cross_validation  INFO     
── Regression summary (VLDII_recVS) ──
model     rmse      r2  spearman_r
lasso 3.922484 0.03354    0.370685
18:48:12  ccnEvaluation         INFO     ── Held-out for VLDII_recVS (regression | embedding_temporal) ──
18:48:12  baselineEval.src.held_out  INFO     Best regression model: lasso (RMSE=3.9225 ± 0.4480)
18:48:13  baselineEval.src.held_out  INFO     Held-out regression (embedding_temporal | VLDII_recVS): model=lasso RMSE=4.366 [3.460, 5.171] R²=0.102 [-0.393, 0.253] ρ=0.203
18:48:15  baselineEval.src.plotting  INFO       Saved: shap_bar_top20.png and shap_beeswarm_top20.png
18:48:15  baselineEval.src.held_out  INFO     SHAP saved → /srv/beegfs/scratch/shares/schaerm/schaer2/video_sam2_pose/humanLISBET-paper/baselineEval/results_stats_temporal_maxpool_lasso/embedding_temporal/held_out/regression/VLDII_recVS/shap
18:48:15  ccnEvaluation         INFO     ── CV for MSEL_TOTAL_DQ (regression) ──
18:48:15  ccnEvaluation         INFO       X: (100, 384), y: (100,) (classes: [ 18.02469136  32.43483412  34.59785415  38.08884914  38.95032984
  40.09469697  40.66399287  41.7597914   48.35352006  48.38185274
  48.56808071  49.32034527  52.60163835  52.78815173  53.41769972
  54.6043883   54.66514664  55.9129902   57.80945419  58.00856827
  58.01880411  58.49358974  60.55385401  60.73988735  61.21267952
  61.65540541  62.6717033   64.54699612  64.58014537  65.85307734
  66.03346902  66.56582561  67.46408956  68.67474001  69.12878788
  69.58887965  70.42091476  70.5832302   71.22161779  72.65127389
  72.74744284  73.39929215  73.55044202  73.63718709  74.37652068
  76.23385285  77.89159198  78.63298081  79.93217054  79.97485632
  80.39067013  81.47321429  82.45481928  83.44764518  83.72463299
  88.69235986  88.94106636  91.04190422  91.67078393  92.86194316
  92.9187448   93.08301946  94.84225533  95.62583836  96.63388805
  97.48931624  98.02617856 102.9518543  103.811149   107.0353937
 107.8029726  108.1764296  108.385181   108.6309524  108.7338226
 109.0520026  109.52137    111.8651489  112.1257819  112.192623
 112.5198886  112.8090659  112.8284389  113.5791843  115.0573568
 116.0376082  116.1326915  118.2653171  119.351962   120.5538618
 121.574912   125.622437   128.0608788  130.5093403  130.8806655
 132.3244751  135.4820159  139.7760116  149.1013072  149.4299051 ])
18:48:15  baselineEval.src.cross_validation  INFO     Skipping LGBM regressor (--skip-lgbm)
18:48:15  baselineEval.src.cross_validation  INFO     Regression CV: 1 models, 5×10 nested CV (50 total outer folds)
18:48:29  baselineEval.src.cross_validation  INFO       Saved: predictions_per_subject.csv
18:48:29  baselineEval.src.cross_validation  INFO       CV results: 50 rows → /srv/beegfs/scratch/shares/schaerm/schaer2/video_sam2_pose/humanLISBET-paper/baselineEval/results_stats_temporal_maxpool_lasso/embedding_temporal/regression/MSEL_TOTAL_DQ/cv_results.csv
18:48:29  baselineEval.src.cross_validation  INFO     
── Regression summary (MSEL_TOTAL_DQ) ──
model      rmse       r2  spearman_r
lasso 25.889648 0.195207    0.497895
18:48:29  ccnEvaluation         INFO     ── Held-out for MSEL_TOTAL_DQ (regression | embedding_temporal) ──
18:48:29  baselineEval.src.held_out  INFO     Best regression model: lasso (RMSE=25.8896 ± 2.7125)
18:48:30  baselineEval.src.held_out  INFO     Held-out regression (embedding_temporal | MSEL_TOTAL_DQ): model=lasso RMSE=31.377 [23.484, 38.874] R²=0.093 [-0.474, 0.294] ρ=0.252
18:48:31  baselineEval.src.plotting  INFO       Saved: shap_bar_top20.png and shap_beeswarm_top20.png
18:48:31  baselineEval.src.held_out  INFO     SHAP saved → /srv/beegfs/scratch/shares/schaerm/schaer2/video_sam2_pose/humanLISBET-paper/baselineEval/results_stats_temporal_maxpool_lasso/embedding_temporal/held_out/regression/MSEL_TOTAL_DQ/shap
18:48:31  ccnEvaluation         INFO     ── CV for MSEL_FM_DQ (regression) ──
18:48:31  ccnEvaluation         INFO       X: (100, 384), y: (100,) (classes: [ 18.02469136  46.4649432   48.97137746  50.05646983  54.38484461
  55.25934702  55.26116578  55.3030303   59.06148867  60.89132507
  63.6627907   63.73690338  64.77896096  65.16194848  65.41218638
  65.72629052  69.06338694  69.12878788  69.33210784  70.91968912
  73.53479853  75.06258941  75.18022657  75.486618    75.66334992
  75.86923658  75.90612002  75.91514143  77.07927225  77.89159198
  78.29257829  79.43695591  79.91242474  80.18453427  80.89539007
  80.95690748  82.62072435  82.81765677  83.43724023  83.84379786
  83.94209957  85.6233244   85.79059829  85.92278719  87.62002743
  87.84596871  87.86462758  87.98209366  89.15229885  90.64569536
  90.75497288  90.7960199   92.60343482  92.99363057  93.43003413
  93.95109395  95.05208333  95.38327526  96.20155039  96.63388805
  96.66313559  97.1113645   97.65160523  97.76785714  98.45857418
  98.95429899  98.97788903  99.40087146  99.64898596 102.1903821
 102.8432377  103.6931818  103.811149   104.7045324  105.1267281
 105.4303871  106.1046512  106.538237   107.1589883  108.1764296
 108.201581   108.6309524  109.939759   111.4163614  111.6891065
 112.258348   112.5198886  113.5687229  114.1644325  115.1790314
 119.8555166  120.5538618  121.1819389  121.197515   121.574912
 122.124634   122.1456693  122.8956229  123.8687783  143.1372549 ])
18:48:31  baselineEval.src.cross_validation  INFO     Skipping LGBM regressor (--skip-lgbm)
18:48:31  baselineEval.src.cross_validation  INFO     Regression CV: 1 models, 5×10 nested CV (50 total outer folds)
18:48:45  baselineEval.src.cross_validation  INFO       Saved: predictions_per_subject.csv
18:48:45  baselineEval.src.cross_validation  INFO       CV results: 50 rows → /srv/beegfs/scratch/shares/schaerm/schaer2/video_sam2_pose/humanLISBET-paper/baselineEval/results_stats_temporal_maxpool_lasso/embedding_temporal/regression/MSEL_FM_DQ/cv_results.csv
18:48:45  baselineEval.src.cross_validation  INFO     
── Regression summary (MSEL_FM_DQ) ──
model     rmse      r2  spearman_r
lasso 20.45776 0.05662    0.321467
18:48:45  ccnEvaluation         INFO     ── Held-out for MSEL_FM_DQ (regression | embedding_temporal) ──
18:48:45  baselineEval.src.held_out  INFO     Best regression model: lasso (RMSE=20.4578 ± 2.5154)
18:48:46  baselineEval.src.held_out  INFO     Held-out regression (embedding_temporal | MSEL_FM_DQ): model=lasso RMSE=22.488 [14.885, 29.042] R²=-0.060 [-0.683, 0.254] ρ=0.137
18:48:48  baselineEval.src.plotting  INFO       Saved: shap_bar_top20.png and shap_beeswarm_top20.png
18:48:48  baselineEval.src.held_out  INFO     SHAP saved → /srv/beegfs/scratch/shares/schaerm/schaer2/video_sam2_pose/humanLISBET-paper/baselineEval/results_stats_temporal_maxpool_lasso/embedding_temporal/held_out/regression/MSEL_FM_DQ/shap
18:48:48  ccnEvaluation         INFO     ── CV for MSEL_VR_DQ (regression) ──
18:48:48  ccnEvaluation         INFO       X: (100, 384), y: (100,) (classes: [ 24.78395062  38.27847693  40.84386519  44.24242424  48.97137746
  55.48645661  56.65502522  56.92959002  62.16881151  62.75283172
  64.71631206  65.27181688  65.72629052  66.12318841  66.69049889
  67.74833589  69.92337165  70.46332046  70.66795741  71.15009747
  72.16608084  73.80514706  73.80800341  75.41322314  76.86522262
  77.69631031  77.99145299  78.31273601  78.41474446  78.6637931
  79.18580909  79.31783825  80.21978022  83.77964805  84.0389186
  84.56192081  84.81797057  84.88372093  85.28037383  87.43066062
  88.66708914  89.11889597  89.35566001  89.46078431  89.57533077
  89.615829    90.15860634  92.33630952  93.50512357  93.81764069
  94.1109736   94.6140553   96.17918314  96.20155039  97.93244949
  98.97788903 100.5796275  102.1289538  103.2884465  104.0746873
 104.3095565  106.0098302  106.3795337  108.127254   109.5515537
 110.1055807  110.1609658  110.297536   111.6891065  113.7780549
 114.2017705  114.5637163  115.3090847  116.9871795  118.5064935
 121.4642263  123.6822289  124.5733788  125.1905488  125.2213369
 129.0167095  130.7503771  133.1727963  133.6408905  133.8188664
 134.9544937  135.1851852  136.0094851  136.515748   146.7828418
 147.3675711  148.8166269  148.8393977  151.821572   153.0708874
 158.9721254  159.8073555  175.8188825  192.7226814 ])
18:48:48  baselineEval.src.cross_validation  INFO     Skipping LGBM regressor (--skip-lgbm)
18:48:48  baselineEval.src.cross_validation  INFO     Regression CV: 1 models, 5×10 nested CV (50 total outer folds)
18:49:02  baselineEval.src.cross_validation  INFO       Saved: predictions_per_subject.csv
18:49:02  baselineEval.src.cross_validation  INFO       CV results: 50 rows → /srv/beegfs/scratch/shares/schaerm/schaer2/video_sam2_pose/humanLISBET-paper/baselineEval/results_stats_temporal_maxpool_lasso/embedding_temporal/regression/MSEL_VR_DQ/cv_results.csv
18:49:02  baselineEval.src.cross_validation  INFO     
── Regression summary (MSEL_VR_DQ) ──
model      rmse       r2  spearman_r
lasso 30.062444 0.073319    0.372453
18:49:02  ccnEvaluation         INFO     ── Held-out for MSEL_VR_DQ (regression | embedding_temporal) ──
18:49:02  baselineEval.src.held_out  INFO     Best regression model: lasso (RMSE=30.0624 ± 3.7110)
18:49:03  baselineEval.src.held_out  INFO     Held-out regression (embedding_temporal | MSEL_VR_DQ): model=lasso RMSE=30.050 [22.875, 36.340] R²=0.201 [-0.156, 0.322] ρ=0.485
18:49:05  baselineEval.src.plotting  INFO       Saved: shap_bar_top20.png and shap_beeswarm_top20.png
18:49:05  baselineEval.src.held_out  INFO     SHAP saved → /srv/beegfs/scratch/shares/schaerm/schaer2/video_sam2_pose/humanLISBET-paper/baselineEval/results_stats_temporal_maxpool_lasso/embedding_temporal/held_out/regression/MSEL_VR_DQ/shap
18:49:05  ccnEvaluation         INFO     ── CV for MSEL_LR_DQ (regression) ──
18:49:05  ccnEvaluation         INFO       X: (100, 384), y: (100,) (classes: [  3.88463176   4.06639929   6.75925926   9.87554113  12.01290153
  16.59090909  18.70972466  20.22384752  20.94811754  21.24563446
  25.56022409  26.50048403  28.99586908  29.92695289  32.38948048
  32.63590844  35.30956329  37.26391016  38.9957265   40.25735294
  40.48807543  43.06091806  44.2961165   44.83182162  46.05097149
  46.79487179  47.45189808  48.93770627  50.11618082  50.37154989
  52.84749035  53.52588625  53.65219358  54.90373045  59.29174789
  59.55070281  62.02209006  62.16545012  62.65018881  63.07603687
  64.61056645  64.9288451   66.12318841  66.75811614  70.61011905
  70.91968912  71.94102807  73.19518717  74.25406872  76.30178639
  76.39534884  77.74980635  77.81007752  77.89159198  78.6637931
  79.07279029  79.43695591  80.19460138  82.52583979  83.43724023
  83.56227106  84.15678524  87.60560676  91.80080483  96.34238311
  96.50411281 102.7847309  104.0746873  105.9596995  107.2715207
 108.1764296  108.8902148  110.0871314  115.4120767  115.9171748
 116.9871795  117.5351288  118.5064935  119.2178672  119.8802164
 120.1122726  120.9753788  121.1819389  122.3190349  122.5189726
 124.5733788  126.9356955  127.766486   128.1288156  130.2021403
 130.5093403  132.9263068  138.2575758  142.6500252  144.1714836
 144.3321617  147.1132898  148.8393977  153.6195286  157.0567986 ])
18:49:05  baselineEval.src.cross_validation  INFO     Skipping LGBM regressor (--skip-lgbm)
18:49:05  baselineEval.src.cross_validation  INFO     Regression CV: 1 models, 5×10 nested CV (50 total outer folds)
18:49:19  baselineEval.src.cross_validation  INFO       Saved: predictions_per_subject.csv
18:49:19  baselineEval.src.cross_validation  INFO       CV results: 50 rows → /srv/beegfs/scratch/shares/schaerm/schaer2/video_sam2_pose/humanLISBET-paper/baselineEval/results_stats_temporal_maxpool_lasso/embedding_temporal/regression/MSEL_LR_DQ/cv_results.csv
18:49:19  baselineEval.src.cross_validation  INFO     
── Regression summary (MSEL_LR_DQ) ──
model      rmse       r2  spearman_r
lasso 35.516647 0.211526    0.503368
18:49:19  ccnEvaluation         INFO     ── Held-out for MSEL_LR_DQ (regression | embedding_temporal) ──
18:49:19  baselineEval.src.held_out  INFO     Best regression model: lasso (RMSE=35.5166 ± 3.1755)
18:49:20  baselineEval.src.held_out  INFO     Held-out regression (embedding_temporal | MSEL_LR_DQ): model=lasso RMSE=43.838 [31.956, 55.871] R²=0.066 [-0.568, 0.352] ρ=0.147
18:49:21  baselineEval.src.plotting  INFO       Saved: shap_bar_top20.png and shap_beeswarm_top20.png
18:49:21  baselineEval.src.held_out  INFO     SHAP saved → /srv/beegfs/scratch/shares/schaerm/schaer2/video_sam2_pose/humanLISBET-paper/baselineEval/results_stats_temporal_maxpool_lasso/embedding_temporal/held_out/regression/MSEL_LR_DQ/shap
18:49:21  ccnEvaluation         INFO     ── CV for MSEL_LE_DQ (regression) ──
18:49:21  ccnEvaluation         INFO       X: (100, 384), y: (100,) (classes: [  9.94008715  14.16375631  17.66698935  21.62322275  22.5308642
  23.71669916  24.48568873  29.32736455  29.93313147  31.1965812
  31.83139535  32.5311943   34.96168582  35.3339787   36.51460584
  36.64658635  37.69462981  40.09226714  40.25735294  40.48807543
  41.27091814  41.92189893  43.37492573  44.24242424  44.2961165
  44.43993506  44.83182162  45.69027182  46.51656754  46.72299027
  47.44367418  50.11618082  50.12015105  50.13736264  50.93023256
  52.58200355  54.8048048   55.8530987   56.46658416  56.94227769
  57.72506083  58.12101911  59.82097832  59.93431856  60.11198946
  61.49957877  65.17857143  65.57490326  66.18574582  66.20785318
  69.12878788  69.55030488  71.37484958  72.66780432  73.41954023
  75.10288066  76.33526384  77.99145299  78.1455863   79.85282418
  80.57395143  81.54602324  82.20720721  83.94209957  84.10138249
  85.23058961  86.67962003  89.35128519  89.92073693  90.17483846
  91.02244389  91.36420526  91.65097301  93.77792672  94.24218952
  96.25527426  96.94555113  97.92085848 100.2099483  100.2747253
 103.2239819  106.0553231  108.127254   109.939759   111.2804878
 111.8651489  112.258348   114.1922639  115.7352358  116.9871795
 120.9753788  122.124634   124.6584699  128.4817876  128.8841808
 137.775842   140.655106   143.7007874  170.9694989 ])
18:49:21  baselineEval.src.cross_validation  INFO     Skipping LGBM regressor (--skip-lgbm)
18:49:21  baselineEval.src.cross_validation  INFO     Regression CV: 1 models, 5×10 nested CV (50 total outer folds)
18:49:36  baselineEval.src.cross_validation  INFO       Saved: predictions_per_subject.csv
18:49:36  baselineEval.src.cross_validation  INFO       CV results: 50 rows → /srv/beegfs/scratch/shares/schaerm/schaer2/video_sam2_pose/humanLISBET-paper/baselineEval/results_stats_temporal_maxpool_lasso/embedding_temporal/regression/MSEL_LE_DQ/cv_results.csv
18:49:36  baselineEval.src.cross_validation  INFO     
── Regression summary (MSEL_LE_DQ) ──
model      rmse       r2  spearman_r
lasso 30.504439 0.174008    0.468844
18:49:36  ccnEvaluation         INFO     ── Held-out for MSEL_LE_DQ (regression | embedding_temporal) ──
18:49:36  baselineEval.src.held_out  INFO     Best regression model: lasso (RMSE=30.5044 ± 3.4645)
18:49:36  baselineEval.src.held_out  INFO     Held-out regression (embedding_temporal | MSEL_LE_DQ): model=lasso RMSE=35.678 [26.320, 45.007] R²=0.090 [-0.628, 0.339] ρ=0.294
18:49:38  baselineEval.src.plotting  INFO       Saved: shap_bar_top20.png and shap_beeswarm_top20.png
18:49:38  baselineEval.src.held_out  INFO     SHAP saved → /srv/beegfs/scratch/shares/schaerm/schaer2/video_sam2_pose/humanLISBET-paper/baselineEval/results_stats_temporal_maxpool_lasso/embedding_temporal/held_out/regression/MSEL_LE_DQ/shap
18:49:38  ccnEvaluation         INFO     ── CV for MSEL_NV_DQ (regression) ──
18:49:38  ccnEvaluation         INFO       X: (100, 384), y: (100,) (classes: [ 21.40432099  44.16747338  48.05160611  48.97137746  49.77272727
  58.71498864  60.1959643   60.90716019  63.02918895  63.79091198
  64.09642401  65.57490326  65.72629052  66.58026114  67.72345918
  67.91030161  70.16720315  71.56862745  72.80585106  73.37984863
  74.11468486  74.27325581  74.37794938  74.47079827  74.91789819
  76.17530756  76.74648129  76.87728938  77.59353741  79.97251931
  81.51480347  81.6976584   81.89102564  81.99943836  82.20720721
  82.35559567  83.73346137  83.90804598  84.15678524  84.60538218
  84.81199831  86.57250071  88.46431518  88.6496114   88.80778589
  88.87987013  91.05626327  91.88613478  92.03227433  92.13004822
  94.43082789  94.90379615  95.05208333  95.96479195  96.20155039
  96.39084507  96.49226641  97.36019132  97.52310803  97.94594067
  98.60764755  98.68968386  98.84549601  98.97788903  99.87039171
 100.2432517  102.1903821  103.1073446  109.0017065  109.0761612
 109.2369828  110.0871314  111.4163614  111.6531427  111.6891065
 114.2017705  115.7352358  116.0376082  116.2030831  116.810994
 116.9871795  119.3828214  119.8555166  121.5842367  122.8722053
 122.9496192  123.2016379  125.1071123  126.1626445  126.7361111
 127.1777003  128.2630522  128.3820346  129.3307087  130.6682578
 135.4820159  137.1387283  139.16122    139.8314361  157.8091521 ])
18:49:38  baselineEval.src.cross_validation  INFO     Skipping LGBM regressor (--skip-lgbm)
18:49:38  baselineEval.src.cross_validation  INFO     Regression CV: 1 models, 5×10 nested CV (50 total outer folds)
18:49:52  baselineEval.src.cross_validation  INFO       Saved: predictions_per_subject.csv
18:49:52  baselineEval.src.cross_validation  INFO       CV results: 50 rows → /srv/beegfs/scratch/shares/schaerm/schaer2/video_sam2_pose/humanLISBET-paper/baselineEval/results_stats_temporal_maxpool_lasso/embedding_temporal/regression/MSEL_NV_DQ/cv_results.csv
18:49:52  baselineEval.src.cross_validation  INFO     
── Regression summary (MSEL_NV_DQ) ──
model      rmse       r2  spearman_r
lasso 23.648776 0.072259    0.346679
18:49:52  ccnEvaluation         INFO     ── Held-out for MSEL_NV_DQ (regression | embedding_temporal) ──
18:49:52  baselineEval.src.held_out  INFO     Best regression model: lasso (RMSE=23.6488 ± 3.1326)
18:49:53  baselineEval.src.held_out  INFO     Held-out regression (embedding_temporal | MSEL_NV_DQ): model=lasso RMSE=24.817 [19.732, 29.614] R²=0.088 [-0.331, 0.214] ρ=0.301
18:49:55  baselineEval.src.plotting  INFO       Saved: shap_bar_top20.png and shap_beeswarm_top20.png
18:49:55  baselineEval.src.held_out  INFO     SHAP saved → /srv/beegfs/scratch/shares/schaerm/schaer2/video_sam2_pose/humanLISBET-paper/baselineEval/results_stats_temporal_maxpool_lasso/embedding_temporal/held_out/regression/MSEL_NV_DQ/shap
18:49:55  ccnEvaluation         INFO     ── CV for MSEL_V_DQ (regression) ──
18:49:55  ccnEvaluation         INFO       X: (100, 384), y: (100,) (classes: [ 14.64506173  16.81806214  17.70469538  18.29879679  19.42315879
  25.02823491  25.13774105  27.1577381   27.20632081  29.4009959
  30.41666667  30.91723136  31.03741497  33.34524944  35.09615385
  36.40292553  37.2753268   37.99205148  39.16309013  39.59290454
  40.25735294  40.48807543  41.50422352  44.2961165   44.83182162
  47.46155586  48.09864458  48.46611722  48.93286143  50.11618082
  50.44223328  52.19708788  52.70214521  54.2462845   54.2693288
  54.68949248  54.82073643  54.89951357  56.38516993  58.28505645
  59.94525547  62.43158183  63.11758893  63.13929001  63.25823224
  63.6627907   64.59137709  67.89434524  69.06338694  70.46826734
  70.9304984   72.04972258  76.04166667  78.79965458  80.77686203
  81.15118577  83.23831243  85.25467149  85.85349462  85.92278719
  85.99599793  87.22984206  89.35566001  91.36789406  92.32431935
  92.73373984  94.37151949  94.86083166  95.8165773   97.07446809
  98.62059158  99.7831825  101.2242965  101.2355018  102.3816809
 103.6931818  103.8747811  107.1158763  108.0484808  109.063745
 110.7318923  111.4235219  114.0037352  114.2017705  115.3090847
 116.9871795  119.5234869  120.9753788  121.0967994  121.1872446
 122.9686881  124.051024   128.2952548  128.9440573  133.4982788
 135.3182415  135.4820159  141.0506581  142.4132948  159.0413943 ])
18:49:55  baselineEval.src.cross_validation  INFO     Skipping LGBM regressor (--skip-lgbm)
18:49:55  baselineEval.src.cross_validation  INFO     Regression CV: 1 models, 5×10 nested CV (50 total outer folds)
18:50:09  baselineEval.src.cross_validation  INFO       Saved: predictions_per_subject.csv
18:50:09  baselineEval.src.cross_validation  INFO       CV results: 50 rows → /srv/beegfs/scratch/shares/schaerm/schaer2/video_sam2_pose/humanLISBET-paper/baselineEval/results_stats_temporal_maxpool_lasso/embedding_temporal/regression/MSEL_V_DQ/cv_results.csv
18:50:09  baselineEval.src.cross_validation  INFO     
── Regression summary (MSEL_V_DQ) ──
model      rmse       r2  spearman_r
lasso 30.514877 0.249347     0.54409
18:50:09  ccnEvaluation         INFO     ── Held-out for MSEL_V_DQ (regression | embedding_temporal) ──
18:50:09  baselineEval.src.held_out  INFO     Best regression model: lasso (RMSE=30.5149 ± 2.8557)
18:50:10  baselineEval.src.held_out  INFO     Held-out regression (embedding_temporal | MSEL_V_DQ): model=lasso RMSE=38.991 [28.667, 49.522] R²=0.087 [-0.572, 0.347] ρ=0.297
18:50:11  baselineEval.src.plotting  INFO       Saved: shap_bar_top20.png and shap_beeswarm_top20.png
18:50:11  baselineEval.src.held_out  INFO     SHAP saved → /srv/beegfs/scratch/shares/schaerm/schaer2/video_sam2_pose/humanLISBET-paper/baselineEval/results_stats_temporal_maxpool_lasso/embedding_temporal/held_out/regression/MSEL_V_DQ/shap
18:50:11  ccnEvaluation         INFO     ═══ Representation: full_kinematic_embedding_temporal ═══
18:50:11  baselineEval.src.loading  INFO     Merged kinematic (102) + embedding (102) → 102 subjects
18:50:11  baselineEval.src.loading  INFO     Merged kinematic (17) + embedding (17) → 17 subjects
18:50:11  ccnEvaluation         INFO       Features for full_kinematic_embedding_temporal: 543 columns
18:50:11  ccnEvaluation         INFO     ═══ Step 2: Preprocessing report ═══
18:50:12  baselineEval.src.preprocessing  INFO     Feature selection (full dataset): 543 features → 506 kept (0 missingness, 2 near-zero-var, 35 correlated)
18:50:12  baselineEval.src.preprocessing  INFO     Feature selection report → /srv/beegfs/scratch/shares/schaerm/schaer2/video_sam2_pose/humanLISBET-paper/baselineEval/results_stats_temporal_maxpool_lasso/full_kinematic_embedding_temporal/feature_selection_report.csv
18:50:12  baselineEval.src.preprocessing  INFO     PCA explained-variance data → /srv/beegfs/scratch/shares/schaerm/schaer2/video_sam2_pose/humanLISBET-paper/baselineEval/results_stats_temporal_maxpool_lasso/full_kinematic_embedding_temporal/pca_explained_variance.csv
18:50:13  baselineEval.src.preprocessing  INFO     PCA explained-variance plot → /srv/beegfs/scratch/shares/schaerm/schaer2/video_sam2_pose/humanLISBET-paper/baselineEval/results_stats_temporal_maxpool_lasso/full_kinematic_embedding_temporal/pca_explained_variance.png
18:50:13  ccnEvaluation         INFO     ── CV for diagnosis (classification) ──
18:50:13  ccnEvaluation         INFO       X: (102, 543), y: (102,) (classes: [0 1])
18:50:13  baselineEval.src.cross_validation  INFO     Skipping LGBM classifier (--skip-lgbm)
18:50:13  baselineEval.src.cross_validation  INFO     Classification CV: 1 models, 5×10 nested CV (50 total outer folds)
18:51:56  baselineEval.src.cross_validation  INFO       Saved: predictions_per_subject.csv
18:51:56  baselineEval.src.cross_validation  INFO       CV results: 50 rows → /srv/beegfs/scratch/shares/schaerm/schaer2/video_sam2_pose/humanLISBET-paper/baselineEval/results_stats_temporal_maxpool_lasso/full_kinematic_embedding_temporal/classification/diagnosis/cv_results.csv
18:51:56  baselineEval.src.cross_validation  INFO     
── Classification AUC-ROC summary (diagnosis) ──
model  auc_roc_mean  auc_roc_std
lasso       0.71231     0.093001
18:51:56  ccnEvaluation         INFO     ── Held-out for diagnosis (classification | full_kinematic_embedding_temporal) ──
18:51:56  baselineEval.src.held_out  INFO     Best classification model: lasso (AUC=0.7123 ± 0.0930)
18:51:57  baselineEval.src.held_out  INFO     Held-out classification (full_kinematic_embedding_temporal | diagnosis): model=lasso AUC=0.800 BAcc=0.757 Acc=0.765 [0.501, 0.932]
18:52:00  baselineEval.src.plotting  INFO       Saved: shap_bar_top20.png and shap_beeswarm_top20.png
18:52:00  baselineEval.src.held_out  INFO     SHAP saved → /srv/beegfs/scratch/shares/schaerm/schaer2/video_sam2_pose/humanLISBET-paper/baselineEval/results_stats_temporal_maxpool_lasso/full_kinematic_embedding_temporal/held_out/classification/diagnosis/shap
18:52:00  ccnEvaluation         INFO     ── CV for ADOS_2_ADOS_G_revised_RRB_level_of_symptoms (classification) ──
18:52:00  ccnEvaluation         INFO       X: (102, 543), y: (102,) (classes: [0 1 2])
18:52:00  baselineEval.src.cross_validation  INFO     Skipping LGBM classifier (--skip-lgbm)
18:52:00  baselineEval.src.cross_validation  INFO     Classification CV: 1 models, 5×10 nested CV (50 total outer folds)
18:54:43  baselineEval.src.cross_validation  INFO       Saved: predictions_per_subject.csv
18:54:43  baselineEval.src.cross_validation  INFO       CV results: 50 rows → /srv/beegfs/scratch/shares/schaerm/schaer2/video_sam2_pose/humanLISBET-paper/baselineEval/results_stats_temporal_maxpool_lasso/full_kinematic_embedding_temporal/classification/ADOS_2_ADOS_G_revised_RRB_level_of_symptoms/cv_results.csv
18:54:43  baselineEval.src.cross_validation  INFO     
── Classification F1-macro summary (ADOS_2_ADOS_G_revised_RRB_level_of_symptoms) ──
model  f1_macro_mean  f1_macro_std
lasso       0.426104      0.109808
18:54:43  ccnEvaluation         INFO     ── Held-out for ADOS_2_ADOS_G_revised_RRB_level_of_symptoms (classification | full_kinematic_embedding_temporal) ──
18:54:43  baselineEval.src.held_out  INFO     Best classification model: lasso (F1-macro=0.4261 ± 0.1098)
18:54:46  baselineEval.src.held_out  INFO     Held-out classification (full_kinematic_embedding_temporal | ADOS_2_ADOS_G_revised_RRB_level_of_symptoms): model=lasso F1-macro=0.329 BAcc=0.333 Acc=0.412 [0.184, 0.671]
18:54:48  baselineEval.src.plotting  INFO       Saved: shap_bar_top20.png and shap_beeswarm_top20.png
18:54:48  baselineEval.src.held_out  INFO     SHAP saved → /srv/beegfs/scratch/shares/schaerm/schaer2/video_sam2_pose/humanLISBET-paper/baselineEval/results_stats_temporal_maxpool_lasso/full_kinematic_embedding_temporal/held_out/classification/ADOS_2_ADOS_G_revised_RRB_level_of_symptoms/shap
18:54:48  ccnEvaluation         INFO     ── CV for ADOS_2_ADOS_G_REVISED_SA_LEVEL_OF_SYMPTOMS (classification) ──
18:54:48  ccnEvaluation         INFO       X: (102, 543), y: (102,) (classes: [0 1 2 3])
18:54:48  baselineEval.src.cross_validation  INFO     Skipping LGBM classifier (--skip-lgbm)
18:54:48  baselineEval.src.cross_validation  INFO     Classification CV: 1 models, 5×10 nested CV (50 total outer folds)
18:57:56  baselineEval.src.cross_validation  INFO       Saved: predictions_per_subject.csv
18:57:56  baselineEval.src.cross_validation  INFO       CV results: 50 rows → /srv/beegfs/scratch/shares/schaerm/schaer2/video_sam2_pose/humanLISBET-paper/baselineEval/results_stats_temporal_maxpool_lasso/full_kinematic_embedding_temporal/classification/ADOS_2_ADOS_G_REVISED_SA_LEVEL_OF_SYMPTOMS/cv_results.csv
18:57:56  baselineEval.src.cross_validation  INFO     
── Classification F1-macro summary (ADOS_2_ADOS_G_REVISED_SA_LEVEL_OF_SYMPTOMS) ──
model  f1_macro_mean  f1_macro_std
lasso       0.371618       0.10767
18:57:56  ccnEvaluation         INFO     ── Held-out for ADOS_2_ADOS_G_REVISED_SA_LEVEL_OF_SYMPTOMS (classification | full_kinematic_embedding_temporal) ──
18:57:56  baselineEval.src.held_out  INFO     Best classification model: lasso (F1-macro=0.3716 ± 0.1077)
18:57:59  baselineEval.src.held_out  INFO     Held-out classification (full_kinematic_embedding_temporal | ADOS_2_ADOS_G_REVISED_SA_LEVEL_OF_SYMPTOMS): model=lasso F1-macro=0.290 BAcc=0.315 Acc=0.353 [0.142, 0.617]
18:58:01  baselineEval.src.plotting  INFO       Saved: shap_bar_top20.png and shap_beeswarm_top20.png
18:58:01  baselineEval.src.held_out  INFO     SHAP saved → /srv/beegfs/scratch/shares/schaerm/schaer2/video_sam2_pose/humanLISBET-paper/baselineEval/results_stats_temporal_maxpool_lasso/full_kinematic_embedding_temporal/held_out/classification/ADOS_2_ADOS_G_REVISED_SA_LEVEL_OF_SYMPTOMS/shap
18:58:01  ccnEvaluation         INFO     ── CV for ADOS_G_ADOS_2_TOTAL_score_de_severite (regression) ──
18:58:01  ccnEvaluation         INFO       X: (102, 543), y: (102,) (classes: [ 1.  2.  3.  4.  5.  6.  7.  8.  9. 10.])
18:58:01  baselineEval.src.cross_validation  INFO     Skipping LGBM regressor (--skip-lgbm)
18:58:01  baselineEval.src.cross_validation  INFO     Regression CV: 1 models, 5×10 nested CV (50 total outer folds)
18:58:17  baselineEval.src.cross_validation  INFO       Saved: predictions_per_subject.csv
18:58:17  baselineEval.src.cross_validation  INFO       CV results: 50 rows → /srv/beegfs/scratch/shares/schaerm/schaer2/video_sam2_pose/humanLISBET-paper/baselineEval/results_stats_temporal_maxpool_lasso/full_kinematic_embedding_temporal/regression/ADOS_G_ADOS_2_TOTAL_score_de_severite/cv_results.csv
18:58:17  baselineEval.src.cross_validation  INFO     
── Regression summary (ADOS_G_ADOS_2_TOTAL_score_de_severite) ──
model     rmse       r2  spearman_r
lasso 3.229451 0.062127    0.370344
18:58:17  ccnEvaluation         INFO     ── Held-out for ADOS_G_ADOS_2_TOTAL_score_de_severite (regression | full_kinematic_embedding_temporal) ──
18:58:17  baselineEval.src.held_out  INFO     Best regression model: lasso (RMSE=3.2295 ± 0.2695)
18:58:18  baselineEval.src.held_out  INFO     Held-out regression (full_kinematic_embedding_temporal | ADOS_G_ADOS_2_TOTAL_score_de_severite): model=lasso RMSE=3.063 [2.316, 3.710] R²=0.237 [-0.134, 0.411] ρ=0.560
18:58:20  baselineEval.src.plotting  INFO       Saved: shap_bar_top20.png and shap_beeswarm_top20.png
18:58:20  baselineEval.src.held_out  INFO     SHAP saved → /srv/beegfs/scratch/shares/schaerm/schaer2/video_sam2_pose/humanLISBET-paper/baselineEval/results_stats_temporal_maxpool_lasso/full_kinematic_embedding_temporal/held_out/regression/ADOS_G_ADOS_2_TOTAL_score_de_severite/shap
18:58:20  ccnEvaluation         INFO     ── CV for ADOS_2_ADOS_G_REVISED_SA_SEVERITY_SCORE (regression) ──
18:58:20  ccnEvaluation         INFO       X: (102, 543), y: (102,) (classes: [ 1.  2.  3.  4.  5.  6.  7.  9. 10.])
18:58:20  baselineEval.src.cross_validation  INFO     Skipping LGBM regressor (--skip-lgbm)
18:58:20  baselineEval.src.cross_validation  INFO     Regression CV: 1 models, 5×10 nested CV (50 total outer folds)
18:58:36  baselineEval.src.cross_validation  INFO       Saved: predictions_per_subject.csv
18:58:36  baselineEval.src.cross_validation  INFO       CV results: 50 rows → /srv/beegfs/scratch/shares/schaerm/schaer2/video_sam2_pose/humanLISBET-paper/baselineEval/results_stats_temporal_maxpool_lasso/full_kinematic_embedding_temporal/regression/ADOS_2_ADOS_G_REVISED_SA_SEVERITY_SCORE/cv_results.csv
18:58:36  baselineEval.src.cross_validation  INFO     
── Regression summary (ADOS_2_ADOS_G_REVISED_SA_SEVERITY_SCORE) ──
model    rmse        r2  spearman_r
lasso 3.06759 -0.003209    0.262178
18:58:36  ccnEvaluation         INFO     ── Held-out for ADOS_2_ADOS_G_REVISED_SA_SEVERITY_SCORE (regression | full_kinematic_embedding_temporal) ──
18:58:36  baselineEval.src.held_out  INFO     Best regression model: lasso (RMSE=3.0676 ± 0.2533)
18:58:37  baselineEval.src.held_out  INFO     Held-out regression (full_kinematic_embedding_temporal | ADOS_2_ADOS_G_REVISED_SA_SEVERITY_SCORE): model=lasso RMSE=2.726 [2.033, 3.246] R²=0.098 [-0.626, 0.268] ρ=0.517
18:58:39  baselineEval.src.plotting  INFO       Saved: shap_bar_top20.png and shap_beeswarm_top20.png
18:58:39  baselineEval.src.held_out  INFO     SHAP saved → /srv/beegfs/scratch/shares/schaerm/schaer2/video_sam2_pose/humanLISBET-paper/baselineEval/results_stats_temporal_maxpool_lasso/full_kinematic_embedding_temporal/held_out/regression/ADOS_2_ADOS_G_REVISED_SA_SEVERITY_SCORE/shap
18:58:39  ccnEvaluation         INFO     ── CV for ADOS_2_ADOS_G_REVISED_RRB_SEVERITY_SCORE_new (regression) ──
18:58:39  ccnEvaluation         INFO       X: (102, 543), y: (102,) (classes: [ 1.  5.  6.  7.  8.  9. 10.])
18:58:39  baselineEval.src.cross_validation  INFO     Skipping LGBM regressor (--skip-lgbm)
18:58:39  baselineEval.src.cross_validation  INFO     Regression CV: 1 models, 5×10 nested CV (50 total outer folds)
18:58:56  baselineEval.src.cross_validation  INFO       Saved: predictions_per_subject.csv
18:58:56  baselineEval.src.cross_validation  INFO       CV results: 50 rows → /srv/beegfs/scratch/shares/schaerm/schaer2/video_sam2_pose/humanLISBET-paper/baselineEval/results_stats_temporal_maxpool_lasso/full_kinematic_embedding_temporal/regression/ADOS_2_ADOS_G_REVISED_RRB_SEVERITY_SCORE_new/cv_results.csv
18:58:56  baselineEval.src.cross_validation  INFO     
── Regression summary (ADOS_2_ADOS_G_REVISED_RRB_SEVERITY_SCORE_new) ──
model     rmse       r2  spearman_r
lasso 3.124308 0.017296     0.29975
18:58:56  ccnEvaluation         INFO     ── Held-out for ADOS_2_ADOS_G_REVISED_RRB_SEVERITY_SCORE_new (regression | full_kinematic_embedding_temporal) ──
18:58:56  baselineEval.src.held_out  INFO     Best regression model: lasso (RMSE=3.1243 ± 0.4222)
18:58:57  baselineEval.src.held_out  INFO     Held-out regression (full_kinematic_embedding_temporal | ADOS_2_ADOS_G_REVISED_RRB_SEVERITY_SCORE_new): model=lasso RMSE=3.430 [2.640, 4.222] R²=0.170 [-0.199, 0.347] ρ=0.417
18:58:59  baselineEval.src.plotting  INFO       Saved: shap_bar_top20.png and shap_beeswarm_top20.png
18:58:59  baselineEval.src.held_out  INFO     SHAP saved → /srv/beegfs/scratch/shares/schaerm/schaer2/video_sam2_pose/humanLISBET-paper/baselineEval/results_stats_temporal_maxpool_lasso/full_kinematic_embedding_temporal/held_out/regression/ADOS_2_ADOS_G_REVISED_RRB_SEVERITY_SCORE_new/shap
18:58:59  ccnEvaluation         INFO     ── CV for VLDII_AdSS (regression) ──
18:58:59  ccnEvaluation         INFO       X: (95, 543), y: (95,) (classes: [ 51.  63.  64.  65.  66.  68.  69.  70.  71.  72.  73.  74.  75.  76.
  77.  78.  79.  80.  81.  83.  84.  85.  86.  87.  88.  89.  90.  91.
  92.  93.  94.  95.  96.  97.  99. 100. 102. 103. 104. 105. 107. 108.
 109. 110. 113. 115. 117.])
18:58:59  baselineEval.src.cross_validation  INFO     Skipping LGBM regressor (--skip-lgbm)
18:58:59  baselineEval.src.cross_validation  INFO     Regression CV: 1 models, 5×10 nested CV (50 total outer folds)
18:59:16  baselineEval.src.cross_validation  INFO       Saved: predictions_per_subject.csv
18:59:16  baselineEval.src.cross_validation  INFO       CV results: 50 rows → /srv/beegfs/scratch/shares/schaerm/schaer2/video_sam2_pose/humanLISBET-paper/baselineEval/results_stats_temporal_maxpool_lasso/full_kinematic_embedding_temporal/regression/VLDII_AdSS/cv_results.csv
18:59:16  baselineEval.src.cross_validation  INFO     
── Regression summary (VLDII_AdSS) ──
model      rmse       r2  spearman_r
lasso 13.659076 0.123547    0.396173
18:59:16  ccnEvaluation         INFO     ── Held-out for VLDII_AdSS (regression | full_kinematic_embedding_temporal) ──
18:59:16  baselineEval.src.held_out  INFO     Best regression model: lasso (RMSE=13.6591 ± 1.3518)
18:59:17  baselineEval.src.held_out  INFO     Held-out regression (full_kinematic_embedding_temporal | VLDII_AdSS): model=lasso RMSE=14.526 [11.674, 17.053] R²=0.157 [-0.190, 0.230] ρ=0.538
18:59:20  baselineEval.src.plotting  INFO       Saved: shap_bar_top20.png and shap_beeswarm_top20.png
18:59:20  baselineEval.src.held_out  INFO     SHAP saved → /srv/beegfs/scratch/shares/schaerm/schaer2/video_sam2_pose/humanLISBET-paper/baselineEval/results_stats_temporal_maxpool_lasso/full_kinematic_embedding_temporal/held_out/regression/VLDII_AdSS/shap
18:59:20  ccnEvaluation         INFO     ── CV for VLDII_MotorSS (regression) ──
18:59:20  ccnEvaluation         INFO       X: (95, 543), y: (95,) (classes: [ 56.  67.  69.  70.  72.  75.  79.  81.  82.  84.  85.  88.  90.  93.
  94.  95.  96.  97. 100. 102. 104. 105. 106. 108. 111. 114. 121. 131.])
18:59:20  baselineEval.src.cross_validation  INFO     Skipping LGBM regressor (--skip-lgbm)
18:59:20  baselineEval.src.cross_validation  INFO     Regression CV: 1 models, 5×10 nested CV (50 total outer folds)
18:59:37  baselineEval.src.cross_validation  INFO       Saved: predictions_per_subject.csv
18:59:37  baselineEval.src.cross_validation  INFO       CV results: 50 rows → /srv/beegfs/scratch/shares/schaerm/schaer2/video_sam2_pose/humanLISBET-paper/baselineEval/results_stats_temporal_maxpool_lasso/full_kinematic_embedding_temporal/regression/VLDII_MotorSS/cv_results.csv
18:59:37  baselineEval.src.cross_validation  INFO     
── Regression summary (VLDII_MotorSS) ──
model      rmse       r2  spearman_r
lasso 12.477099 -0.02822    0.062053
18:59:37  ccnEvaluation         INFO     ── Held-out for VLDII_MotorSS (regression | full_kinematic_embedding_temporal) ──
18:59:37  baselineEval.src.held_out  INFO     Best regression model: lasso (RMSE=12.4771 ± 1.4706)
18:59:38  baselineEval.src.held_out  INFO     Held-out regression (full_kinematic_embedding_temporal | VLDII_MotorSS): model=lasso RMSE=12.751 [9.211, 16.151] R²=-0.015 [-0.596, 0.058] ρ=0.072
18:59:40  baselineEval.src.plotting  INFO       Saved: shap_bar_top20.png and shap_beeswarm_top20.png
18:59:40  baselineEval.src.held_out  INFO     SHAP saved → /srv/beegfs/scratch/shares/schaerm/schaer2/video_sam2_pose/humanLISBET-paper/baselineEval/results_stats_temporal_maxpool_lasso/full_kinematic_embedding_temporal/held_out/regression/VLDII_MotorSS/shap
18:59:40  ccnEvaluation         INFO     ── CV for VLDII_gmsVS (regression) ──
18:59:40  ccnEvaluation         INFO       X: (95, 543), y: (95,) (classes: [ 8.  9. 10. 11. 12. 13. 14. 15. 16. 17. 18. 22.])
18:59:40  baselineEval.src.cross_validation  INFO     Skipping LGBM regressor (--skip-lgbm)
18:59:40  baselineEval.src.cross_validation  INFO     Regression CV: 1 models, 5×10 nested CV (50 total outer folds)
18:59:55  baselineEval.src.cross_validation  INFO       Saved: predictions_per_subject.csv
18:59:55  baselineEval.src.cross_validation  INFO       CV results: 50 rows → /srv/beegfs/scratch/shares/schaerm/schaer2/video_sam2_pose/humanLISBET-paper/baselineEval/results_stats_temporal_maxpool_lasso/full_kinematic_embedding_temporal/regression/VLDII_gmsVS/cv_results.csv
18:59:55  baselineEval.src.cross_validation  INFO     
── Regression summary (VLDII_gmsVS) ──
model     rmse        r2  spearman_r
lasso 2.132813 -0.031667    0.133089
18:59:55  ccnEvaluation         INFO     ── Held-out for VLDII_gmsVS (regression | full_kinematic_embedding_temporal) ──
18:59:55  baselineEval.src.held_out  INFO     Best regression model: lasso (RMSE=2.1328 ± 0.3499)
18:59:56  baselineEval.src.held_out  INFO     Held-out regression (full_kinematic_embedding_temporal | VLDII_gmsVS): model=lasso RMSE=1.866 [1.297, 2.363] R²=0.016 [-0.543, 0.083] ρ=0.270
18:59:58  baselineEval.src.plotting  INFO       Saved: shap_bar_top20.png and shap_beeswarm_top20.png
18:59:58  baselineEval.src.held_out  INFO     SHAP saved → /srv/beegfs/scratch/shares/schaerm/schaer2/video_sam2_pose/humanLISBET-paper/baselineEval/results_stats_temporal_maxpool_lasso/full_kinematic_embedding_temporal/held_out/regression/VLDII_gmsVS/shap
18:59:58  ccnEvaluation         INFO     ── CV for VLDII_fmsVS (regression) ──
18:59:58  ccnEvaluation         INFO       X: (95, 543), y: (95,) (classes: [ 7.  8.  9. 10. 11. 12. 13. 14. 15. 16. 17. 18.])
18:59:58  baselineEval.src.cross_validation  INFO     Skipping LGBM regressor (--skip-lgbm)
18:59:58  baselineEval.src.cross_validation  INFO     Regression CV: 1 models, 5×10 nested CV (50 total outer folds)
19:00:14  baselineEval.src.cross_validation  INFO       Saved: predictions_per_subject.csv
19:00:14  baselineEval.src.cross_validation  INFO       CV results: 50 rows → /srv/beegfs/scratch/shares/schaerm/schaer2/video_sam2_pose/humanLISBET-paper/baselineEval/results_stats_temporal_maxpool_lasso/full_kinematic_embedding_temporal/regression/VLDII_fmsVS/cv_results.csv
19:00:14  baselineEval.src.cross_validation  INFO     
── Regression summary (VLDII_fmsVS) ──
model    rmse        r2  spearman_r
lasso 2.48763 -0.040092    0.005274
19:00:14  ccnEvaluation         INFO     ── Held-out for VLDII_fmsVS (regression | full_kinematic_embedding_temporal) ──
19:00:14  baselineEval.src.held_out  INFO     Best regression model: lasso (RMSE=2.4876 ± 0.2941)
/srv/beegfs/scratch/shares/schaerm/schaer2/video_sam2_pose/humanLISBET-paper/baselineEval/src/held_out.py:422: ConstantInputWarning: An input array is constant; the correlation coefficient is not defined.
  sp_r, _ = spearmanr(y_test, y_pred)
/srv/beegfs/scratch/shares/schaerm/schaer2/video_sam2_pose/humanLISBET-paper/baselineEval/src/held_out.py:423: ConstantInputWarning: An input array is constant; the correlation coefficient is not defined.
  pe_r, _ = pearsonr(y_test, y_pred)
19:00:15  baselineEval.src.held_out  INFO     Held-out regression (full_kinematic_embedding_temporal | VLDII_fmsVS): model=lasso RMSE=2.495 [1.826, 3.138] R²=-0.013 [-0.555, -0.000] ρ=nan
19:00:17  baselineEval.src.plotting  INFO       Saved: shap_bar_top20.png and shap_beeswarm_top20.png
19:00:17  baselineEval.src.held_out  INFO     SHAP saved → /srv/beegfs/scratch/shares/schaerm/schaer2/video_sam2_pose/humanLISBET-paper/baselineEval/results_stats_temporal_maxpool_lasso/full_kinematic_embedding_temporal/held_out/regression/VLDII_fmsVS/shap
19:00:17  ccnEvaluation         INFO     ── CV for VLDII_SocSS (regression) ──
19:00:17  ccnEvaluation         INFO       X: (95, 543), y: (95,) (classes: [ 59.  65.  66.  68.  70.  72.  74.  75.  76.  78.  79.  80.  81.  82.
  84.  86.  88.  89.  90.  91.  92.  94.  95.  96.  98. 100. 101. 102.
 105. 109. 111. 112. 114.])
19:00:17  baselineEval.src.cross_validation  INFO     Skipping LGBM regressor (--skip-lgbm)
19:00:17  baselineEval.src.cross_validation  INFO     Regression CV: 1 models, 5×10 nested CV (50 total outer folds)
19:00:34  baselineEval.src.cross_validation  INFO       Saved: predictions_per_subject.csv
19:00:34  baselineEval.src.cross_validation  INFO       CV results: 50 rows → /srv/beegfs/scratch/shares/schaerm/schaer2/video_sam2_pose/humanLISBET-paper/baselineEval/results_stats_temporal_maxpool_lasso/full_kinematic_embedding_temporal/regression/VLDII_SocSS/cv_results.csv
19:00:34  baselineEval.src.cross_validation  INFO     
── Regression summary (VLDII_SocSS) ──
model      rmse       r2  spearman_r
lasso 11.680758 0.070811    0.355964
19:00:34  ccnEvaluation         INFO     ── Held-out for VLDII_SocSS (regression | full_kinematic_embedding_temporal) ──
19:00:34  baselineEval.src.held_out  INFO     Best regression model: lasso (RMSE=11.6808 ± 1.1673)
19:00:35  baselineEval.src.held_out  INFO     Held-out regression (full_kinematic_embedding_temporal | VLDII_SocSS): model=lasso RMSE=11.133 [8.462, 13.540] R²=0.185 [-0.126, 0.246] ρ=0.599
19:00:37  baselineEval.src.plotting  INFO       Saved: shap_bar_top20.png and shap_beeswarm_top20.png
19:00:37  baselineEval.src.held_out  INFO     SHAP saved → /srv/beegfs/scratch/shares/schaerm/schaer2/video_sam2_pose/humanLISBET-paper/baselineEval/results_stats_temporal_maxpool_lasso/full_kinematic_embedding_temporal/held_out/regression/VLDII_SocSS/shap
19:00:37  ccnEvaluation         INFO     ── CV for VLDII_intVS (regression) ──
19:00:37  ccnEvaluation         INFO       X: (95, 543), y: (95,) (classes: [ 6.  8.  9. 10. 11. 12. 13. 14. 15. 16. 17. 18. 19. 20.])
19:00:37  baselineEval.src.cross_validation  INFO     Skipping LGBM regressor (--skip-lgbm)
19:00:37  baselineEval.src.cross_validation  INFO     Regression CV: 1 models, 5×10 nested CV (50 total outer folds)
19:00:53  baselineEval.src.cross_validation  INFO       Saved: predictions_per_subject.csv
19:00:53  baselineEval.src.cross_validation  INFO       CV results: 50 rows → /srv/beegfs/scratch/shares/schaerm/schaer2/video_sam2_pose/humanLISBET-paper/baselineEval/results_stats_temporal_maxpool_lasso/full_kinematic_embedding_temporal/regression/VLDII_intVS/cv_results.csv
19:00:53  baselineEval.src.cross_validation  INFO     
── Regression summary (VLDII_intVS) ──
model     rmse       r2  spearman_r
lasso 2.568173 0.084067    0.449533
19:00:53  ccnEvaluation         INFO     ── Held-out for VLDII_intVS (regression | full_kinematic_embedding_temporal) ──
19:00:53  baselineEval.src.held_out  INFO     Best regression model: lasso (RMSE=2.5682 ± 0.2714)
19:00:53  baselineEval.src.held_out  INFO     Held-out regression (full_kinematic_embedding_temporal | VLDII_intVS): model=lasso RMSE=2.944 [2.454, 3.411] R²=0.033 [-0.393, 0.113] ρ=0.253
19:00:56  baselineEval.src.plotting  INFO       Saved: shap_bar_top20.png and shap_beeswarm_top20.png
19:00:56  baselineEval.src.held_out  INFO     SHAP saved → /srv/beegfs/scratch/shares/schaerm/schaer2/video_sam2_pose/humanLISBET-paper/baselineEval/results_stats_temporal_maxpool_lasso/full_kinematic_embedding_temporal/held_out/regression/VLDII_intVS/shap
19:00:56  ccnEvaluation         INFO     ── CV for VLDII_plaVS (regression) ──
19:00:56  ccnEvaluation         INFO       X: (95, 543), y: (95,) (classes: [ 7.  8.  9. 10. 11. 12. 13. 14. 15. 16. 17. 18. 19.])
19:00:56  baselineEval.src.cross_validation  INFO     Skipping LGBM regressor (--skip-lgbm)
19:00:56  baselineEval.src.cross_validation  INFO     Regression CV: 1 models, 5×10 nested CV (50 total outer folds)
19:01:11  baselineEval.src.cross_validation  INFO       Saved: predictions_per_subject.csv
19:01:11  baselineEval.src.cross_validation  INFO       CV results: 50 rows → /srv/beegfs/scratch/shares/schaerm/schaer2/video_sam2_pose/humanLISBET-paper/baselineEval/results_stats_temporal_maxpool_lasso/full_kinematic_embedding_temporal/regression/VLDII_plaVS/cv_results.csv
19:01:11  baselineEval.src.cross_validation  INFO     
── Regression summary (VLDII_plaVS) ──
model     rmse       r2  spearman_r
lasso 2.481775 0.047205    0.342454
19:01:11  ccnEvaluation         INFO     ── Held-out for VLDII_plaVS (regression | full_kinematic_embedding_temporal) ──
19:01:11  baselineEval.src.held_out  INFO     Best regression model: lasso (RMSE=2.4818 ± 0.2886)
19:01:12  baselineEval.src.held_out  INFO     Held-out regression (full_kinematic_embedding_temporal | VLDII_plaVS): model=lasso RMSE=2.106 [1.507, 2.619] R²=0.308 [-0.119, 0.481] ρ=0.624
19:01:15  baselineEval.src.plotting  INFO       Saved: shap_bar_top20.png and shap_beeswarm_top20.png
19:01:15  baselineEval.src.held_out  INFO     SHAP saved → /srv/beegfs/scratch/shares/schaerm/schaer2/video_sam2_pose/humanLISBET-paper/baselineEval/results_stats_temporal_maxpool_lasso/full_kinematic_embedding_temporal/held_out/regression/VLDII_plaVS/shap
19:01:15  ccnEvaluation         INFO     ── CV for VLDII_copVS (regression) ──
19:01:15  ccnEvaluation         INFO       X: (95, 543), y: (95,) (classes: [ 9. 10. 11. 12. 13. 14. 15. 16. 17.])
19:01:15  baselineEval.src.cross_validation  INFO     Skipping LGBM regressor (--skip-lgbm)
19:01:15  baselineEval.src.cross_validation  INFO     Regression CV: 1 models, 5×10 nested CV (50 total outer folds)
19:01:30  baselineEval.src.cross_validation  INFO       Saved: predictions_per_subject.csv
19:01:30  baselineEval.src.cross_validation  INFO       CV results: 50 rows → /srv/beegfs/scratch/shares/schaerm/schaer2/video_sam2_pose/humanLISBET-paper/baselineEval/results_stats_temporal_maxpool_lasso/full_kinematic_embedding_temporal/regression/VLDII_copVS/cv_results.csv
19:01:30  baselineEval.src.cross_validation  INFO     
── Regression summary (VLDII_copVS) ──
model     rmse        r2  spearman_r
lasso 2.113037 -0.078268    0.062049
19:01:30  ccnEvaluation         INFO     ── Held-out for VLDII_copVS (regression | full_kinematic_embedding_temporal) ──
19:01:30  baselineEval.src.held_out  INFO     Best regression model: lasso (RMSE=2.1130 ± 0.1932)
19:01:30  baselineEval.src.held_out  INFO     Held-out regression (full_kinematic_embedding_temporal | VLDII_copVS): model=lasso RMSE=1.580 [1.237, 1.919] R²=0.099 [-0.531, 0.270] ρ=0.495
19:01:33  baselineEval.src.plotting  INFO       Saved: shap_bar_top20.png and shap_beeswarm_top20.png
19:01:33  baselineEval.src.held_out  INFO     SHAP saved → /srv/beegfs/scratch/shares/schaerm/schaer2/video_sam2_pose/humanLISBET-paper/baselineEval/results_stats_temporal_maxpool_lasso/full_kinematic_embedding_temporal/held_out/regression/VLDII_copVS/shap
19:01:33  ccnEvaluation         INFO     ── CV for VLDII_DaiSS (regression) ──
19:01:33  ccnEvaluation         INFO       X: (95, 543), y: (95,) (classes: [ 53.  62.  65.  67.  69.  71.  73.  75.  77.  78.  80.  81.  82.  83.
  86.  87.  89.  91.  93.  95.  96.  98. 100. 101. 102. 103. 104. 105.
 107. 109. 111. 113. 115. 118. 121.])
19:01:33  baselineEval.src.cross_validation  INFO     Skipping LGBM regressor (--skip-lgbm)
19:01:33  baselineEval.src.cross_validation  INFO     Regression CV: 1 models, 5×10 nested CV (50 total outer folds)
19:01:50  baselineEval.src.cross_validation  INFO       Saved: predictions_per_subject.csv
19:01:50  baselineEval.src.cross_validation  INFO       CV results: 50 rows → /srv/beegfs/scratch/shares/schaerm/schaer2/video_sam2_pose/humanLISBET-paper/baselineEval/results_stats_temporal_maxpool_lasso/full_kinematic_embedding_temporal/regression/VLDII_DaiSS/cv_results.csv
19:01:50  baselineEval.src.cross_validation  INFO     
── Regression summary (VLDII_DaiSS) ──
model      rmse       r2  spearman_r
lasso 13.384675 0.033657    0.245976
19:01:50  ccnEvaluation         INFO     ── Held-out for VLDII_DaiSS (regression | full_kinematic_embedding_temporal) ──
19:01:50  baselineEval.src.held_out  INFO     Best regression model: lasso (RMSE=13.3847 ± 1.4382)
19:01:51  baselineEval.src.held_out  INFO     Held-out regression (full_kinematic_embedding_temporal | VLDII_DaiSS): model=lasso RMSE=13.710 [9.858, 17.325] R²=0.106 [-0.249, 0.177] ρ=0.653
19:01:54  baselineEval.src.plotting  INFO       Saved: shap_bar_top20.png and shap_beeswarm_top20.png
19:01:54  baselineEval.src.held_out  INFO     SHAP saved → /srv/beegfs/scratch/shares/schaerm/schaer2/video_sam2_pose/humanLISBET-paper/baselineEval/results_stats_temporal_maxpool_lasso/full_kinematic_embedding_temporal/held_out/regression/VLDII_DaiSS/shap
19:01:54  ccnEvaluation         INFO     ── CV for VLDII_perVS (regression) ──
19:01:54  ccnEvaluation         INFO       X: (95, 543), y: (95,) (classes: [ 7.  8.  9. 10. 11. 12. 13. 14. 15. 16. 17. 18.])
19:01:54  baselineEval.src.cross_validation  INFO     Skipping LGBM regressor (--skip-lgbm)
19:01:54  baselineEval.src.cross_validation  INFO     Regression CV: 1 models, 5×10 nested CV (50 total outer folds)
19:02:09  baselineEval.src.cross_validation  INFO       Saved: predictions_per_subject.csv
19:02:09  baselineEval.src.cross_validation  INFO       CV results: 50 rows → /srv/beegfs/scratch/shares/schaerm/schaer2/video_sam2_pose/humanLISBET-paper/baselineEval/results_stats_temporal_maxpool_lasso/full_kinematic_embedding_temporal/regression/VLDII_perVS/cv_results.csv
19:02:09  baselineEval.src.cross_validation  INFO     
── Regression summary (VLDII_perVS) ──
model     rmse       r2  spearman_r
lasso 2.667953 0.019889    0.222327
19:02:09  ccnEvaluation         INFO     ── Held-out for VLDII_perVS (regression | full_kinematic_embedding_temporal) ──
19:02:09  baselineEval.src.held_out  INFO     Best regression model: lasso (RMSE=2.6680 ± 0.2822)
19:02:10  baselineEval.src.held_out  INFO     Held-out regression (full_kinematic_embedding_temporal | VLDII_perVS): model=lasso RMSE=2.392 [1.898, 2.837] R²=0.010 [-0.384, 0.089] ρ=0.177
19:02:12  baselineEval.src.plotting  INFO       Saved: shap_bar_top20.png and shap_beeswarm_top20.png
19:02:12  baselineEval.src.held_out  INFO     SHAP saved → /srv/beegfs/scratch/shares/schaerm/schaer2/video_sam2_pose/humanLISBET-paper/baselineEval/results_stats_temporal_maxpool_lasso/full_kinematic_embedding_temporal/held_out/regression/VLDII_perVS/shap
19:02:12  ccnEvaluation         INFO     ── CV for VLDII_comVS (regression) ──
19:02:12  ccnEvaluation         INFO       X: (95, 543), y: (95,) (classes: [ 7. 10. 11. 12. 13. 14. 15. 16. 17. 18. 20.])
19:02:12  baselineEval.src.cross_validation  INFO     Skipping LGBM regressor (--skip-lgbm)
19:02:12  baselineEval.src.cross_validation  INFO     Regression CV: 1 models, 5×10 nested CV (50 total outer folds)
19:02:28  baselineEval.src.cross_validation  INFO       Saved: predictions_per_subject.csv
19:02:28  baselineEval.src.cross_validation  INFO       CV results: 50 rows → /srv/beegfs/scratch/shares/schaerm/schaer2/video_sam2_pose/humanLISBET-paper/baselineEval/results_stats_temporal_maxpool_lasso/full_kinematic_embedding_temporal/regression/VLDII_comVS/cv_results.csv
19:02:28  baselineEval.src.cross_validation  INFO     
── Regression summary (VLDII_comVS) ──
model     rmse       r2  spearman_r
lasso 2.205275 0.043767     0.35457
19:02:28  ccnEvaluation         INFO     ── Held-out for VLDII_comVS (regression | full_kinematic_embedding_temporal) ──
19:02:28  baselineEval.src.held_out  INFO     Best regression model: lasso (RMSE=2.2053 ± 0.2361)
19:02:29  baselineEval.src.held_out  INFO     Held-out regression (full_kinematic_embedding_temporal | VLDII_comVS): model=lasso RMSE=3.047 [1.961, 4.050] R²=-0.110 [-0.578, 0.052] ρ=-0.050
19:02:31  baselineEval.src.plotting  INFO       Saved: shap_bar_top20.png and shap_beeswarm_top20.png
19:02:31  baselineEval.src.held_out  INFO     SHAP saved → /srv/beegfs/scratch/shares/schaerm/schaer2/video_sam2_pose/humanLISBET-paper/baselineEval/results_stats_temporal_maxpool_lasso/full_kinematic_embedding_temporal/held_out/regression/VLDII_comVS/shap
19:02:31  ccnEvaluation         INFO     ── CV for VLDII_domVS (regression) ──
19:02:31  ccnEvaluation         INFO       X: (95, 543), y: (95,) (classes: [ 9. 10. 11. 12. 13. 14. 15. 16. 17. 18. 19. 20. 22.])
19:02:31  baselineEval.src.cross_validation  INFO     Skipping LGBM regressor (--skip-lgbm)
19:02:31  baselineEval.src.cross_validation  INFO     Regression CV: 1 models, 5×10 nested CV (50 total outer folds)
19:02:46  baselineEval.src.cross_validation  INFO       Saved: predictions_per_subject.csv
19:02:46  baselineEval.src.cross_validation  INFO       CV results: 50 rows → /srv/beegfs/scratch/shares/schaerm/schaer2/video_sam2_pose/humanLISBET-paper/baselineEval/results_stats_temporal_maxpool_lasso/full_kinematic_embedding_temporal/regression/VLDII_domVS/cv_results.csv
19:02:46  baselineEval.src.cross_validation  INFO     
── Regression summary (VLDII_domVS) ──
model     rmse       r2  spearman_r
lasso 2.705372 0.039889    0.221808
19:02:46  ccnEvaluation         INFO     ── Held-out for VLDII_domVS (regression | full_kinematic_embedding_temporal) ──
19:02:46  baselineEval.src.held_out  INFO     Best regression model: lasso (RMSE=2.7054 ± 0.2049)
19:02:47  baselineEval.src.held_out  INFO     Held-out regression (full_kinematic_embedding_temporal | VLDII_domVS): model=lasso RMSE=2.907 [1.922, 3.789] R²=0.042 [-0.501, 0.149] ρ=0.457
19:02:49  baselineEval.src.plotting  INFO       Saved: shap_bar_top20.png and shap_beeswarm_top20.png
19:02:49  baselineEval.src.held_out  INFO     SHAP saved → /srv/beegfs/scratch/shares/schaerm/schaer2/video_sam2_pose/humanLISBET-paper/baselineEval/results_stats_temporal_maxpool_lasso/full_kinematic_embedding_temporal/held_out/regression/VLDII_domVS/shap
19:02:49  ccnEvaluation         INFO     ── CV for VLDII_ComSS (regression) ──
19:02:49  ccnEvaluation         INFO       X: (95, 543), y: (95,) (classes: [ 44.  52.  54.  58.  59.  61.  63.  64.  65.  66.  69.  71.  72.  73.
  74.  76.  79.  80.  81.  84.  85.  86.  89.  90.  91.  93.  95.  97.
 100. 101. 102. 103. 104. 105. 107. 108. 110. 112. 113. 116. 118. 121.
 122. 125.])
19:02:49  baselineEval.src.cross_validation  INFO     Skipping LGBM regressor (--skip-lgbm)
19:02:49  baselineEval.src.cross_validation  INFO     Regression CV: 1 models, 5×10 nested CV (50 total outer folds)
19:03:08  baselineEval.src.cross_validation  INFO       Saved: predictions_per_subject.csv
19:03:08  baselineEval.src.cross_validation  INFO       CV results: 50 rows → /srv/beegfs/scratch/shares/schaerm/schaer2/video_sam2_pose/humanLISBET-paper/baselineEval/results_stats_temporal_maxpool_lasso/full_kinematic_embedding_temporal/regression/VLDII_ComSS/cv_results.csv
19:03:08  baselineEval.src.cross_validation  INFO     
── Regression summary (VLDII_ComSS) ──
model      rmse       r2  spearman_r
lasso 18.105244 0.110706    0.403634
19:03:08  ccnEvaluation         INFO     ── Held-out for VLDII_ComSS (regression | full_kinematic_embedding_temporal) ──
19:03:08  baselineEval.src.held_out  INFO     Best regression model: lasso (RMSE=18.1052 ± 1.4091)
19:03:08  baselineEval.src.held_out  INFO     Held-out regression (full_kinematic_embedding_temporal | VLDII_ComSS): model=lasso RMSE=19.657 [15.105, 23.634] R²=0.183 [-0.255, 0.320] ρ=0.393
19:03:11  baselineEval.src.plotting  INFO       Saved: shap_bar_top20.png and shap_beeswarm_top20.png
19:03:11  baselineEval.src.held_out  INFO     SHAP saved → /srv/beegfs/scratch/shares/schaerm/schaer2/video_sam2_pose/humanLISBET-paper/baselineEval/results_stats_temporal_maxpool_lasso/full_kinematic_embedding_temporal/held_out/regression/VLDII_ComSS/shap
19:03:11  ccnEvaluation         INFO     ── CV for VLDII_expVS (regression) ──
19:03:11  ccnEvaluation         INFO       X: (95, 543), y: (95,) (classes: [ 6.  7.  8.  9. 10. 11. 12. 13. 14. 15. 16. 17. 18. 19. 20.])
19:03:11  baselineEval.src.cross_validation  INFO     Skipping LGBM regressor (--skip-lgbm)
19:03:11  baselineEval.src.cross_validation  INFO     Regression CV: 1 models, 5×10 nested CV (50 total outer folds)
19:03:27  baselineEval.src.cross_validation  INFO       Saved: predictions_per_subject.csv
19:03:27  baselineEval.src.cross_validation  INFO       CV results: 50 rows → /srv/beegfs/scratch/shares/schaerm/schaer2/video_sam2_pose/humanLISBET-paper/baselineEval/results_stats_temporal_maxpool_lasso/full_kinematic_embedding_temporal/regression/VLDII_expVS/cv_results.csv
19:03:27  baselineEval.src.cross_validation  INFO     
── Regression summary (VLDII_expVS) ──
model     rmse       r2  spearman_r
lasso 3.435215 0.105952    0.381256
19:03:27  ccnEvaluation         INFO     ── Held-out for VLDII_expVS (regression | full_kinematic_embedding_temporal) ──
19:03:27  baselineEval.src.held_out  INFO     Best regression model: lasso (RMSE=3.4352 ± 0.2188)
19:03:28  baselineEval.src.held_out  INFO     Held-out regression (full_kinematic_embedding_temporal | VLDII_expVS): model=lasso RMSE=3.404 [2.556, 4.207] R²=0.128 [-0.322, 0.289] ρ=0.354
19:03:30  baselineEval.src.plotting  INFO       Saved: shap_bar_top20.png and shap_beeswarm_top20.png
19:03:30  baselineEval.src.held_out  INFO     SHAP saved → /srv/beegfs/scratch/shares/schaerm/schaer2/video_sam2_pose/humanLISBET-paper/baselineEval/results_stats_temporal_maxpool_lasso/full_kinematic_embedding_temporal/held_out/regression/VLDII_expVS/shap
19:03:30  ccnEvaluation         INFO     ── CV for VLDII_recVS (regression) ──
19:03:30  ccnEvaluation         INFO       X: (95, 543), y: (95,) (classes: [ 3.  5.  6.  7.  8.  9. 10. 11. 12. 13. 14. 15. 16. 17. 18. 19. 20. 21.])
19:03:30  baselineEval.src.cross_validation  INFO     Skipping LGBM regressor (--skip-lgbm)
19:03:30  baselineEval.src.cross_validation  INFO     Regression CV: 1 models, 5×10 nested CV (50 total outer folds)
19:03:46  baselineEval.src.cross_validation  INFO       Saved: predictions_per_subject.csv
19:03:46  baselineEval.src.cross_validation  INFO       CV results: 50 rows → /srv/beegfs/scratch/shares/schaerm/schaer2/video_sam2_pose/humanLISBET-paper/baselineEval/results_stats_temporal_maxpool_lasso/full_kinematic_embedding_temporal/regression/VLDII_recVS/cv_results.csv
19:03:46  baselineEval.src.cross_validation  INFO     
── Regression summary (VLDII_recVS) ──
model   rmse       r2  spearman_r
lasso 3.9074 0.045384    0.345593
19:03:46  ccnEvaluation         INFO     ── Held-out for VLDII_recVS (regression | full_kinematic_embedding_temporal) ──
19:03:46  baselineEval.src.held_out  INFO     Best regression model: lasso (RMSE=3.9074 ± 0.4855)
19:03:47  baselineEval.src.held_out  INFO     Held-out regression (full_kinematic_embedding_temporal | VLDII_recVS): model=lasso RMSE=4.071 [3.239, 4.765] R²=0.219 [-0.173, 0.312] ρ=0.542
19:03:49  baselineEval.src.plotting  INFO       Saved: shap_bar_top20.png and shap_beeswarm_top20.png
19:03:49  baselineEval.src.held_out  INFO     SHAP saved → /srv/beegfs/scratch/shares/schaerm/schaer2/video_sam2_pose/humanLISBET-paper/baselineEval/results_stats_temporal_maxpool_lasso/full_kinematic_embedding_temporal/held_out/regression/VLDII_recVS/shap
19:03:49  ccnEvaluation         INFO     ── CV for MSEL_TOTAL_DQ (regression) ──
19:03:49  ccnEvaluation         INFO       X: (100, 543), y: (100,) (classes: [ 18.02469136  32.43483412  34.59785415  38.08884914  38.95032984
  40.09469697  40.66399287  41.7597914   48.35352006  48.38185274
  48.56808071  49.32034527  52.60163835  52.78815173  53.41769972
  54.6043883   54.66514664  55.9129902   57.80945419  58.00856827
  58.01880411  58.49358974  60.55385401  60.73988735  61.21267952
  61.65540541  62.6717033   64.54699612  64.58014537  65.85307734
  66.03346902  66.56582561  67.46408956  68.67474001  69.12878788
  69.58887965  70.42091476  70.5832302   71.22161779  72.65127389
  72.74744284  73.39929215  73.55044202  73.63718709  74.37652068
  76.23385285  77.89159198  78.63298081  79.93217054  79.97485632
  80.39067013  81.47321429  82.45481928  83.44764518  83.72463299
  88.69235986  88.94106636  91.04190422  91.67078393  92.86194316
  92.9187448   93.08301946  94.84225533  95.62583836  96.63388805
  97.48931624  98.02617856 102.9518543  103.811149   107.0353937
 107.8029726  108.1764296  108.385181   108.6309524  108.7338226
 109.0520026  109.52137    111.8651489  112.1257819  112.192623
 112.5198886  112.8090659  112.8284389  113.5791843  115.0573568
 116.0376082  116.1326915  118.2653171  119.351962   120.5538618
 121.574912   125.622437   128.0608788  130.5093403  130.8806655
 132.3244751  135.4820159  139.7760116  149.1013072  149.4299051 ])
19:03:49  baselineEval.src.cross_validation  INFO     Skipping LGBM regressor (--skip-lgbm)
19:03:49  baselineEval.src.cross_validation  INFO     Regression CV: 1 models, 5×10 nested CV (50 total outer folds)
19:04:08  baselineEval.src.cross_validation  INFO       Saved: predictions_per_subject.csv
19:04:08  baselineEval.src.cross_validation  INFO       CV results: 50 rows → /srv/beegfs/scratch/shares/schaerm/schaer2/video_sam2_pose/humanLISBET-paper/baselineEval/results_stats_temporal_maxpool_lasso/full_kinematic_embedding_temporal/regression/MSEL_TOTAL_DQ/cv_results.csv
19:04:08  baselineEval.src.cross_validation  INFO     
── Regression summary (MSEL_TOTAL_DQ) ──
model      rmse       r2  spearman_r
lasso 25.626182 0.210965    0.499188
19:04:08  ccnEvaluation         INFO     ── Held-out for MSEL_TOTAL_DQ (regression | full_kinematic_embedding_temporal) ──
19:04:08  baselineEval.src.held_out  INFO     Best regression model: lasso (RMSE=25.6262 ± 2.8330)
19:04:09  baselineEval.src.held_out  INFO     Held-out regression (full_kinematic_embedding_temporal | MSEL_TOTAL_DQ): model=lasso RMSE=31.024 [23.247, 38.396] R²=0.114 [-0.433, 0.303] ρ=0.402
19:04:11  baselineEval.src.plotting  INFO       Saved: shap_bar_top20.png and shap_beeswarm_top20.png
19:04:11  baselineEval.src.held_out  INFO     SHAP saved → /srv/beegfs/scratch/shares/schaerm/schaer2/video_sam2_pose/humanLISBET-paper/baselineEval/results_stats_temporal_maxpool_lasso/full_kinematic_embedding_temporal/held_out/regression/MSEL_TOTAL_DQ/shap
19:04:11  ccnEvaluation         INFO     ── CV for MSEL_FM_DQ (regression) ──
19:04:11  ccnEvaluation         INFO       X: (100, 543), y: (100,) (classes: [ 18.02469136  46.4649432   48.97137746  50.05646983  54.38484461
  55.25934702  55.26116578  55.3030303   59.06148867  60.89132507
  63.6627907   63.73690338  64.77896096  65.16194848  65.41218638
  65.72629052  69.06338694  69.12878788  69.33210784  70.91968912
  73.53479853  75.06258941  75.18022657  75.486618    75.66334992
  75.86923658  75.90612002  75.91514143  77.07927225  77.89159198
  78.29257829  79.43695591  79.91242474  80.18453427  80.89539007
  80.95690748  82.62072435  82.81765677  83.43724023  83.84379786
  83.94209957  85.6233244   85.79059829  85.92278719  87.62002743
  87.84596871  87.86462758  87.98209366  89.15229885  90.64569536
  90.75497288  90.7960199   92.60343482  92.99363057  93.43003413
  93.95109395  95.05208333  95.38327526  96.20155039  96.63388805
  96.66313559  97.1113645   97.65160523  97.76785714  98.45857418
  98.95429899  98.97788903  99.40087146  99.64898596 102.1903821
 102.8432377  103.6931818  103.811149   104.7045324  105.1267281
 105.4303871  106.1046512  106.538237   107.1589883  108.1764296
 108.201581   108.6309524  109.939759   111.4163614  111.6891065
 112.258348   112.5198886  113.5687229  114.1644325  115.1790314
 119.8555166  120.5538618  121.1819389  121.197515   121.574912
 122.124634   122.1456693  122.8956229  123.8687783  143.1372549 ])
19:04:11  baselineEval.src.cross_validation  INFO     Skipping LGBM regressor (--skip-lgbm)
19:04:11  baselineEval.src.cross_validation  INFO     Regression CV: 1 models, 5×10 nested CV (50 total outer folds)
19:04:29  baselineEval.src.cross_validation  INFO       Saved: predictions_per_subject.csv
19:04:29  baselineEval.src.cross_validation  INFO       CV results: 50 rows → /srv/beegfs/scratch/shares/schaerm/schaer2/video_sam2_pose/humanLISBET-paper/baselineEval/results_stats_temporal_maxpool_lasso/full_kinematic_embedding_temporal/regression/MSEL_FM_DQ/cv_results.csv
19:04:29  baselineEval.src.cross_validation  INFO     
── Regression summary (MSEL_FM_DQ) ──
model      rmse       r2  spearman_r
lasso 19.381681 0.146397    0.426917
19:04:29  ccnEvaluation         INFO     ── Held-out for MSEL_FM_DQ (regression | full_kinematic_embedding_temporal) ──
19:04:29  baselineEval.src.held_out  INFO     Best regression model: lasso (RMSE=19.3817 ± 2.5112)
19:04:30  baselineEval.src.held_out  INFO     Held-out regression (full_kinematic_embedding_temporal | MSEL_FM_DQ): model=lasso RMSE=23.161 [15.667, 29.924] R²=-0.124 [-0.742, 0.198] ρ=0.108
19:04:33  baselineEval.src.plotting  INFO       Saved: shap_bar_top20.png and shap_beeswarm_top20.png
19:04:33  baselineEval.src.held_out  INFO     SHAP saved → /srv/beegfs/scratch/shares/schaerm/schaer2/video_sam2_pose/humanLISBET-paper/baselineEval/results_stats_temporal_maxpool_lasso/full_kinematic_embedding_temporal/held_out/regression/MSEL_FM_DQ/shap
19:04:33  ccnEvaluation         INFO     ── CV for MSEL_VR_DQ (regression) ──
19:04:33  ccnEvaluation         INFO       X: (100, 543), y: (100,) (classes: [ 24.78395062  38.27847693  40.84386519  44.24242424  48.97137746
  55.48645661  56.65502522  56.92959002  62.16881151  62.75283172
  64.71631206  65.27181688  65.72629052  66.12318841  66.69049889
  67.74833589  69.92337165  70.46332046  70.66795741  71.15009747
  72.16608084  73.80514706  73.80800341  75.41322314  76.86522262
  77.69631031  77.99145299  78.31273601  78.41474446  78.6637931
  79.18580909  79.31783825  80.21978022  83.77964805  84.0389186
  84.56192081  84.81797057  84.88372093  85.28037383  87.43066062
  88.66708914  89.11889597  89.35566001  89.46078431  89.57533077
  89.615829    90.15860634  92.33630952  93.50512357  93.81764069
  94.1109736   94.6140553   96.17918314  96.20155039  97.93244949
  98.97788903 100.5796275  102.1289538  103.2884465  104.0746873
 104.3095565  106.0098302  106.3795337  108.127254   109.5515537
 110.1055807  110.1609658  110.297536   111.6891065  113.7780549
 114.2017705  114.5637163  115.3090847  116.9871795  118.5064935
 121.4642263  123.6822289  124.5733788  125.1905488  125.2213369
 129.0167095  130.7503771  133.1727963  133.6408905  133.8188664
 134.9544937  135.1851852  136.0094851  136.515748   146.7828418
 147.3675711  148.8166269  148.8393977  151.821572   153.0708874
 158.9721254  159.8073555  175.8188825  192.7226814 ])
19:04:33  baselineEval.src.cross_validation  INFO     Skipping LGBM regressor (--skip-lgbm)
19:04:33  baselineEval.src.cross_validation  INFO     Regression CV: 1 models, 5×10 nested CV (50 total outer folds)
19:04:52  baselineEval.src.cross_validation  INFO       Saved: predictions_per_subject.csv
19:04:52  baselineEval.src.cross_validation  INFO       CV results: 50 rows → /srv/beegfs/scratch/shares/schaerm/schaer2/video_sam2_pose/humanLISBET-paper/baselineEval/results_stats_temporal_maxpool_lasso/full_kinematic_embedding_temporal/regression/MSEL_VR_DQ/cv_results.csv
19:04:52  baselineEval.src.cross_validation  INFO     
── Regression summary (MSEL_VR_DQ) ──
model     rmse       r2  spearman_r
lasso 29.73179 0.090945    0.338302
19:04:52  ccnEvaluation         INFO     ── Held-out for MSEL_VR_DQ (regression | full_kinematic_embedding_temporal) ──
19:04:52  baselineEval.src.held_out  INFO     Best regression model: lasso (RMSE=29.7318 ± 3.8145)
19:04:53  baselineEval.src.held_out  INFO     Held-out regression (full_kinematic_embedding_temporal | MSEL_VR_DQ): model=lasso RMSE=30.181 [23.059, 36.479] R²=0.194 [-0.169, 0.302] ρ=0.556
19:04:55  baselineEval.src.plotting  INFO       Saved: shap_bar_top20.png and shap_beeswarm_top20.png
19:04:55  baselineEval.src.held_out  INFO     SHAP saved → /srv/beegfs/scratch/shares/schaerm/schaer2/video_sam2_pose/humanLISBET-paper/baselineEval/results_stats_temporal_maxpool_lasso/full_kinematic_embedding_temporal/held_out/regression/MSEL_VR_DQ/shap
19:04:55  ccnEvaluation         INFO     ── CV for MSEL_LR_DQ (regression) ──
19:04:55  ccnEvaluation         INFO       X: (100, 543), y: (100,) (classes: [  3.88463176   4.06639929   6.75925926   9.87554113  12.01290153
  16.59090909  18.70972466  20.22384752  20.94811754  21.24563446
  25.56022409  26.50048403  28.99586908  29.92695289  32.38948048
  32.63590844  35.30956329  37.26391016  38.9957265   40.25735294
  40.48807543  43.06091806  44.2961165   44.83182162  46.05097149
  46.79487179  47.45189808  48.93770627  50.11618082  50.37154989
  52.84749035  53.52588625  53.65219358  54.90373045  59.29174789
  59.55070281  62.02209006  62.16545012  62.65018881  63.07603687
  64.61056645  64.9288451   66.12318841  66.75811614  70.61011905
  70.91968912  71.94102807  73.19518717  74.25406872  76.30178639
  76.39534884  77.74980635  77.81007752  77.89159198  78.6637931
  79.07279029  79.43695591  80.19460138  82.52583979  83.43724023
  83.56227106  84.15678524  87.60560676  91.80080483  96.34238311
  96.50411281 102.7847309  104.0746873  105.9596995  107.2715207
 108.1764296  108.8902148  110.0871314  115.4120767  115.9171748
 116.9871795  117.5351288  118.5064935  119.2178672  119.8802164
 120.1122726  120.9753788  121.1819389  122.3190349  122.5189726
 124.5733788  126.9356955  127.766486   128.1288156  130.2021403
 130.5093403  132.9263068  138.2575758  142.6500252  144.1714836
 144.3321617  147.1132898  148.8393977  153.6195286  157.0567986 ])
19:04:55  baselineEval.src.cross_validation  INFO     Skipping LGBM regressor (--skip-lgbm)
19:04:55  baselineEval.src.cross_validation  INFO     Regression CV: 1 models, 5×10 nested CV (50 total outer folds)
19:05:15  baselineEval.src.cross_validation  INFO       Saved: predictions_per_subject.csv
19:05:15  baselineEval.src.cross_validation  INFO       CV results: 50 rows → /srv/beegfs/scratch/shares/schaerm/schaer2/video_sam2_pose/humanLISBET-paper/baselineEval/results_stats_temporal_maxpool_lasso/full_kinematic_embedding_temporal/regression/MSEL_LR_DQ/cv_results.csv
19:05:15  baselineEval.src.cross_validation  INFO     
── Regression summary (MSEL_LR_DQ) ──
model      rmse       r2  spearman_r
lasso 35.682459 0.202482    0.511459
19:05:15  ccnEvaluation         INFO     ── Held-out for MSEL_LR_DQ (regression | full_kinematic_embedding_temporal) ──
19:05:15  baselineEval.src.held_out  INFO     Best regression model: lasso (RMSE=35.6825 ± 3.4332)
19:05:16  baselineEval.src.held_out  INFO     Held-out regression (full_kinematic_embedding_temporal | MSEL_LR_DQ): model=lasso RMSE=41.304 [30.031, 52.422] R²=0.171 [-0.387, 0.410] ρ=0.262
19:05:18  baselineEval.src.plotting  INFO       Saved: shap_bar_top20.png and shap_beeswarm_top20.png
19:05:18  baselineEval.src.held_out  INFO     SHAP saved → /srv/beegfs/scratch/shares/schaerm/schaer2/video_sam2_pose/humanLISBET-paper/baselineEval/results_stats_temporal_maxpool_lasso/full_kinematic_embedding_temporal/held_out/regression/MSEL_LR_DQ/shap
19:05:18  ccnEvaluation         INFO     ── CV for MSEL_LE_DQ (regression) ──
19:05:18  ccnEvaluation         INFO       X: (100, 543), y: (100,) (classes: [  9.94008715  14.16375631  17.66698935  21.62322275  22.5308642
  23.71669916  24.48568873  29.32736455  29.93313147  31.1965812
  31.83139535  32.5311943   34.96168582  35.3339787   36.51460584
  36.64658635  37.69462981  40.09226714  40.25735294  40.48807543
  41.27091814  41.92189893  43.37492573  44.24242424  44.2961165
  44.43993506  44.83182162  45.69027182  46.51656754  46.72299027
  47.44367418  50.11618082  50.12015105  50.13736264  50.93023256
  52.58200355  54.8048048   55.8530987   56.46658416  56.94227769
  57.72506083  58.12101911  59.82097832  59.93431856  60.11198946
  61.49957877  65.17857143  65.57490326  66.18574582  66.20785318
  69.12878788  69.55030488  71.37484958  72.66780432  73.41954023
  75.10288066  76.33526384  77.99145299  78.1455863   79.85282418
  80.57395143  81.54602324  82.20720721  83.94209957  84.10138249
  85.23058961  86.67962003  89.35128519  89.92073693  90.17483846
  91.02244389  91.36420526  91.65097301  93.77792672  94.24218952
  96.25527426  96.94555113  97.92085848 100.2099483  100.2747253
 103.2239819  106.0553231  108.127254   109.939759   111.2804878
 111.8651489  112.258348   114.1922639  115.7352358  116.9871795
 120.9753788  122.124634   124.6584699  128.4817876  128.8841808
 137.775842   140.655106   143.7007874  170.9694989 ])
19:05:18  baselineEval.src.cross_validation  INFO     Skipping LGBM regressor (--skip-lgbm)
19:05:18  baselineEval.src.cross_validation  INFO     Regression CV: 1 models, 5×10 nested CV (50 total outer folds)
19:05:37  baselineEval.src.cross_validation  INFO       Saved: predictions_per_subject.csv
19:05:37  baselineEval.src.cross_validation  INFO       CV results: 50 rows → /srv/beegfs/scratch/shares/schaerm/schaer2/video_sam2_pose/humanLISBET-paper/baselineEval/results_stats_temporal_maxpool_lasso/full_kinematic_embedding_temporal/regression/MSEL_LE_DQ/cv_results.csv
19:05:37  baselineEval.src.cross_validation  INFO     
── Regression summary (MSEL_LE_DQ) ──
model      rmse       r2  spearman_r
lasso 30.258489 0.188895    0.471219
19:05:37  ccnEvaluation         INFO     ── Held-out for MSEL_LE_DQ (regression | full_kinematic_embedding_temporal) ──
19:05:37  baselineEval.src.held_out  INFO     Best regression model: lasso (RMSE=30.2585 ± 3.5825)
19:05:38  baselineEval.src.held_out  INFO     Held-out regression (full_kinematic_embedding_temporal | MSEL_LE_DQ): model=lasso RMSE=35.413 [25.843, 44.831] R²=0.104 [-0.600, 0.342] ρ=0.321
19:05:40  baselineEval.src.plotting  INFO       Saved: shap_bar_top20.png and shap_beeswarm_top20.png
19:05:40  baselineEval.src.held_out  INFO     SHAP saved → /srv/beegfs/scratch/shares/schaerm/schaer2/video_sam2_pose/humanLISBET-paper/baselineEval/results_stats_temporal_maxpool_lasso/full_kinematic_embedding_temporal/held_out/regression/MSEL_LE_DQ/shap
19:05:40  ccnEvaluation         INFO     ── CV for MSEL_NV_DQ (regression) ──
19:05:40  ccnEvaluation         INFO       X: (100, 543), y: (100,) (classes: [ 21.40432099  44.16747338  48.05160611  48.97137746  49.77272727
  58.71498864  60.1959643   60.90716019  63.02918895  63.79091198
  64.09642401  65.57490326  65.72629052  66.58026114  67.72345918
  67.91030161  70.16720315  71.56862745  72.80585106  73.37984863
  74.11468486  74.27325581  74.37794938  74.47079827  74.91789819
  76.17530756  76.74648129  76.87728938  77.59353741  79.97251931
  81.51480347  81.6976584   81.89102564  81.99943836  82.20720721
  82.35559567  83.73346137  83.90804598  84.15678524  84.60538218
  84.81199831  86.57250071  88.46431518  88.6496114   88.80778589
  88.87987013  91.05626327  91.88613478  92.03227433  92.13004822
  94.43082789  94.90379615  95.05208333  95.96479195  96.20155039
  96.39084507  96.49226641  97.36019132  97.52310803  97.94594067
  98.60764755  98.68968386  98.84549601  98.97788903  99.87039171
 100.2432517  102.1903821  103.1073446  109.0017065  109.0761612
 109.2369828  110.0871314  111.4163614  111.6531427  111.6891065
 114.2017705  115.7352358  116.0376082  116.2030831  116.810994
 116.9871795  119.3828214  119.8555166  121.5842367  122.8722053
 122.9496192  123.2016379  125.1071123  126.1626445  126.7361111
 127.1777003  128.2630522  128.3820346  129.3307087  130.6682578
 135.4820159  137.1387283  139.16122    139.8314361  157.8091521 ])
19:05:40  baselineEval.src.cross_validation  INFO     Skipping LGBM regressor (--skip-lgbm)
19:05:40  baselineEval.src.cross_validation  INFO     Regression CV: 1 models, 5×10 nested CV (50 total outer folds)
19:05:59  baselineEval.src.cross_validation  INFO       Saved: predictions_per_subject.csv
19:05:59  baselineEval.src.cross_validation  INFO       CV results: 50 rows → /srv/beegfs/scratch/shares/schaerm/schaer2/video_sam2_pose/humanLISBET-paper/baselineEval/results_stats_temporal_maxpool_lasso/full_kinematic_embedding_temporal/regression/MSEL_NV_DQ/cv_results.csv
19:05:59  baselineEval.src.cross_validation  INFO     
── Regression summary (MSEL_NV_DQ) ──
model      rmse       r2  spearman_r
lasso 23.244465 0.101309    0.377052
19:05:59  ccnEvaluation         INFO     ── Held-out for MSEL_NV_DQ (regression | full_kinematic_embedding_temporal) ──
19:05:59  baselineEval.src.held_out  INFO     Best regression model: lasso (RMSE=23.2445 ± 3.0757)
19:06:00  baselineEval.src.held_out  INFO     Held-out regression (full_kinematic_embedding_temporal | MSEL_NV_DQ): model=lasso RMSE=24.930 [19.995, 29.615] R²=0.079 [-0.357, 0.204] ρ=0.350
19:06:02  baselineEval.src.plotting  INFO       Saved: shap_bar_top20.png and shap_beeswarm_top20.png
19:06:02  baselineEval.src.held_out  INFO     SHAP saved → /srv/beegfs/scratch/shares/schaerm/schaer2/video_sam2_pose/humanLISBET-paper/baselineEval/results_stats_temporal_maxpool_lasso/full_kinematic_embedding_temporal/held_out/regression/MSEL_NV_DQ/shap
19:06:02  ccnEvaluation         INFO     ── CV for MSEL_V_DQ (regression) ──
19:06:02  ccnEvaluation         INFO       X: (100, 543), y: (100,) (classes: [ 14.64506173  16.81806214  17.70469538  18.29879679  19.42315879
  25.02823491  25.13774105  27.1577381   27.20632081  29.4009959
  30.41666667  30.91723136  31.03741497  33.34524944  35.09615385
  36.40292553  37.2753268   37.99205148  39.16309013  39.59290454
  40.25735294  40.48807543  41.50422352  44.2961165   44.83182162
  47.46155586  48.09864458  48.46611722  48.93286143  50.11618082
  50.44223328  52.19708788  52.70214521  54.2462845   54.2693288
  54.68949248  54.82073643  54.89951357  56.38516993  58.28505645
  59.94525547  62.43158183  63.11758893  63.13929001  63.25823224
  63.6627907   64.59137709  67.89434524  69.06338694  70.46826734
  70.9304984   72.04972258  76.04166667  78.79965458  80.77686203
  81.15118577  83.23831243  85.25467149  85.85349462  85.92278719
  85.99599793  87.22984206  89.35566001  91.36789406  92.32431935
  92.73373984  94.37151949  94.86083166  95.8165773   97.07446809
  98.62059158  99.7831825  101.2242965  101.2355018  102.3816809
 103.6931818  103.8747811  107.1158763  108.0484808  109.063745
 110.7318923  111.4235219  114.0037352  114.2017705  115.3090847
 116.9871795  119.5234869  120.9753788  121.0967994  121.1872446
 122.9686881  124.051024   128.2952548  128.9440573  133.4982788
 135.3182415  135.4820159  141.0506581  142.4132948  159.0413943 ])
19:06:02  baselineEval.src.cross_validation  INFO     Skipping LGBM regressor (--skip-lgbm)
19:06:02  baselineEval.src.cross_validation  INFO     Regression CV: 1 models, 5×10 nested CV (50 total outer folds)
19:06:21  baselineEval.src.cross_validation  INFO       Saved: predictions_per_subject.csv
19:06:21  baselineEval.src.cross_validation  INFO       CV results: 50 rows → /srv/beegfs/scratch/shares/schaerm/schaer2/video_sam2_pose/humanLISBET-paper/baselineEval/results_stats_temporal_maxpool_lasso/full_kinematic_embedding_temporal/regression/MSEL_V_DQ/cv_results.csv
19:06:21  baselineEval.src.cross_validation  INFO     
── Regression summary (MSEL_V_DQ) ──
model    rmse       r2  spearman_r
lasso 29.6111 0.291994    0.573985
19:06:21  ccnEvaluation         INFO     ── Held-out for MSEL_V_DQ (regression | full_kinematic_embedding_temporal) ──
19:06:21  baselineEval.src.held_out  INFO     Best regression model: lasso (RMSE=29.6111 ± 2.8367)
19:06:22  baselineEval.src.held_out  INFO     Held-out regression (full_kinematic_embedding_temporal | MSEL_V_DQ): model=lasso RMSE=36.878 [26.864, 47.067] R²=0.183 [-0.397, 0.404] ρ=0.404
19:06:24  baselineEval.src.plotting  INFO       Saved: shap_bar_top20.png and shap_beeswarm_top20.png
19:06:24  baselineEval.src.held_out  INFO     SHAP saved → /srv/beegfs/scratch/shares/schaerm/schaer2/video_sam2_pose/humanLISBET-paper/baselineEval/results_stats_temporal_maxpool_lasso/full_kinematic_embedding_temporal/held_out/regression/MSEL_V_DQ/shap
19:06:24  ccnEvaluation         INFO     ═══ Step 5: Statistical comparison ═══
19:06:24  baselineEval.src.comparison  INFO       embedding vs embedding_temporal (diagnosis, auc_roc): W=264.5, p=0.0003 (p_corr=0.0089), r=0.585 ***
19:06:24  baselineEval.src.comparison  INFO       embedding vs full_kinematic (diagnosis, auc_roc): W=383.0, p=0.0554 (p_corr=1.0000), r=0.321 
19:06:24  baselineEval.src.comparison  INFO       embedding vs full_kinematic_embedding (diagnosis, auc_roc): W=350.0, p=0.0146 (p_corr=0.4099), r=0.405 
19:06:24  baselineEval.src.comparison  INFO       embedding vs full_kinematic_embedding_temporal (diagnosis, auc_roc): W=442.0, p=0.0591 (p_corr=1.0000), r=0.307 
19:06:24  baselineEval.src.comparison  INFO       embedding vs full_kinematic_temporal (diagnosis, auc_roc): W=238.5, p=0.0002 (p_corr=0.0056), r=0.611 ***
19:06:24  baselineEval.src.comparison  INFO       embedding vs motor_only (diagnosis, auc_roc): W=365.0, p=0.0085 (p_corr=0.2386), r=0.427 
19:06:24  baselineEval.src.comparison  INFO       embedding vs motor_only_temporal (diagnosis, auc_roc): W=209.5, p=0.0000 (p_corr=0.0010), r=0.671 ***
19:06:24  baselineEval.src.comparison  INFO       embedding_temporal vs full_kinematic (diagnosis, auc_roc): W=186.0, p=0.0000 (p_corr=0.0010), r=0.684 ***
19:06:24  baselineEval.src.comparison  INFO       embedding_temporal vs full_kinematic_embedding (diagnosis, auc_roc): W=185.5, p=0.0000 (p_corr=0.0006), r=0.697 ***
19:06:24  baselineEval.src.comparison  INFO       embedding_temporal vs full_kinematic_embedding_temporal (diagnosis, auc_roc): W=346.5, p=0.0214 (p_corr=0.5979), r=0.386 
19:06:24  baselineEval.src.comparison  INFO       embedding_temporal vs full_kinematic_temporal (diagnosis, auc_roc): W=484.0, p=0.3972 (p_corr=1.0000), r=0.142 
19:06:24  baselineEval.src.comparison  INFO       embedding_temporal vs motor_only (diagnosis, auc_roc): W=157.5, p=0.0000 (p_corr=0.0002), r=0.743 ***
19:06:24  baselineEval.src.comparison  INFO       embedding_temporal vs motor_only_temporal (diagnosis, auc_roc): W=515.0, p=0.2370 (p_corr=1.0000), r=0.192 
19:06:24  baselineEval.src.comparison  INFO       full_kinematic vs full_kinematic_embedding (diagnosis, auc_roc): W=574.5, p=0.8899 (p_corr=1.0000), r=0.023 
19:06:24  baselineEval.src.comparison  INFO       full_kinematic vs full_kinematic_embedding_temporal (diagnosis, auc_roc): W=310.5, p=0.0016 (p_corr=0.0446), r=0.513 ***
19:06:24  baselineEval.src.comparison  INFO       full_kinematic vs full_kinematic_temporal (diagnosis, auc_roc): W=135.5, p=0.0000 (p_corr=0.0001), r=0.770 ***
19:06:24  baselineEval.src.comparison  INFO       full_kinematic vs motor_only (diagnosis, auc_roc): W=443.0, p=0.0917 (p_corr=1.0000), r=0.277 
19:06:24  baselineEval.src.comparison  INFO       full_kinematic vs motor_only_temporal (diagnosis, auc_roc): W=90.0, p=0.0000 (p_corr=0.0000), r=0.859 ***
19:06:24  baselineEval.src.comparison  INFO       full_kinematic_embedding vs full_kinematic_embedding_temporal (diagnosis, auc_roc): W=269.0, p=0.0018 (p_corr=0.0503), r=0.523 
19:06:24  baselineEval.src.comparison  INFO       full_kinematic_embedding vs full_kinematic_temporal (diagnosis, auc_roc): W=148.0, p=0.0000 (p_corr=0.0001), r=0.768 ***
19:06:24  baselineEval.src.comparison  INFO       full_kinematic_embedding vs motor_only (diagnosis, auc_roc): W=464.5, p=0.2052 (p_corr=1.0000), r=0.210 
19:06:24  baselineEval.src.comparison  INFO       full_kinematic_embedding vs motor_only_temporal (diagnosis, auc_roc): W=80.5, p=0.0000 (p_corr=0.0000), r=0.863 ***
19:06:24  baselineEval.src.comparison  INFO       full_kinematic_embedding_temporal vs full_kinematic_temporal (diagnosis, auc_roc): W=271.5, p=0.0033 (p_corr=0.0921), r=0.498 
19:06:24  baselineEval.src.comparison  INFO       full_kinematic_embedding_temporal vs motor_only (diagnosis, auc_roc): W=203.0, p=0.0000 (p_corr=0.0013), r=0.669 ***
19:06:24  baselineEval.src.comparison  INFO       full_kinematic_embedding_temporal vs motor_only_temporal (diagnosis, auc_roc): W=251.0, p=0.0005 (p_corr=0.0153), r=0.573 ***
19:06:24  baselineEval.src.comparison  INFO       full_kinematic_temporal vs motor_only (diagnosis, auc_roc): W=71.5, p=0.0000 (p_corr=0.0000), r=0.883 ***
19:06:24  baselineEval.src.comparison  INFO       full_kinematic_temporal vs motor_only_temporal (diagnosis, auc_roc): W=537.5, p=0.3343 (p_corr=1.0000), r=0.157 
19:06:24  baselineEval.src.comparison  INFO       motor_only vs motor_only_temporal (diagnosis, auc_roc): W=35.0, p=0.0000 (p_corr=0.0000), r=0.943 ***
19:06:24  baselineEval.src.comparison  INFO       Saved: /srv/beegfs/scratch/shares/schaerm/schaer2/video_sam2_pose/humanLISBET-paper/baselineEval/results_stats_temporal_maxpool_lasso/comparison/diagnosis/comparison_results.csv
19:06:24  baselineEval.src.comparison  INFO       embedding vs embedding_temporal (ADOS_2_ADOS_G_revised_RRB_level_of_symptoms, f1_macro): W=343.0, p=0.0039 (p_corr=0.1096), r=0.462 
19:06:24  baselineEval.src.comparison  INFO       embedding vs full_kinematic (ADOS_2_ADOS_G_revised_RRB_level_of_symptoms, f1_macro): W=260.0, p=0.0005 (p_corr=0.0127), r=0.576 ***
19:06:24  baselineEval.src.comparison  INFO       embedding vs full_kinematic_embedding (ADOS_2_ADOS_G_revised_RRB_level_of_symptoms, f1_macro): W=310.0, p=0.0012 (p_corr=0.0346), r=0.514 ***
19:06:24  baselineEval.src.comparison  INFO       embedding vs full_kinematic_embedding_temporal (ADOS_2_ADOS_G_revised_RRB_level_of_symptoms, f1_macro): W=263.0, p=0.0002 (p_corr=0.0052), r=0.587 ***
19:06:24  baselineEval.src.comparison  INFO       embedding vs full_kinematic_temporal (ADOS_2_ADOS_G_revised_RRB_level_of_symptoms, f1_macro): W=105.0, p=0.0000 (p_corr=0.0000), r=0.835 ***
19:06:24  baselineEval.src.comparison  INFO       embedding vs motor_only (ADOS_2_ADOS_G_revised_RRB_level_of_symptoms, f1_macro): W=300.0, p=0.0008 (p_corr=0.0237), r=0.529 ***
19:06:24  baselineEval.src.comparison  INFO       embedding vs motor_only_temporal (ADOS_2_ADOS_G_revised_RRB_level_of_symptoms, f1_macro): W=74.0, p=0.0000 (p_corr=0.0000), r=0.884 ***
19:06:24  baselineEval.src.comparison  INFO       embedding_temporal vs full_kinematic (ADOS_2_ADOS_G_revised_RRB_level_of_symptoms, f1_macro): W=114.0, p=0.0000 (p_corr=0.0000), r=0.821 ***
19:06:24  baselineEval.src.comparison  INFO       embedding_temporal vs full_kinematic_embedding (ADOS_2_ADOS_G_revised_RRB_level_of_symptoms, f1_macro): W=132.0, p=0.0000 (p_corr=0.0000), r=0.793 ***
19:06:24  baselineEval.src.comparison  INFO       embedding_temporal vs full_kinematic_embedding_temporal (ADOS_2_ADOS_G_revised_RRB_level_of_symptoms, f1_macro): W=418.0, p=0.0337 (p_corr=0.9433), r=0.344 
19:06:24  baselineEval.src.comparison  INFO       embedding_temporal vs full_kinematic_temporal (ADOS_2_ADOS_G_revised_RRB_level_of_symptoms, f1_macro): W=229.0, p=0.0000 (p_corr=0.0011), r=0.641 ***
19:06:24  baselineEval.src.comparison  INFO       embedding_temporal vs motor_only (ADOS_2_ADOS_G_revised_RRB_level_of_symptoms, f1_macro): W=187.0, p=0.0000 (p_corr=0.0001), r=0.707 ***
19:06:24  baselineEval.src.comparison  INFO       embedding_temporal vs motor_only_temporal (ADOS_2_ADOS_G_revised_RRB_level_of_symptoms, f1_macro): W=140.0, p=0.0000 (p_corr=0.0000), r=0.780 ***
19:06:24  baselineEval.src.comparison  INFO       full_kinematic vs full_kinematic_embedding (ADOS_2_ADOS_G_revised_RRB_level_of_symptoms, f1_macro): W=515.0, p=0.3321 (p_corr=1.0000), r=0.159 
19:06:24  baselineEval.src.comparison  INFO       full_kinematic vs full_kinematic_embedding_temporal (ADOS_2_ADOS_G_revised_RRB_level_of_symptoms, f1_macro): W=78.0, p=0.0000 (p_corr=0.0000), r=0.878 ***
19:06:24  baselineEval.src.comparison  INFO       full_kinematic vs full_kinematic_temporal (ADOS_2_ADOS_G_revised_RRB_level_of_symptoms, f1_macro): W=11.0, p=0.0000 (p_corr=0.0000), r=0.983 ***
19:06:24  baselineEval.src.comparison  INFO       full_kinematic vs motor_only (ADOS_2_ADOS_G_revised_RRB_level_of_symptoms, f1_macro): W=499.0, p=0.2589 (p_corr=1.0000), r=0.185 
19:06:24  baselineEval.src.comparison  INFO       full_kinematic vs motor_only_temporal (ADOS_2_ADOS_G_revised_RRB_level_of_symptoms, f1_macro): W=30.0, p=0.0000 (p_corr=0.0000), r=0.953 ***
19:06:24  baselineEval.src.comparison  INFO       full_kinematic_embedding vs full_kinematic_embedding_temporal (ADOS_2_ADOS_G_revised_RRB_level_of_symptoms, f1_macro): W=94.0, p=0.0000 (p_corr=0.0000), r=0.840 ***
19:06:24  baselineEval.src.comparison  INFO       full_kinematic_embedding vs full_kinematic_temporal (ADOS_2_ADOS_G_revised_RRB_level_of_symptoms, f1_macro): W=39.0, p=0.0000 (p_corr=0.0000), r=0.939 ***
19:06:24  baselineEval.src.comparison  INFO       full_kinematic_embedding vs motor_only (ADOS_2_ADOS_G_revised_RRB_level_of_symptoms, f1_macro): W=591.0, p=0.8307 (p_corr=1.0000), r=0.035 
19:06:24  baselineEval.src.comparison  INFO       full_kinematic_embedding vs motor_only_temporal (ADOS_2_ADOS_G_revised_RRB_level_of_symptoms, f1_macro): W=31.0, p=0.0000 (p_corr=0.0000), r=0.951 ***
19:06:24  baselineEval.src.comparison  INFO       full_kinematic_embedding_temporal vs full_kinematic_temporal (ADOS_2_ADOS_G_revised_RRB_level_of_symptoms, f1_macro): W=373.0, p=0.0100 (p_corr=0.2790), r=0.415 
19:06:24  baselineEval.src.comparison  INFO       full_kinematic_embedding_temporal vs motor_only (ADOS_2_ADOS_G_revised_RRB_level_of_symptoms, f1_macro): W=124.0, p=0.0000 (p_corr=0.0000), r=0.805 ***
19:06:24  baselineEval.src.comparison  INFO       full_kinematic_embedding_temporal vs motor_only_temporal (ADOS_2_ADOS_G_revised_RRB_level_of_symptoms, f1_macro): W=252.0, p=0.0001 (p_corr=0.0032), r=0.605 ***
19:06:24  baselineEval.src.comparison  INFO       full_kinematic_temporal vs motor_only (ADOS_2_ADOS_G_revised_RRB_level_of_symptoms, f1_macro): W=45.0, p=0.0000 (p_corr=0.0000), r=0.929 ***
19:06:24  baselineEval.src.comparison  INFO       full_kinematic_temporal vs motor_only_temporal (ADOS_2_ADOS_G_revised_RRB_level_of_symptoms, f1_macro): W=396.0, p=0.0313 (p_corr=0.8756), r=0.353 
19:06:24  baselineEval.src.comparison  INFO       motor_only vs motor_only_temporal (ADOS_2_ADOS_G_revised_RRB_level_of_symptoms, f1_macro): W=55.0, p=0.0000 (p_corr=0.0000), r=0.914 ***
19:06:24  baselineEval.src.comparison  INFO       Saved: /srv/beegfs/scratch/shares/schaerm/schaer2/video_sam2_pose/humanLISBET-paper/baselineEval/results_stats_temporal_maxpool_lasso/comparison/ADOS_2_ADOS_G_revised_RRB_level_of_symptoms/comparison_results.csv
19:06:24  baselineEval.src.comparison  INFO       embedding vs embedding_temporal (ADOS_2_ADOS_G_REVISED_SA_LEVEL_OF_SYMPTOMS, f1_macro): W=443.0, p=0.0918 (p_corr=1.0000), r=0.277 
19:06:24  baselineEval.src.comparison  INFO       embedding vs full_kinematic (ADOS_2_ADOS_G_REVISED_SA_LEVEL_OF_SYMPTOMS, f1_macro): W=64.0, p=0.0000 (p_corr=0.0000), r=0.900 ***
19:06:24  baselineEval.src.comparison  INFO       embedding vs full_kinematic_embedding (ADOS_2_ADOS_G_REVISED_SA_LEVEL_OF_SYMPTOMS, f1_macro): W=161.0, p=0.0000 (p_corr=0.0000), r=0.747 ***
19:06:24  baselineEval.src.comparison  INFO       embedding vs full_kinematic_embedding_temporal (ADOS_2_ADOS_G_REVISED_SA_LEVEL_OF_SYMPTOMS, f1_macro): W=327.0, p=0.0023 (p_corr=0.0637), r=0.487 
19:06:24  baselineEval.src.comparison  INFO       embedding vs full_kinematic_temporal (ADOS_2_ADOS_G_REVISED_SA_LEVEL_OF_SYMPTOMS, f1_macro): W=377.0, p=0.0112 (p_corr=0.3136), r=0.409 
19:06:24  baselineEval.src.comparison  INFO       embedding vs motor_only (ADOS_2_ADOS_G_REVISED_SA_LEVEL_OF_SYMPTOMS, f1_macro): W=186.0, p=0.0000 (p_corr=0.0001), r=0.708 ***
19:06:24  baselineEval.src.comparison  INFO       embedding vs motor_only_temporal (ADOS_2_ADOS_G_REVISED_SA_LEVEL_OF_SYMPTOMS, f1_macro): W=540.0, p=0.3522 (p_corr=1.0000), r=0.153 
19:06:24  baselineEval.src.comparison  INFO       embedding_temporal vs full_kinematic (ADOS_2_ADOS_G_REVISED_SA_LEVEL_OF_SYMPTOMS, f1_macro): W=219.0, p=0.0000 (p_corr=0.0006), r=0.656 ***
19:06:24  baselineEval.src.comparison  INFO       embedding_temporal vs full_kinematic_embedding (ADOS_2_ADOS_G_REVISED_SA_LEVEL_OF_SYMPTOMS, f1_macro): W=315.0, p=0.0015 (p_corr=0.0416), r=0.506 ***
19:06:24  baselineEval.src.comparison  INFO       embedding_temporal vs full_kinematic_embedding_temporal (ADOS_2_ADOS_G_REVISED_SA_LEVEL_OF_SYMPTOMS, f1_macro): W=299.0, p=0.0008 (p_corr=0.0228), r=0.531 ***
19:06:24  baselineEval.src.comparison  INFO       embedding_temporal vs full_kinematic_temporal (ADOS_2_ADOS_G_REVISED_SA_LEVEL_OF_SYMPTOMS, f1_macro): W=493.0, p=0.2346 (p_corr=1.0000), r=0.195 
19:06:24  baselineEval.src.comparison  INFO       embedding_temporal vs motor_only (ADOS_2_ADOS_G_REVISED_SA_LEVEL_OF_SYMPTOMS, f1_macro): W=352.0, p=0.0052 (p_corr=0.1466), r=0.448 
19:06:24  baselineEval.src.comparison  INFO       embedding_temporal vs motor_only_temporal (ADOS_2_ADOS_G_REVISED_SA_LEVEL_OF_SYMPTOMS, f1_macro): W=537.0, p=0.3374 (p_corr=1.0000), r=0.158 
19:06:24  baselineEval.src.comparison  INFO       full_kinematic vs full_kinematic_embedding (ADOS_2_ADOS_G_REVISED_SA_LEVEL_OF_SYMPTOMS, f1_macro): W=436.0, p=0.0518 (p_corr=1.0000), r=0.316 
19:06:24  baselineEval.src.comparison  INFO       full_kinematic vs full_kinematic_embedding_temporal (ADOS_2_ADOS_G_REVISED_SA_LEVEL_OF_SYMPTOMS, f1_macro): W=410.0, p=0.0275 (p_corr=0.7713), r=0.357 
19:06:24  baselineEval.src.comparison  INFO       full_kinematic vs full_kinematic_temporal (ADOS_2_ADOS_G_REVISED_SA_LEVEL_OF_SYMPTOMS, f1_macro): W=302.0, p=0.0009 (p_corr=0.0256), r=0.526 ***
19:06:24  baselineEval.src.comparison  INFO       full_kinematic vs motor_only (ADOS_2_ADOS_G_REVISED_SA_LEVEL_OF_SYMPTOMS, f1_macro): W=522.0, p=0.2695 (p_corr=1.0000), r=0.181 
19:06:24  baselineEval.src.comparison  INFO       full_kinematic vs motor_only_temporal (ADOS_2_ADOS_G_REVISED_SA_LEVEL_OF_SYMPTOMS, f1_macro): W=184.0, p=0.0000 (p_corr=0.0001), r=0.711 ***
19:06:24  baselineEval.src.comparison  INFO       full_kinematic_embedding vs full_kinematic_embedding_temporal (ADOS_2_ADOS_G_REVISED_SA_LEVEL_OF_SYMPTOMS, f1_macro): W=532.0, p=0.4233 (p_corr=1.0000), r=0.131 
19:06:24  baselineEval.src.comparison  INFO       full_kinematic_embedding vs full_kinematic_temporal (ADOS_2_ADOS_G_REVISED_SA_LEVEL_OF_SYMPTOMS, f1_macro): W=498.0, p=0.1813 (p_corr=1.0000), r=0.219 
19:06:24  baselineEval.src.comparison  INFO       full_kinematic_embedding vs motor_only (ADOS_2_ADOS_G_REVISED_SA_LEVEL_OF_SYMPTOMS, f1_macro): W=622.0, p=0.8859 (p_corr=1.0000), r=0.024 
19:06:24  baselineEval.src.comparison  INFO       full_kinematic_embedding vs motor_only_temporal (ADOS_2_ADOS_G_REVISED_SA_LEVEL_OF_SYMPTOMS, f1_macro): W=336.0, p=0.0031 (p_corr=0.0868), r=0.473 
19:06:24  baselineEval.src.comparison  INFO       full_kinematic_embedding_temporal vs full_kinematic_temporal (ADOS_2_ADOS_G_REVISED_SA_LEVEL_OF_SYMPTOMS, f1_macro): W=507.0, p=0.2115 (p_corr=1.0000), r=0.205 
19:06:24  baselineEval.src.comparison  INFO       full_kinematic_embedding_temporal vs motor_only (ADOS_2_ADOS_G_REVISED_SA_LEVEL_OF_SYMPTOMS, f1_macro): W=526.0, p=0.2866 (p_corr=1.0000), r=0.175 
19:06:24  baselineEval.src.comparison  INFO       full_kinematic_embedding_temporal vs motor_only_temporal (ADOS_2_ADOS_G_REVISED_SA_LEVEL_OF_SYMPTOMS, f1_macro): W=374.0, p=0.0103 (p_corr=0.2873), r=0.413 
19:06:25  baselineEval.src.comparison  INFO       full_kinematic_temporal vs motor_only (ADOS_2_ADOS_G_REVISED_SA_LEVEL_OF_SYMPTOMS, f1_macro): W=432.0, p=0.0473 (p_corr=1.0000), r=0.322 
19:06:25  baselineEval.src.comparison  INFO       full_kinematic_temporal vs motor_only_temporal (ADOS_2_ADOS_G_REVISED_SA_LEVEL_OF_SYMPTOMS, f1_macro): W=416.0, p=0.0321 (p_corr=0.8975), r=0.347 
19:06:25  baselineEval.src.comparison  INFO       motor_only vs motor_only_temporal (ADOS_2_ADOS_G_REVISED_SA_LEVEL_OF_SYMPTOMS, f1_macro): W=285.0, p=0.0005 (p_corr=0.0131), r=0.553 ***
19:06:25  baselineEval.src.comparison  INFO       Saved: /srv/beegfs/scratch/shares/schaerm/schaer2/video_sam2_pose/humanLISBET-paper/baselineEval/results_stats_temporal_maxpool_lasso/comparison/ADOS_2_ADOS_G_REVISED_SA_LEVEL_OF_SYMPTOMS/comparison_results.csv
19:06:25  baselineEval.src.comparison  INFO       embedding vs embedding_temporal (ADOS_G_ADOS_2_TOTAL_score_de_severite, rmse): W=111.0, p=0.0000 (p_corr=0.0000), r=0.826 ***
19:06:25  baselineEval.src.comparison  INFO       embedding vs full_kinematic (ADOS_G_ADOS_2_TOTAL_score_de_severite, rmse): W=215.0, p=0.0000 (p_corr=0.0005), r=0.663 ***
19:06:25  baselineEval.src.comparison  INFO       embedding vs full_kinematic_embedding (ADOS_G_ADOS_2_TOTAL_score_de_severite, rmse): W=303.0, p=0.0010 (p_corr=0.0266), r=0.525 ***
19:06:25  baselineEval.src.comparison  INFO       embedding vs full_kinematic_embedding_temporal (ADOS_G_ADOS_2_TOTAL_score_de_severite, rmse): W=99.0, p=0.0000 (p_corr=0.0000), r=0.845 ***
19:06:25  baselineEval.src.comparison  INFO       embedding vs full_kinematic_temporal (ADOS_G_ADOS_2_TOTAL_score_de_severite, rmse): W=227.0, p=0.0000 (p_corr=0.0010), r=0.644 ***
19:06:25  baselineEval.src.comparison  INFO       embedding vs motor_only (ADOS_G_ADOS_2_TOTAL_score_de_severite, rmse): W=201.0, p=0.0000 (p_corr=0.0002), r=0.685 ***
19:06:25  baselineEval.src.comparison  INFO       embedding vs motor_only_temporal (ADOS_G_ADOS_2_TOTAL_score_de_severite, rmse): W=133.0, p=0.0000 (p_corr=0.0000), r=0.791 ***
19:06:25  baselineEval.src.comparison  INFO       embedding_temporal vs full_kinematic (ADOS_G_ADOS_2_TOTAL_score_de_severite, rmse): W=91.0, p=0.0000 (p_corr=0.0000), r=0.857 ***
19:06:25  baselineEval.src.comparison  INFO       embedding_temporal vs full_kinematic_embedding (ADOS_G_ADOS_2_TOTAL_score_de_severite, rmse): W=132.0, p=0.0000 (p_corr=0.0000), r=0.793 ***
19:06:25  baselineEval.src.comparison  INFO       embedding_temporal vs full_kinematic_embedding_temporal (ADOS_G_ADOS_2_TOTAL_score_de_severite, rmse): W=616.0, p=0.8408 (p_corr=1.0000), r=0.034 
19:06:25  baselineEval.src.comparison  INFO       embedding_temporal vs full_kinematic_temporal (ADOS_G_ADOS_2_TOTAL_score_de_severite, rmse): W=580.0, p=0.5852 (p_corr=1.0000), r=0.090 
19:06:25  baselineEval.src.comparison  INFO       embedding_temporal vs motor_only (ADOS_G_ADOS_2_TOTAL_score_de_severite, rmse): W=57.0, p=0.0000 (p_corr=0.0000), r=0.911 ***
19:06:25  baselineEval.src.comparison  INFO       embedding_temporal vs motor_only_temporal (ADOS_G_ADOS_2_TOTAL_score_de_severite, rmse): W=499.0, p=0.1844 (p_corr=1.0000), r=0.217 
19:06:25  baselineEval.src.comparison  INFO       full_kinematic vs full_kinematic_embedding (ADOS_G_ADOS_2_TOTAL_score_de_severite, rmse): W=442.0, p=0.0594 (p_corr=1.0000), r=0.307 
19:06:25  baselineEval.src.comparison  INFO       full_kinematic vs full_kinematic_embedding_temporal (ADOS_G_ADOS_2_TOTAL_score_de_severite, rmse): W=58.0, p=0.0000 (p_corr=0.0000), r=0.909 ***
19:06:25  baselineEval.src.comparison  INFO       full_kinematic vs full_kinematic_temporal (ADOS_G_ADOS_2_TOTAL_score_de_severite, rmse): W=112.0, p=0.0000 (p_corr=0.0000), r=0.824 ***
19:06:25  baselineEval.src.comparison  INFO       full_kinematic vs motor_only (ADOS_G_ADOS_2_TOTAL_score_de_severite, rmse): W=496.0, p=0.1750 (p_corr=1.0000), r=0.222 
19:06:25  baselineEval.src.comparison  INFO       full_kinematic vs motor_only_temporal (ADOS_G_ADOS_2_TOTAL_score_de_severite, rmse): W=74.0, p=0.0000 (p_corr=0.0000), r=0.884 ***
19:06:25  baselineEval.src.comparison  INFO       full_kinematic_embedding vs full_kinematic_embedding_temporal (ADOS_G_ADOS_2_TOTAL_score_de_severite, rmse): W=101.0, p=0.0000 (p_corr=0.0000), r=0.842 ***
19:06:25  baselineEval.src.comparison  INFO       full_kinematic_embedding vs full_kinematic_temporal (ADOS_G_ADOS_2_TOTAL_score_de_severite, rmse): W=161.0, p=0.0000 (p_corr=0.0000), r=0.747 ***
19:06:25  baselineEval.src.comparison  INFO       full_kinematic_embedding vs motor_only (ADOS_G_ADOS_2_TOTAL_score_de_severite, rmse): W=588.0, p=0.6390 (p_corr=1.0000), r=0.078 
19:06:25  baselineEval.src.comparison  INFO       full_kinematic_embedding vs motor_only_temporal (ADOS_G_ADOS_2_TOTAL_score_de_severite, rmse): W=95.0, p=0.0000 (p_corr=0.0000), r=0.851 ***
19:06:25  baselineEval.src.comparison  INFO       full_kinematic_embedding_temporal vs full_kinematic_temporal (ADOS_G_ADOS_2_TOTAL_score_de_severite, rmse): W=580.0, p=0.7465 (p_corr=1.0000), r=0.053 
19:06:25  baselineEval.src.comparison  INFO       full_kinematic_embedding_temporal vs motor_only (ADOS_G_ADOS_2_TOTAL_score_de_severite, rmse): W=38.0, p=0.0000 (p_corr=0.0000), r=0.940 ***
19:06:25  baselineEval.src.comparison  INFO       full_kinematic_embedding_temporal vs motor_only_temporal (ADOS_G_ADOS_2_TOTAL_score_de_severite, rmse): W=455.0, p=0.0789 (p_corr=1.0000), r=0.286 
19:06:25  baselineEval.src.comparison  INFO       full_kinematic_temporal vs motor_only (ADOS_G_ADOS_2_TOTAL_score_de_severite, rmse): W=93.0, p=0.0000 (p_corr=0.0000), r=0.854 ***
19:06:25  baselineEval.src.comparison  INFO       full_kinematic_temporal vs motor_only_temporal (ADOS_G_ADOS_2_TOTAL_score_de_severite, rmse): W=414.0, p=0.0483 (p_corr=1.0000), r=0.324 
19:06:25  baselineEval.src.comparison  INFO       motor_only vs motor_only_temporal (ADOS_G_ADOS_2_TOTAL_score_de_severite, rmse): W=42.0, p=0.0000 (p_corr=0.0000), r=0.934 ***
19:06:25  baselineEval.src.comparison  INFO       Saved: /srv/beegfs/scratch/shares/schaerm/schaer2/video_sam2_pose/humanLISBET-paper/baselineEval/results_stats_temporal_maxpool_lasso/comparison/ADOS_G_ADOS_2_TOTAL_score_de_severite/comparison_results.csv
19:06:25  baselineEval.src.comparison  INFO       embedding vs embedding_temporal (ADOS_2_ADOS_G_REVISED_SA_SEVERITY_SCORE, rmse): W=38.0, p=0.0000 (p_corr=0.0000), r=0.940 ***
19:06:25  baselineEval.src.comparison  INFO       embedding vs full_kinematic (ADOS_2_ADOS_G_REVISED_SA_SEVERITY_SCORE, rmse): W=27.0, p=0.0000 (p_corr=0.0000), r=0.958 ***
19:06:25  baselineEval.src.comparison  INFO       embedding vs full_kinematic_embedding (ADOS_2_ADOS_G_REVISED_SA_SEVERITY_SCORE, rmse): W=29.0, p=0.0000 (p_corr=0.0000), r=0.955 ***
19:06:25  baselineEval.src.comparison  INFO       embedding vs full_kinematic_embedding_temporal (ADOS_2_ADOS_G_REVISED_SA_SEVERITY_SCORE, rmse): W=109.0, p=0.0000 (p_corr=0.0000), r=0.829 ***
19:06:25  baselineEval.src.comparison  INFO       embedding vs full_kinematic_temporal (ADOS_2_ADOS_G_REVISED_SA_SEVERITY_SCORE, rmse): W=135.0, p=0.0000 (p_corr=0.0000), r=0.788 ***
19:06:25  baselineEval.src.comparison  INFO       embedding vs motor_only (ADOS_2_ADOS_G_REVISED_SA_SEVERITY_SCORE, rmse): W=15.0, p=0.0000 (p_corr=0.0000), r=0.976 ***
19:06:25  baselineEval.src.comparison  INFO       embedding vs motor_only_temporal (ADOS_2_ADOS_G_REVISED_SA_SEVERITY_SCORE, rmse): W=50.0, p=0.0000 (p_corr=0.0000), r=0.918 ***
19:06:25  baselineEval.src.comparison  INFO       embedding_temporal vs full_kinematic (ADOS_2_ADOS_G_REVISED_SA_SEVERITY_SCORE, rmse): W=4.0, p=0.0000 (p_corr=0.0000), r=0.994 ***
19:06:25  baselineEval.src.comparison  INFO       embedding_temporal vs full_kinematic_embedding (ADOS_2_ADOS_G_REVISED_SA_SEVERITY_SCORE, rmse): W=6.0, p=0.0000 (p_corr=0.0000), r=0.991 ***
19:06:25  baselineEval.src.comparison  INFO       embedding_temporal vs full_kinematic_embedding_temporal (ADOS_2_ADOS_G_REVISED_SA_SEVERITY_SCORE, rmse): W=501.0, p=0.6661 (p_corr=1.0000), r=0.073 
19:06:25  baselineEval.src.comparison  INFO       embedding_temporal vs full_kinematic_temporal (ADOS_2_ADOS_G_REVISED_SA_SEVERITY_SCORE, rmse): W=445.0, p=0.0635 (p_corr=1.0000), r=0.302 
19:06:25  baselineEval.src.comparison  INFO       embedding_temporal vs motor_only (ADOS_2_ADOS_G_REVISED_SA_SEVERITY_SCORE, rmse): W=5.0, p=0.0000 (p_corr=0.0000), r=0.992 ***
19:06:25  baselineEval.src.comparison  INFO       embedding_temporal vs motor_only_temporal (ADOS_2_ADOS_G_REVISED_SA_SEVERITY_SCORE, rmse): W=338.0, p=0.0103 (p_corr=0.2896), r=0.425 
19:06:25  baselineEval.src.comparison  INFO       full_kinematic vs full_kinematic_embedding (ADOS_2_ADOS_G_REVISED_SA_SEVERITY_SCORE, rmse): W=621.0, p=0.8783 (p_corr=1.0000), r=0.026 
19:06:25  baselineEval.src.comparison  INFO       full_kinematic vs full_kinematic_embedding_temporal (ADOS_2_ADOS_G_REVISED_SA_SEVERITY_SCORE, rmse): W=14.0, p=0.0000 (p_corr=0.0000), r=0.978 ***
19:06:25  baselineEval.src.comparison  INFO       full_kinematic vs full_kinematic_temporal (ADOS_2_ADOS_G_REVISED_SA_SEVERITY_SCORE, rmse): W=10.0, p=0.0000 (p_corr=0.0000), r=0.984 ***
19:06:25  baselineEval.src.comparison  INFO       full_kinematic vs motor_only (ADOS_2_ADOS_G_REVISED_SA_SEVERITY_SCORE, rmse): W=581.0, p=0.5918 (p_corr=1.0000), r=0.089 
19:06:25  baselineEval.src.comparison  INFO       full_kinematic vs motor_only_temporal (ADOS_2_ADOS_G_REVISED_SA_SEVERITY_SCORE, rmse): W=3.0, p=0.0000 (p_corr=0.0000), r=0.995 ***
19:06:25  baselineEval.src.comparison  INFO       full_kinematic_embedding vs full_kinematic_embedding_temporal (ADOS_2_ADOS_G_REVISED_SA_SEVERITY_SCORE, rmse): W=13.0, p=0.0000 (p_corr=0.0000), r=0.980 ***
19:06:25  baselineEval.src.comparison  INFO       full_kinematic_embedding vs full_kinematic_temporal (ADOS_2_ADOS_G_REVISED_SA_SEVERITY_SCORE, rmse): W=15.0, p=0.0000 (p_corr=0.0000), r=0.976 ***
19:06:25  baselineEval.src.comparison  INFO       full_kinematic_embedding vs motor_only (ADOS_2_ADOS_G_REVISED_SA_SEVERITY_SCORE, rmse): W=563.0, p=0.4783 (p_corr=1.0000), r=0.117 
19:06:25  baselineEval.src.comparison  INFO       full_kinematic_embedding vs motor_only_temporal (ADOS_2_ADOS_G_REVISED_SA_SEVERITY_SCORE, rmse): W=7.0, p=0.0000 (p_corr=0.0000), r=0.989 ***
19:06:25  baselineEval.src.comparison  INFO       full_kinematic_embedding_temporal vs full_kinematic_temporal (ADOS_2_ADOS_G_REVISED_SA_SEVERITY_SCORE, rmse): W=317.0, p=0.0596 (p_corr=1.0000), r=0.330 
19:06:25  baselineEval.src.comparison  INFO       full_kinematic_embedding_temporal vs motor_only (ADOS_2_ADOS_G_REVISED_SA_SEVERITY_SCORE, rmse): W=4.0, p=0.0000 (p_corr=0.0000), r=0.994 ***
19:06:25  baselineEval.src.comparison  INFO       full_kinematic_embedding_temporal vs motor_only_temporal (ADOS_2_ADOS_G_REVISED_SA_SEVERITY_SCORE, rmse): W=288.0, p=0.0409 (p_corr=1.0000), r=0.362 
19:06:25  baselineEval.src.comparison  INFO       full_kinematic_temporal vs motor_only (ADOS_2_ADOS_G_REVISED_SA_SEVERITY_SCORE, rmse): W=9.0, p=0.0000 (p_corr=0.0000), r=0.986 ***
19:06:25  baselineEval.src.comparison  INFO       full_kinematic_temporal vs motor_only_temporal (ADOS_2_ADOS_G_REVISED_SA_SEVERITY_SCORE, rmse): W=462.0, p=0.8943 (p_corr=1.0000), r=0.023 
19:06:25  baselineEval.src.comparison  INFO       motor_only vs motor_only_temporal (ADOS_2_ADOS_G_REVISED_SA_SEVERITY_SCORE, rmse): W=3.0, p=0.0000 (p_corr=0.0000), r=0.995 ***
19:06:25  baselineEval.src.comparison  INFO       Saved: /srv/beegfs/scratch/shares/schaerm/schaer2/video_sam2_pose/humanLISBET-paper/baselineEval/results_stats_temporal_maxpool_lasso/comparison/ADOS_2_ADOS_G_REVISED_SA_SEVERITY_SCORE/comparison_results.csv
19:06:25  baselineEval.src.comparison  INFO       embedding vs embedding_temporal (ADOS_2_ADOS_G_REVISED_RRB_SEVERITY_SCORE_new, rmse): W=207.0, p=0.0000 (p_corr=0.0003), r=0.675 ***
19:06:25  baselineEval.src.comparison  INFO       embedding vs full_kinematic (ADOS_2_ADOS_G_REVISED_RRB_SEVERITY_SCORE_new, rmse): W=538.0, p=0.3423 (p_corr=1.0000), r=0.156 
19:06:25  baselineEval.src.comparison  INFO       embedding vs full_kinematic_embedding (ADOS_2_ADOS_G_REVISED_RRB_SEVERITY_SCORE_new, rmse): W=572.0, p=0.5336 (p_corr=1.0000), r=0.103 
19:06:25  baselineEval.src.comparison  INFO       embedding vs full_kinematic_embedding_temporal (ADOS_2_ADOS_G_REVISED_RRB_SEVERITY_SCORE_new, rmse): W=234.0, p=0.0000 (p_corr=0.0014), r=0.633 ***
19:06:25  baselineEval.src.comparison  INFO       embedding vs full_kinematic_temporal (ADOS_2_ADOS_G_REVISED_RRB_SEVERITY_SCORE_new, rmse): W=262.0, p=0.0002 (p_corr=0.0050), r=0.589 ***
19:06:25  baselineEval.src.comparison  INFO       embedding vs motor_only (ADOS_2_ADOS_G_REVISED_RRB_SEVERITY_SCORE_new, rmse): W=579.0, p=0.5786 (p_corr=1.0000), r=0.092 
19:06:25  baselineEval.src.comparison  INFO       embedding vs motor_only_temporal (ADOS_2_ADOS_G_REVISED_RRB_SEVERITY_SCORE_new, rmse): W=217.0, p=0.0000 (p_corr=0.0006), r=0.660 ***
19:06:25  baselineEval.src.comparison  INFO       embedding_temporal vs full_kinematic (ADOS_2_ADOS_G_REVISED_RRB_SEVERITY_SCORE_new, rmse): W=186.0, p=0.0000 (p_corr=0.0001), r=0.708 ***
19:06:25  baselineEval.src.comparison  INFO       embedding_temporal vs full_kinematic_embedding (ADOS_2_ADOS_G_REVISED_RRB_SEVERITY_SCORE_new, rmse): W=208.0, p=0.0000 (p_corr=0.0004), r=0.674 ***
19:06:25  baselineEval.src.comparison  INFO       embedding_temporal vs full_kinematic_embedding_temporal (ADOS_2_ADOS_G_REVISED_RRB_SEVERITY_SCORE_new, rmse): W=481.0, p=0.5157 (p_corr=1.0000), r=0.110 
19:06:25  baselineEval.src.comparison  INFO       embedding_temporal vs full_kinematic_temporal (ADOS_2_ADOS_G_REVISED_RRB_SEVERITY_SCORE_new, rmse): W=549.0, p=0.5276 (p_corr=1.0000), r=0.104 
19:06:25  baselineEval.src.comparison  INFO       embedding_temporal vs motor_only (ADOS_2_ADOS_G_REVISED_RRB_SEVERITY_SCORE_new, rmse): W=178.0, p=0.0000 (p_corr=0.0001), r=0.721 ***
19:06:25  baselineEval.src.comparison  INFO       embedding_temporal vs motor_only_temporal (ADOS_2_ADOS_G_REVISED_RRB_SEVERITY_SCORE_new, rmse): W=559.0, p=0.7661 (p_corr=1.0000), r=0.049 
19:06:25  baselineEval.src.comparison  INFO       full_kinematic vs full_kinematic_embedding (ADOS_2_ADOS_G_REVISED_RRB_SEVERITY_SCORE_new, rmse): W=557.0, p=0.4433 (p_corr=1.0000), r=0.126 
19:06:25  baselineEval.src.comparison  INFO       full_kinematic vs full_kinematic_embedding_temporal (ADOS_2_ADOS_G_REVISED_RRB_SEVERITY_SCORE_new, rmse): W=228.0, p=0.0000 (p_corr=0.0010), r=0.642 ***
19:06:25  baselineEval.src.comparison  INFO       full_kinematic vs full_kinematic_temporal (ADOS_2_ADOS_G_REVISED_RRB_SEVERITY_SCORE_new, rmse): W=243.0, p=0.0001 (p_corr=0.0021), r=0.619 ***
19:06:25  baselineEval.src.comparison  INFO       full_kinematic vs motor_only (ADOS_2_ADOS_G_REVISED_RRB_SEVERITY_SCORE_new, rmse): W=523.0, p=0.2737 (p_corr=1.0000), r=0.180 
19:06:25  baselineEval.src.comparison  INFO       full_kinematic vs motor_only_temporal (ADOS_2_ADOS_G_REVISED_RRB_SEVERITY_SCORE_new, rmse): W=153.0, p=0.0000 (p_corr=0.0000), r=0.760 ***
19:06:25  baselineEval.src.comparison  INFO       full_kinematic_embedding vs full_kinematic_embedding_temporal (ADOS_2_ADOS_G_REVISED_RRB_SEVERITY_SCORE_new, rmse): W=229.0, p=0.0000 (p_corr=0.0011), r=0.641 ***
19:06:25  baselineEval.src.comparison  INFO       full_kinematic_embedding vs full_kinematic_temporal (ADOS_2_ADOS_G_REVISED_RRB_SEVERITY_SCORE_new, rmse): W=276.0, p=0.0003 (p_corr=0.0091), r=0.567 ***
19:06:25  baselineEval.src.comparison  INFO       full_kinematic_embedding vs motor_only (ADOS_2_ADOS_G_REVISED_RRB_SEVERITY_SCORE_new, rmse): W=621.0, p=0.8783 (p_corr=1.0000), r=0.026 
19:06:25  baselineEval.src.comparison  INFO       full_kinematic_embedding vs motor_only_temporal (ADOS_2_ADOS_G_REVISED_RRB_SEVERITY_SCORE_new, rmse): W=210.0, p=0.0000 (p_corr=0.0004), r=0.671 ***
19:06:25  baselineEval.src.comparison  INFO       full_kinematic_embedding_temporal vs full_kinematic_temporal (ADOS_2_ADOS_G_REVISED_RRB_SEVERITY_SCORE_new, rmse): W=575.0, p=0.8939 (p_corr=1.0000), r=0.022 
19:06:25  baselineEval.src.comparison  INFO       full_kinematic_embedding_temporal vs motor_only (ADOS_2_ADOS_G_REVISED_RRB_SEVERITY_SCORE_new, rmse): W=227.0, p=0.0000 (p_corr=0.0010), r=0.644 ***
19:06:25  baselineEval.src.comparison  INFO       full_kinematic_embedding_temporal vs motor_only_temporal (ADOS_2_ADOS_G_REVISED_RRB_SEVERITY_SCORE_new, rmse): W=555.0, p=0.5673 (p_corr=1.0000), r=0.094 
19:06:25  baselineEval.src.comparison  INFO       full_kinematic_temporal vs motor_only (ADOS_2_ADOS_G_REVISED_RRB_SEVERITY_SCORE_new, rmse): W=253.0, p=0.0001 (p_corr=0.0033), r=0.603 ***
19:06:25  baselineEval.src.comparison  INFO       full_kinematic_temporal vs motor_only_temporal (ADOS_2_ADOS_G_REVISED_RRB_SEVERITY_SCORE_new, rmse): W=344.0, p=0.0199 (p_corr=0.5574), r=0.390 
19:06:25  baselineEval.src.comparison  INFO       motor_only vs motor_only_temporal (ADOS_2_ADOS_G_REVISED_RRB_SEVERITY_SCORE_new, rmse): W=125.0, p=0.0000 (p_corr=0.0000), r=0.804 ***
19:06:25  baselineEval.src.comparison  INFO       Saved: /srv/beegfs/scratch/shares/schaerm/schaer2/video_sam2_pose/humanLISBET-paper/baselineEval/results_stats_temporal_maxpool_lasso/comparison/ADOS_2_ADOS_G_REVISED_RRB_SEVERITY_SCORE_new/comparison_results.csv
19:06:25  baselineEval.src.comparison  INFO       embedding vs embedding_temporal (VLDII_AdSS, rmse): W=245.0, p=0.0001 (p_corr=0.0023), r=0.616 ***
19:06:25  baselineEval.src.comparison  INFO       embedding vs full_kinematic (VLDII_AdSS, rmse): W=510.0, p=0.2223 (p_corr=1.0000), r=0.200 
19:06:25  baselineEval.src.comparison  INFO       embedding vs full_kinematic_embedding (VLDII_AdSS, rmse): W=540.0, p=0.3522 (p_corr=1.0000), r=0.153 
19:06:25  baselineEval.src.comparison  INFO       embedding vs full_kinematic_embedding_temporal (VLDII_AdSS, rmse): W=299.0, p=0.0008 (p_corr=0.0228), r=0.531 ***
19:06:25  baselineEval.src.comparison  INFO       embedding vs full_kinematic_temporal (VLDII_AdSS, rmse): W=299.0, p=0.0008 (p_corr=0.0228), r=0.531 ***
19:06:25  baselineEval.src.comparison  INFO       embedding vs motor_only (VLDII_AdSS, rmse): W=445.0, p=0.0635 (p_corr=1.0000), r=0.302 
19:06:25  baselineEval.src.comparison  INFO       embedding vs motor_only_temporal (VLDII_AdSS, rmse): W=72.0, p=0.0000 (p_corr=0.0000), r=0.887 ***
19:06:25  baselineEval.src.comparison  INFO       embedding_temporal vs full_kinematic (VLDII_AdSS, rmse): W=401.0, p=0.0218 (p_corr=0.6102), r=0.371 
19:06:25  baselineEval.src.comparison  INFO       embedding_temporal vs full_kinematic_embedding (VLDII_AdSS, rmse): W=251.0, p=0.0001 (p_corr=0.0030), r=0.606 ***
19:06:25  baselineEval.src.comparison  INFO       embedding_temporal vs full_kinematic_embedding_temporal (VLDII_AdSS, rmse): W=545.0, p=0.3777 (p_corr=1.0000), r=0.145 
19:06:25  baselineEval.src.comparison  INFO       embedding_temporal vs full_kinematic_temporal (VLDII_AdSS, rmse): W=532.0, p=0.3137 (p_corr=1.0000), r=0.165 
19:06:25  baselineEval.src.comparison  INFO       embedding_temporal vs motor_only (VLDII_AdSS, rmse): W=537.0, p=0.3374 (p_corr=1.0000), r=0.158 
19:06:25  baselineEval.src.comparison  INFO       embedding_temporal vs motor_only_temporal (VLDII_AdSS, rmse): W=249.0, p=0.0001 (p_corr=0.0028), r=0.609 ***
19:06:25  baselineEval.src.comparison  INFO       full_kinematic vs full_kinematic_embedding (VLDII_AdSS, rmse): W=381.0, p=0.0213 (p_corr=0.5961), r=0.378 
19:06:25  baselineEval.src.comparison  INFO       full_kinematic vs full_kinematic_embedding_temporal (VLDII_AdSS, rmse): W=494.0, p=0.1689 (p_corr=1.0000), r=0.225 
19:06:25  baselineEval.src.comparison  INFO       full_kinematic vs full_kinematic_temporal (VLDII_AdSS, rmse): W=326.0, p=0.0022 (p_corr=0.0615), r=0.489 
19:06:25  baselineEval.src.comparison  INFO       full_kinematic vs motor_only (VLDII_AdSS, rmse): W=415.0, p=0.0313 (p_corr=0.8753), r=0.349 
19:06:25  baselineEval.src.comparison  INFO       full_kinematic vs motor_only_temporal (VLDII_AdSS, rmse): W=120.0, p=0.0000 (p_corr=0.0000), r=0.812 ***
19:06:25  baselineEval.src.comparison  INFO       full_kinematic_embedding vs full_kinematic_embedding_temporal (VLDII_AdSS, rmse): W=365.0, p=0.0078 (p_corr=0.2196), r=0.427 
19:06:25  baselineEval.src.comparison  INFO       full_kinematic_embedding vs full_kinematic_temporal (VLDII_AdSS, rmse): W=273.0, p=0.0003 (p_corr=0.0080), r=0.572 ***
19:06:25  baselineEval.src.comparison  INFO       full_kinematic_embedding vs motor_only (VLDII_AdSS, rmse): W=304.0, p=0.0010 (p_corr=0.0276), r=0.523 ***
19:06:25  baselineEval.src.comparison  INFO       full_kinematic_embedding vs motor_only_temporal (VLDII_AdSS, rmse): W=76.0, p=0.0000 (p_corr=0.0000), r=0.881 ***
19:06:25  baselineEval.src.comparison  INFO       full_kinematic_embedding_temporal vs full_kinematic_temporal (VLDII_AdSS, rmse): W=395.0, p=0.0186 (p_corr=0.5196), r=0.380 
19:06:25  baselineEval.src.comparison  INFO       full_kinematic_embedding_temporal vs motor_only (VLDII_AdSS, rmse): W=623.0, p=0.8934 (p_corr=1.0000), r=0.023 
19:06:25  baselineEval.src.comparison  INFO       full_kinematic_embedding_temporal vs motor_only_temporal (VLDII_AdSS, rmse): W=205.0, p=0.0000 (p_corr=0.0003), r=0.678 ***
19:06:25  baselineEval.src.comparison  INFO       full_kinematic_temporal vs motor_only (VLDII_AdSS, rmse): W=461.0, p=0.0894 (p_corr=1.0000), r=0.277 
19:06:25  baselineEval.src.comparison  INFO       full_kinematic_temporal vs motor_only_temporal (VLDII_AdSS, rmse): W=217.0, p=0.0000 (p_corr=0.0006), r=0.660 ***
19:06:25  baselineEval.src.comparison  INFO       motor_only vs motor_only_temporal (VLDII_AdSS, rmse): W=232.0, p=0.0000 (p_corr=0.0012), r=0.636 ***
19:06:25  baselineEval.src.comparison  INFO       Saved: /srv/beegfs/scratch/shares/schaerm/schaer2/video_sam2_pose/humanLISBET-paper/baselineEval/results_stats_temporal_maxpool_lasso/comparison/VLDII_AdSS/comparison_results.csv
19:06:25  baselineEval.src.comparison  INFO       embedding vs embedding_temporal (VLDII_MotorSS, rmse): W=226.0, p=0.0221 (p_corr=0.6188), r=0.421 
19:06:25  baselineEval.src.comparison  INFO       embedding vs full_kinematic (VLDII_MotorSS, rmse): W=140.0, p=0.0121 (p_corr=0.3376), r=0.501 
19:06:25  baselineEval.src.comparison  INFO       embedding vs full_kinematic_embedding (VLDII_MotorSS, rmse): W=52.0, p=0.0029 (p_corr=0.0825), r=0.680 
19:06:25  baselineEval.src.comparison  INFO       embedding vs full_kinematic_embedding_temporal (VLDII_MotorSS, rmse): W=298.0, p=0.2931 (p_corr=1.0000), r=0.196 
19:06:25  baselineEval.src.comparison  INFO       embedding vs full_kinematic_temporal (VLDII_MotorSS, rmse): W=237.0, p=0.0328 (p_corr=0.9170), r=0.392 
19:06:25  baselineEval.src.comparison  INFO       embedding vs motor_only (VLDII_MotorSS, rmse): W=128.0, p=0.0187 (p_corr=0.5234), r=0.484 
19:06:25  baselineEval.src.comparison  INFO       embedding vs motor_only_temporal (VLDII_MotorSS, rmse): W=318.0, p=0.0951 (p_corr=1.0000), r=0.296 
19:06:25  baselineEval.src.comparison  INFO       embedding_temporal vs full_kinematic (VLDII_MotorSS, rmse): W=84.0, p=0.0000 (p_corr=0.0003), r=0.795 ***
19:06:25  baselineEval.src.comparison  INFO       embedding_temporal vs full_kinematic_embedding (VLDII_MotorSS, rmse): W=119.0, p=0.0003 (p_corr=0.0074), r=0.679 ***
19:06:25  baselineEval.src.comparison  INFO       embedding_temporal vs full_kinematic_embedding_temporal (VLDII_MotorSS, rmse): W=266.0, p=0.0330 (p_corr=0.9250), r=0.382 
19:06:25  baselineEval.src.comparison  INFO       embedding_temporal vs full_kinematic_temporal (VLDII_MotorSS, rmse): W=191.0, p=0.0011 (p_corr=0.0315), r=0.577 ***
19:06:25  baselineEval.src.comparison  INFO       embedding_temporal vs motor_only (VLDII_MotorSS, rmse): W=102.0, p=0.0000 (p_corr=0.0010), r=0.751 ***
19:06:25  baselineEval.src.comparison  INFO       embedding_temporal vs motor_only_temporal (VLDII_MotorSS, rmse): W=241.0, p=0.0011 (p_corr=0.0299), r=0.554 ***
19:06:25  baselineEval.src.comparison  INFO       full_kinematic vs full_kinematic_embedding (VLDII_MotorSS, rmse): W=170.0, p=0.4524 (p_corr=1.0000), r=0.163 
19:06:25  baselineEval.src.comparison  INFO       full_kinematic vs full_kinematic_embedding_temporal (VLDII_MotorSS, rmse): W=220.0, p=0.2797 (p_corr=1.0000), r=0.216 
19:06:25  baselineEval.src.comparison  INFO       full_kinematic vs full_kinematic_temporal (VLDII_MotorSS, rmse): W=220.0, p=0.7971 (p_corr=1.0000), r=0.054 
19:06:25  baselineEval.src.comparison  INFO       full_kinematic vs motor_only (VLDII_MotorSS, rmse): W=40.0, p=0.2560 (p_corr=1.0000), r=0.333 
19:06:25  baselineEval.src.comparison  INFO       full_kinematic vs motor_only_temporal (VLDII_MotorSS, rmse): W=370.0, p=0.9942 (p_corr=1.0000), r=0.001 
19:06:25  baselineEval.src.comparison  INFO       full_kinematic_embedding vs full_kinematic_embedding_temporal (VLDII_MotorSS, rmse): W=292.0, p=0.7064 (p_corr=1.0000), r=0.073 
19:06:25  baselineEval.src.comparison  INFO       full_kinematic_embedding vs full_kinematic_temporal (VLDII_MotorSS, rmse): W=271.0, p=0.3300 (p_corr=1.0000), r=0.186 
19:06:25  baselineEval.src.comparison  INFO       full_kinematic_embedding vs motor_only (VLDII_MotorSS, rmse): W=160.0, p=0.4860 (p_corr=1.0000), r=0.153 
19:06:25  baselineEval.src.comparison  INFO       full_kinematic_embedding vs motor_only_temporal (VLDII_MotorSS, rmse): W=375.0, p=0.4720 (p_corr=1.0000), r=0.129 
19:06:25  baselineEval.src.comparison  INFO       full_kinematic_embedding_temporal vs full_kinematic_temporal (VLDII_MotorSS, rmse): W=130.0, p=0.2478 (p_corr=1.0000), r=0.259 
19:06:25  baselineEval.src.comparison  INFO       full_kinematic_embedding_temporal vs motor_only (VLDII_MotorSS, rmse): W=236.0, p=0.4265 (p_corr=1.0000), r=0.159 
19:06:25  baselineEval.src.comparison  INFO       full_kinematic_embedding_temporal vs motor_only_temporal (VLDII_MotorSS, rmse): W=445.0, p=0.5596 (p_corr=1.0000), r=0.101 
19:06:25  baselineEval.src.comparison  INFO       full_kinematic_temporal vs motor_only (VLDII_MotorSS, rmse): W=202.0, p=0.5304 (p_corr=1.0000), r=0.131 
19:06:25  baselineEval.src.comparison  INFO       full_kinematic_temporal vs motor_only_temporal (VLDII_MotorSS, rmse): W=354.0, p=0.3215 (p_corr=1.0000), r=0.178 
19:06:25  baselineEval.src.comparison  INFO       motor_only vs motor_only_temporal (VLDII_MotorSS, rmse): W=383.0, p=0.9222 (p_corr=1.0000), r=0.018 
19:06:25  baselineEval.src.comparison  INFO       Saved: /srv/beegfs/scratch/shares/schaerm/schaer2/video_sam2_pose/humanLISBET-paper/baselineEval/results_stats_temporal_maxpool_lasso/comparison/VLDII_MotorSS/comparison_results.csv
19:06:25  baselineEval.src.comparison  INFO       embedding vs embedding_temporal (VLDII_gmsVS, rmse): W=234.0, p=0.0023 (p_corr=0.0650), r=0.527 
19:06:25  baselineEval.src.comparison  INFO       embedding vs full_kinematic (VLDII_gmsVS, rmse): W=163.0, p=0.7509 (p_corr=1.0000), r=0.071 
19:06:25  baselineEval.src.comparison  INFO       embedding vs full_kinematic_embedding (VLDII_gmsVS, rmse): W=12.0, p=0.0023 (p_corr=0.0634), r=0.843 
19:06:25  baselineEval.src.comparison  INFO       embedding vs full_kinematic_embedding_temporal (VLDII_gmsVS, rmse): W=344.0, p=0.5209 (p_corr=1.0000), r=0.118 
19:06:25  baselineEval.src.comparison  INFO       embedding vs full_kinematic_temporal (VLDII_gmsVS, rmse): W=255.0, p=0.2204 (p_corr=1.0000), r=0.234 
19:06:25  baselineEval.src.comparison  INFO       embedding vs motor_only (VLDII_gmsVS, rmse): W=142.0, p=0.8192 (p_corr=1.0000), r=0.053 
19:06:25  baselineEval.src.comparison  INFO       embedding vs motor_only_temporal (VLDII_gmsVS, rmse): W=334.0, p=0.5966 (p_corr=1.0000), r=0.099 
19:06:25  baselineEval.src.comparison  INFO       embedding_temporal vs full_kinematic (VLDII_gmsVS, rmse): W=214.0, p=0.0140 (p_corr=0.3933), r=0.451 
19:06:25  baselineEval.src.comparison  INFO       embedding_temporal vs full_kinematic_embedding (VLDII_gmsVS, rmse): W=157.0, p=0.0001 (p_corr=0.0038), r=0.668 ***
19:06:25  baselineEval.src.comparison  INFO       embedding_temporal vs full_kinematic_embedding_temporal (VLDII_gmsVS, rmse): W=292.0, p=0.0178 (p_corr=0.4993), r=0.410 
19:06:25  baselineEval.src.comparison  INFO       embedding_temporal vs full_kinematic_temporal (VLDII_gmsVS, rmse): W=197.0, p=0.0009 (p_corr=0.0241), r=0.584 ***
19:06:25  baselineEval.src.comparison  INFO       embedding_temporal vs motor_only (VLDII_gmsVS, rmse): W=215.0, p=0.0241 (p_corr=0.6756), r=0.420 
19:06:25  baselineEval.src.comparison  INFO       embedding_temporal vs motor_only_temporal (VLDII_gmsVS, rmse): W=362.0, p=0.0325 (p_corr=0.9114), r=0.358 
19:06:25  baselineEval.src.comparison  INFO       full_kinematic vs full_kinematic_embedding (VLDII_gmsVS, rmse): W=77.0, p=0.4688 (p_corr=1.0000), r=0.189 
19:06:25  baselineEval.src.comparison  INFO       full_kinematic vs full_kinematic_embedding_temporal (VLDII_gmsVS, rmse): W=312.0, p=0.7415 (p_corr=1.0000), r=0.063 
19:06:25  baselineEval.src.comparison  INFO       full_kinematic vs full_kinematic_temporal (VLDII_gmsVS, rmse): W=187.0, p=0.3493 (p_corr=1.0000), r=0.196 
19:06:25  baselineEval.src.comparison  INFO       full_kinematic vs motor_only (VLDII_gmsVS, rmse): W=3.0, p=0.2249 (p_corr=1.0000), r=0.600 
19:06:25  baselineEval.src.comparison  INFO       full_kinematic vs motor_only_temporal (VLDII_gmsVS, rmse): W=201.0, p=0.5170 (p_corr=1.0000), r=0.135 
19:06:25  baselineEval.src.comparison  INFO       full_kinematic_embedding vs full_kinematic_embedding_temporal (VLDII_gmsVS, rmse): W=355.0, p=0.6252 (p_corr=1.0000), r=0.090 
19:06:25  baselineEval.src.comparison  INFO       full_kinematic_embedding vs full_kinematic_temporal (VLDII_gmsVS, rmse): W=294.0, p=0.9523 (p_corr=1.0000), r=0.012 
19:06:25  baselineEval.src.comparison  INFO       full_kinematic_embedding vs motor_only (VLDII_gmsVS, rmse): W=36.0, p=0.0552 (p_corr=1.0000), r=0.529 
19:06:25  baselineEval.src.comparison  INFO       full_kinematic_embedding vs motor_only_temporal (VLDII_gmsVS, rmse): W=163.0, p=0.0358 (p_corr=1.0000), r=0.419 
19:06:25  baselineEval.src.comparison  INFO       full_kinematic_embedding_temporal vs full_kinematic_temporal (VLDII_gmsVS, rmse): W=209.0, p=0.3037 (p_corr=1.0000), r=0.208 
19:06:25  baselineEval.src.comparison  INFO       full_kinematic_embedding_temporal vs motor_only (VLDII_gmsVS, rmse): W=246.0, p=0.2584 (p_corr=1.0000), r=0.219 
19:06:25  baselineEval.src.comparison  INFO       full_kinematic_embedding_temporal vs motor_only_temporal (VLDII_gmsVS, rmse): W=432.0, p=0.3345 (p_corr=1.0000), r=0.165 
19:06:25  baselineEval.src.comparison  INFO       full_kinematic_temporal vs motor_only (VLDII_gmsVS, rmse): W=112.0, p=0.0382 (p_corr=1.0000), r=0.448 
19:06:25  baselineEval.src.comparison  INFO       full_kinematic_temporal vs motor_only_temporal (VLDII_gmsVS, rmse): W=285.0, p=0.0929 (p_corr=1.0000), r=0.305 
19:06:25  baselineEval.src.comparison  INFO       motor_only vs motor_only_temporal (VLDII_gmsVS, rmse): W=198.0, p=0.9094 (p_corr=1.0000), r=0.025 
19:06:25  baselineEval.src.comparison  INFO       Saved: /srv/beegfs/scratch/shares/schaerm/schaer2/video_sam2_pose/humanLISBET-paper/baselineEval/results_stats_temporal_maxpool_lasso/comparison/VLDII_gmsVS/comparison_results.csv
19:06:25  baselineEval.src.comparison  INFO       embedding vs embedding_temporal (VLDII_fmsVS, rmse): W=185.0, p=0.4822 (p_corr=1.0000), r=0.149 
19:06:25  baselineEval.src.comparison  INFO       embedding vs full_kinematic (VLDII_fmsVS, rmse): W=311.0, p=0.7296 (p_corr=1.0000), r=0.066 
19:06:25  baselineEval.src.comparison  INFO       embedding vs full_kinematic_embedding (VLDII_fmsVS, rmse): W=80.0, p=0.5461 (p_corr=1.0000), r=0.158 
19:06:25  baselineEval.src.comparison  INFO       embedding vs full_kinematic_embedding_temporal (VLDII_fmsVS, rmse): W=144.0, p=0.1791 (p_corr=1.0000), r=0.291 
19:06:25  baselineEval.src.comparison  INFO       embedding vs full_kinematic_temporal (VLDII_fmsVS, rmse): W=193.0, p=0.1180 (p_corr=1.0000), r=0.312 
19:06:25  baselineEval.src.comparison  INFO       embedding vs motor_only (VLDII_fmsVS, rmse): W=199.0, p=0.6891 (p_corr=1.0000), r=0.085 
19:06:25  baselineEval.src.comparison  INFO       embedding vs motor_only_temporal (VLDII_fmsVS, rmse): W=372.0, p=0.8017 (p_corr=1.0000), r=0.046 
19:06:25  baselineEval.src.comparison  INFO       embedding_temporal vs full_kinematic (VLDII_fmsVS, rmse): W=222.0, p=0.6104 (p_corr=1.0000), r=0.105 
19:06:25  baselineEval.src.comparison  INFO       embedding_temporal vs full_kinematic_embedding (VLDII_fmsVS, rmse): W=164.0, p=0.5481 (p_corr=1.0000), r=0.132 
19:06:25  baselineEval.src.comparison  INFO       embedding_temporal vs full_kinematic_embedding_temporal (VLDII_fmsVS, rmse): W=142.0, p=0.2588 (p_corr=1.0000), r=0.249 
19:06:25  baselineEval.src.comparison  INFO       embedding_temporal vs full_kinematic_temporal (VLDII_fmsVS, rmse): W=152.0, p=0.0978 (p_corr=1.0000), r=0.346 
19:06:25  baselineEval.src.comparison  INFO       embedding_temporal vs motor_only (VLDII_fmsVS, rmse): W=218.0, p=0.7655 (p_corr=1.0000), r=0.062 
19:06:25  baselineEval.src.comparison  INFO       embedding_temporal vs motor_only_temporal (VLDII_fmsVS, rmse): W=347.0, p=0.9459 (p_corr=1.0000), r=0.013 
19:06:25  baselineEval.src.comparison  INFO       full_kinematic vs full_kinematic_embedding (VLDII_fmsVS, rmse): W=201.0, p=0.7213 (p_corr=1.0000), r=0.076 
19:06:25  baselineEval.src.comparison  INFO       full_kinematic vs full_kinematic_embedding_temporal (VLDII_fmsVS, rmse): W=181.0, p=0.4300 (p_corr=1.0000), r=0.168 
19:06:25  baselineEval.src.comparison  INFO       full_kinematic vs full_kinematic_temporal (VLDII_fmsVS, rmse): W=173.0, p=0.1416 (p_corr=1.0000), r=0.302 
19:06:25  baselineEval.src.comparison  INFO       full_kinematic vs motor_only (VLDII_fmsVS, rmse): W=145.0, p=0.2905 (p_corr=1.0000), r=0.233 
19:06:25  baselineEval.src.comparison  INFO       full_kinematic vs motor_only_temporal (VLDII_fmsVS, rmse): W=341.0, p=0.8741 (p_corr=1.0000), r=0.030 
19:06:25  baselineEval.src.comparison  INFO       full_kinematic_embedding vs full_kinematic_embedding_temporal (VLDII_fmsVS, rmse): W=88.0, p=0.1283 (p_corr=1.0000), r=0.362 
19:06:25  baselineEval.src.comparison  INFO       full_kinematic_embedding vs full_kinematic_temporal (VLDII_fmsVS, rmse): W=129.0, p=0.0920 (p_corr=1.0000), r=0.365 
19:06:25  baselineEval.src.comparison  INFO       full_kinematic_embedding vs motor_only (VLDII_fmsVS, rmse): W=138.0, p=0.5098 (p_corr=1.0000), r=0.151 
19:06:25  baselineEval.src.comparison  INFO       full_kinematic_embedding vs motor_only_temporal (VLDII_fmsVS, rmse): W=314.0, p=0.5716 (p_corr=1.0000), r=0.107 
19:06:25  baselineEval.src.comparison  INFO       full_kinematic_embedding_temporal vs full_kinematic_temporal (VLDII_fmsVS, rmse): W=61.0, p=0.7174 (p_corr=1.0000), r=0.103 
19:06:25  baselineEval.src.comparison  INFO       full_kinematic_embedding_temporal vs motor_only (VLDII_fmsVS, rmse): W=144.0, p=0.4237 (p_corr=1.0000), r=0.179 
19:06:25  baselineEval.src.comparison  INFO       full_kinematic_embedding_temporal vs motor_only_temporal (VLDII_fmsVS, rmse): W=202.0, p=0.1025 (p_corr=1.0000), r=0.321 
19:06:25  baselineEval.src.comparison  INFO       full_kinematic_temporal vs motor_only (VLDII_fmsVS, rmse): W=148.0, p=0.1329 (p_corr=1.0000), r=0.320 
19:06:25  baselineEval.src.comparison  INFO       full_kinematic_temporal vs motor_only_temporal (VLDII_fmsVS, rmse): W=170.0, p=0.0293 (p_corr=0.8196), r=0.429 
19:06:25  baselineEval.src.comparison  INFO       motor_only vs motor_only_temporal (VLDII_fmsVS, rmse): W=340.0, p=0.8623 (p_corr=1.0000), r=0.033 
19:06:25  baselineEval.src.comparison  INFO       Saved: /srv/beegfs/scratch/shares/schaerm/schaer2/video_sam2_pose/humanLISBET-paper/baselineEval/results_stats_temporal_maxpool_lasso/comparison/VLDII_fmsVS/comparison_results.csv
19:06:25  baselineEval.src.comparison  INFO       embedding vs embedding_temporal (VLDII_SocSS, rmse): W=150.0, p=0.0000 (p_corr=0.0000), r=0.765 ***
19:06:25  baselineEval.src.comparison  INFO       embedding vs full_kinematic (VLDII_SocSS, rmse): W=304.0, p=0.0010 (p_corr=0.0276), r=0.523 ***
19:06:25  baselineEval.src.comparison  INFO       embedding vs full_kinematic_embedding (VLDII_SocSS, rmse): W=600.0, p=0.7233 (p_corr=1.0000), r=0.059 
19:06:25  baselineEval.src.comparison  INFO       embedding vs full_kinematic_embedding_temporal (VLDII_SocSS, rmse): W=130.0, p=0.0000 (p_corr=0.0000), r=0.796 ***
19:06:25  baselineEval.src.comparison  INFO       embedding vs full_kinematic_temporal (VLDII_SocSS, rmse): W=316.0, p=0.0015 (p_corr=0.0431), r=0.504 ***
19:06:25  baselineEval.src.comparison  INFO       embedding vs motor_only (VLDII_SocSS, rmse): W=371.0, p=0.0094 (p_corr=0.2630), r=0.418 
19:06:25  baselineEval.src.comparison  INFO       embedding vs motor_only_temporal (VLDII_SocSS, rmse): W=183.0, p=0.0000 (p_corr=0.0001), r=0.713 ***
19:06:25  baselineEval.src.comparison  INFO       embedding_temporal vs full_kinematic (VLDII_SocSS, rmse): W=526.0, p=0.2866 (p_corr=1.0000), r=0.175 
19:06:25  baselineEval.src.comparison  INFO       embedding_temporal vs full_kinematic_embedding (VLDII_SocSS, rmse): W=214.0, p=0.0000 (p_corr=0.0005), r=0.664 ***
19:06:25  baselineEval.src.comparison  INFO       embedding_temporal vs full_kinematic_embedding_temporal (VLDII_SocSS, rmse): W=559.0, p=0.4548 (p_corr=1.0000), r=0.123 
19:06:25  baselineEval.src.comparison  INFO       embedding_temporal vs full_kinematic_temporal (VLDII_SocSS, rmse): W=556.0, p=0.4376 (p_corr=1.0000), r=0.128 
19:06:25  baselineEval.src.comparison  INFO       embedding_temporal vs motor_only (VLDII_SocSS, rmse): W=448.0, p=0.0678 (p_corr=1.0000), r=0.297 
19:06:25  baselineEval.src.comparison  INFO       embedding_temporal vs motor_only_temporal (VLDII_SocSS, rmse): W=511.0, p=0.2260 (p_corr=1.0000), r=0.198 
19:06:25  baselineEval.src.comparison  INFO       full_kinematic vs full_kinematic_embedding (VLDII_SocSS, rmse): W=236.0, p=0.0005 (p_corr=0.0145), r=0.582 ***
19:06:25  baselineEval.src.comparison  INFO       full_kinematic vs full_kinematic_embedding_temporal (VLDII_SocSS, rmse): W=475.0, p=0.1185 (p_corr=1.0000), r=0.255 
19:06:25  baselineEval.src.comparison  INFO       full_kinematic vs full_kinematic_temporal (VLDII_SocSS, rmse): W=602.0, p=0.7377 (p_corr=1.0000), r=0.056 
19:06:25  baselineEval.src.comparison  INFO       full_kinematic vs motor_only (VLDII_SocSS, rmse): W=530.0, p=0.4118 (p_corr=1.0000), r=0.135 
19:06:25  baselineEval.src.comparison  INFO       full_kinematic vs motor_only_temporal (VLDII_SocSS, rmse): W=460.0, p=0.0876 (p_corr=1.0000), r=0.278 
19:06:25  baselineEval.src.comparison  INFO       full_kinematic_embedding vs full_kinematic_embedding_temporal (VLDII_SocSS, rmse): W=205.0, p=0.0000 (p_corr=0.0003), r=0.678 ***
19:06:25  baselineEval.src.comparison  INFO       full_kinematic_embedding vs full_kinematic_temporal (VLDII_SocSS, rmse): W=366.0, p=0.0081 (p_corr=0.2264), r=0.426 
19:06:25  baselineEval.src.comparison  INFO       full_kinematic_embedding vs motor_only (VLDII_SocSS, rmse): W=361.0, p=0.0124 (p_corr=0.3460), r=0.411 
19:06:25  baselineEval.src.comparison  INFO       full_kinematic_embedding vs motor_only_temporal (VLDII_SocSS, rmse): W=198.0, p=0.0000 (p_corr=0.0002), r=0.689 ***
19:06:25  baselineEval.src.comparison  INFO       full_kinematic_embedding_temporal vs full_kinematic_temporal (VLDII_SocSS, rmse): W=394.0, p=0.0720 (p_corr=1.0000), r=0.301 
19:06:25  baselineEval.src.comparison  INFO       full_kinematic_embedding_temporal vs motor_only (VLDII_SocSS, rmse): W=405.0, p=0.0242 (p_corr=0.6779), r=0.365 
19:06:25  baselineEval.src.comparison  INFO       full_kinematic_embedding_temporal vs motor_only_temporal (VLDII_SocSS, rmse): W=549.0, p=0.3989 (p_corr=1.0000), r=0.139 
19:06:25  baselineEval.src.comparison  INFO       full_kinematic_temporal vs motor_only (VLDII_SocSS, rmse): W=534.0, p=0.3230 (p_corr=1.0000), r=0.162 
19:06:25  baselineEval.src.comparison  INFO       full_kinematic_temporal vs motor_only_temporal (VLDII_SocSS, rmse): W=351.0, p=0.0093 (p_corr=0.2601), r=0.427 
19:06:25  baselineEval.src.comparison  INFO       motor_only vs motor_only_temporal (VLDII_SocSS, rmse): W=384.0, p=0.0137 (p_corr=0.3832), r=0.398 
19:06:25  baselineEval.src.comparison  INFO       Saved: /srv/beegfs/scratch/shares/schaerm/schaer2/video_sam2_pose/humanLISBET-paper/baselineEval/results_stats_temporal_maxpool_lasso/comparison/VLDII_SocSS/comparison_results.csv
19:06:25  baselineEval.src.comparison  INFO       embedding vs embedding_temporal (VLDII_intVS, rmse): W=253.0, p=0.0001 (p_corr=0.0033), r=0.603 ***
19:06:25  baselineEval.src.comparison  INFO       embedding vs full_kinematic (VLDII_intVS, rmse): W=347.0, p=0.0045 (p_corr=0.1249), r=0.456 
19:06:25  baselineEval.src.comparison  INFO       embedding vs full_kinematic_embedding (VLDII_intVS, rmse): W=455.0, p=0.0789 (p_corr=1.0000), r=0.286 
19:06:25  baselineEval.src.comparison  INFO       embedding vs full_kinematic_embedding_temporal (VLDII_intVS, rmse): W=172.0, p=0.0000 (p_corr=0.0000), r=0.730 ***
19:06:25  baselineEval.src.comparison  INFO       embedding vs full_kinematic_temporal (VLDII_intVS, rmse): W=115.0, p=0.0000 (p_corr=0.0000), r=0.820 ***
19:06:25  baselineEval.src.comparison  INFO       embedding vs motor_only (VLDII_intVS, rmse): W=347.0, p=0.0045 (p_corr=0.1249), r=0.456 
19:06:25  baselineEval.src.comparison  INFO       embedding vs motor_only_temporal (VLDII_intVS, rmse): W=70.0, p=0.0000 (p_corr=0.0000), r=0.890 ***
19:06:25  baselineEval.src.comparison  INFO       embedding_temporal vs full_kinematic (VLDII_intVS, rmse): W=570.0, p=0.5210 (p_corr=1.0000), r=0.106 
19:06:25  baselineEval.src.comparison  INFO       embedding_temporal vs full_kinematic_embedding (VLDII_intVS, rmse): W=266.0, p=0.0002 (p_corr=0.0059), r=0.583 ***
19:06:25  baselineEval.src.comparison  INFO       embedding_temporal vs full_kinematic_embedding_temporal (VLDII_intVS, rmse): W=485.0, p=0.1433 (p_corr=1.0000), r=0.239 
19:06:25  baselineEval.src.comparison  INFO       embedding_temporal vs full_kinematic_temporal (VLDII_intVS, rmse): W=242.0, p=0.0001 (p_corr=0.0020), r=0.620 ***
19:06:25  baselineEval.src.comparison  INFO       embedding_temporal vs motor_only (VLDII_intVS, rmse): W=606.0, p=0.7667 (p_corr=1.0000), r=0.049 
19:06:25  baselineEval.src.comparison  INFO       embedding_temporal vs motor_only_temporal (VLDII_intVS, rmse): W=230.0, p=0.0000 (p_corr=0.0011), r=0.639 ***
19:06:25  baselineEval.src.comparison  INFO       full_kinematic vs full_kinematic_embedding (VLDII_intVS, rmse): W=353.0, p=0.0054 (p_corr=0.1514), r=0.446 
19:06:25  baselineEval.src.comparison  INFO       full_kinematic vs full_kinematic_embedding_temporal (VLDII_intVS, rmse): W=464.0, p=0.0951 (p_corr=1.0000), r=0.272 
19:06:25  baselineEval.src.comparison  INFO       full_kinematic vs full_kinematic_temporal (VLDII_intVS, rmse): W=278.0, p=0.0004 (p_corr=0.0099), r=0.564 ***
19:06:25  baselineEval.src.comparison  INFO       full_kinematic vs motor_only (VLDII_intVS, rmse): W=590.0, p=0.6528 (p_corr=1.0000), r=0.075 
19:06:25  baselineEval.src.comparison  INFO       full_kinematic vs motor_only_temporal (VLDII_intVS, rmse): W=288.0, p=0.0005 (p_corr=0.0148), r=0.548 ***
19:06:25  baselineEval.src.comparison  INFO       full_kinematic_embedding vs full_kinematic_embedding_temporal (VLDII_intVS, rmse): W=172.0, p=0.0000 (p_corr=0.0000), r=0.730 ***
19:06:25  baselineEval.src.comparison  INFO       full_kinematic_embedding vs full_kinematic_temporal (VLDII_intVS, rmse): W=108.0, p=0.0000 (p_corr=0.0000), r=0.831 ***
19:06:25  baselineEval.src.comparison  INFO       full_kinematic_embedding vs motor_only (VLDII_intVS, rmse): W=361.0, p=0.0069 (p_corr=0.1944), r=0.434 
19:06:25  baselineEval.src.comparison  INFO       full_kinematic_embedding vs motor_only_temporal (VLDII_intVS, rmse): W=63.0, p=0.0000 (p_corr=0.0000), r=0.901 ***
19:06:25  baselineEval.src.comparison  INFO       full_kinematic_embedding_temporal vs full_kinematic_temporal (VLDII_intVS, rmse): W=186.0, p=0.0026 (p_corr=0.0729), r=0.546 
19:06:25  baselineEval.src.comparison  INFO       full_kinematic_embedding_temporal vs motor_only (VLDII_intVS, rmse): W=522.0, p=0.2695 (p_corr=1.0000), r=0.181 
19:06:25  baselineEval.src.comparison  INFO       full_kinematic_embedding_temporal vs motor_only_temporal (VLDII_intVS, rmse): W=341.0, p=0.0069 (p_corr=0.1937), r=0.443 
19:06:25  baselineEval.src.comparison  INFO       full_kinematic_temporal vs motor_only (VLDII_intVS, rmse): W=306.0, p=0.0011 (p_corr=0.0298), r=0.520 ***
19:06:25  baselineEval.src.comparison  INFO       full_kinematic_temporal vs motor_only_temporal (VLDII_intVS, rmse): W=480.0, p=0.3741 (p_corr=1.0000), r=0.149 
19:06:25  baselineEval.src.comparison  INFO       motor_only vs motor_only_temporal (VLDII_intVS, rmse): W=303.0, p=0.0010 (p_corr=0.0266), r=0.525 ***
19:06:25  baselineEval.src.comparison  INFO       Saved: /srv/beegfs/scratch/shares/schaerm/schaer2/video_sam2_pose/humanLISBET-paper/baselineEval/results_stats_temporal_maxpool_lasso/comparison/VLDII_intVS/comparison_results.csv
19:06:25  baselineEval.src.comparison  INFO       embedding vs embedding_temporal (VLDII_plaVS, rmse): W=325.0, p=0.0021 (p_corr=0.0594), r=0.490 
19:06:25  baselineEval.src.comparison  INFO       embedding vs full_kinematic (VLDII_plaVS, rmse): W=537.0, p=0.3374 (p_corr=1.0000), r=0.158 
19:06:25  baselineEval.src.comparison  INFO       embedding vs full_kinematic_embedding (VLDII_plaVS, rmse): W=522.0, p=0.3680 (p_corr=1.0000), r=0.148 
19:06:25  baselineEval.src.comparison  INFO       embedding vs full_kinematic_embedding_temporal (VLDII_plaVS, rmse): W=510.0, p=0.3079 (p_corr=1.0000), r=0.167 
19:06:25  baselineEval.src.comparison  INFO       embedding vs full_kinematic_temporal (VLDII_plaVS, rmse): W=513.0, p=0.3223 (p_corr=1.0000), r=0.162 
19:06:25  baselineEval.src.comparison  INFO       embedding vs motor_only (VLDII_plaVS, rmse): W=483.0, p=0.1381 (p_corr=1.0000), r=0.242 
19:06:25  baselineEval.src.comparison  INFO       embedding vs motor_only_temporal (VLDII_plaVS, rmse): W=554.0, p=0.5606 (p_corr=1.0000), r=0.096 
19:06:25  baselineEval.src.comparison  INFO       embedding_temporal vs full_kinematic (VLDII_plaVS, rmse): W=363.0, p=0.0074 (p_corr=0.2067), r=0.431 
19:06:25  baselineEval.src.comparison  INFO       embedding_temporal vs full_kinematic_embedding (VLDII_plaVS, rmse): W=458.0, p=0.0840 (p_corr=1.0000), r=0.282 
19:06:25  baselineEval.src.comparison  INFO       embedding_temporal vs full_kinematic_embedding_temporal (VLDII_plaVS, rmse): W=474.0, p=0.1162 (p_corr=1.0000), r=0.256 
19:06:25  baselineEval.src.comparison  INFO       embedding_temporal vs full_kinematic_temporal (VLDII_plaVS, rmse): W=363.0, p=0.0074 (p_corr=0.2067), r=0.431 
19:06:25  baselineEval.src.comparison  INFO       embedding_temporal vs motor_only (VLDII_plaVS, rmse): W=289.0, p=0.0006 (p_corr=0.0154), r=0.547 ***
19:06:25  baselineEval.src.comparison  INFO       embedding_temporal vs motor_only_temporal (VLDII_plaVS, rmse): W=326.0, p=0.0022 (p_corr=0.0615), r=0.489 
19:06:25  baselineEval.src.comparison  INFO       full_kinematic vs full_kinematic_embedding (VLDII_plaVS, rmse): W=407.0, p=0.0255 (p_corr=0.7140), r=0.362 
19:06:25  baselineEval.src.comparison  INFO       full_kinematic vs full_kinematic_embedding_temporal (VLDII_plaVS, rmse): W=469.0, p=0.1053 (p_corr=1.0000), r=0.264 
19:06:25  baselineEval.src.comparison  INFO       full_kinematic vs full_kinematic_temporal (VLDII_plaVS, rmse): W=601.0, p=0.7304 (p_corr=1.0000), r=0.057 
19:06:25  baselineEval.src.comparison  INFO       full_kinematic vs motor_only (VLDII_plaVS, rmse): W=456.0, p=0.0805 (p_corr=1.0000), r=0.285 
19:06:25  baselineEval.src.comparison  INFO       full_kinematic vs motor_only_temporal (VLDII_plaVS, rmse): W=624.0, p=0.9010 (p_corr=1.0000), r=0.021 
19:06:25  baselineEval.src.comparison  INFO       full_kinematic_embedding vs full_kinematic_embedding_temporal (VLDII_plaVS, rmse): W=587.0, p=0.7998 (p_corr=1.0000), r=0.042 
19:06:25  baselineEval.src.comparison  INFO       full_kinematic_embedding vs full_kinematic_temporal (VLDII_plaVS, rmse): W=440.0, p=0.0862 (p_corr=1.0000), r=0.282 
19:06:25  baselineEval.src.comparison  INFO       full_kinematic_embedding vs motor_only (VLDII_plaVS, rmse): W=328.0, p=0.0024 (p_corr=0.0660), r=0.485 
19:06:25  baselineEval.src.comparison  INFO       full_kinematic_embedding vs motor_only_temporal (VLDII_plaVS, rmse): W=441.0, p=0.0880 (p_corr=1.0000), r=0.280 
19:06:25  baselineEval.src.comparison  INFO       full_kinematic_embedding_temporal vs full_kinematic_temporal (VLDII_plaVS, rmse): W=282.0, p=0.0129 (p_corr=0.3620), r=0.430 
19:06:25  baselineEval.src.comparison  INFO       full_kinematic_embedding_temporal vs motor_only (VLDII_plaVS, rmse): W=394.0, p=0.0181 (p_corr=0.5057), r=0.382 
19:06:25  baselineEval.src.comparison  INFO       full_kinematic_embedding_temporal vs motor_only_temporal (VLDII_plaVS, rmse): W=449.0, p=0.1039 (p_corr=1.0000), r=0.267 
19:06:25  baselineEval.src.comparison  INFO       full_kinematic_temporal vs motor_only (VLDII_plaVS, rmse): W=590.0, p=0.6528 (p_corr=1.0000), r=0.075 
19:06:25  baselineEval.src.comparison  INFO       full_kinematic_temporal vs motor_only_temporal (VLDII_plaVS, rmse): W=523.0, p=0.3733 (p_corr=1.0000), r=0.146 
19:06:25  baselineEval.src.comparison  INFO       motor_only vs motor_only_temporal (VLDII_plaVS, rmse): W=509.0, p=0.2187 (p_corr=1.0000), r=0.202 
19:06:25  baselineEval.src.comparison  INFO       Saved: /srv/beegfs/scratch/shares/schaerm/schaer2/video_sam2_pose/humanLISBET-paper/baselineEval/results_stats_temporal_maxpool_lasso/comparison/VLDII_plaVS/comparison_results.csv
19:06:25  baselineEval.src.comparison  INFO       embedding vs embedding_temporal (VLDII_copVS, rmse): W=83.0, p=0.0000 (p_corr=0.0000), r=0.853 ***
19:06:25  baselineEval.src.comparison  INFO       embedding vs full_kinematic (VLDII_copVS, rmse): W=495.0, p=0.1719 (p_corr=1.0000), r=0.224 
19:06:25  baselineEval.src.comparison  INFO       embedding vs full_kinematic_embedding (VLDII_copVS, rmse): W=315.0, p=0.0223 (p_corr=0.6236), r=0.391 
19:06:25  baselineEval.src.comparison  INFO       embedding vs full_kinematic_embedding_temporal (VLDII_copVS, rmse): W=140.0, p=0.0000 (p_corr=0.0002), r=0.752 ***
19:06:25  baselineEval.src.comparison  INFO       embedding vs full_kinematic_temporal (VLDII_copVS, rmse): W=413.0, p=0.0727 (p_corr=1.0000), r=0.298 
19:06:25  baselineEval.src.comparison  INFO       embedding vs motor_only (VLDII_copVS, rmse): W=529.0, p=0.3000 (p_corr=1.0000), r=0.170 
19:06:25  baselineEval.src.comparison  INFO       embedding vs motor_only_temporal (VLDII_copVS, rmse): W=388.0, p=0.0255 (p_corr=0.7151), r=0.367 
19:06:25  baselineEval.src.comparison  INFO       embedding_temporal vs full_kinematic (VLDII_copVS, rmse): W=233.0, p=0.0002 (p_corr=0.0045), r=0.620 ***
19:06:25  baselineEval.src.comparison  INFO       embedding_temporal vs full_kinematic_embedding (VLDII_copVS, rmse): W=151.0, p=0.0000 (p_corr=0.0003), r=0.732 ***
19:06:25  baselineEval.src.comparison  INFO       embedding_temporal vs full_kinematic_embedding_temporal (VLDII_copVS, rmse): W=523.0, p=0.6644 (p_corr=1.0000), r=0.073 
19:06:25  baselineEval.src.comparison  INFO       embedding_temporal vs full_kinematic_temporal (VLDII_copVS, rmse): W=319.0, p=0.0095 (p_corr=0.2667), r=0.434 
19:06:25  baselineEval.src.comparison  INFO       embedding_temporal vs motor_only (VLDII_copVS, rmse): W=250.0, p=0.0003 (p_corr=0.0087), r=0.592 ***
19:06:25  baselineEval.src.comparison  INFO       embedding_temporal vs motor_only_temporal (VLDII_copVS, rmse): W=226.0, p=0.0017 (p_corr=0.0474), r=0.543 ***
19:06:25  baselineEval.src.comparison  INFO       full_kinematic vs full_kinematic_embedding (VLDII_copVS, rmse): W=444.0, p=0.2917 (p_corr=1.0000), r=0.179 
19:06:25  baselineEval.src.comparison  INFO       full_kinematic vs full_kinematic_embedding_temporal (VLDII_copVS, rmse): W=286.0, p=0.0005 (p_corr=0.0137), r=0.551 ***
19:06:25  baselineEval.src.comparison  INFO       full_kinematic vs full_kinematic_temporal (VLDII_copVS, rmse): W=550.0, p=0.4043 (p_corr=1.0000), r=0.137 
19:06:25  baselineEval.src.comparison  INFO       full_kinematic vs motor_only (VLDII_copVS, rmse): W=103.0, p=0.2871 (p_corr=1.0000), r=0.254 
19:06:25  baselineEval.src.comparison  INFO       full_kinematic vs motor_only_temporal (VLDII_copVS, rmse): W=426.0, p=0.4207 (p_corr=1.0000), r=0.139 
19:06:25  baselineEval.src.comparison  INFO       full_kinematic_embedding vs full_kinematic_embedding_temporal (VLDII_copVS, rmse): W=244.0, p=0.0002 (p_corr=0.0069), r=0.602 ***
19:06:25  baselineEval.src.comparison  INFO       full_kinematic_embedding vs full_kinematic_temporal (VLDII_copVS, rmse): W=607.0, p=0.9564 (p_corr=1.0000), r=0.009 
19:06:25  baselineEval.src.comparison  INFO       full_kinematic_embedding vs motor_only (VLDII_copVS, rmse): W=442.0, p=0.2819 (p_corr=1.0000), r=0.182 
19:06:25  baselineEval.src.comparison  INFO       full_kinematic_embedding vs motor_only_temporal (VLDII_copVS, rmse): W=477.0, p=0.3572 (p_corr=1.0000), r=0.154 
19:06:25  baselineEval.src.comparison  INFO       full_kinematic_embedding_temporal vs full_kinematic_temporal (VLDII_copVS, rmse): W=123.0, p=0.0029 (p_corr=0.0798), r=0.587 
19:06:25  baselineEval.src.comparison  INFO       full_kinematic_embedding_temporal vs motor_only (VLDII_copVS, rmse): W=282.0, p=0.0004 (p_corr=0.0116), r=0.558 ***
19:06:25  baselineEval.src.comparison  INFO       full_kinematic_embedding_temporal vs motor_only_temporal (VLDII_copVS, rmse): W=282.0, p=0.0028 (p_corr=0.0796), r=0.500 
19:06:25  baselineEval.src.comparison  INFO       full_kinematic_temporal vs motor_only (VLDII_copVS, rmse): W=521.0, p=0.2653 (p_corr=1.0000), r=0.183 
19:06:25  baselineEval.src.comparison  INFO       full_kinematic_temporal vs motor_only_temporal (VLDII_copVS, rmse): W=546.0, p=0.8489 (p_corr=1.0000), r=0.032 
19:06:25  baselineEval.src.comparison  INFO       motor_only vs motor_only_temporal (VLDII_copVS, rmse): W=411.0, p=0.2293 (p_corr=1.0000), r=0.206 
19:06:25  baselineEval.src.comparison  INFO       Saved: /srv/beegfs/scratch/shares/schaerm/schaer2/video_sam2_pose/humanLISBET-paper/baselineEval/results_stats_temporal_maxpool_lasso/comparison/VLDII_copVS/comparison_results.csv
19:06:25  baselineEval.src.comparison  INFO       embedding vs embedding_temporal (VLDII_DaiSS, rmse): W=55.0, p=0.0000 (p_corr=0.0000), r=0.914 ***
19:06:25  baselineEval.src.comparison  INFO       embedding vs full_kinematic (VLDII_DaiSS, rmse): W=447.0, p=0.0663 (p_corr=1.0000), r=0.299 
19:06:25  baselineEval.src.comparison  INFO       embedding vs full_kinematic_embedding (VLDII_DaiSS, rmse): W=462.0, p=0.0913 (p_corr=1.0000), r=0.275 
19:06:25  baselineEval.src.comparison  INFO       embedding vs full_kinematic_embedding_temporal (VLDII_DaiSS, rmse): W=159.0, p=0.0000 (p_corr=0.0000), r=0.751 ***
19:06:25  baselineEval.src.comparison  INFO       embedding vs full_kinematic_temporal (VLDII_DaiSS, rmse): W=233.0, p=0.0000 (p_corr=0.0013), r=0.635 ***
19:06:25  baselineEval.src.comparison  INFO       embedding vs motor_only (VLDII_DaiSS, rmse): W=473.0, p=0.1139 (p_corr=1.0000), r=0.258 
19:06:25  baselineEval.src.comparison  INFO       embedding vs motor_only_temporal (VLDII_DaiSS, rmse): W=100.0, p=0.0000 (p_corr=0.0000), r=0.837 ***
19:06:25  baselineEval.src.comparison  INFO       embedding_temporal vs full_kinematic (VLDII_DaiSS, rmse): W=252.0, p=0.0003 (p_corr=0.0094), r=0.589 ***
19:06:25  baselineEval.src.comparison  INFO       embedding_temporal vs full_kinematic_embedding (VLDII_DaiSS, rmse): W=96.0, p=0.0000 (p_corr=0.0000), r=0.849 ***
19:06:25  baselineEval.src.comparison  INFO       embedding_temporal vs full_kinematic_embedding_temporal (VLDII_DaiSS, rmse): W=437.0, p=0.0530 (p_corr=1.0000), r=0.315 
19:06:25  baselineEval.src.comparison  INFO       embedding_temporal vs full_kinematic_temporal (VLDII_DaiSS, rmse): W=407.0, p=0.0255 (p_corr=0.7140), r=0.362 
19:06:25  baselineEval.src.comparison  INFO       embedding_temporal vs motor_only (VLDII_DaiSS, rmse): W=248.0, p=0.0003 (p_corr=0.0081), r=0.595 ***
19:06:25  baselineEval.src.comparison  INFO       embedding_temporal vs motor_only_temporal (VLDII_DaiSS, rmse): W=476.0, p=0.3517 (p_corr=1.0000), r=0.156 
19:06:25  baselineEval.src.comparison  INFO       full_kinematic vs full_kinematic_embedding (VLDII_DaiSS, rmse): W=307.0, p=0.0011 (p_corr=0.0309), r=0.518 ***
19:06:25  baselineEval.src.comparison  INFO       full_kinematic vs full_kinematic_embedding_temporal (VLDII_DaiSS, rmse): W=350.0, p=0.0049 (p_corr=0.1375), r=0.451 
19:06:25  baselineEval.src.comparison  INFO       full_kinematic vs full_kinematic_temporal (VLDII_DaiSS, rmse): W=434.0, p=0.0494 (p_corr=1.0000), r=0.319 
19:06:25  baselineEval.src.comparison  INFO       full_kinematic vs motor_only (VLDII_DaiSS, rmse): W=559.0, p=0.5946 (p_corr=1.0000), r=0.087 
19:06:25  baselineEval.src.comparison  INFO       full_kinematic vs motor_only_temporal (VLDII_DaiSS, rmse): W=172.0, p=0.0000 (p_corr=0.0003), r=0.719 ***
19:06:25  baselineEval.src.comparison  INFO       full_kinematic_embedding vs full_kinematic_embedding_temporal (VLDII_DaiSS, rmse): W=192.0, p=0.0000 (p_corr=0.0002), r=0.699 ***
19:06:25  baselineEval.src.comparison  INFO       full_kinematic_embedding vs full_kinematic_temporal (VLDII_DaiSS, rmse): W=237.0, p=0.0001 (p_corr=0.0016), r=0.628 ***
19:06:25  baselineEval.src.comparison  INFO       full_kinematic_embedding vs motor_only (VLDII_DaiSS, rmse): W=360.0, p=0.0067 (p_corr=0.1885), r=0.435 
19:06:25  baselineEval.src.comparison  INFO       full_kinematic_embedding vs motor_only_temporal (VLDII_DaiSS, rmse): W=107.0, p=0.0000 (p_corr=0.0000), r=0.832 ***
19:06:25  baselineEval.src.comparison  INFO       full_kinematic_embedding_temporal vs full_kinematic_temporal (VLDII_DaiSS, rmse): W=313.0, p=0.0833 (p_corr=1.0000), r=0.307 
19:06:25  baselineEval.src.comparison  INFO       full_kinematic_embedding_temporal vs motor_only (VLDII_DaiSS, rmse): W=345.0, p=0.0042 (p_corr=0.1170), r=0.459 
19:06:25  baselineEval.src.comparison  INFO       full_kinematic_embedding_temporal vs motor_only_temporal (VLDII_DaiSS, rmse): W=446.0, p=0.0649 (p_corr=1.0000), r=0.300 
19:06:25  baselineEval.src.comparison  INFO       full_kinematic_temporal vs motor_only (VLDII_DaiSS, rmse): W=431.0, p=0.0461 (p_corr=1.0000), r=0.324 
19:06:25  baselineEval.src.comparison  INFO       full_kinematic_temporal vs motor_only_temporal (VLDII_DaiSS, rmse): W=248.0, p=0.0001 (p_corr=0.0027), r=0.611 ***
19:06:25  baselineEval.src.comparison  INFO       motor_only vs motor_only_temporal (VLDII_DaiSS, rmse): W=161.0, p=0.0000 (p_corr=0.0003), r=0.726 ***
19:06:25  baselineEval.src.comparison  INFO       Saved: /srv/beegfs/scratch/shares/schaerm/schaer2/video_sam2_pose/humanLISBET-paper/baselineEval/results_stats_temporal_maxpool_lasso/comparison/VLDII_DaiSS/comparison_results.csv
19:06:25  baselineEval.src.comparison  INFO       embedding vs embedding_temporal (VLDII_perVS, rmse): W=26.0, p=0.0000 (p_corr=0.0000), r=0.959 ***
19:06:25  baselineEval.src.comparison  INFO       embedding vs full_kinematic (VLDII_perVS, rmse): W=129.0, p=0.0000 (p_corr=0.0000), r=0.798 ***
19:06:25  baselineEval.src.comparison  INFO       embedding vs full_kinematic_embedding (VLDII_perVS, rmse): W=599.0, p=0.7161 (p_corr=1.0000), r=0.060 
19:06:25  baselineEval.src.comparison  INFO       embedding vs full_kinematic_embedding_temporal (VLDII_perVS, rmse): W=136.0, p=0.0000 (p_corr=0.0000), r=0.787 ***
19:06:25  baselineEval.src.comparison  INFO       embedding vs full_kinematic_temporal (VLDII_perVS, rmse): W=253.0, p=0.0001 (p_corr=0.0033), r=0.603 ***
19:06:25  baselineEval.src.comparison  INFO       embedding vs motor_only (VLDII_perVS, rmse): W=74.0, p=0.0000 (p_corr=0.0000), r=0.884 ***
19:06:25  baselineEval.src.comparison  INFO       embedding vs motor_only_temporal (VLDII_perVS, rmse): W=70.0, p=0.0000 (p_corr=0.0000), r=0.890 ***
19:06:25  baselineEval.src.comparison  INFO       embedding_temporal vs full_kinematic (VLDII_perVS, rmse): W=435.0, p=0.0506 (p_corr=1.0000), r=0.318 
19:06:25  baselineEval.src.comparison  INFO       embedding_temporal vs full_kinematic_embedding (VLDII_perVS, rmse): W=152.0, p=0.0000 (p_corr=0.0000), r=0.762 ***
19:06:25  baselineEval.src.comparison  INFO       embedding_temporal vs full_kinematic_embedding_temporal (VLDII_perVS, rmse): W=358.0, p=0.0063 (p_corr=0.1771), r=0.438 
19:06:25  baselineEval.src.comparison  INFO       embedding_temporal vs full_kinematic_temporal (VLDII_perVS, rmse): W=361.0, p=0.0069 (p_corr=0.1944), r=0.434 
19:06:25  baselineEval.src.comparison  INFO       embedding_temporal vs motor_only (VLDII_perVS, rmse): W=590.0, p=0.8229 (p_corr=1.0000), r=0.037 
19:06:25  baselineEval.src.comparison  INFO       embedding_temporal vs motor_only_temporal (VLDII_perVS, rmse): W=592.0, p=0.8384 (p_corr=1.0000), r=0.033 
19:06:25  baselineEval.src.comparison  INFO       full_kinematic vs full_kinematic_embedding (VLDII_perVS, rmse): W=104.0, p=0.0000 (p_corr=0.0000), r=0.830 ***
19:06:25  baselineEval.src.comparison  INFO       full_kinematic vs full_kinematic_embedding_temporal (VLDII_perVS, rmse): W=629.0, p=0.9390 (p_corr=1.0000), r=0.013 
19:06:25  baselineEval.src.comparison  INFO       full_kinematic vs full_kinematic_temporal (VLDII_perVS, rmse): W=472.0, p=0.1117 (p_corr=1.0000), r=0.260 
19:06:25  baselineEval.src.comparison  INFO       full_kinematic vs motor_only (VLDII_perVS, rmse): W=338.0, p=0.0168 (p_corr=0.4697), r=0.401 
19:06:25  baselineEval.src.comparison  INFO       full_kinematic vs motor_only_temporal (VLDII_perVS, rmse): W=446.0, p=0.0977 (p_corr=1.0000), r=0.272 
19:06:25  baselineEval.src.comparison  INFO       full_kinematic_embedding vs full_kinematic_embedding_temporal (VLDII_perVS, rmse): W=244.0, p=0.0001 (p_corr=0.0022), r=0.617 ***
19:06:25  baselineEval.src.comparison  INFO       full_kinematic_embedding vs full_kinematic_temporal (VLDII_perVS, rmse): W=369.0, p=0.0088 (p_corr=0.2478), r=0.421 
19:06:25  baselineEval.src.comparison  INFO       full_kinematic_embedding vs motor_only (VLDII_perVS, rmse): W=126.0, p=0.0000 (p_corr=0.0000), r=0.794 ***
19:06:25  baselineEval.src.comparison  INFO       full_kinematic_embedding vs motor_only_temporal (VLDII_perVS, rmse): W=168.0, p=0.0000 (p_corr=0.0000), r=0.736 ***
19:06:25  baselineEval.src.comparison  INFO       full_kinematic_embedding_temporal vs full_kinematic_temporal (VLDII_perVS, rmse): W=404.0, p=0.0904 (p_corr=1.0000), r=0.284 
19:06:25  baselineEval.src.comparison  INFO       full_kinematic_embedding_temporal vs motor_only (VLDII_perVS, rmse): W=514.0, p=0.2374 (p_corr=1.0000), r=0.194 
19:06:25  baselineEval.src.comparison  INFO       full_kinematic_embedding_temporal vs motor_only_temporal (VLDII_perVS, rmse): W=487.0, p=0.1487 (p_corr=1.0000), r=0.236 
19:06:25  baselineEval.src.comparison  INFO       full_kinematic_temporal vs motor_only (VLDII_perVS, rmse): W=350.0, p=0.0049 (p_corr=0.1375), r=0.451 
19:06:25  baselineEval.src.comparison  INFO       full_kinematic_temporal vs motor_only_temporal (VLDII_perVS, rmse): W=283.0, p=0.0004 (p_corr=0.0121), r=0.556 ***
19:06:25  baselineEval.src.comparison  INFO       motor_only vs motor_only_temporal (VLDII_perVS, rmse): W=572.0, p=0.8696 (p_corr=1.0000), r=0.027 
19:06:25  baselineEval.src.comparison  INFO       Saved: /srv/beegfs/scratch/shares/schaerm/schaer2/video_sam2_pose/humanLISBET-paper/baselineEval/results_stats_temporal_maxpool_lasso/comparison/VLDII_perVS/comparison_results.csv
19:06:25  baselineEval.src.comparison  INFO       embedding vs embedding_temporal (VLDII_comVS, rmse): W=465.0, p=0.0971 (p_corr=1.0000), r=0.271 
19:06:25  baselineEval.src.comparison  INFO       embedding vs full_kinematic (VLDII_comVS, rmse): W=64.0, p=0.0000 (p_corr=0.0000), r=0.896 ***
19:06:25  baselineEval.src.comparison  INFO       embedding vs full_kinematic_embedding (VLDII_comVS, rmse): W=331.0, p=0.0051 (p_corr=0.1430), r=0.460 
19:06:25  baselineEval.src.comparison  INFO       embedding vs full_kinematic_embedding_temporal (VLDII_comVS, rmse): W=274.0, p=0.0003 (p_corr=0.0083), r=0.570 ***
19:06:25  baselineEval.src.comparison  INFO       embedding vs full_kinematic_temporal (VLDII_comVS, rmse): W=63.0, p=0.0000 (p_corr=0.0000), r=0.901 ***
19:06:25  baselineEval.src.comparison  INFO       embedding vs motor_only (VLDII_comVS, rmse): W=71.0, p=0.0000 (p_corr=0.0000), r=0.884 ***
19:06:25  baselineEval.src.comparison  INFO       embedding vs motor_only_temporal (VLDII_comVS, rmse): W=31.0, p=0.0000 (p_corr=0.0000), r=0.951 ***
19:06:25  baselineEval.src.comparison  INFO       embedding_temporal vs full_kinematic (VLDII_comVS, rmse): W=123.0, p=0.0000 (p_corr=0.0000), r=0.799 ***
19:06:25  baselineEval.src.comparison  INFO       embedding_temporal vs full_kinematic_embedding (VLDII_comVS, rmse): W=627.0, p=0.9238 (p_corr=1.0000), r=0.016 
19:06:25  baselineEval.src.comparison  INFO       embedding_temporal vs full_kinematic_embedding_temporal (VLDII_comVS, rmse): W=314.0, p=0.0082 (p_corr=0.2284), r=0.443 
19:06:25  baselineEval.src.comparison  INFO       embedding_temporal vs full_kinematic_temporal (VLDII_comVS, rmse): W=102.0, p=0.0000 (p_corr=0.0000), r=0.819 ***
19:06:25  baselineEval.src.comparison  INFO       embedding_temporal vs motor_only (VLDII_comVS, rmse): W=147.0, p=0.0000 (p_corr=0.0001), r=0.760 ***
19:06:25  baselineEval.src.comparison  INFO       embedding_temporal vs motor_only_temporal (VLDII_comVS, rmse): W=109.0, p=0.0000 (p_corr=0.0000), r=0.807 ***
19:06:25  baselineEval.src.comparison  INFO       full_kinematic vs full_kinematic_embedding (VLDII_comVS, rmse): W=75.0, p=0.0000 (p_corr=0.0000), r=0.882 ***
19:06:25  baselineEval.src.comparison  INFO       full_kinematic vs full_kinematic_embedding_temporal (VLDII_comVS, rmse): W=261.0, p=0.0005 (p_corr=0.0132), r=0.574 ***
19:06:25  baselineEval.src.comparison  INFO       full_kinematic vs full_kinematic_temporal (VLDII_comVS, rmse): W=551.0, p=0.7043 (p_corr=1.0000), r=0.063 
19:06:25  baselineEval.src.comparison  INFO       full_kinematic vs motor_only (VLDII_comVS, rmse): W=443.0, p=0.9154 (p_corr=1.0000), r=0.019 
19:06:25  baselineEval.src.comparison  INFO       full_kinematic vs motor_only_temporal (VLDII_comVS, rmse): W=559.0, p=0.9578 (p_corr=1.0000), r=0.009 
19:06:25  baselineEval.src.comparison  INFO       full_kinematic_embedding vs full_kinematic_embedding_temporal (VLDII_comVS, rmse): W=403.0, p=0.0230 (p_corr=0.6433), r=0.368 
19:06:25  baselineEval.src.comparison  INFO       full_kinematic_embedding vs full_kinematic_temporal (VLDII_comVS, rmse): W=114.0, p=0.0000 (p_corr=0.0000), r=0.821 ***
19:06:25  baselineEval.src.comparison  INFO       full_kinematic_embedding vs motor_only (VLDII_comVS, rmse): W=97.0, p=0.0000 (p_corr=0.0000), r=0.848 ***
19:06:25  baselineEval.src.comparison  INFO       full_kinematic_embedding vs motor_only_temporal (VLDII_comVS, rmse): W=81.0, p=0.0000 (p_corr=0.0000), r=0.873 ***
19:06:25  baselineEval.src.comparison  INFO       full_kinematic_embedding_temporal vs full_kinematic_temporal (VLDII_comVS, rmse): W=98.0, p=0.0002 (p_corr=0.0062), r=0.706 ***
19:06:25  baselineEval.src.comparison  INFO       full_kinematic_embedding_temporal vs motor_only (VLDII_comVS, rmse): W=280.0, p=0.0016 (p_corr=0.0443), r=0.524 ***
19:06:25  baselineEval.src.comparison  INFO       full_kinematic_embedding_temporal vs motor_only_temporal (VLDII_comVS, rmse): W=204.0, p=0.0004 (p_corr=0.0113), r=0.606 ***
19:06:25  baselineEval.src.comparison  INFO       full_kinematic_temporal vs motor_only (VLDII_comVS, rmse): W=542.0, p=0.8159 (p_corr=1.0000), r=0.039 
19:06:25  baselineEval.src.comparison  INFO       full_kinematic_temporal vs motor_only_temporal (VLDII_comVS, rmse): W=296.0, p=0.5610 (p_corr=1.0000), r=0.111 
19:06:25  baselineEval.src.comparison  INFO       motor_only vs motor_only_temporal (VLDII_comVS, rmse): W=517.0, p=0.7974 (p_corr=1.0000), r=0.043 
19:06:25  baselineEval.src.comparison  INFO       Saved: /srv/beegfs/scratch/shares/schaerm/schaer2/video_sam2_pose/humanLISBET-paper/baselineEval/results_stats_temporal_maxpool_lasso/comparison/VLDII_comVS/comparison_results.csv
19:06:25  baselineEval.src.comparison  INFO       embedding vs embedding_temporal (VLDII_domVS, rmse): W=233.0, p=0.0003 (p_corr=0.0076), r=0.604 ***
19:06:25  baselineEval.src.comparison  INFO       embedding vs full_kinematic (VLDII_domVS, rmse): W=184.0, p=0.0000 (p_corr=0.0001), r=0.711 ***
19:06:25  baselineEval.src.comparison  INFO       embedding vs full_kinematic_embedding (VLDII_domVS, rmse): W=349.0, p=0.0088 (p_corr=0.2454), r=0.430 
19:06:25  baselineEval.src.comparison  INFO       embedding vs full_kinematic_embedding_temporal (VLDII_domVS, rmse): W=472.0, p=0.1117 (p_corr=1.0000), r=0.260 
19:06:25  baselineEval.src.comparison  INFO       embedding vs full_kinematic_temporal (VLDII_domVS, rmse): W=542.0, p=0.3622 (p_corr=1.0000), r=0.150 
19:06:25  baselineEval.src.comparison  INFO       embedding vs motor_only (VLDII_domVS, rmse): W=195.0, p=0.0000 (p_corr=0.0002), r=0.694 ***
19:06:25  baselineEval.src.comparison  INFO       embedding vs motor_only_temporal (VLDII_domVS, rmse): W=295.0, p=0.0016 (p_corr=0.0444), r=0.518 ***
19:06:25  baselineEval.src.comparison  INFO       embedding_temporal vs full_kinematic (VLDII_domVS, rmse): W=53.0, p=0.0000 (p_corr=0.0000), r=0.917 ***
19:06:25  baselineEval.src.comparison  INFO       embedding_temporal vs full_kinematic_embedding (VLDII_domVS, rmse): W=195.0, p=0.0000 (p_corr=0.0009), r=0.682 ***
19:06:25  baselineEval.src.comparison  INFO       embedding_temporal vs full_kinematic_embedding_temporal (VLDII_domVS, rmse): W=339.0, p=0.0034 (p_corr=0.0960), r=0.468 
19:06:25  baselineEval.src.comparison  INFO       embedding_temporal vs full_kinematic_temporal (VLDII_domVS, rmse): W=259.0, p=0.0002 (p_corr=0.0044), r=0.594 ***
19:06:25  baselineEval.src.comparison  INFO       embedding_temporal vs motor_only (VLDII_domVS, rmse): W=97.0, p=0.0000 (p_corr=0.0000), r=0.848 ***
19:06:25  baselineEval.src.comparison  INFO       embedding_temporal vs motor_only_temporal (VLDII_domVS, rmse): W=398.0, p=0.6736 (p_corr=1.0000), r=0.075 
19:06:25  baselineEval.src.comparison  INFO       full_kinematic vs full_kinematic_embedding (VLDII_domVS, rmse): W=185.0, p=0.0000 (p_corr=0.0001), r=0.710 ***
19:06:25  baselineEval.src.comparison  INFO       full_kinematic vs full_kinematic_embedding_temporal (VLDII_domVS, rmse): W=142.0, p=0.0000 (p_corr=0.0000), r=0.777 ***
19:06:25  baselineEval.src.comparison  INFO       full_kinematic vs full_kinematic_temporal (VLDII_domVS, rmse): W=307.0, p=0.0011 (p_corr=0.0309), r=0.518 ***
19:06:25  baselineEval.src.comparison  INFO       full_kinematic vs motor_only (VLDII_domVS, rmse): W=610.0, p=0.7961 (p_corr=1.0000), r=0.043 
19:06:25  baselineEval.src.comparison  INFO       full_kinematic vs motor_only_temporal (VLDII_domVS, rmse): W=47.0, p=0.0000 (p_corr=0.0000), r=0.926 ***
19:06:25  baselineEval.src.comparison  INFO       full_kinematic_embedding vs full_kinematic_embedding_temporal (VLDII_domVS, rmse): W=355.0, p=0.0058 (p_corr=0.1612), r=0.443 
19:06:25  baselineEval.src.comparison  INFO       full_kinematic_embedding vs full_kinematic_temporal (VLDII_domVS, rmse): W=556.0, p=0.4376 (p_corr=1.0000), r=0.128 
19:06:25  baselineEval.src.comparison  INFO       full_kinematic_embedding vs motor_only (VLDII_domVS, rmse): W=217.0, p=0.0000 (p_corr=0.0006), r=0.660 ***
19:06:25  baselineEval.src.comparison  INFO       full_kinematic_embedding vs motor_only_temporal (VLDII_domVS, rmse): W=183.0, p=0.0000 (p_corr=0.0005), r=0.701 ***
19:06:25  baselineEval.src.comparison  INFO       full_kinematic_embedding_temporal vs full_kinematic_temporal (VLDII_domVS, rmse): W=266.0, p=0.0330 (p_corr=0.9250), r=0.382 
19:06:25  baselineEval.src.comparison  INFO       full_kinematic_embedding_temporal vs motor_only (VLDII_domVS, rmse): W=169.0, p=0.0000 (p_corr=0.0000), r=0.735 ***
19:06:25  baselineEval.src.comparison  INFO       full_kinematic_embedding_temporal vs motor_only_temporal (VLDII_domVS, rmse): W=374.0, p=0.0103 (p_corr=0.2873), r=0.413 
19:06:25  baselineEval.src.comparison  INFO       full_kinematic_temporal vs motor_only (VLDII_domVS, rmse): W=299.0, p=0.0008 (p_corr=0.0228), r=0.531 ***
19:06:25  baselineEval.src.comparison  INFO       full_kinematic_temporal vs motor_only_temporal (VLDII_domVS, rmse): W=113.0, p=0.0000 (p_corr=0.0000), r=0.823 ***
19:06:25  baselineEval.src.comparison  INFO       motor_only vs motor_only_temporal (VLDII_domVS, rmse): W=77.0, p=0.0000 (p_corr=0.0000), r=0.879 ***
19:06:25  baselineEval.src.comparison  INFO       Saved: /srv/beegfs/scratch/shares/schaerm/schaer2/video_sam2_pose/humanLISBET-paper/baselineEval/results_stats_temporal_maxpool_lasso/comparison/VLDII_domVS/comparison_results.csv
19:06:25  baselineEval.src.comparison  INFO       embedding vs embedding_temporal (VLDII_ComSS, rmse): W=113.0, p=0.0000 (p_corr=0.0000), r=0.823 ***
19:06:25  baselineEval.src.comparison  INFO       embedding vs full_kinematic (VLDII_ComSS, rmse): W=536.0, p=0.3326 (p_corr=1.0000), r=0.159 
19:06:25  baselineEval.src.comparison  INFO       embedding vs full_kinematic_embedding (VLDII_ComSS, rmse): W=389.0, p=0.0157 (p_corr=0.4408), r=0.390 
19:06:25  baselineEval.src.comparison  INFO       embedding vs full_kinematic_embedding_temporal (VLDII_ComSS, rmse): W=267.0, p=0.0002 (p_corr=0.0062), r=0.581 ***
19:06:25  baselineEval.src.comparison  INFO       embedding vs full_kinematic_temporal (VLDII_ComSS, rmse): W=359.0, p=0.0065 (p_corr=0.1827), r=0.437 
19:06:25  baselineEval.src.comparison  INFO       embedding vs motor_only (VLDII_ComSS, rmse): W=559.0, p=0.4548 (p_corr=1.0000), r=0.123 
19:06:25  baselineEval.src.comparison  INFO       embedding vs motor_only_temporal (VLDII_ComSS, rmse): W=112.0, p=0.0000 (p_corr=0.0000), r=0.824 ***
19:06:25  baselineEval.src.comparison  INFO       embedding_temporal vs full_kinematic (VLDII_ComSS, rmse): W=190.0, p=0.0000 (p_corr=0.0001), r=0.702 ***
19:06:25  baselineEval.src.comparison  INFO       embedding_temporal vs full_kinematic_embedding (VLDII_ComSS, rmse): W=231.0, p=0.0000 (p_corr=0.0012), r=0.638 ***
19:06:25  baselineEval.src.comparison  INFO       embedding_temporal vs full_kinematic_embedding_temporal (VLDII_ComSS, rmse): W=295.0, p=0.0007 (p_corr=0.0196), r=0.537 ***
19:06:25  baselineEval.src.comparison  INFO       embedding_temporal vs full_kinematic_temporal (VLDII_ComSS, rmse): W=222.0, p=0.0000 (p_corr=0.0008), r=0.652 ***
19:06:25  baselineEval.src.comparison  INFO       embedding_temporal vs motor_only (VLDII_ComSS, rmse): W=174.0, p=0.0000 (p_corr=0.0001), r=0.727 ***
19:06:25  baselineEval.src.comparison  INFO       embedding_temporal vs motor_only_temporal (VLDII_ComSS, rmse): W=425.0, p=0.0400 (p_corr=1.0000), r=0.333 
19:06:25  baselineEval.src.comparison  INFO       full_kinematic vs full_kinematic_embedding (VLDII_ComSS, rmse): W=595.0, p=0.6877 (p_corr=1.0000), r=0.067 
19:06:25  baselineEval.src.comparison  INFO       full_kinematic vs full_kinematic_embedding_temporal (VLDII_ComSS, rmse): W=398.0, p=0.0201 (p_corr=0.5634), r=0.376 
19:06:25  baselineEval.src.comparison  INFO       full_kinematic vs full_kinematic_temporal (VLDII_ComSS, rmse): W=417.0, p=0.0329 (p_corr=0.9201), r=0.346 
19:06:25  baselineEval.src.comparison  INFO       full_kinematic vs motor_only (VLDII_ComSS, rmse): W=596.0, p=0.8696 (p_corr=1.0000), r=0.027 
19:06:25  baselineEval.src.comparison  INFO       full_kinematic vs motor_only_temporal (VLDII_ComSS, rmse): W=146.0, p=0.0000 (p_corr=0.0000), r=0.771 ***
19:06:25  baselineEval.src.comparison  INFO       full_kinematic_embedding vs full_kinematic_embedding_temporal (VLDII_ComSS, rmse): W=413.0, p=0.0297 (p_corr=0.8324), r=0.352 
19:06:25  baselineEval.src.comparison  INFO       full_kinematic_embedding vs full_kinematic_temporal (VLDII_ComSS, rmse): W=532.0, p=0.3137 (p_corr=1.0000), r=0.165 
19:06:25  baselineEval.src.comparison  INFO       full_kinematic_embedding vs motor_only (VLDII_ComSS, rmse): W=539.0, p=0.3472 (p_corr=1.0000), r=0.155 
19:06:25  baselineEval.src.comparison  INFO       full_kinematic_embedding vs motor_only_temporal (VLDII_ComSS, rmse): W=227.0, p=0.0000 (p_corr=0.0010), r=0.644 ***
19:06:25  baselineEval.src.comparison  INFO       full_kinematic_embedding_temporal vs full_kinematic_temporal (VLDII_ComSS, rmse): W=454.0, p=0.1693 (p_corr=1.0000), r=0.228 
19:06:25  baselineEval.src.comparison  INFO       full_kinematic_embedding_temporal vs motor_only (VLDII_ComSS, rmse): W=373.0, p=0.0100 (p_corr=0.2790), r=0.415 
19:06:25  baselineEval.src.comparison  INFO       full_kinematic_embedding_temporal vs motor_only_temporal (VLDII_ComSS, rmse): W=289.0, p=0.0006 (p_corr=0.0154), r=0.547 ***
19:06:25  baselineEval.src.comparison  INFO       full_kinematic_temporal vs motor_only (VLDII_ComSS, rmse): W=397.0, p=0.0196 (p_corr=0.5485), r=0.377 
19:06:25  baselineEval.src.comparison  INFO       full_kinematic_temporal vs motor_only_temporal (VLDII_ComSS, rmse): W=154.0, p=0.0000 (p_corr=0.0000), r=0.758 ***
19:06:25  baselineEval.src.comparison  INFO       motor_only vs motor_only_temporal (VLDII_ComSS, rmse): W=143.0, p=0.0000 (p_corr=0.0000), r=0.776 ***
19:06:25  baselineEval.src.comparison  INFO       Saved: /srv/beegfs/scratch/shares/schaerm/schaer2/video_sam2_pose/humanLISBET-paper/baselineEval/results_stats_temporal_maxpool_lasso/comparison/VLDII_ComSS/comparison_results.csv
19:06:25  baselineEval.src.comparison  INFO       embedding vs embedding_temporal (VLDII_expVS, rmse): W=228.0, p=0.0000 (p_corr=0.0010), r=0.642 ***
19:06:25  baselineEval.src.comparison  INFO       embedding vs full_kinematic (VLDII_expVS, rmse): W=510.0, p=0.2223 (p_corr=1.0000), r=0.200 
19:06:25  baselineEval.src.comparison  INFO       embedding vs full_kinematic_embedding (VLDII_expVS, rmse): W=576.0, p=0.7165 (p_corr=1.0000), r=0.060 
19:06:25  baselineEval.src.comparison  INFO       embedding vs full_kinematic_embedding_temporal (VLDII_expVS, rmse): W=471.0, p=0.1095 (p_corr=1.0000), r=0.261 
19:06:25  baselineEval.src.comparison  INFO       embedding vs full_kinematic_temporal (VLDII_expVS, rmse): W=399.0, p=0.0207 (p_corr=0.5786), r=0.374 
19:06:25  baselineEval.src.comparison  INFO       embedding vs motor_only (VLDII_expVS, rmse): W=430.0, p=0.0450 (p_corr=1.0000), r=0.325 
19:06:25  baselineEval.src.comparison  INFO       embedding vs motor_only_temporal (VLDII_expVS, rmse): W=252.0, p=0.0001 (p_corr=0.0032), r=0.605 ***
19:06:25  baselineEval.src.comparison  INFO       embedding_temporal vs full_kinematic (VLDII_expVS, rmse): W=238.0, p=0.0001 (p_corr=0.0017), r=0.627 ***
19:06:25  baselineEval.src.comparison  INFO       embedding_temporal vs full_kinematic_embedding (VLDII_expVS, rmse): W=360.0, p=0.0067 (p_corr=0.1885), r=0.435 
19:06:25  baselineEval.src.comparison  INFO       embedding_temporal vs full_kinematic_embedding_temporal (VLDII_expVS, rmse): W=244.0, p=0.0001 (p_corr=0.0022), r=0.617 ***
19:06:25  baselineEval.src.comparison  INFO       embedding_temporal vs full_kinematic_temporal (VLDII_expVS, rmse): W=444.0, p=0.0621 (p_corr=1.0000), r=0.304 
19:06:25  baselineEval.src.comparison  INFO       embedding_temporal vs motor_only (VLDII_expVS, rmse): W=166.0, p=0.0000 (p_corr=0.0000), r=0.740 ***
19:06:25  baselineEval.src.comparison  INFO       embedding_temporal vs motor_only_temporal (VLDII_expVS, rmse): W=590.0, p=0.6528 (p_corr=1.0000), r=0.075 
19:06:25  baselineEval.src.comparison  INFO       full_kinematic vs full_kinematic_embedding (VLDII_expVS, rmse): W=414.0, p=0.0305 (p_corr=0.8536), r=0.351 
19:06:25  baselineEval.src.comparison  INFO       full_kinematic vs full_kinematic_embedding_temporal (VLDII_expVS, rmse): W=401.0, p=0.0218 (p_corr=0.6102), r=0.371 
19:06:25  baselineEval.src.comparison  INFO       full_kinematic vs full_kinematic_temporal (VLDII_expVS, rmse): W=350.0, p=0.0049 (p_corr=0.1375), r=0.451 
19:06:25  baselineEval.src.comparison  INFO       full_kinematic vs motor_only (VLDII_expVS, rmse): W=411.0, p=0.0283 (p_corr=0.7912), r=0.355 
19:06:25  baselineEval.src.comparison  INFO       full_kinematic vs motor_only_temporal (VLDII_expVS, rmse): W=145.0, p=0.0000 (p_corr=0.0000), r=0.773 ***
19:06:25  baselineEval.src.comparison  INFO       full_kinematic_embedding vs full_kinematic_embedding_temporal (VLDII_expVS, rmse): W=551.0, p=0.4097 (p_corr=1.0000), r=0.136 
19:06:25  baselineEval.src.comparison  INFO       full_kinematic_embedding vs full_kinematic_temporal (VLDII_expVS, rmse): W=502.0, p=0.1943 (p_corr=1.0000), r=0.213 
19:06:25  baselineEval.src.comparison  INFO       full_kinematic_embedding vs motor_only (VLDII_expVS, rmse): W=384.0, p=0.0137 (p_corr=0.3832), r=0.398 
19:06:25  baselineEval.src.comparison  INFO       full_kinematic_embedding vs motor_only_temporal (VLDII_expVS, rmse): W=343.0, p=0.0039 (p_corr=0.1096), r=0.462 
19:06:25  baselineEval.src.comparison  INFO       full_kinematic_embedding_temporal vs full_kinematic_temporal (VLDII_expVS, rmse): W=437.0, p=0.2581 (p_corr=1.0000), r=0.191 
19:06:26  baselineEval.src.comparison  INFO       full_kinematic_embedding_temporal vs motor_only (VLDII_expVS, rmse): W=297.0, p=0.0008 (p_corr=0.0211), r=0.534 ***
19:06:26  baselineEval.src.comparison  INFO       full_kinematic_embedding_temporal vs motor_only_temporal (VLDII_expVS, rmse): W=310.0, p=0.0012 (p_corr=0.0346), r=0.514 ***
19:06:26  baselineEval.src.comparison  INFO       full_kinematic_temporal vs motor_only (VLDII_expVS, rmse): W=258.0, p=0.0001 (p_corr=0.0042), r=0.595 ***
19:06:26  baselineEval.src.comparison  INFO       full_kinematic_temporal vs motor_only_temporal (VLDII_expVS, rmse): W=351.0, p=0.0051 (p_corr=0.1420), r=0.449 
19:06:26  baselineEval.src.comparison  INFO       motor_only vs motor_only_temporal (VLDII_expVS, rmse): W=99.0, p=0.0000 (p_corr=0.0000), r=0.845 ***
19:06:26  baselineEval.src.comparison  INFO       Saved: /srv/beegfs/scratch/shares/schaerm/schaer2/video_sam2_pose/humanLISBET-paper/baselineEval/results_stats_temporal_maxpool_lasso/comparison/VLDII_expVS/comparison_results.csv
19:06:26  baselineEval.src.comparison  INFO       embedding vs embedding_temporal (VLDII_recVS, rmse): W=18.0, p=0.0000 (p_corr=0.0000), r=0.972 ***
19:06:26  baselineEval.src.comparison  INFO       embedding vs full_kinematic (VLDII_recVS, rmse): W=448.0, p=0.0678 (p_corr=1.0000), r=0.297 
19:06:26  baselineEval.src.comparison  INFO       embedding vs full_kinematic_embedding (VLDII_recVS, rmse): W=555.0, p=0.4319 (p_corr=1.0000), r=0.129 
19:06:26  baselineEval.src.comparison  INFO       embedding vs full_kinematic_embedding_temporal (VLDII_recVS, rmse): W=21.0, p=0.0000 (p_corr=0.0000), r=0.967 ***
19:06:26  baselineEval.src.comparison  INFO       embedding vs full_kinematic_temporal (VLDII_recVS, rmse): W=87.0, p=0.0000 (p_corr=0.0000), r=0.864 ***
19:06:26  baselineEval.src.comparison  INFO       embedding vs motor_only (VLDII_recVS, rmse): W=446.0, p=0.0649 (p_corr=1.0000), r=0.300 
19:06:26  baselineEval.src.comparison  INFO       embedding vs motor_only_temporal (VLDII_recVS, rmse): W=54.0, p=0.0000 (p_corr=0.0000), r=0.915 ***
19:06:26  baselineEval.src.comparison  INFO       embedding_temporal vs full_kinematic (VLDII_recVS, rmse): W=141.0, p=0.0000 (p_corr=0.0000), r=0.779 ***
19:06:26  baselineEval.src.comparison  INFO       embedding_temporal vs full_kinematic_embedding (VLDII_recVS, rmse): W=51.0, p=0.0000 (p_corr=0.0000), r=0.920 ***
19:06:26  baselineEval.src.comparison  INFO       embedding_temporal vs full_kinematic_embedding_temporal (VLDII_recVS, rmse): W=634.0, p=0.9771 (p_corr=1.0000), r=0.005 
19:06:26  baselineEval.src.comparison  INFO       embedding_temporal vs full_kinematic_temporal (VLDII_recVS, rmse): W=462.0, p=0.0913 (p_corr=1.0000), r=0.275 
19:06:26  baselineEval.src.comparison  INFO       embedding_temporal vs motor_only (VLDII_recVS, rmse): W=105.0, p=0.0000 (p_corr=0.0000), r=0.835 ***
19:06:26  baselineEval.src.comparison  INFO       embedding_temporal vs motor_only_temporal (VLDII_recVS, rmse): W=581.0, p=0.5918 (p_corr=1.0000), r=0.089 
19:06:26  baselineEval.src.comparison  INFO       full_kinematic vs full_kinematic_embedding (VLDII_recVS, rmse): W=495.0, p=0.1719 (p_corr=1.0000), r=0.224 
19:06:26  baselineEval.src.comparison  INFO       full_kinematic vs full_kinematic_embedding_temporal (VLDII_recVS, rmse): W=110.0, p=0.0000 (p_corr=0.0000), r=0.827 ***
19:06:26  baselineEval.src.comparison  INFO       full_kinematic vs full_kinematic_temporal (VLDII_recVS, rmse): W=112.0, p=0.0000 (p_corr=0.0000), r=0.824 ***
19:06:26  baselineEval.src.comparison  INFO       full_kinematic vs motor_only (VLDII_recVS, rmse): W=502.0, p=0.1943 (p_corr=1.0000), r=0.213 
19:06:26  baselineEval.src.comparison  INFO       full_kinematic vs motor_only_temporal (VLDII_recVS, rmse): W=100.0, p=0.0000 (p_corr=0.0000), r=0.843 ***
19:06:26  baselineEval.src.comparison  INFO       full_kinematic_embedding vs full_kinematic_embedding_temporal (VLDII_recVS, rmse): W=61.0, p=0.0000 (p_corr=0.0000), r=0.904 ***
19:06:26  baselineEval.src.comparison  INFO       full_kinematic_embedding vs full_kinematic_temporal (VLDII_recVS, rmse): W=103.0, p=0.0000 (p_corr=0.0000), r=0.838 ***
19:06:26  baselineEval.src.comparison  INFO       full_kinematic_embedding vs motor_only (VLDII_recVS, rmse): W=504.0, p=0.2010 (p_corr=1.0000), r=0.209 
19:06:26  baselineEval.src.comparison  INFO       full_kinematic_embedding vs motor_only_temporal (VLDII_recVS, rmse): W=67.0, p=0.0000 (p_corr=0.0000), r=0.895 ***
19:06:26  baselineEval.src.comparison  INFO       full_kinematic_embedding_temporal vs full_kinematic_temporal (VLDII_recVS, rmse): W=328.0, p=0.0324 (p_corr=0.9082), r=0.366 
19:06:26  baselineEval.src.comparison  INFO       full_kinematic_embedding_temporal vs motor_only (VLDII_recVS, rmse): W=105.0, p=0.0000 (p_corr=0.0000), r=0.835 ***
19:06:26  baselineEval.src.comparison  INFO       full_kinematic_embedding_temporal vs motor_only_temporal (VLDII_recVS, rmse): W=604.0, p=0.7522 (p_corr=1.0000), r=0.053 
19:06:26  baselineEval.src.comparison  INFO       full_kinematic_temporal vs motor_only (VLDII_recVS, rmse): W=113.0, p=0.0000 (p_corr=0.0000), r=0.823 ***
19:06:26  baselineEval.src.comparison  INFO       full_kinematic_temporal vs motor_only_temporal (VLDII_recVS, rmse): W=400.0, p=0.0345 (p_corr=0.9669), r=0.347 
19:06:26  baselineEval.src.comparison  INFO       motor_only vs motor_only_temporal (VLDII_recVS, rmse): W=101.0, p=0.0000 (p_corr=0.0000), r=0.842 ***
19:06:26  baselineEval.src.comparison  INFO       Saved: /srv/beegfs/scratch/shares/schaerm/schaer2/video_sam2_pose/humanLISBET-paper/baselineEval/results_stats_temporal_maxpool_lasso/comparison/VLDII_recVS/comparison_results.csv
19:06:26  baselineEval.src.comparison  INFO       embedding vs embedding_temporal (MSEL_TOTAL_DQ, rmse): W=238.0, p=0.0001 (p_corr=0.0017), r=0.627 ***
19:06:26  baselineEval.src.comparison  INFO       embedding vs full_kinematic (MSEL_TOTAL_DQ, rmse): W=611.0, p=0.8035 (p_corr=1.0000), r=0.042 
19:06:26  baselineEval.src.comparison  INFO       embedding vs full_kinematic_embedding (MSEL_TOTAL_DQ, rmse): W=616.0, p=0.8408 (p_corr=1.0000), r=0.034 
19:06:26  baselineEval.src.comparison  INFO       embedding vs full_kinematic_embedding_temporal (MSEL_TOTAL_DQ, rmse): W=388.0, p=0.0153 (p_corr=0.4287), r=0.391 
19:06:26  baselineEval.src.comparison  INFO       embedding vs full_kinematic_temporal (MSEL_TOTAL_DQ, rmse): W=162.0, p=0.0000 (p_corr=0.0000), r=0.746 ***
19:06:26  baselineEval.src.comparison  INFO       embedding vs motor_only (MSEL_TOTAL_DQ, rmse): W=573.0, p=0.5399 (p_corr=1.0000), r=0.101 
19:06:26  baselineEval.src.comparison  INFO       embedding vs motor_only_temporal (MSEL_TOTAL_DQ, rmse): W=14.0, p=0.0000 (p_corr=0.0000), r=0.978 ***
19:06:26  baselineEval.src.comparison  INFO       embedding_temporal vs full_kinematic (MSEL_TOTAL_DQ, rmse): W=409.0, p=0.0268 (p_corr=0.7518), r=0.358 
19:06:26  baselineEval.src.comparison  INFO       embedding_temporal vs full_kinematic_embedding (MSEL_TOTAL_DQ, rmse): W=348.0, p=0.0046 (p_corr=0.1290), r=0.454 
19:06:26  baselineEval.src.comparison  INFO       embedding_temporal vs full_kinematic_embedding_temporal (MSEL_TOTAL_DQ, rmse): W=435.0, p=0.0506 (p_corr=1.0000), r=0.318 
19:06:26  baselineEval.src.comparison  INFO       embedding_temporal vs full_kinematic_temporal (MSEL_TOTAL_DQ, rmse): W=291.0, p=0.0006 (p_corr=0.0167), r=0.544 ***
19:06:26  baselineEval.src.comparison  INFO       embedding_temporal vs motor_only (MSEL_TOTAL_DQ, rmse): W=393.0, p=0.0176 (p_corr=0.4921), r=0.384 
19:06:26  baselineEval.src.comparison  INFO       embedding_temporal vs motor_only_temporal (MSEL_TOTAL_DQ, rmse): W=44.0, p=0.0000 (p_corr=0.0000), r=0.931 ***
19:06:26  baselineEval.src.comparison  INFO       full_kinematic vs full_kinematic_embedding (MSEL_TOTAL_DQ, rmse): W=561.0, p=0.4665 (p_corr=1.0000), r=0.120 
19:06:26  baselineEval.src.comparison  INFO       full_kinematic vs full_kinematic_embedding_temporal (MSEL_TOTAL_DQ, rmse): W=464.0, p=0.0951 (p_corr=1.0000), r=0.272 
19:06:26  baselineEval.src.comparison  INFO       full_kinematic vs full_kinematic_temporal (MSEL_TOTAL_DQ, rmse): W=168.0, p=0.0000 (p_corr=0.0000), r=0.736 ***
19:06:26  baselineEval.src.comparison  INFO       full_kinematic vs motor_only (MSEL_TOTAL_DQ, rmse): W=603.0, p=0.7449 (p_corr=1.0000), r=0.054 
19:06:26  baselineEval.src.comparison  INFO       full_kinematic vs motor_only_temporal (MSEL_TOTAL_DQ, rmse): W=1.0, p=0.0000 (p_corr=0.0000), r=0.998 ***
19:06:26  baselineEval.src.comparison  INFO       full_kinematic_embedding vs full_kinematic_embedding_temporal (MSEL_TOTAL_DQ, rmse): W=468.0, p=0.1032 (p_corr=1.0000), r=0.266 
19:06:26  baselineEval.src.comparison  INFO       full_kinematic_embedding vs full_kinematic_temporal (MSEL_TOTAL_DQ, rmse): W=225.0, p=0.0000 (p_corr=0.0009), r=0.647 ***
19:06:26  baselineEval.src.comparison  INFO       full_kinematic_embedding vs motor_only (MSEL_TOTAL_DQ, rmse): W=590.0, p=0.6528 (p_corr=1.0000), r=0.075 
19:06:26  baselineEval.src.comparison  INFO       full_kinematic_embedding vs motor_only_temporal (MSEL_TOTAL_DQ, rmse): W=29.0, p=0.0000 (p_corr=0.0000), r=0.955 ***
19:06:26  baselineEval.src.comparison  INFO       full_kinematic_embedding_temporal vs full_kinematic_temporal (MSEL_TOTAL_DQ, rmse): W=206.0, p=0.0001 (p_corr=0.0015), r=0.664 ***
19:06:26  baselineEval.src.comparison  INFO       full_kinematic_embedding_temporal vs motor_only (MSEL_TOTAL_DQ, rmse): W=488.0, p=0.1515 (p_corr=1.0000), r=0.235 
19:06:26  baselineEval.src.comparison  INFO       full_kinematic_embedding_temporal vs motor_only_temporal (MSEL_TOTAL_DQ, rmse): W=17.0, p=0.0000 (p_corr=0.0000), r=0.973 ***
19:06:26  baselineEval.src.comparison  INFO       full_kinematic_temporal vs motor_only (MSEL_TOTAL_DQ, rmse): W=185.0, p=0.0000 (p_corr=0.0001), r=0.710 ***
19:06:26  baselineEval.src.comparison  INFO       full_kinematic_temporal vs motor_only_temporal (MSEL_TOTAL_DQ, rmse): W=86.0, p=0.0000 (p_corr=0.0000), r=0.865 ***
19:06:26  baselineEval.src.comparison  INFO       motor_only vs motor_only_temporal (MSEL_TOTAL_DQ, rmse): W=11.0, p=0.0000 (p_corr=0.0000), r=0.983 ***
19:06:26  baselineEval.src.comparison  INFO       Saved: /srv/beegfs/scratch/shares/schaerm/schaer2/video_sam2_pose/humanLISBET-paper/baselineEval/results_stats_temporal_maxpool_lasso/comparison/MSEL_TOTAL_DQ/comparison_results.csv
19:06:26  baselineEval.src.comparison  INFO       embedding vs embedding_temporal (MSEL_FM_DQ, rmse): W=612.0, p=0.8109 (p_corr=1.0000), r=0.040 
19:06:26  baselineEval.src.comparison  INFO       embedding vs full_kinematic (MSEL_FM_DQ, rmse): W=522.0, p=0.2695 (p_corr=1.0000), r=0.181 
19:06:26  baselineEval.src.comparison  INFO       embedding vs full_kinematic_embedding (MSEL_FM_DQ, rmse): W=482.0, p=0.3855 (p_corr=1.0000), r=0.145 
19:06:26  baselineEval.src.comparison  INFO       embedding vs full_kinematic_embedding_temporal (MSEL_FM_DQ, rmse): W=276.0, p=0.0003 (p_corr=0.0091), r=0.567 ***
19:06:26  baselineEval.src.comparison  INFO       embedding vs full_kinematic_temporal (MSEL_FM_DQ, rmse): W=515.0, p=0.3321 (p_corr=1.0000), r=0.159 
19:06:26  baselineEval.src.comparison  INFO       embedding vs motor_only (MSEL_FM_DQ, rmse): W=553.0, p=0.4207 (p_corr=1.0000), r=0.133 
19:06:26  baselineEval.src.comparison  INFO       embedding vs motor_only_temporal (MSEL_FM_DQ, rmse): W=300.0, p=0.0008 (p_corr=0.0237), r=0.529 ***
19:06:26  baselineEval.src.comparison  INFO       embedding_temporal vs full_kinematic (MSEL_FM_DQ, rmse): W=560.0, p=0.4606 (p_corr=1.0000), r=0.122 
19:06:26  baselineEval.src.comparison  INFO       embedding_temporal vs full_kinematic_embedding (MSEL_FM_DQ, rmse): W=587.0, p=0.7998 (p_corr=1.0000), r=0.042 
19:06:26  baselineEval.src.comparison  INFO       embedding_temporal vs full_kinematic_embedding_temporal (MSEL_FM_DQ, rmse): W=179.0, p=0.0000 (p_corr=0.0001), r=0.719 ***
19:06:26  baselineEval.src.comparison  INFO       embedding_temporal vs full_kinematic_temporal (MSEL_FM_DQ, rmse): W=503.0, p=0.1976 (p_corr=1.0000), r=0.211 
19:06:26  baselineEval.src.comparison  INFO       embedding_temporal vs motor_only (MSEL_FM_DQ, rmse): W=542.0, p=0.4831 (p_corr=1.0000), r=0.115 
19:06:26  baselineEval.src.comparison  INFO       embedding_temporal vs motor_only_temporal (MSEL_FM_DQ, rmse): W=235.0, p=0.0001 (p_corr=0.0014), r=0.631 ***
19:06:26  baselineEval.src.comparison  INFO       full_kinematic vs full_kinematic_embedding (MSEL_FM_DQ, rmse): W=533.0, p=0.3183 (p_corr=1.0000), r=0.164 
19:06:26  baselineEval.src.comparison  INFO       full_kinematic vs full_kinematic_embedding_temporal (MSEL_FM_DQ, rmse): W=289.0, p=0.0006 (p_corr=0.0154), r=0.547 ***
19:06:26  baselineEval.src.comparison  INFO       full_kinematic vs full_kinematic_temporal (MSEL_FM_DQ, rmse): W=474.0, p=0.1162 (p_corr=1.0000), r=0.256 
19:06:26  baselineEval.src.comparison  INFO       full_kinematic vs motor_only (MSEL_FM_DQ, rmse): W=428.0, p=0.0429 (p_corr=1.0000), r=0.329 
19:06:26  baselineEval.src.comparison  INFO       full_kinematic vs motor_only_temporal (MSEL_FM_DQ, rmse): W=140.0, p=0.0000 (p_corr=0.0000), r=0.780 ***
19:06:26  baselineEval.src.comparison  INFO       full_kinematic_embedding vs full_kinematic_embedding_temporal (MSEL_FM_DQ, rmse): W=196.0, p=0.0000 (p_corr=0.0002), r=0.693 ***
19:06:26  baselineEval.src.comparison  INFO       full_kinematic_embedding vs full_kinematic_temporal (MSEL_FM_DQ, rmse): W=513.0, p=0.2335 (p_corr=1.0000), r=0.195 
19:06:26  baselineEval.src.comparison  INFO       full_kinematic_embedding vs motor_only (MSEL_FM_DQ, rmse): W=508.0, p=0.2986 (p_corr=1.0000), r=0.171 
19:06:26  baselineEval.src.comparison  INFO       full_kinematic_embedding vs motor_only_temporal (MSEL_FM_DQ, rmse): W=269.0, p=0.0002 (p_corr=0.0067), r=0.578 ***
19:06:26  baselineEval.src.comparison  INFO       full_kinematic_embedding_temporal vs full_kinematic_temporal (MSEL_FM_DQ, rmse): W=101.0, p=0.0000 (p_corr=0.0000), r=0.842 ***
19:06:26  baselineEval.src.comparison  INFO       full_kinematic_embedding_temporal vs motor_only (MSEL_FM_DQ, rmse): W=210.0, p=0.0000 (p_corr=0.0004), r=0.671 ***
19:06:26  baselineEval.src.comparison  INFO       full_kinematic_embedding_temporal vs motor_only_temporal (MSEL_FM_DQ, rmse): W=32.0, p=0.0000 (p_corr=0.0000), r=0.950 ***
19:06:26  baselineEval.src.comparison  INFO       full_kinematic_temporal vs motor_only (MSEL_FM_DQ, rmse): W=574.0, p=0.5463 (p_corr=1.0000), r=0.100 
19:06:26  baselineEval.src.comparison  INFO       full_kinematic_temporal vs motor_only_temporal (MSEL_FM_DQ, rmse): W=332.0, p=0.0027 (p_corr=0.0757), r=0.479 
19:06:26  baselineEval.src.comparison  INFO       motor_only vs motor_only_temporal (MSEL_FM_DQ, rmse): W=276.0, p=0.0003 (p_corr=0.0091), r=0.567 ***
19:06:26  baselineEval.src.comparison  INFO       Saved: /srv/beegfs/scratch/shares/schaerm/schaer2/video_sam2_pose/humanLISBET-paper/baselineEval/results_stats_temporal_maxpool_lasso/comparison/MSEL_FM_DQ/comparison_results.csv
19:06:26  baselineEval.src.comparison  INFO       embedding vs embedding_temporal (MSEL_VR_DQ, rmse): W=484.0, p=0.1407 (p_corr=1.0000), r=0.241 
19:06:26  baselineEval.src.comparison  INFO       embedding vs full_kinematic (MSEL_VR_DQ, rmse): W=609.0, p=0.7888 (p_corr=1.0000), r=0.045 
19:06:26  baselineEval.src.comparison  INFO       embedding vs full_kinematic_embedding (MSEL_VR_DQ, rmse): W=412.0, p=0.3327 (p_corr=1.0000), r=0.168 
19:06:26  baselineEval.src.comparison  INFO       embedding vs full_kinematic_embedding_temporal (MSEL_VR_DQ, rmse): W=599.0, p=0.7161 (p_corr=1.0000), r=0.060 
19:06:26  baselineEval.src.comparison  INFO       embedding vs full_kinematic_temporal (MSEL_VR_DQ, rmse): W=341.0, p=0.0037 (p_corr=0.1026), r=0.465 
19:06:26  baselineEval.src.comparison  INFO       embedding vs motor_only (MSEL_VR_DQ, rmse): W=624.0, p=0.9010 (p_corr=1.0000), r=0.021 
19:06:26  baselineEval.src.comparison  INFO       embedding vs motor_only_temporal (MSEL_VR_DQ, rmse): W=44.0, p=0.0000 (p_corr=0.0000), r=0.919 ***
19:06:26  baselineEval.src.comparison  INFO       embedding_temporal vs full_kinematic (MSEL_VR_DQ, rmse): W=499.0, p=0.1844 (p_corr=1.0000), r=0.217 
19:06:26  baselineEval.src.comparison  INFO       embedding_temporal vs full_kinematic_embedding (MSEL_VR_DQ, rmse): W=592.0, p=0.6667 (p_corr=1.0000), r=0.071 
19:06:26  baselineEval.src.comparison  INFO       embedding_temporal vs full_kinematic_embedding_temporal (MSEL_VR_DQ, rmse): W=511.0, p=0.2260 (p_corr=1.0000), r=0.198 
19:06:26  baselineEval.src.comparison  INFO       embedding_temporal vs full_kinematic_temporal (MSEL_VR_DQ, rmse): W=457.0, p=0.0823 (p_corr=1.0000), r=0.283 
19:06:26  baselineEval.src.comparison  INFO       embedding_temporal vs motor_only (MSEL_VR_DQ, rmse): W=460.0, p=0.0876 (p_corr=1.0000), r=0.278 
19:06:26  baselineEval.src.comparison  INFO       embedding_temporal vs motor_only_temporal (MSEL_VR_DQ, rmse): W=59.0, p=0.0000 (p_corr=0.0000), r=0.900 ***
19:06:26  baselineEval.src.comparison  INFO       full_kinematic vs full_kinematic_embedding (MSEL_VR_DQ, rmse): W=548.0, p=0.5211 (p_corr=1.0000), r=0.105 
19:06:26  baselineEval.src.comparison  INFO       full_kinematic vs full_kinematic_embedding_temporal (MSEL_VR_DQ, rmse): W=617.0, p=0.8482 (p_corr=1.0000), r=0.032 
19:06:26  baselineEval.src.comparison  INFO       full_kinematic vs full_kinematic_temporal (MSEL_VR_DQ, rmse): W=346.0, p=0.0043 (p_corr=0.1209), r=0.457 
19:06:26  baselineEval.src.comparison  INFO       full_kinematic vs motor_only (MSEL_VR_DQ, rmse): W=247.0, p=0.1767 (p_corr=1.0000), r=0.258 
19:06:26  baselineEval.src.comparison  INFO       full_kinematic vs motor_only_temporal (MSEL_VR_DQ, rmse): W=67.0, p=0.0000 (p_corr=0.0000), r=0.876 ***
19:06:26  baselineEval.src.comparison  INFO       full_kinematic_embedding vs full_kinematic_embedding_temporal (MSEL_VR_DQ, rmse): W=582.0, p=0.5985 (p_corr=1.0000), r=0.087 
19:06:26  baselineEval.src.comparison  INFO       full_kinematic_embedding vs full_kinematic_temporal (MSEL_VR_DQ, rmse): W=428.0, p=0.0429 (p_corr=1.0000), r=0.329 
19:06:26  baselineEval.src.comparison  INFO       full_kinematic_embedding vs motor_only (MSEL_VR_DQ, rmse): W=509.0, p=0.3032 (p_corr=1.0000), r=0.169 
19:06:26  baselineEval.src.comparison  INFO       full_kinematic_embedding vs motor_only_temporal (MSEL_VR_DQ, rmse): W=34.0, p=0.0000 (p_corr=0.0000), r=0.934 ***
19:06:26  baselineEval.src.comparison  INFO       full_kinematic_embedding_temporal vs full_kinematic_temporal (MSEL_VR_DQ, rmse): W=266.0, p=0.0006 (p_corr=0.0159), r=0.566 ***
19:06:26  baselineEval.src.comparison  INFO       full_kinematic_embedding_temporal vs motor_only (MSEL_VR_DQ, rmse): W=597.0, p=0.7018 (p_corr=1.0000), r=0.064 
19:06:26  baselineEval.src.comparison  INFO       full_kinematic_embedding_temporal vs motor_only_temporal (MSEL_VR_DQ, rmse): W=84.0, p=0.0000 (p_corr=0.0000), r=0.868 ***
19:06:26  baselineEval.src.comparison  INFO       full_kinematic_temporal vs motor_only (MSEL_VR_DQ, rmse): W=333.0, p=0.0028 (p_corr=0.0784), r=0.478 
19:06:26  baselineEval.src.comparison  INFO       full_kinematic_temporal vs motor_only_temporal (MSEL_VR_DQ, rmse): W=201.0, p=0.0000 (p_corr=0.0002), r=0.685 ***
19:06:26  baselineEval.src.comparison  INFO       motor_only vs motor_only_temporal (MSEL_VR_DQ, rmse): W=35.0, p=0.0000 (p_corr=0.0000), r=0.935 ***
19:06:26  baselineEval.src.comparison  INFO       Saved: /srv/beegfs/scratch/shares/schaerm/schaer2/video_sam2_pose/humanLISBET-paper/baselineEval/results_stats_temporal_maxpool_lasso/comparison/MSEL_VR_DQ/comparison_results.csv
19:06:26  baselineEval.src.comparison  INFO       embedding vs embedding_temporal (MSEL_LR_DQ, rmse): W=324.0, p=0.0020 (p_corr=0.0574), r=0.492 
19:06:26  baselineEval.src.comparison  INFO       embedding vs full_kinematic (MSEL_LR_DQ, rmse): W=582.0, p=0.5985 (p_corr=1.0000), r=0.087 
19:06:26  baselineEval.src.comparison  INFO       embedding vs full_kinematic_embedding (MSEL_LR_DQ, rmse): W=526.0, p=0.2866 (p_corr=1.0000), r=0.175 
19:06:26  baselineEval.src.comparison  INFO       embedding vs full_kinematic_embedding_temporal (MSEL_LR_DQ, rmse): W=343.0, p=0.0039 (p_corr=0.1096), r=0.462 
19:06:26  baselineEval.src.comparison  INFO       embedding vs full_kinematic_temporal (MSEL_LR_DQ, rmse): W=258.0, p=0.0001 (p_corr=0.0042), r=0.595 ***
19:06:26  baselineEval.src.comparison  INFO       embedding vs motor_only (MSEL_LR_DQ, rmse): W=491.0, p=0.1600 (p_corr=1.0000), r=0.230 
19:06:26  baselineEval.src.comparison  INFO       embedding vs motor_only_temporal (MSEL_LR_DQ, rmse): W=98.0, p=0.0000 (p_corr=0.0000), r=0.846 ***
19:06:26  baselineEval.src.comparison  INFO       embedding_temporal vs full_kinematic (MSEL_LR_DQ, rmse): W=295.0, p=0.0007 (p_corr=0.0196), r=0.537 ***
19:06:26  baselineEval.src.comparison  INFO       embedding_temporal vs full_kinematic_embedding (MSEL_LR_DQ, rmse): W=251.0, p=0.0001 (p_corr=0.0030), r=0.606 ***
19:06:26  baselineEval.src.comparison  INFO       embedding_temporal vs full_kinematic_embedding_temporal (MSEL_LR_DQ, rmse): W=587.0, p=0.6322 (p_corr=1.0000), r=0.079 
19:06:26  baselineEval.src.comparison  INFO       embedding_temporal vs full_kinematic_temporal (MSEL_LR_DQ, rmse): W=453.0, p=0.0756 (p_corr=1.0000), r=0.289 
19:06:26  baselineEval.src.comparison  INFO       embedding_temporal vs motor_only (MSEL_LR_DQ, rmse): W=252.0, p=0.0001 (p_corr=0.0032), r=0.605 ***
19:06:26  baselineEval.src.comparison  INFO       embedding_temporal vs motor_only_temporal (MSEL_LR_DQ, rmse): W=151.0, p=0.0000 (p_corr=0.0000), r=0.763 ***
19:06:26  baselineEval.src.comparison  INFO       full_kinematic vs full_kinematic_embedding (MSEL_LR_DQ, rmse): W=604.0, p=0.7522 (p_corr=1.0000), r=0.053 
19:06:26  baselineEval.src.comparison  INFO       full_kinematic vs full_kinematic_embedding_temporal (MSEL_LR_DQ, rmse): W=265.0, p=0.0002 (p_corr=0.0057), r=0.584 ***
19:06:26  baselineEval.src.comparison  INFO       full_kinematic vs full_kinematic_temporal (MSEL_LR_DQ, rmse): W=124.0, p=0.0000 (p_corr=0.0000), r=0.805 ***
19:06:26  baselineEval.src.comparison  INFO       full_kinematic vs motor_only (MSEL_LR_DQ, rmse): W=417.0, p=0.1772 (p_corr=1.0000), r=0.228 
19:06:26  baselineEval.src.comparison  INFO       full_kinematic vs motor_only_temporal (MSEL_LR_DQ, rmse): W=38.0, p=0.0000 (p_corr=0.0000), r=0.940 ***
19:06:26  baselineEval.src.comparison  INFO       full_kinematic_embedding vs full_kinematic_embedding_temporal (MSEL_LR_DQ, rmse): W=263.0, p=0.0002 (p_corr=0.0052), r=0.587 ***
19:06:26  baselineEval.src.comparison  INFO       full_kinematic_embedding vs full_kinematic_temporal (MSEL_LR_DQ, rmse): W=190.0, p=0.0000 (p_corr=0.0001), r=0.702 ***
19:06:26  baselineEval.src.comparison  INFO       full_kinematic_embedding vs motor_only (MSEL_LR_DQ, rmse): W=601.0, p=0.7304 (p_corr=1.0000), r=0.057 
19:06:26  baselineEval.src.comparison  INFO       full_kinematic_embedding vs motor_only_temporal (MSEL_LR_DQ, rmse): W=54.0, p=0.0000 (p_corr=0.0000), r=0.915 ***
19:06:26  baselineEval.src.comparison  INFO       full_kinematic_embedding_temporal vs full_kinematic_temporal (MSEL_LR_DQ, rmse): W=422.0, p=0.0886 (p_corr=1.0000), r=0.282 
19:06:26  baselineEval.src.comparison  INFO       full_kinematic_embedding_temporal vs motor_only (MSEL_LR_DQ, rmse): W=216.0, p=0.0000 (p_corr=0.0006), r=0.661 ***
19:06:26  baselineEval.src.comparison  INFO       full_kinematic_embedding_temporal vs motor_only_temporal (MSEL_LR_DQ, rmse): W=220.0, p=0.0000 (p_corr=0.0007), r=0.655 ***
19:06:26  baselineEval.src.comparison  INFO       full_kinematic_temporal vs motor_only (MSEL_LR_DQ, rmse): W=73.0, p=0.0000 (p_corr=0.0000), r=0.885 ***
19:06:26  baselineEval.src.comparison  INFO       full_kinematic_temporal vs motor_only_temporal (MSEL_LR_DQ, rmse): W=199.0, p=0.0000 (p_corr=0.0002), r=0.688 ***
19:06:26  baselineEval.src.comparison  INFO       motor_only vs motor_only_temporal (MSEL_LR_DQ, rmse): W=18.0, p=0.0000 (p_corr=0.0000), r=0.972 ***
19:06:26  baselineEval.src.comparison  INFO       Saved: /srv/beegfs/scratch/shares/schaerm/schaer2/video_sam2_pose/humanLISBET-paper/baselineEval/results_stats_temporal_maxpool_lasso/comparison/MSEL_LR_DQ/comparison_results.csv
19:06:26  baselineEval.src.comparison  INFO       embedding vs embedding_temporal (MSEL_LE_DQ, rmse): W=402.0, p=0.0224 (p_corr=0.6266), r=0.369 
19:06:26  baselineEval.src.comparison  INFO       embedding vs full_kinematic (MSEL_LE_DQ, rmse): W=516.0, p=0.2451 (p_corr=1.0000), r=0.191 
19:06:26  baselineEval.src.comparison  INFO       embedding vs full_kinematic_embedding (MSEL_LE_DQ, rmse): W=442.0, p=0.0594 (p_corr=1.0000), r=0.307 
19:06:26  baselineEval.src.comparison  INFO       embedding vs full_kinematic_embedding_temporal (MSEL_LE_DQ, rmse): W=492.0, p=0.1629 (p_corr=1.0000), r=0.228 
19:06:26  baselineEval.src.comparison  INFO       embedding vs full_kinematic_temporal (MSEL_LE_DQ, rmse): W=93.0, p=0.0000 (p_corr=0.0000), r=0.854 ***
19:06:26  baselineEval.src.comparison  INFO       embedding vs motor_only (MSEL_LE_DQ, rmse): W=447.0, p=0.0663 (p_corr=1.0000), r=0.299 
19:06:26  baselineEval.src.comparison  INFO       embedding vs motor_only_temporal (MSEL_LE_DQ, rmse): W=4.0, p=0.0000 (p_corr=0.0000), r=0.994 ***
19:06:26  baselineEval.src.comparison  INFO       embedding_temporal vs full_kinematic (MSEL_LE_DQ, rmse): W=573.0, p=0.5399 (p_corr=1.0000), r=0.101 
19:06:26  baselineEval.src.comparison  INFO       embedding_temporal vs full_kinematic_embedding (MSEL_LE_DQ, rmse): W=590.0, p=0.6528 (p_corr=1.0000), r=0.075 
19:06:26  baselineEval.src.comparison  INFO       embedding_temporal vs full_kinematic_embedding_temporal (MSEL_LE_DQ, rmse): W=467.0, p=0.1011 (p_corr=1.0000), r=0.267 
19:06:26  baselineEval.src.comparison  INFO       embedding_temporal vs full_kinematic_temporal (MSEL_LE_DQ, rmse): W=225.0, p=0.0000 (p_corr=0.0009), r=0.647 ***
19:06:26  baselineEval.src.comparison  INFO       embedding_temporal vs motor_only (MSEL_LE_DQ, rmse): W=619.0, p=0.8633 (p_corr=1.0000), r=0.029 
19:06:26  baselineEval.src.comparison  INFO       embedding_temporal vs motor_only_temporal (MSEL_LE_DQ, rmse): W=56.0, p=0.0000 (p_corr=0.0000), r=0.912 ***
19:06:26  baselineEval.src.comparison  INFO       full_kinematic vs full_kinematic_embedding (MSEL_LE_DQ, rmse): W=575.0, p=0.5527 (p_corr=1.0000), r=0.098 
19:06:26  baselineEval.src.comparison  INFO       full_kinematic vs full_kinematic_embedding_temporal (MSEL_LE_DQ, rmse): W=637.0, p=1.0000 (p_corr=1.0000), r=0.001 
19:06:26  baselineEval.src.comparison  INFO       full_kinematic vs full_kinematic_temporal (MSEL_LE_DQ, rmse): W=204.0, p=0.0000 (p_corr=0.0003), r=0.680 ***
19:06:26  baselineEval.src.comparison  INFO       full_kinematic vs motor_only (MSEL_LE_DQ, rmse): W=506.0, p=0.2080 (p_corr=1.0000), r=0.206 
19:06:26  baselineEval.src.comparison  INFO       full_kinematic vs motor_only_temporal (MSEL_LE_DQ, rmse): W=99.0, p=0.0000 (p_corr=0.0000), r=0.845 ***
19:06:26  baselineEval.src.comparison  INFO       full_kinematic_embedding vs full_kinematic_embedding_temporal (MSEL_LE_DQ, rmse): W=617.0, p=0.8482 (p_corr=1.0000), r=0.032 
19:06:26  baselineEval.src.comparison  INFO       full_kinematic_embedding vs full_kinematic_temporal (MSEL_LE_DQ, rmse): W=193.0, p=0.0000 (p_corr=0.0002), r=0.697 ***
19:06:26  baselineEval.src.comparison  INFO       full_kinematic_embedding vs motor_only (MSEL_LE_DQ, rmse): W=593.0, p=0.6736 (p_corr=1.0000), r=0.070 
19:06:26  baselineEval.src.comparison  INFO       full_kinematic_embedding vs motor_only_temporal (MSEL_LE_DQ, rmse): W=65.0, p=0.0000 (p_corr=0.0000), r=0.898 ***
19:06:26  baselineEval.src.comparison  INFO       full_kinematic_embedding_temporal vs full_kinematic_temporal (MSEL_LE_DQ, rmse): W=108.0, p=0.0000 (p_corr=0.0000), r=0.824 ***
19:06:26  baselineEval.src.comparison  INFO       full_kinematic_embedding_temporal vs motor_only (MSEL_LE_DQ, rmse): W=523.0, p=0.2737 (p_corr=1.0000), r=0.180 
19:06:26  baselineEval.src.comparison  INFO       full_kinematic_embedding_temporal vs motor_only_temporal (MSEL_LE_DQ, rmse): W=38.0, p=0.0000 (p_corr=0.0000), r=0.940 ***
19:06:26  baselineEval.src.comparison  INFO       full_kinematic_temporal vs motor_only (MSEL_LE_DQ, rmse): W=272.0, p=0.0003 (p_corr=0.0077), r=0.573 ***
19:06:26  baselineEval.src.comparison  INFO       full_kinematic_temporal vs motor_only_temporal (MSEL_LE_DQ, rmse): W=342.0, p=0.0038 (p_corr=0.1060), r=0.464 
19:06:26  baselineEval.src.comparison  INFO       motor_only vs motor_only_temporal (MSEL_LE_DQ, rmse): W=171.0, p=0.0000 (p_corr=0.0000), r=0.732 ***
19:06:26  baselineEval.src.comparison  INFO       Saved: /srv/beegfs/scratch/shares/schaerm/schaer2/video_sam2_pose/humanLISBET-paper/baselineEval/results_stats_temporal_maxpool_lasso/comparison/MSEL_LE_DQ/comparison_results.csv
19:06:26  baselineEval.src.comparison  INFO       embedding vs embedding_temporal (MSEL_NV_DQ, rmse): W=585.0, p=0.6186 (p_corr=1.0000), r=0.082 
19:06:26  baselineEval.src.comparison  INFO       embedding vs full_kinematic (MSEL_NV_DQ, rmse): W=601.0, p=0.7304 (p_corr=1.0000), r=0.057 
19:06:26  baselineEval.src.comparison  INFO       embedding vs full_kinematic_embedding (MSEL_NV_DQ, rmse): W=585.0, p=0.7844 (p_corr=1.0000), r=0.045 
19:06:26  baselineEval.src.comparison  INFO       embedding vs full_kinematic_embedding_temporal (MSEL_NV_DQ, rmse): W=564.0, p=0.4843 (p_corr=1.0000), r=0.115 
19:06:26  baselineEval.src.comparison  INFO       embedding vs full_kinematic_temporal (MSEL_NV_DQ, rmse): W=409.0, p=0.0268 (p_corr=0.7518), r=0.358 
19:06:26  baselineEval.src.comparison  INFO       embedding vs motor_only (MSEL_NV_DQ, rmse): W=441.0, p=0.0580 (p_corr=1.0000), r=0.308 
19:06:26  baselineEval.src.comparison  INFO       embedding vs motor_only_temporal (MSEL_NV_DQ, rmse): W=111.0, p=0.0000 (p_corr=0.0000), r=0.803 ***
19:06:26  baselineEval.src.comparison  INFO       embedding_temporal vs full_kinematic (MSEL_NV_DQ, rmse): W=520.0, p=0.2612 (p_corr=1.0000), r=0.184 
19:06:26  baselineEval.src.comparison  INFO       embedding_temporal vs full_kinematic_embedding (MSEL_NV_DQ, rmse): W=619.0, p=0.8633 (p_corr=1.0000), r=0.029 
19:06:26  baselineEval.src.comparison  INFO       embedding_temporal vs full_kinematic_embedding_temporal (MSEL_NV_DQ, rmse): W=418.0, p=0.0337 (p_corr=0.9433), r=0.344 
19:06:26  baselineEval.src.comparison  INFO       embedding_temporal vs full_kinematic_temporal (MSEL_NV_DQ, rmse): W=436.0, p=0.0518 (p_corr=1.0000), r=0.316 
19:06:26  baselineEval.src.comparison  INFO       embedding_temporal vs motor_only (MSEL_NV_DQ, rmse): W=321.0, p=0.0018 (p_corr=0.0516), r=0.496 
19:06:26  baselineEval.src.comparison  INFO       embedding_temporal vs motor_only_temporal (MSEL_NV_DQ, rmse): W=128.0, p=0.0000 (p_corr=0.0000), r=0.791 ***
19:06:26  baselineEval.src.comparison  INFO       full_kinematic vs full_kinematic_embedding (MSEL_NV_DQ, rmse): W=542.0, p=0.4831 (p_corr=1.0000), r=0.115 
19:06:26  baselineEval.src.comparison  INFO       full_kinematic vs full_kinematic_embedding_temporal (MSEL_NV_DQ, rmse): W=596.0, p=0.6947 (p_corr=1.0000), r=0.065 
19:06:26  baselineEval.src.comparison  INFO       full_kinematic vs full_kinematic_temporal (MSEL_NV_DQ, rmse): W=398.0, p=0.0201 (p_corr=0.5634), r=0.376 
19:06:26  baselineEval.src.comparison  INFO       full_kinematic vs motor_only (MSEL_NV_DQ, rmse): W=431.0, p=0.0710 (p_corr=1.0000), r=0.296 
19:06:26  baselineEval.src.comparison  INFO       full_kinematic vs motor_only_temporal (MSEL_NV_DQ, rmse): W=94.0, p=0.0000 (p_corr=0.0000), r=0.853 ***
19:06:26  baselineEval.src.comparison  INFO       full_kinematic_embedding vs full_kinematic_embedding_temporal (MSEL_NV_DQ, rmse): W=543.0, p=0.3673 (p_corr=1.0000), r=0.148 
19:06:26  baselineEval.src.comparison  INFO       full_kinematic_embedding vs full_kinematic_temporal (MSEL_NV_DQ, rmse): W=432.0, p=0.0472 (p_corr=1.0000), r=0.322 
19:06:26  baselineEval.src.comparison  INFO       full_kinematic_embedding vs motor_only (MSEL_NV_DQ, rmse): W=358.0, p=0.0063 (p_corr=0.1771), r=0.438 
19:06:26  baselineEval.src.comparison  INFO       full_kinematic_embedding vs motor_only_temporal (MSEL_NV_DQ, rmse): W=142.0, p=0.0000 (p_corr=0.0001), r=0.768 ***
19:06:26  baselineEval.src.comparison  INFO       full_kinematic_embedding_temporal vs full_kinematic_temporal (MSEL_NV_DQ, rmse): W=268.0, p=0.0010 (p_corr=0.0289), r=0.544 ***
19:06:26  baselineEval.src.comparison  INFO       full_kinematic_embedding_temporal vs motor_only (MSEL_NV_DQ, rmse): W=513.0, p=0.2335 (p_corr=1.0000), r=0.195 
19:06:26  baselineEval.src.comparison  INFO       full_kinematic_embedding_temporal vs motor_only_temporal (MSEL_NV_DQ, rmse): W=111.0, p=0.0000 (p_corr=0.0000), r=0.826 ***
19:06:26  baselineEval.src.comparison  INFO       full_kinematic_temporal vs motor_only (MSEL_NV_DQ, rmse): W=267.0, p=0.0002 (p_corr=0.0062), r=0.581 ***
19:06:26  baselineEval.src.comparison  INFO       full_kinematic_temporal vs motor_only_temporal (MSEL_NV_DQ, rmse): W=207.0, p=0.0000 (p_corr=0.0003), r=0.675 ***
19:06:26  baselineEval.src.comparison  INFO       motor_only vs motor_only_temporal (MSEL_NV_DQ, rmse): W=34.0, p=0.0000 (p_corr=0.0000), r=0.947 ***
19:06:26  baselineEval.src.comparison  INFO       Saved: /srv/beegfs/scratch/shares/schaerm/schaer2/video_sam2_pose/humanLISBET-paper/baselineEval/results_stats_temporal_maxpool_lasso/comparison/MSEL_NV_DQ/comparison_results.csv
19:06:26  baselineEval.src.comparison  INFO       embedding vs embedding_temporal (MSEL_V_DQ, rmse): W=355.0, p=0.0058 (p_corr=0.1612), r=0.443 
19:06:26  baselineEval.src.comparison  INFO       embedding vs full_kinematic (MSEL_V_DQ, rmse): W=574.0, p=0.5463 (p_corr=1.0000), r=0.100 
19:06:26  baselineEval.src.comparison  INFO       embedding vs full_kinematic_embedding (MSEL_V_DQ, rmse): W=441.0, p=0.0580 (p_corr=1.0000), r=0.308 
19:06:26  baselineEval.src.comparison  INFO       embedding vs full_kinematic_embedding_temporal (MSEL_V_DQ, rmse): W=608.0, p=0.7814 (p_corr=1.0000), r=0.046 
19:06:26  baselineEval.src.comparison  INFO       embedding vs full_kinematic_temporal (MSEL_V_DQ, rmse): W=222.0, p=0.0000 (p_corr=0.0008), r=0.652 ***
19:06:26  baselineEval.src.comparison  INFO       embedding vs motor_only (MSEL_V_DQ, rmse): W=552.0, p=0.4152 (p_corr=1.0000), r=0.134 
19:06:26  baselineEval.src.comparison  INFO       embedding vs motor_only_temporal (MSEL_V_DQ, rmse): W=36.0, p=0.0000 (p_corr=0.0000), r=0.944 ***
19:06:26  baselineEval.src.comparison  INFO       embedding_temporal vs full_kinematic (MSEL_V_DQ, rmse): W=423.0, p=0.0381 (p_corr=1.0000), r=0.336 
19:06:26  baselineEval.src.comparison  INFO       embedding_temporal vs full_kinematic_embedding (MSEL_V_DQ, rmse): W=281.0, p=0.0004 (p_corr=0.0112), r=0.559 ***
19:06:26  baselineEval.src.comparison  INFO       embedding_temporal vs full_kinematic_embedding_temporal (MSEL_V_DQ, rmse): W=207.0, p=0.0000 (p_corr=0.0003), r=0.675 ***
19:06:26  baselineEval.src.comparison  INFO       embedding_temporal vs full_kinematic_temporal (MSEL_V_DQ, rmse): W=438.0, p=0.0542 (p_corr=1.0000), r=0.313 
19:06:26  baselineEval.src.comparison  INFO       embedding_temporal vs motor_only (MSEL_V_DQ, rmse): W=468.0, p=0.1032 (p_corr=1.0000), r=0.266 
19:06:26  baselineEval.src.comparison  INFO       embedding_temporal vs motor_only_temporal (MSEL_V_DQ, rmse): W=76.0, p=0.0000 (p_corr=0.0000), r=0.881 ***
19:06:26  baselineEval.src.comparison  INFO       full_kinematic vs full_kinematic_embedding (MSEL_V_DQ, rmse): W=368.0, p=0.0086 (p_corr=0.2405), r=0.423 
19:06:26  baselineEval.src.comparison  INFO       full_kinematic vs full_kinematic_embedding_temporal (MSEL_V_DQ, rmse): W=624.0, p=0.9010 (p_corr=1.0000), r=0.021 
19:06:26  baselineEval.src.comparison  INFO       full_kinematic vs full_kinematic_temporal (MSEL_V_DQ, rmse): W=227.0, p=0.0000 (p_corr=0.0010), r=0.644 ***
19:06:26  baselineEval.src.comparison  INFO       full_kinematic vs motor_only (MSEL_V_DQ, rmse): W=529.0, p=0.5451 (p_corr=1.0000), r=0.100 
19:06:26  baselineEval.src.comparison  INFO       full_kinematic vs motor_only_temporal (MSEL_V_DQ, rmse): W=56.0, p=0.0000 (p_corr=0.0000), r=0.912 ***
19:06:26  baselineEval.src.comparison  INFO       full_kinematic_embedding vs full_kinematic_embedding_temporal (MSEL_V_DQ, rmse): W=493.0, p=0.1659 (p_corr=1.0000), r=0.227 
19:06:26  baselineEval.src.comparison  INFO       full_kinematic_embedding vs full_kinematic_temporal (MSEL_V_DQ, rmse): W=205.0, p=0.0000 (p_corr=0.0003), r=0.678 ***
19:06:26  baselineEval.src.comparison  INFO       full_kinematic_embedding vs motor_only (MSEL_V_DQ, rmse): W=361.0, p=0.0069 (p_corr=0.1944), r=0.434 
19:06:26  baselineEval.src.comparison  INFO       full_kinematic_embedding vs motor_only_temporal (MSEL_V_DQ, rmse): W=21.0, p=0.0000 (p_corr=0.0000), r=0.967 ***
19:06:26  baselineEval.src.comparison  INFO       full_kinematic_embedding_temporal vs full_kinematic_temporal (MSEL_V_DQ, rmse): W=180.0, p=0.0000 (p_corr=0.0005), r=0.706 ***
19:06:26  baselineEval.src.comparison  INFO       full_kinematic_embedding_temporal vs motor_only (MSEL_V_DQ, rmse): W=610.0, p=0.7961 (p_corr=1.0000), r=0.043 
19:06:26  baselineEval.src.comparison  INFO       full_kinematic_embedding_temporal vs motor_only_temporal (MSEL_V_DQ, rmse): W=44.0, p=0.0000 (p_corr=0.0000), r=0.931 ***
19:06:26  baselineEval.src.comparison  INFO       full_kinematic_temporal vs motor_only (MSEL_V_DQ, rmse): W=299.0, p=0.0008 (p_corr=0.0228), r=0.531 ***
19:06:26  baselineEval.src.comparison  INFO       full_kinematic_temporal vs motor_only_temporal (MSEL_V_DQ, rmse): W=198.0, p=0.0000 (p_corr=0.0002), r=0.689 ***
19:06:26  baselineEval.src.comparison  INFO       motor_only vs motor_only_temporal (MSEL_V_DQ, rmse): W=68.0, p=0.0000 (p_corr=0.0000), r=0.893 ***
19:06:26  baselineEval.src.comparison  INFO       Saved: /srv/beegfs/scratch/shares/schaerm/schaer2/video_sam2_pose/humanLISBET-paper/baselineEval/results_stats_temporal_maxpool_lasso/comparison/MSEL_V_DQ/comparison_results.csv
19:06:26  baselineEval.src.comparison  INFO     All comparisons → /srv/beegfs/scratch/shares/schaerm/schaer2/video_sam2_pose/humanLISBET-paper/baselineEval/results_stats_temporal_maxpool_lasso/comparison/all_comparison_results.csv
19:06:26  baselineEval.src.comparison  INFO     Heatmap source (all models) → /srv/beegfs/scratch/shares/schaerm/schaer2/video_sam2_pose/humanLISBET-paper/baselineEval/results_stats_temporal_maxpool_lasso/comparison/heatmap_source_all.csv
19:06:26  baselineEval.src.comparison  INFO     Heatmap source (classification) → /srv/beegfs/scratch/shares/schaerm/schaer2/video_sam2_pose/humanLISBET-paper/baselineEval/results_stats_temporal_maxpool_lasso/comparison/heatmap_classification_data.csv
19:06:26  baselineEval.src.comparison  INFO     Heatmap source (regression) → /srv/beegfs/scratch/shares/schaerm/schaer2/video_sam2_pose/humanLISBET-paper/baselineEval/results_stats_temporal_maxpool_lasso/comparison/heatmap_regression_data.csv
19:06:26  ccnEvaluation         INFO     ═══ Step 6: Plotting ═══
19:06:27  baselineEval.src.plotting  INFO       Saved: cv_metric_boxplots.png + data CSV
19:06:27  baselineEval.src.plotting  INFO       Saved: hyperparameter distribution plots + data CSV
19:06:28  baselineEval.src.plotting  INFO       Saved: roc_curves.png + data CSV
19:06:28  baselineEval.src.plotting  INFO       Saved: confusion_matrices.png + data CSV
19:06:29  baselineEval.src.plotting  INFO       Saved: cv_metric_boxplots.png + data CSV
19:06:29  baselineEval.src.plotting  INFO       Saved: hyperparameter distribution plots + data CSV
19:06:29  baselineEval.src.plotting  INFO       Saved: roc_curves.png + data CSV
19:06:30  baselineEval.src.plotting  INFO       Saved: confusion_matrices.png + data CSV
19:06:30  baselineEval.src.plotting  INFO       Saved: cv_metric_boxplots.png + data CSV
19:06:30  baselineEval.src.plotting  INFO       Saved: hyperparameter distribution plots + data CSV
19:06:31  baselineEval.src.plotting  INFO       Saved: roc_curves.png + data CSV
19:06:31  baselineEval.src.plotting  INFO       Saved: confusion_matrices.png + data CSV
19:06:32  baselineEval.src.plotting  INFO       Saved: cv_metric_boxplots.png + data CSV
19:06:32  baselineEval.src.plotting  INFO       Saved: hyperparameter distribution plots + data CSV
19:06:32  baselineEval.src.plotting  INFO       Saved: roc_curves.png + data CSV
19:06:33  baselineEval.src.plotting  INFO       Saved: confusion_matrices.png + data CSV
19:06:33  baselineEval.src.plotting  INFO       Saved: cv_metric_boxplots.png + data CSV
19:06:34  baselineEval.src.plotting  INFO       Saved: hyperparameter distribution plots + data CSV
19:06:34  baselineEval.src.plotting  INFO       Saved: roc_curves.png + data CSV
19:06:34  baselineEval.src.plotting  INFO       Saved: confusion_matrices.png + data CSV
19:06:35  baselineEval.src.plotting  INFO       Saved: cv_metric_boxplots.png + data CSV
19:06:35  baselineEval.src.plotting  INFO       Saved: hyperparameter distribution plots + data CSV
19:06:36  baselineEval.src.plotting  INFO       Saved: roc_curves.png + data CSV
19:06:36  baselineEval.src.plotting  INFO       Saved: confusion_matrices.png + data CSV
19:06:37  baselineEval.src.plotting  INFO       Saved: cv_metric_boxplots.png + data CSV
19:06:37  baselineEval.src.plotting  INFO       Saved: hyperparameter distribution plots + data CSV
19:06:37  baselineEval.src.plotting  INFO       Saved: roc_curves.png + data CSV
19:06:37  baselineEval.src.plotting  INFO       Saved: confusion_matrices.png + data CSV
19:06:38  baselineEval.src.plotting  INFO       Saved: cv_metric_boxplots.png + data CSV
19:06:38  baselineEval.src.plotting  INFO       Saved: hyperparameter distribution plots + data CSV
19:06:39  baselineEval.src.plotting  INFO       Saved: roc_curves.png + data CSV
19:06:39  baselineEval.src.plotting  INFO       Saved: confusion_matrices.png + data CSV
19:06:40  baselineEval.src.plotting  INFO       Saved: representation_comparison.png + data CSV
19:06:40  baselineEval.src.plotting  INFO       Saved: cv_metric_boxplots.png + data CSV
19:06:41  baselineEval.src.plotting  INFO       Saved: hyperparameter distribution plots + data CSV
19:06:41  baselineEval.src.plotting  INFO       Skipping ROC curves for ADOS_2_ADOS_G_revised_RRB_level_of_symptoms (no y_prob_pos values)
19:06:41  baselineEval.src.plotting  INFO       Saved: confusion_matrices.png + data CSV
19:06:42  baselineEval.src.plotting  INFO       Saved: cv_metric_boxplots.png + data CSV
19:06:42  baselineEval.src.plotting  INFO       Saved: hyperparameter distribution plots + data CSV
19:06:42  baselineEval.src.plotting  INFO       Skipping ROC curves for ADOS_2_ADOS_G_revised_RRB_level_of_symptoms (no y_prob_pos values)
19:06:43  baselineEval.src.plotting  INFO       Saved: confusion_matrices.png + data CSV
19:06:43  baselineEval.src.plotting  INFO       Saved: cv_metric_boxplots.png + data CSV
19:06:44  baselineEval.src.plotting  INFO       Saved: hyperparameter distribution plots + data CSV
19:06:44  baselineEval.src.plotting  INFO       Skipping ROC curves for ADOS_2_ADOS_G_revised_RRB_level_of_symptoms (no y_prob_pos values)
19:06:44  baselineEval.src.plotting  INFO       Saved: confusion_matrices.png + data CSV
19:06:45  baselineEval.src.plotting  INFO       Saved: cv_metric_boxplots.png + data CSV
19:06:45  baselineEval.src.plotting  INFO       Saved: hyperparameter distribution plots + data CSV
19:06:46  baselineEval.src.plotting  INFO       Skipping ROC curves for ADOS_2_ADOS_G_revised_RRB_level_of_symptoms (no y_prob_pos values)
19:06:46  baselineEval.src.plotting  INFO       Saved: confusion_matrices.png + data CSV
19:06:47  baselineEval.src.plotting  INFO       Saved: cv_metric_boxplots.png + data CSV
19:06:47  baselineEval.src.plotting  INFO       Saved: hyperparameter distribution plots + data CSV
19:06:47  baselineEval.src.plotting  INFO       Skipping ROC curves for ADOS_2_ADOS_G_revised_RRB_level_of_symptoms (no y_prob_pos values)
19:06:47  baselineEval.src.plotting  INFO       Saved: confusion_matrices.png + data CSV
19:06:48  baselineEval.src.plotting  INFO       Saved: cv_metric_boxplots.png + data CSV
19:06:48  baselineEval.src.plotting  INFO       Saved: hyperparameter distribution plots + data CSV
19:06:48  baselineEval.src.plotting  INFO       Skipping ROC curves for ADOS_2_ADOS_G_revised_RRB_level_of_symptoms (no y_prob_pos values)
19:06:49  baselineEval.src.plotting  INFO       Saved: confusion_matrices.png + data CSV
19:06:49  baselineEval.src.plotting  INFO       Saved: cv_metric_boxplots.png + data CSV
19:06:50  baselineEval.src.plotting  INFO       Saved: hyperparameter distribution plots + data CSV
19:06:50  baselineEval.src.plotting  INFO       Skipping ROC curves for ADOS_2_ADOS_G_revised_RRB_level_of_symptoms (no y_prob_pos values)
19:06:50  baselineEval.src.plotting  INFO       Saved: confusion_matrices.png + data CSV
19:06:51  baselineEval.src.plotting  INFO       Saved: cv_metric_boxplots.png + data CSV
19:06:51  baselineEval.src.plotting  INFO       Saved: hyperparameter distribution plots + data CSV
19:06:51  baselineEval.src.plotting  INFO       Skipping ROC curves for ADOS_2_ADOS_G_revised_RRB_level_of_symptoms (no y_prob_pos values)
19:06:52  baselineEval.src.plotting  INFO       Saved: confusion_matrices.png + data CSV
/srv/beegfs/scratch/shares/schaerm/schaer2/video_sam2_pose/humanLISBET-paper/baselineEval/src/plotting.py:550: FutureWarning: The behavior of Series.idxmax with all-NA values, or any-NA and skipna=False, is deprecated. In a future version this will raise ValueError
  best_model = agg.idxmax() if higher_better else agg.idxmin()
/srv/beegfs/scratch/shares/schaerm/schaer2/video_sam2_pose/humanLISBET-paper/baselineEval/src/plotting.py:550: FutureWarning: The behavior of Series.idxmax with all-NA values, or any-NA and skipna=False, is deprecated. In a future version this will raise ValueError
  best_model = agg.idxmax() if higher_better else agg.idxmin()
/srv/beegfs/scratch/shares/schaerm/schaer2/video_sam2_pose/humanLISBET-paper/baselineEval/src/plotting.py:550: FutureWarning: The behavior of Series.idxmax with all-NA values, or any-NA and skipna=False, is deprecated. In a future version this will raise ValueError
  best_model = agg.idxmax() if higher_better else agg.idxmin()
/srv/beegfs/scratch/shares/schaerm/schaer2/video_sam2_pose/humanLISBET-paper/baselineEval/src/plotting.py:550: FutureWarning: The behavior of Series.idxmax with all-NA values, or any-NA and skipna=False, is deprecated. In a future version this will raise ValueError
  best_model = agg.idxmax() if higher_better else agg.idxmin()
/srv/beegfs/scratch/shares/schaerm/schaer2/video_sam2_pose/humanLISBET-paper/baselineEval/src/plotting.py:550: FutureWarning: The behavior of Series.idxmax with all-NA values, or any-NA and skipna=False, is deprecated. In a future version this will raise ValueError
  best_model = agg.idxmax() if higher_better else agg.idxmin()
/srv/beegfs/scratch/shares/schaerm/schaer2/video_sam2_pose/humanLISBET-paper/baselineEval/src/plotting.py:550: FutureWarning: The behavior of Series.idxmax with all-NA values, or any-NA and skipna=False, is deprecated. In a future version this will raise ValueError
  best_model = agg.idxmax() if higher_better else agg.idxmin()
/srv/beegfs/scratch/shares/schaerm/schaer2/video_sam2_pose/humanLISBET-paper/baselineEval/src/plotting.py:550: FutureWarning: The behavior of Series.idxmax with all-NA values, or any-NA and skipna=False, is deprecated. In a future version this will raise ValueError
  best_model = agg.idxmax() if higher_better else agg.idxmin()
/srv/beegfs/scratch/shares/schaerm/schaer2/video_sam2_pose/humanLISBET-paper/baselineEval/src/plotting.py:550: FutureWarning: The behavior of Series.idxmax with all-NA values, or any-NA and skipna=False, is deprecated. In a future version this will raise ValueError
  best_model = agg.idxmax() if higher_better else agg.idxmin()
19:06:52  baselineEval.src.plotting  INFO       Saved: representation_comparison.png + data CSV
19:06:53  baselineEval.src.plotting  INFO       Saved: cv_metric_boxplots.png + data CSV
19:06:53  baselineEval.src.plotting  INFO       Saved: hyperparameter distribution plots + data CSV
19:06:53  baselineEval.src.plotting  INFO       Skipping ROC curves for ADOS_2_ADOS_G_REVISED_SA_LEVEL_OF_SYMPTOMS (no y_prob_pos values)
19:06:53  baselineEval.src.plotting  INFO       Saved: confusion_matrices.png + data CSV
19:06:54  baselineEval.src.plotting  INFO       Saved: cv_metric_boxplots.png + data CSV
19:06:55  baselineEval.src.plotting  INFO       Saved: hyperparameter distribution plots + data CSV
19:06:56  baselineEval.src.plotting  INFO       Skipping ROC curves for ADOS_2_ADOS_G_REVISED_SA_LEVEL_OF_SYMPTOMS (no y_prob_pos values)
19:06:56  baselineEval.src.plotting  INFO       Saved: confusion_matrices.png + data CSV
19:06:57  baselineEval.src.plotting  INFO       Saved: cv_metric_boxplots.png + data CSV
19:06:57  baselineEval.src.plotting  INFO       Saved: hyperparameter distribution plots + data CSV
19:06:57  baselineEval.src.plotting  INFO       Skipping ROC curves for ADOS_2_ADOS_G_REVISED_SA_LEVEL_OF_SYMPTOMS (no y_prob_pos values)
19:06:58  baselineEval.src.plotting  INFO       Saved: confusion_matrices.png + data CSV
19:06:58  baselineEval.src.plotting  INFO       Saved: cv_metric_boxplots.png + data CSV
19:06:59  baselineEval.src.plotting  INFO       Saved: hyperparameter distribution plots + data CSV
19:06:59  baselineEval.src.plotting  INFO       Skipping ROC curves for ADOS_2_ADOS_G_REVISED_SA_LEVEL_OF_SYMPTOMS (no y_prob_pos values)
19:06:59  baselineEval.src.plotting  INFO       Saved: confusion_matrices.png + data CSV
19:07:01  baselineEval.src.plotting  INFO       Saved: cv_metric_boxplots.png + data CSV
19:07:01  baselineEval.src.plotting  INFO       Saved: hyperparameter distribution plots + data CSV
19:07:01  baselineEval.src.plotting  INFO       Skipping ROC curves for ADOS_2_ADOS_G_REVISED_SA_LEVEL_OF_SYMPTOMS (no y_prob_pos values)
19:07:02  baselineEval.src.plotting  INFO       Saved: confusion_matrices.png + data CSV
19:07:03  baselineEval.src.plotting  INFO       Saved: cv_metric_boxplots.png + data CSV
19:07:03  baselineEval.src.plotting  INFO       Saved: hyperparameter distribution plots + data CSV
19:07:03  baselineEval.src.plotting  INFO       Skipping ROC curves for ADOS_2_ADOS_G_REVISED_SA_LEVEL_OF_SYMPTOMS (no y_prob_pos values)
19:07:03  baselineEval.src.plotting  INFO       Saved: confusion_matrices.png + data CSV
19:07:04  baselineEval.src.plotting  INFO       Saved: cv_metric_boxplots.png + data CSV
19:07:04  baselineEval.src.plotting  INFO       Saved: hyperparameter distribution plots + data CSV
19:07:04  baselineEval.src.plotting  INFO       Skipping ROC curves for ADOS_2_ADOS_G_REVISED_SA_LEVEL_OF_SYMPTOMS (no y_prob_pos values)
19:07:05  baselineEval.src.plotting  INFO       Saved: confusion_matrices.png + data CSV
19:07:05  baselineEval.src.plotting  INFO       Saved: cv_metric_boxplots.png + data CSV
19:07:06  baselineEval.src.plotting  INFO       Saved: hyperparameter distribution plots + data CSV
19:07:06  baselineEval.src.plotting  INFO       Skipping ROC curves for ADOS_2_ADOS_G_REVISED_SA_LEVEL_OF_SYMPTOMS (no y_prob_pos values)
19:07:06  baselineEval.src.plotting  INFO       Saved: confusion_matrices.png + data CSV
/srv/beegfs/scratch/shares/schaerm/schaer2/video_sam2_pose/humanLISBET-paper/baselineEval/src/plotting.py:550: FutureWarning: The behavior of Series.idxmax with all-NA values, or any-NA and skipna=False, is deprecated. In a future version this will raise ValueError
  best_model = agg.idxmax() if higher_better else agg.idxmin()
/srv/beegfs/scratch/shares/schaerm/schaer2/video_sam2_pose/humanLISBET-paper/baselineEval/src/plotting.py:550: FutureWarning: The behavior of Series.idxmax with all-NA values, or any-NA and skipna=False, is deprecated. In a future version this will raise ValueError
  best_model = agg.idxmax() if higher_better else agg.idxmin()
/srv/beegfs/scratch/shares/schaerm/schaer2/video_sam2_pose/humanLISBET-paper/baselineEval/src/plotting.py:550: FutureWarning: The behavior of Series.idxmax with all-NA values, or any-NA and skipna=False, is deprecated. In a future version this will raise ValueError
  best_model = agg.idxmax() if higher_better else agg.idxmin()
/srv/beegfs/scratch/shares/schaerm/schaer2/video_sam2_pose/humanLISBET-paper/baselineEval/src/plotting.py:550: FutureWarning: The behavior of Series.idxmax with all-NA values, or any-NA and skipna=False, is deprecated. In a future version this will raise ValueError
  best_model = agg.idxmax() if higher_better else agg.idxmin()
/srv/beegfs/scratch/shares/schaerm/schaer2/video_sam2_pose/humanLISBET-paper/baselineEval/src/plotting.py:550: FutureWarning: The behavior of Series.idxmax with all-NA values, or any-NA and skipna=False, is deprecated. In a future version this will raise ValueError
  best_model = agg.idxmax() if higher_better else agg.idxmin()
/srv/beegfs/scratch/shares/schaerm/schaer2/video_sam2_pose/humanLISBET-paper/baselineEval/src/plotting.py:550: FutureWarning: The behavior of Series.idxmax with all-NA values, or any-NA and skipna=False, is deprecated. In a future version this will raise ValueError
  best_model = agg.idxmax() if higher_better else agg.idxmin()
/srv/beegfs/scratch/shares/schaerm/schaer2/video_sam2_pose/humanLISBET-paper/baselineEval/src/plotting.py:550: FutureWarning: The behavior of Series.idxmax with all-NA values, or any-NA and skipna=False, is deprecated. In a future version this will raise ValueError
  best_model = agg.idxmax() if higher_better else agg.idxmin()
/srv/beegfs/scratch/shares/schaerm/schaer2/video_sam2_pose/humanLISBET-paper/baselineEval/src/plotting.py:550: FutureWarning: The behavior of Series.idxmax with all-NA values, or any-NA and skipna=False, is deprecated. In a future version this will raise ValueError
  best_model = agg.idxmax() if higher_better else agg.idxmin()
19:07:07  baselineEval.src.plotting  INFO       Saved: representation_comparison.png + data CSV
19:07:08  baselineEval.src.plotting  INFO       Saved: cv_metric_boxplots.png + data CSV
19:07:08  baselineEval.src.plotting  INFO       Saved: hyperparameter distribution plots + data CSV
19:07:09  baselineEval.src.plotting  INFO       Saved: pred_vs_actual plots + data CSV
19:07:09  baselineEval.src.plotting  INFO       Saved: residual plots + data CSV
19:07:10  baselineEval.src.plotting  INFO       Saved: cv_metric_boxplots.png + data CSV
19:07:10  baselineEval.src.plotting  INFO       Saved: hyperparameter distribution plots + data CSV
19:07:11  baselineEval.src.plotting  INFO       Saved: pred_vs_actual plots + data CSV
19:07:11  baselineEval.src.plotting  INFO       Saved: residual plots + data CSV
19:07:12  baselineEval.src.plotting  INFO       Saved: cv_metric_boxplots.png + data CSV
19:07:12  baselineEval.src.plotting  INFO       Saved: hyperparameter distribution plots + data CSV
19:07:13  baselineEval.src.plotting  INFO       Saved: pred_vs_actual plots + data CSV
19:07:13  baselineEval.src.plotting  INFO       Saved: residual plots + data CSV
19:07:14  baselineEval.src.plotting  INFO       Saved: cv_metric_boxplots.png + data CSV
19:07:15  baselineEval.src.plotting  INFO       Saved: hyperparameter distribution plots + data CSV
19:07:15  baselineEval.src.plotting  INFO       Saved: pred_vs_actual plots + data CSV
19:07:15  baselineEval.src.plotting  INFO       Saved: residual plots + data CSV
19:07:16  baselineEval.src.plotting  INFO       Saved: cv_metric_boxplots.png + data CSV
19:07:16  baselineEval.src.plotting  INFO       Saved: hyperparameter distribution plots + data CSV
19:07:17  baselineEval.src.plotting  INFO       Saved: pred_vs_actual plots + data CSV
19:07:17  baselineEval.src.plotting  INFO       Saved: residual plots + data CSV
19:07:18  baselineEval.src.plotting  INFO       Saved: cv_metric_boxplots.png + data CSV
19:07:19  baselineEval.src.plotting  INFO       Saved: hyperparameter distribution plots + data CSV
19:07:19  baselineEval.src.plotting  INFO       Saved: pred_vs_actual plots + data CSV
19:07:20  baselineEval.src.plotting  INFO       Saved: residual plots + data CSV
19:07:21  baselineEval.src.plotting  INFO       Saved: cv_metric_boxplots.png + data CSV
19:07:21  baselineEval.src.plotting  INFO       Saved: hyperparameter distribution plots + data CSV
19:07:22  baselineEval.src.plotting  INFO       Saved: pred_vs_actual plots + data CSV
19:07:22  baselineEval.src.plotting  INFO       Saved: residual plots + data CSV
19:07:23  baselineEval.src.plotting  INFO       Saved: cv_metric_boxplots.png + data CSV
19:07:23  baselineEval.src.plotting  INFO       Saved: hyperparameter distribution plots + data CSV
19:07:24  baselineEval.src.plotting  INFO       Saved: pred_vs_actual plots + data CSV
19:07:24  baselineEval.src.plotting  INFO       Saved: residual plots + data CSV
19:07:25  baselineEval.src.plotting  INFO       Saved: representation_comparison.png + data CSV
19:07:25  baselineEval.src.plotting  INFO       Saved: cv_metric_boxplots.png + data CSV
19:07:26  baselineEval.src.plotting  INFO       Saved: hyperparameter distribution plots + data CSV
19:07:26  baselineEval.src.plotting  INFO       Saved: pred_vs_actual plots + data CSV
19:07:27  baselineEval.src.plotting  INFO       Saved: residual plots + data CSV
19:07:27  baselineEval.src.plotting  INFO       Saved: cv_metric_boxplots.png + data CSV
19:07:28  baselineEval.src.plotting  INFO       Saved: hyperparameter distribution plots + data CSV
19:07:28  baselineEval.src.plotting  INFO       Saved: pred_vs_actual plots + data CSV
19:07:29  baselineEval.src.plotting  INFO       Saved: residual plots + data CSV
19:07:30  baselineEval.src.plotting  INFO       Saved: cv_metric_boxplots.png + data CSV
19:07:30  baselineEval.src.plotting  INFO       Saved: hyperparameter distribution plots + data CSV
19:07:30  baselineEval.src.plotting  INFO       Saved: pred_vs_actual plots + data CSV
19:07:31  baselineEval.src.plotting  INFO       Saved: residual plots + data CSV
19:07:31  baselineEval.src.plotting  INFO       Saved: cv_metric_boxplots.png + data CSV
19:07:32  baselineEval.src.plotting  INFO       Saved: hyperparameter distribution plots + data CSV
19:07:32  baselineEval.src.plotting  INFO       Saved: pred_vs_actual plots + data CSV
19:07:33  baselineEval.src.plotting  INFO       Saved: residual plots + data CSV
19:07:34  baselineEval.src.plotting  INFO       Saved: cv_metric_boxplots.png + data CSV
19:07:34  baselineEval.src.plotting  INFO       Saved: hyperparameter distribution plots + data CSV
19:07:35  baselineEval.src.plotting  INFO       Saved: pred_vs_actual plots + data CSV
19:07:35  baselineEval.src.plotting  INFO       Saved: residual plots + data CSV
19:07:36  baselineEval.src.plotting  INFO       Saved: cv_metric_boxplots.png + data CSV
19:07:37  baselineEval.src.plotting  INFO       Saved: hyperparameter distribution plots + data CSV
19:07:37  baselineEval.src.plotting  INFO       Saved: pred_vs_actual plots + data CSV
19:07:37  baselineEval.src.plotting  INFO       Saved: residual plots + data CSV
19:07:38  baselineEval.src.plotting  INFO       Saved: cv_metric_boxplots.png + data CSV
19:07:38  baselineEval.src.plotting  INFO       Saved: hyperparameter distribution plots + data CSV
19:07:39  baselineEval.src.plotting  INFO       Saved: pred_vs_actual plots + data CSV
19:07:39  baselineEval.src.plotting  INFO       Saved: residual plots + data CSV
19:07:40  baselineEval.src.plotting  INFO       Saved: cv_metric_boxplots.png + data CSV
19:07:40  baselineEval.src.plotting  INFO       Saved: hyperparameter distribution plots + data CSV
19:07:41  baselineEval.src.plotting  INFO       Saved: pred_vs_actual plots + data CSV
19:07:41  baselineEval.src.plotting  INFO       Saved: residual plots + data CSV
19:07:42  baselineEval.src.plotting  INFO       Saved: representation_comparison.png + data CSV
19:07:43  baselineEval.src.plotting  INFO       Saved: cv_metric_boxplots.png + data CSV
19:07:43  baselineEval.src.plotting  INFO       Saved: hyperparameter distribution plots + data CSV
19:07:44  baselineEval.src.plotting  INFO       Saved: pred_vs_actual plots + data CSV
19:07:44  baselineEval.src.plotting  INFO       Saved: residual plots + data CSV
19:07:45  baselineEval.src.plotting  INFO       Saved: cv_metric_boxplots.png + data CSV
19:07:45  baselineEval.src.plotting  INFO       Saved: hyperparameter distribution plots + data CSV
19:07:46  baselineEval.src.plotting  INFO       Saved: pred_vs_actual plots + data CSV
19:07:46  baselineEval.src.plotting  INFO       Saved: residual plots + data CSV
19:07:47  baselineEval.src.plotting  INFO       Saved: cv_metric_boxplots.png + data CSV
19:07:47  baselineEval.src.plotting  INFO       Saved: hyperparameter distribution plots + data CSV
19:07:48  baselineEval.src.plotting  INFO       Saved: pred_vs_actual plots + data CSV
19:07:48  baselineEval.src.plotting  INFO       Saved: residual plots + data CSV
19:07:49  baselineEval.src.plotting  INFO       Saved: cv_metric_boxplots.png + data CSV
19:07:49  baselineEval.src.plotting  INFO       Saved: hyperparameter distribution plots + data CSV
19:07:50  baselineEval.src.plotting  INFO       Saved: pred_vs_actual plots + data CSV
19:07:50  baselineEval.src.plotting  INFO       Saved: residual plots + data CSV
19:07:51  baselineEval.src.plotting  INFO       Saved: cv_metric_boxplots.png + data CSV
19:07:51  baselineEval.src.plotting  INFO       Saved: hyperparameter distribution plots + data CSV
19:07:52  baselineEval.src.plotting  INFO       Saved: pred_vs_actual plots + data CSV
19:07:52  baselineEval.src.plotting  INFO       Saved: residual plots + data CSV
19:07:53  baselineEval.src.plotting  INFO       Saved: cv_metric_boxplots.png + data CSV
19:07:54  baselineEval.src.plotting  INFO       Saved: hyperparameter distribution plots + data CSV
19:07:54  baselineEval.src.plotting  INFO       Saved: pred_vs_actual plots + data CSV
19:07:55  baselineEval.src.plotting  INFO       Saved: residual plots + data CSV
19:07:56  baselineEval.src.plotting  INFO       Saved: cv_metric_boxplots.png + data CSV
19:07:56  baselineEval.src.plotting  INFO       Saved: hyperparameter distribution plots + data CSV
19:07:56  baselineEval.src.plotting  INFO       Saved: pred_vs_actual plots + data CSV
19:07:57  baselineEval.src.plotting  INFO       Saved: residual plots + data CSV
19:07:58  baselineEval.src.plotting  INFO       Saved: cv_metric_boxplots.png + data CSV
19:07:58  baselineEval.src.plotting  INFO       Saved: hyperparameter distribution plots + data CSV
19:07:59  baselineEval.src.plotting  INFO       Saved: pred_vs_actual plots + data CSV
19:07:59  baselineEval.src.plotting  INFO       Saved: residual plots + data CSV
19:08:00  baselineEval.src.plotting  INFO       Saved: representation_comparison.png + data CSV
19:08:00  baselineEval.src.plotting  INFO       Saved: cv_metric_boxplots.png + data CSV
19:08:01  baselineEval.src.plotting  INFO       Saved: hyperparameter distribution plots + data CSV
19:08:01  baselineEval.src.plotting  INFO       Saved: pred_vs_actual plots + data CSV
19:08:02  baselineEval.src.plotting  INFO       Saved: residual plots + data CSV
19:08:02  baselineEval.src.plotting  INFO       Saved: cv_metric_boxplots.png + data CSV
19:08:02  baselineEval.src.plotting  INFO       Saved: hyperparameter distribution plots + data CSV
19:08:03  baselineEval.src.plotting  INFO       Saved: pred_vs_actual plots + data CSV
19:08:03  baselineEval.src.plotting  INFO       Saved: residual plots + data CSV
19:08:04  baselineEval.src.plotting  INFO       Saved: cv_metric_boxplots.png + data CSV
19:08:04  baselineEval.src.plotting  INFO       Saved: hyperparameter distribution plots + data CSV
19:08:05  baselineEval.src.plotting  INFO       Saved: pred_vs_actual plots + data CSV
19:08:06  baselineEval.src.plotting  INFO       Saved: residual plots + data CSV
19:08:06  baselineEval.src.plotting  INFO       Saved: cv_metric_boxplots.png + data CSV
19:08:07  baselineEval.src.plotting  INFO       Saved: hyperparameter distribution plots + data CSV
19:08:08  baselineEval.src.plotting  INFO       Saved: pred_vs_actual plots + data CSV
19:08:08  baselineEval.src.plotting  INFO       Saved: residual plots + data CSV
19:08:09  baselineEval.src.plotting  INFO       Saved: cv_metric_boxplots.png + data CSV
19:08:09  baselineEval.src.plotting  INFO       Saved: hyperparameter distribution plots + data CSV
19:08:10  baselineEval.src.plotting  INFO       Saved: pred_vs_actual plots + data CSV
19:08:10  baselineEval.src.plotting  INFO       Saved: residual plots + data CSV
19:08:11  baselineEval.src.plotting  INFO       Saved: cv_metric_boxplots.png + data CSV
19:08:11  baselineEval.src.plotting  INFO       Saved: hyperparameter distribution plots + data CSV
19:08:12  baselineEval.src.plotting  INFO       Saved: pred_vs_actual plots + data CSV
19:08:12  baselineEval.src.plotting  INFO       Saved: residual plots + data CSV
19:08:13  baselineEval.src.plotting  INFO       Saved: cv_metric_boxplots.png + data CSV
19:08:13  baselineEval.src.plotting  INFO       Saved: hyperparameter distribution plots + data CSV
19:08:13  baselineEval.src.plotting  INFO       Saved: pred_vs_actual plots + data CSV
19:08:14  baselineEval.src.plotting  INFO       Saved: residual plots + data CSV
19:08:15  baselineEval.src.plotting  INFO       Saved: cv_metric_boxplots.png + data CSV
19:08:15  baselineEval.src.plotting  INFO       Saved: hyperparameter distribution plots + data CSV
19:08:15  baselineEval.src.plotting  INFO       Saved: pred_vs_actual plots + data CSV
19:08:16  baselineEval.src.plotting  INFO       Saved: residual plots + data CSV
19:08:16  baselineEval.src.plotting  INFO       Saved: representation_comparison.png + data CSV
19:08:17  baselineEval.src.plotting  INFO       Saved: cv_metric_boxplots.png + data CSV
19:08:17  baselineEval.src.plotting  INFO       Saved: hyperparameter distribution plots + data CSV
19:08:18  baselineEval.src.plotting  INFO       Saved: pred_vs_actual plots + data CSV
19:08:18  baselineEval.src.plotting  INFO       Saved: residual plots + data CSV
19:08:19  baselineEval.src.plotting  INFO       Saved: cv_metric_boxplots.png + data CSV
19:08:19  baselineEval.src.plotting  INFO       Saved: hyperparameter distribution plots + data CSV
19:08:19  baselineEval.src.plotting  INFO       Saved: pred_vs_actual plots + data CSV
19:08:20  baselineEval.src.plotting  INFO       Saved: residual plots + data CSV
19:08:21  baselineEval.src.plotting  INFO       Saved: cv_metric_boxplots.png + data CSV
19:08:21  baselineEval.src.plotting  INFO       Saved: hyperparameter distribution plots + data CSV
19:08:21  baselineEval.src.plotting  INFO       Saved: pred_vs_actual plots + data CSV
19:08:22  baselineEval.src.plotting  INFO       Saved: residual plots + data CSV
19:08:23  baselineEval.src.plotting  INFO       Saved: cv_metric_boxplots.png + data CSV
19:08:23  baselineEval.src.plotting  INFO       Saved: hyperparameter distribution plots + data CSV
19:08:23  baselineEval.src.plotting  INFO       Saved: pred_vs_actual plots + data CSV
19:08:24  baselineEval.src.plotting  INFO       Saved: residual plots + data CSV
19:08:25  baselineEval.src.plotting  INFO       Saved: cv_metric_boxplots.png + data CSV
19:08:25  baselineEval.src.plotting  INFO       Saved: hyperparameter distribution plots + data CSV
19:08:25  baselineEval.src.plotting  INFO       Saved: pred_vs_actual plots + data CSV
19:08:26  baselineEval.src.plotting  INFO       Saved: residual plots + data CSV
19:08:26  baselineEval.src.plotting  INFO       Saved: cv_metric_boxplots.png + data CSV
19:08:27  baselineEval.src.plotting  INFO       Saved: hyperparameter distribution plots + data CSV
19:08:27  baselineEval.src.plotting  INFO       Saved: pred_vs_actual plots + data CSV
19:08:27  baselineEval.src.plotting  INFO       Saved: residual plots + data CSV
19:08:28  baselineEval.src.plotting  INFO       Saved: cv_metric_boxplots.png + data CSV
19:08:28  baselineEval.src.plotting  INFO       Saved: hyperparameter distribution plots + data CSV
19:08:29  baselineEval.src.plotting  INFO       Saved: pred_vs_actual plots + data CSV
19:08:30  baselineEval.src.plotting  INFO       Saved: residual plots + data CSV
19:08:31  baselineEval.src.plotting  INFO       Saved: cv_metric_boxplots.png + data CSV
19:08:31  baselineEval.src.plotting  INFO       Saved: hyperparameter distribution plots + data CSV
19:08:31  baselineEval.src.plotting  INFO       Saved: pred_vs_actual plots + data CSV
19:08:32  baselineEval.src.plotting  INFO       Saved: residual plots + data CSV
19:08:32  baselineEval.src.plotting  INFO       Saved: representation_comparison.png + data CSV
19:08:33  baselineEval.src.plotting  INFO       Saved: cv_metric_boxplots.png + data CSV
19:08:33  baselineEval.src.plotting  INFO       Saved: hyperparameter distribution plots + data CSV
19:08:34  baselineEval.src.plotting  INFO       Saved: pred_vs_actual plots + data CSV
19:08:34  baselineEval.src.plotting  INFO       Saved: residual plots + data CSV
19:08:35  baselineEval.src.plotting  INFO       Saved: cv_metric_boxplots.png + data CSV
19:08:35  baselineEval.src.plotting  INFO       Saved: hyperparameter distribution plots + data CSV
19:08:35  baselineEval.src.plotting  INFO       Saved: pred_vs_actual plots + data CSV
19:08:36  baselineEval.src.plotting  INFO       Saved: residual plots + data CSV
19:08:37  baselineEval.src.plotting  INFO       Saved: cv_metric_boxplots.png + data CSV
19:08:37  baselineEval.src.plotting  INFO       Saved: hyperparameter distribution plots + data CSV
19:08:37  baselineEval.src.plotting  INFO       Saved: pred_vs_actual plots + data CSV
19:08:38  baselineEval.src.plotting  INFO       Saved: residual plots + data CSV
19:08:39  baselineEval.src.plotting  INFO       Saved: cv_metric_boxplots.png + data CSV
19:08:39  baselineEval.src.plotting  INFO       Saved: hyperparameter distribution plots + data CSV
19:08:39  baselineEval.src.plotting  INFO       Saved: pred_vs_actual plots + data CSV
19:08:40  baselineEval.src.plotting  INFO       Saved: residual plots + data CSV
19:08:41  baselineEval.src.plotting  INFO       Saved: cv_metric_boxplots.png + data CSV
19:08:41  baselineEval.src.plotting  INFO       Saved: hyperparameter distribution plots + data CSV
19:08:42  baselineEval.src.plotting  INFO       Saved: pred_vs_actual plots + data CSV
19:08:42  baselineEval.src.plotting  INFO       Saved: residual plots + data CSV
19:08:43  baselineEval.src.plotting  INFO       Saved: cv_metric_boxplots.png + data CSV
19:08:43  baselineEval.src.plotting  INFO       Saved: hyperparameter distribution plots + data CSV
19:08:44  baselineEval.src.plotting  INFO       Saved: pred_vs_actual plots + data CSV
19:08:44  baselineEval.src.plotting  INFO       Saved: residual plots + data CSV
19:08:45  baselineEval.src.plotting  INFO       Saved: cv_metric_boxplots.png + data CSV
19:08:45  baselineEval.src.plotting  INFO       Saved: hyperparameter distribution plots + data CSV
19:08:46  baselineEval.src.plotting  INFO       Saved: pred_vs_actual plots + data CSV
19:08:46  baselineEval.src.plotting  INFO       Saved: residual plots + data CSV
19:08:47  baselineEval.src.plotting  INFO       Saved: cv_metric_boxplots.png + data CSV
19:08:47  baselineEval.src.plotting  INFO       Saved: hyperparameter distribution plots + data CSV
19:08:47  baselineEval.src.plotting  INFO       Saved: pred_vs_actual plots + data CSV
19:08:48  baselineEval.src.plotting  INFO       Saved: residual plots + data CSV
19:08:48  baselineEval.src.plotting  INFO       Saved: representation_comparison.png + data CSV
19:08:49  baselineEval.src.plotting  INFO       Saved: cv_metric_boxplots.png + data CSV
19:08:49  baselineEval.src.plotting  INFO       Saved: hyperparameter distribution plots + data CSV
19:08:50  baselineEval.src.plotting  INFO       Saved: pred_vs_actual plots + data CSV
19:08:50  baselineEval.src.plotting  INFO       Saved: residual plots + data CSV
19:08:51  baselineEval.src.plotting  INFO       Saved: cv_metric_boxplots.png + data CSV
19:08:51  baselineEval.src.plotting  INFO       Saved: hyperparameter distribution plots + data CSV
19:08:52  baselineEval.src.plotting  INFO       Saved: pred_vs_actual plots + data CSV
19:08:52  baselineEval.src.plotting  INFO       Saved: residual plots + data CSV
19:08:53  baselineEval.src.plotting  INFO       Saved: cv_metric_boxplots.png + data CSV
19:08:53  baselineEval.src.plotting  INFO       Saved: hyperparameter distribution plots + data CSV
19:08:53  baselineEval.src.plotting  INFO       Saved: pred_vs_actual plots + data CSV
19:08:54  baselineEval.src.plotting  INFO       Saved: residual plots + data CSV
19:08:55  baselineEval.src.plotting  INFO       Saved: cv_metric_boxplots.png + data CSV
19:08:55  baselineEval.src.plotting  INFO       Saved: hyperparameter distribution plots + data CSV
19:08:55  baselineEval.src.plotting  INFO       Saved: pred_vs_actual plots + data CSV
19:08:56  baselineEval.src.plotting  INFO       Saved: residual plots + data CSV
19:08:57  baselineEval.src.plotting  INFO       Saved: cv_metric_boxplots.png + data CSV
19:08:57  baselineEval.src.plotting  INFO       Saved: hyperparameter distribution plots + data CSV
19:08:57  baselineEval.src.plotting  INFO       Saved: pred_vs_actual plots + data CSV
19:08:58  baselineEval.src.plotting  INFO       Saved: residual plots + data CSV
19:08:58  baselineEval.src.plotting  INFO       Saved: cv_metric_boxplots.png + data CSV
19:08:59  baselineEval.src.plotting  INFO       Saved: hyperparameter distribution plots + data CSV
19:08:59  baselineEval.src.plotting  INFO       Saved: pred_vs_actual plots + data CSV
19:09:00  baselineEval.src.plotting  INFO       Saved: residual plots + data CSV
19:09:00  baselineEval.src.plotting  INFO       Saved: cv_metric_boxplots.png + data CSV
19:09:00  baselineEval.src.plotting  INFO       Saved: hyperparameter distribution plots + data CSV
19:09:02  baselineEval.src.plotting  INFO       Saved: pred_vs_actual plots + data CSV
19:09:03  baselineEval.src.plotting  INFO       Saved: residual plots + data CSV
19:09:04  baselineEval.src.plotting  INFO       Saved: cv_metric_boxplots.png + data CSV
19:09:04  baselineEval.src.plotting  INFO       Saved: hyperparameter distribution plots + data CSV
19:09:04  baselineEval.src.plotting  INFO       Saved: pred_vs_actual plots + data CSV
19:09:05  baselineEval.src.plotting  INFO       Saved: residual plots + data CSV
19:09:05  baselineEval.src.plotting  INFO       Saved: representation_comparison.png + data CSV
19:09:06  baselineEval.src.plotting  INFO       Saved: cv_metric_boxplots.png + data CSV
19:09:06  baselineEval.src.plotting  INFO       Saved: hyperparameter distribution plots + data CSV
19:09:06  baselineEval.src.plotting  INFO       Saved: pred_vs_actual plots + data CSV
19:09:07  baselineEval.src.plotting  INFO       Saved: residual plots + data CSV
19:09:08  baselineEval.src.plotting  INFO       Saved: cv_metric_boxplots.png + data CSV
19:09:08  baselineEval.src.plotting  INFO       Saved: hyperparameter distribution plots + data CSV
19:09:08  baselineEval.src.plotting  INFO       Saved: pred_vs_actual plots + data CSV
19:09:09  baselineEval.src.plotting  INFO       Saved: residual plots + data CSV
19:09:09  baselineEval.src.plotting  INFO       Saved: cv_metric_boxplots.png + data CSV
19:09:09  baselineEval.src.plotting  INFO       Saved: hyperparameter distribution plots + data CSV
19:09:10  baselineEval.src.plotting  INFO       Saved: pred_vs_actual plots + data CSV
19:09:10  baselineEval.src.plotting  INFO       Saved: residual plots + data CSV
19:09:11  baselineEval.src.plotting  INFO       Saved: cv_metric_boxplots.png + data CSV
19:09:11  baselineEval.src.plotting  INFO       Saved: hyperparameter distribution plots + data CSV
19:09:12  baselineEval.src.plotting  INFO       Saved: pred_vs_actual plots + data CSV
19:09:12  baselineEval.src.plotting  INFO       Saved: residual plots + data CSV
19:09:13  baselineEval.src.plotting  INFO       Saved: cv_metric_boxplots.png + data CSV
19:09:13  baselineEval.src.plotting  INFO       Saved: hyperparameter distribution plots + data CSV
19:09:13  baselineEval.src.plotting  INFO       Saved: pred_vs_actual plots + data CSV
19:09:14  baselineEval.src.plotting  INFO       Saved: residual plots + data CSV
19:09:15  baselineEval.src.plotting  INFO       Saved: cv_metric_boxplots.png + data CSV
19:09:15  baselineEval.src.plotting  INFO       Saved: hyperparameter distribution plots + data CSV
19:09:15  baselineEval.src.plotting  INFO       Saved: pred_vs_actual plots + data CSV
19:09:16  baselineEval.src.plotting  INFO       Saved: residual plots + data CSV
19:09:17  baselineEval.src.plotting  INFO       Saved: cv_metric_boxplots.png + data CSV
19:09:17  baselineEval.src.plotting  INFO       Saved: hyperparameter distribution plots + data CSV
19:09:17  baselineEval.src.plotting  INFO       Saved: pred_vs_actual plots + data CSV
19:09:18  baselineEval.src.plotting  INFO       Saved: residual plots + data CSV
19:09:18  baselineEval.src.plotting  INFO       Saved: cv_metric_boxplots.png + data CSV
19:09:19  baselineEval.src.plotting  INFO       Saved: hyperparameter distribution plots + data CSV
19:09:19  baselineEval.src.plotting  INFO       Saved: pred_vs_actual plots + data CSV
19:09:19  baselineEval.src.plotting  INFO       Saved: residual plots + data CSV
19:09:20  baselineEval.src.plotting  INFO       Saved: representation_comparison.png + data CSV
19:09:21  baselineEval.src.plotting  INFO       Saved: cv_metric_boxplots.png + data CSV
19:09:21  baselineEval.src.plotting  INFO       Saved: hyperparameter distribution plots + data CSV
19:09:21  baselineEval.src.plotting  INFO       Saved: pred_vs_actual plots + data CSV
19:09:22  baselineEval.src.plotting  INFO       Saved: residual plots + data CSV
19:09:23  baselineEval.src.plotting  INFO       Saved: cv_metric_boxplots.png + data CSV
19:09:23  baselineEval.src.plotting  INFO       Saved: hyperparameter distribution plots + data CSV
19:09:23  baselineEval.src.plotting  INFO       Saved: pred_vs_actual plots + data CSV
19:09:24  baselineEval.src.plotting  INFO       Saved: residual plots + data CSV
19:09:25  baselineEval.src.plotting  INFO       Saved: cv_metric_boxplots.png + data CSV
19:09:25  baselineEval.src.plotting  INFO       Saved: hyperparameter distribution plots + data CSV
19:09:25  baselineEval.src.plotting  INFO       Saved: pred_vs_actual plots + data CSV
19:09:26  baselineEval.src.plotting  INFO       Saved: residual plots + data CSV
19:09:26  baselineEval.src.plotting  INFO       Saved: cv_metric_boxplots.png + data CSV
19:09:27  baselineEval.src.plotting  INFO       Saved: hyperparameter distribution plots + data CSV
19:09:27  baselineEval.src.plotting  INFO       Saved: pred_vs_actual plots + data CSV
19:09:27  baselineEval.src.plotting  INFO       Saved: residual plots + data CSV
19:09:28  baselineEval.src.plotting  INFO       Saved: cv_metric_boxplots.png + data CSV
19:09:28  baselineEval.src.plotting  INFO       Saved: hyperparameter distribution plots + data CSV
19:09:29  baselineEval.src.plotting  INFO       Saved: pred_vs_actual plots + data CSV
19:09:30  baselineEval.src.plotting  INFO       Saved: residual plots + data CSV
19:09:30  baselineEval.src.plotting  INFO       Saved: cv_metric_boxplots.png + data CSV
19:09:31  baselineEval.src.plotting  INFO       Saved: hyperparameter distribution plots + data CSV
19:09:31  baselineEval.src.plotting  INFO       Saved: pred_vs_actual plots + data CSV
19:09:31  baselineEval.src.plotting  INFO       Saved: residual plots + data CSV
19:09:32  baselineEval.src.plotting  INFO       Saved: cv_metric_boxplots.png + data CSV
19:09:32  baselineEval.src.plotting  INFO       Saved: hyperparameter distribution plots + data CSV
19:09:33  baselineEval.src.plotting  INFO       Saved: pred_vs_actual plots + data CSV
19:09:33  baselineEval.src.plotting  INFO       Saved: residual plots + data CSV
19:09:34  baselineEval.src.plotting  INFO       Saved: cv_metric_boxplots.png + data CSV
19:09:34  baselineEval.src.plotting  INFO       Saved: hyperparameter distribution plots + data CSV
19:09:35  baselineEval.src.plotting  INFO       Saved: pred_vs_actual plots + data CSV
19:09:35  baselineEval.src.plotting  INFO       Saved: residual plots + data CSV
19:09:36  baselineEval.src.plotting  INFO       Saved: representation_comparison.png + data CSV
19:09:36  baselineEval.src.plotting  INFO       Saved: cv_metric_boxplots.png + data CSV
19:09:37  baselineEval.src.plotting  INFO       Saved: hyperparameter distribution plots + data CSV
19:09:37  baselineEval.src.plotting  INFO       Saved: pred_vs_actual plots + data CSV
19:09:37  baselineEval.src.plotting  INFO       Saved: residual plots + data CSV
19:09:38  baselineEval.src.plotting  INFO       Saved: cv_metric_boxplots.png + data CSV
19:09:38  baselineEval.src.plotting  INFO       Saved: hyperparameter distribution plots + data CSV
19:09:39  baselineEval.src.plotting  INFO       Saved: pred_vs_actual plots + data CSV
19:09:39  baselineEval.src.plotting  INFO       Saved: residual plots + data CSV
19:09:40  baselineEval.src.plotting  INFO       Saved: cv_metric_boxplots.png + data CSV
19:09:40  baselineEval.src.plotting  INFO       Saved: hyperparameter distribution plots + data CSV
19:09:40  baselineEval.src.plotting  INFO       Saved: pred_vs_actual plots + data CSV
19:09:41  baselineEval.src.plotting  INFO       Saved: residual plots + data CSV
19:09:42  baselineEval.src.plotting  INFO       Saved: cv_metric_boxplots.png + data CSV
19:09:42  baselineEval.src.plotting  INFO       Saved: hyperparameter distribution plots + data CSV
19:09:42  baselineEval.src.plotting  INFO       Saved: pred_vs_actual plots + data CSV
19:09:43  baselineEval.src.plotting  INFO       Saved: residual plots + data CSV
19:09:43  baselineEval.src.plotting  INFO       Saved: cv_metric_boxplots.png + data CSV
19:09:44  baselineEval.src.plotting  INFO       Saved: hyperparameter distribution plots + data CSV
19:09:44  baselineEval.src.plotting  INFO       Saved: pred_vs_actual plots + data CSV
19:09:44  baselineEval.src.plotting  INFO       Saved: residual plots + data CSV
19:09:45  baselineEval.src.plotting  INFO       Saved: cv_metric_boxplots.png + data CSV
19:09:45  baselineEval.src.plotting  INFO       Saved: hyperparameter distribution plots + data CSV
19:09:46  baselineEval.src.plotting  INFO       Saved: pred_vs_actual plots + data CSV
19:09:46  baselineEval.src.plotting  INFO       Saved: residual plots + data CSV
19:09:47  baselineEval.src.plotting  INFO       Saved: cv_metric_boxplots.png + data CSV
19:09:47  baselineEval.src.plotting  INFO       Saved: hyperparameter distribution plots + data CSV
19:09:48  baselineEval.src.plotting  INFO       Saved: pred_vs_actual plots + data CSV
19:09:48  baselineEval.src.plotting  INFO       Saved: residual plots + data CSV
19:09:49  baselineEval.src.plotting  INFO       Saved: cv_metric_boxplots.png + data CSV
19:09:49  baselineEval.src.plotting  INFO       Saved: hyperparameter distribution plots + data CSV
19:09:50  baselineEval.src.plotting  INFO       Saved: pred_vs_actual plots + data CSV
19:09:50  baselineEval.src.plotting  INFO       Saved: residual plots + data CSV
19:09:51  baselineEval.src.plotting  INFO       Saved: representation_comparison.png + data CSV
19:09:51  baselineEval.src.plotting  INFO       Saved: cv_metric_boxplots.png + data CSV
19:09:52  baselineEval.src.plotting  INFO       Saved: hyperparameter distribution plots + data CSV
19:09:52  baselineEval.src.plotting  INFO       Saved: pred_vs_actual plots + data CSV
19:09:52  baselineEval.src.plotting  INFO       Saved: residual plots + data CSV
19:09:53  baselineEval.src.plotting  INFO       Saved: cv_metric_boxplots.png + data CSV
19:09:53  baselineEval.src.plotting  INFO       Saved: hyperparameter distribution plots + data CSV
19:09:54  baselineEval.src.plotting  INFO       Saved: pred_vs_actual plots + data CSV
19:09:54  baselineEval.src.plotting  INFO       Saved: residual plots + data CSV
19:09:55  baselineEval.src.plotting  INFO       Saved: cv_metric_boxplots.png + data CSV
19:09:55  baselineEval.src.plotting  INFO       Saved: hyperparameter distribution plots + data CSV
19:09:55  baselineEval.src.plotting  INFO       Saved: pred_vs_actual plots + data CSV
19:09:56  baselineEval.src.plotting  INFO       Saved: residual plots + data CSV
19:09:57  baselineEval.src.plotting  INFO       Saved: cv_metric_boxplots.png + data CSV
19:09:57  baselineEval.src.plotting  INFO       Saved: hyperparameter distribution plots + data CSV
19:09:57  baselineEval.src.plotting  INFO       Saved: pred_vs_actual plots + data CSV
19:09:58  baselineEval.src.plotting  INFO       Saved: residual plots + data CSV
19:09:58  baselineEval.src.plotting  INFO       Saved: cv_metric_boxplots.png + data CSV
19:09:59  baselineEval.src.plotting  INFO       Saved: hyperparameter distribution plots + data CSV
19:09:59  baselineEval.src.plotting  INFO       Saved: pred_vs_actual plots + data CSV
19:09:59  baselineEval.src.plotting  INFO       Saved: residual plots + data CSV
19:10:00  baselineEval.src.plotting  INFO       Saved: cv_metric_boxplots.png + data CSV
19:10:01  baselineEval.src.plotting  INFO       Saved: hyperparameter distribution plots + data CSV
19:10:01  baselineEval.src.plotting  INFO       Saved: pred_vs_actual plots + data CSV
19:10:02  baselineEval.src.plotting  INFO       Saved: residual plots + data CSV
19:10:02  baselineEval.src.plotting  INFO       Saved: cv_metric_boxplots.png + data CSV
19:10:02  baselineEval.src.plotting  INFO       Saved: hyperparameter distribution plots + data CSV
19:10:04  baselineEval.src.plotting  INFO       Saved: pred_vs_actual plots + data CSV
19:10:04  baselineEval.src.plotting  INFO       Saved: residual plots + data CSV
19:10:05  baselineEval.src.plotting  INFO       Saved: cv_metric_boxplots.png + data CSV
19:10:05  baselineEval.src.plotting  INFO       Saved: hyperparameter distribution plots + data CSV
19:10:06  baselineEval.src.plotting  INFO       Saved: pred_vs_actual plots + data CSV
19:10:06  baselineEval.src.plotting  INFO       Saved: residual plots + data CSV
19:10:07  baselineEval.src.plotting  INFO       Saved: representation_comparison.png + data CSV
19:10:08  baselineEval.src.plotting  INFO       Saved: cv_metric_boxplots.png + data CSV
19:10:08  baselineEval.src.plotting  INFO       Saved: hyperparameter distribution plots + data CSV
19:10:08  baselineEval.src.plotting  INFO       Saved: pred_vs_actual plots + data CSV
19:10:09  baselineEval.src.plotting  INFO       Saved: residual plots + data CSV
19:10:09  baselineEval.src.plotting  INFO       Saved: cv_metric_boxplots.png + data CSV
19:10:10  baselineEval.src.plotting  INFO       Saved: hyperparameter distribution plots + data CSV
19:10:10  baselineEval.src.plotting  INFO       Saved: pred_vs_actual plots + data CSV
19:10:10  baselineEval.src.plotting  INFO       Saved: residual plots + data CSV
19:10:11  baselineEval.src.plotting  INFO       Saved: cv_metric_boxplots.png + data CSV
19:10:11  baselineEval.src.plotting  INFO       Saved: hyperparameter distribution plots + data CSV
19:10:12  baselineEval.src.plotting  INFO       Saved: pred_vs_actual plots + data CSV
19:10:12  baselineEval.src.plotting  INFO       Saved: residual plots + data CSV
19:10:13  baselineEval.src.plotting  INFO       Saved: cv_metric_boxplots.png + data CSV
19:10:13  baselineEval.src.plotting  INFO       Saved: hyperparameter distribution plots + data CSV
19:10:14  baselineEval.src.plotting  INFO       Saved: pred_vs_actual plots + data CSV
19:10:14  baselineEval.src.plotting  INFO       Saved: residual plots + data CSV
19:10:15  baselineEval.src.plotting  INFO       Saved: cv_metric_boxplots.png + data CSV
19:10:15  baselineEval.src.plotting  INFO       Saved: hyperparameter distribution plots + data CSV
19:10:15  baselineEval.src.plotting  INFO       Saved: pred_vs_actual plots + data CSV
19:10:16  baselineEval.src.plotting  INFO       Saved: residual plots + data CSV
19:10:17  baselineEval.src.plotting  INFO       Saved: cv_metric_boxplots.png + data CSV
19:10:17  baselineEval.src.plotting  INFO       Saved: hyperparameter distribution plots + data CSV
19:10:17  baselineEval.src.plotting  INFO       Saved: pred_vs_actual plots + data CSV
19:10:18  baselineEval.src.plotting  INFO       Saved: residual plots + data CSV
19:10:18  baselineEval.src.plotting  INFO       Saved: cv_metric_boxplots.png + data CSV
19:10:19  baselineEval.src.plotting  INFO       Saved: hyperparameter distribution plots + data CSV
19:10:19  baselineEval.src.plotting  INFO       Saved: pred_vs_actual plots + data CSV
19:10:20  baselineEval.src.plotting  INFO       Saved: residual plots + data CSV
19:10:20  baselineEval.src.plotting  INFO       Saved: cv_metric_boxplots.png + data CSV
19:10:21  baselineEval.src.plotting  INFO       Saved: hyperparameter distribution plots + data CSV
19:10:21  baselineEval.src.plotting  INFO       Saved: pred_vs_actual plots + data CSV
19:10:21  baselineEval.src.plotting  INFO       Saved: residual plots + data CSV
19:10:22  baselineEval.src.plotting  INFO       Saved: representation_comparison.png + data CSV
19:10:23  baselineEval.src.plotting  INFO       Saved: cv_metric_boxplots.png + data CSV
19:10:23  baselineEval.src.plotting  INFO       Saved: hyperparameter distribution plots + data CSV
19:10:23  baselineEval.src.plotting  INFO       Saved: pred_vs_actual plots + data CSV
19:10:24  baselineEval.src.plotting  INFO       Saved: residual plots + data CSV
19:10:24  baselineEval.src.plotting  INFO       Saved: cv_metric_boxplots.png + data CSV
19:10:25  baselineEval.src.plotting  INFO       Saved: hyperparameter distribution plots + data CSV
19:10:25  baselineEval.src.plotting  INFO       Saved: pred_vs_actual plots + data CSV
19:10:26  baselineEval.src.plotting  INFO       Saved: residual plots + data CSV
19:10:26  baselineEval.src.plotting  INFO       Saved: cv_metric_boxplots.png + data CSV
19:10:26  baselineEval.src.plotting  INFO       Saved: hyperparameter distribution plots + data CSV
19:10:27  baselineEval.src.plotting  INFO       Saved: pred_vs_actual plots + data CSV
19:10:27  baselineEval.src.plotting  INFO       Saved: residual plots + data CSV
19:10:28  baselineEval.src.plotting  INFO       Saved: cv_metric_boxplots.png + data CSV
19:10:28  baselineEval.src.plotting  INFO       Saved: hyperparameter distribution plots + data CSV
19:10:29  baselineEval.src.plotting  INFO       Saved: pred_vs_actual plots + data CSV
19:10:29  baselineEval.src.plotting  INFO       Saved: residual plots + data CSV
19:10:30  baselineEval.src.plotting  INFO       Saved: cv_metric_boxplots.png + data CSV
19:10:30  baselineEval.src.plotting  INFO       Saved: hyperparameter distribution plots + data CSV
19:10:30  baselineEval.src.plotting  INFO       Saved: pred_vs_actual plots + data CSV
19:10:31  baselineEval.src.plotting  INFO       Saved: residual plots + data CSV
19:10:32  baselineEval.src.plotting  INFO       Saved: cv_metric_boxplots.png + data CSV
19:10:32  baselineEval.src.plotting  INFO       Saved: hyperparameter distribution plots + data CSV
19:10:32  baselineEval.src.plotting  INFO       Saved: pred_vs_actual plots + data CSV
19:10:33  baselineEval.src.plotting  INFO       Saved: residual plots + data CSV
19:10:33  baselineEval.src.plotting  INFO       Saved: cv_metric_boxplots.png + data CSV
19:10:34  baselineEval.src.plotting  INFO       Saved: hyperparameter distribution plots + data CSV
19:10:34  baselineEval.src.plotting  INFO       Saved: pred_vs_actual plots + data CSV
19:10:34  baselineEval.src.plotting  INFO       Saved: residual plots + data CSV
19:10:35  baselineEval.src.plotting  INFO       Saved: cv_metric_boxplots.png + data CSV
19:10:35  baselineEval.src.plotting  INFO       Saved: hyperparameter distribution plots + data CSV
19:10:36  baselineEval.src.plotting  INFO       Saved: pred_vs_actual plots + data CSV
19:10:36  baselineEval.src.plotting  INFO       Saved: residual plots + data CSV
19:10:37  baselineEval.src.plotting  INFO       Saved: representation_comparison.png + data CSV
19:10:37  baselineEval.src.plotting  INFO       Saved: cv_metric_boxplots.png + data CSV
19:10:38  baselineEval.src.plotting  INFO       Saved: hyperparameter distribution plots + data CSV
19:10:38  baselineEval.src.plotting  INFO       Saved: pred_vs_actual plots + data CSV
19:10:39  baselineEval.src.plotting  INFO       Saved: residual plots + data CSV
19:10:39  baselineEval.src.plotting  INFO       Saved: cv_metric_boxplots.png + data CSV
19:10:40  baselineEval.src.plotting  INFO       Saved: hyperparameter distribution plots + data CSV
19:10:40  baselineEval.src.plotting  INFO       Saved: pred_vs_actual plots + data CSV
19:10:40  baselineEval.src.plotting  INFO       Saved: residual plots + data CSV
19:10:41  baselineEval.src.plotting  INFO       Saved: cv_metric_boxplots.png + data CSV
19:10:41  baselineEval.src.plotting  INFO       Saved: hyperparameter distribution plots + data CSV
19:10:42  baselineEval.src.plotting  INFO       Saved: pred_vs_actual plots + data CSV
19:10:42  baselineEval.src.plotting  INFO       Saved: residual plots + data CSV
19:10:43  baselineEval.src.plotting  INFO       Saved: cv_metric_boxplots.png + data CSV
19:10:43  baselineEval.src.plotting  INFO       Saved: hyperparameter distribution plots + data CSV
19:10:44  baselineEval.src.plotting  INFO       Saved: pred_vs_actual plots + data CSV
19:10:44  baselineEval.src.plotting  INFO       Saved: residual plots + data CSV
19:10:45  baselineEval.src.plotting  INFO       Saved: cv_metric_boxplots.png + data CSV
19:10:45  baselineEval.src.plotting  INFO       Saved: hyperparameter distribution plots + data CSV
19:10:46  baselineEval.src.plotting  INFO       Saved: pred_vs_actual plots + data CSV
19:10:46  baselineEval.src.plotting  INFO       Saved: residual plots + data CSV
19:10:47  baselineEval.src.plotting  INFO       Saved: cv_metric_boxplots.png + data CSV
19:10:47  baselineEval.src.plotting  INFO       Saved: hyperparameter distribution plots + data CSV
19:10:47  baselineEval.src.plotting  INFO       Saved: pred_vs_actual plots + data CSV
19:10:48  baselineEval.src.plotting  INFO       Saved: residual plots + data CSV
19:10:49  baselineEval.src.plotting  INFO       Saved: cv_metric_boxplots.png + data CSV
19:10:50  baselineEval.src.plotting  INFO       Saved: hyperparameter distribution plots + data CSV
19:10:51  baselineEval.src.plotting  INFO       Saved: pred_vs_actual plots + data CSV
19:10:51  baselineEval.src.plotting  INFO       Saved: residual plots + data CSV
19:10:52  baselineEval.src.plotting  INFO       Saved: cv_metric_boxplots.png + data CSV
19:10:52  baselineEval.src.plotting  INFO       Saved: hyperparameter distribution plots + data CSV
19:10:53  baselineEval.src.plotting  INFO       Saved: pred_vs_actual plots + data CSV
19:10:53  baselineEval.src.plotting  INFO       Saved: residual plots + data CSV
19:10:54  baselineEval.src.plotting  INFO       Saved: representation_comparison.png + data CSV
19:10:54  baselineEval.src.plotting  INFO       Saved: cv_metric_boxplots.png + data CSV
19:10:55  baselineEval.src.plotting  INFO       Saved: hyperparameter distribution plots + data CSV
19:10:55  baselineEval.src.plotting  INFO       Saved: pred_vs_actual plots + data CSV
19:10:55  baselineEval.src.plotting  INFO       Saved: residual plots + data CSV
19:10:56  baselineEval.src.plotting  INFO       Saved: cv_metric_boxplots.png + data CSV
19:10:56  baselineEval.src.plotting  INFO       Saved: hyperparameter distribution plots + data CSV
19:10:57  baselineEval.src.plotting  INFO       Saved: pred_vs_actual plots + data CSV
19:10:57  baselineEval.src.plotting  INFO       Saved: residual plots + data CSV
19:10:58  baselineEval.src.plotting  INFO       Saved: cv_metric_boxplots.png + data CSV
19:10:58  baselineEval.src.plotting  INFO       Saved: hyperparameter distribution plots + data CSV
19:10:58  baselineEval.src.plotting  INFO       Saved: pred_vs_actual plots + data CSV
19:10:59  baselineEval.src.plotting  INFO       Saved: residual plots + data CSV
19:11:00  baselineEval.src.plotting  INFO       Saved: cv_metric_boxplots.png + data CSV
19:11:00  baselineEval.src.plotting  INFO       Saved: hyperparameter distribution plots + data CSV
19:11:00  baselineEval.src.plotting  INFO       Saved: pred_vs_actual plots + data CSV
19:11:01  baselineEval.src.plotting  INFO       Saved: residual plots + data CSV
19:11:02  baselineEval.src.plotting  INFO       Saved: cv_metric_boxplots.png + data CSV
19:11:02  baselineEval.src.plotting  INFO       Saved: hyperparameter distribution plots + data CSV
19:11:02  baselineEval.src.plotting  INFO       Saved: pred_vs_actual plots + data CSV
19:11:03  baselineEval.src.plotting  INFO       Saved: residual plots + data CSV
19:11:04  baselineEval.src.plotting  INFO       Saved: cv_metric_boxplots.png + data CSV
19:11:04  baselineEval.src.plotting  INFO       Saved: hyperparameter distribution plots + data CSV
19:11:04  baselineEval.src.plotting  INFO       Saved: pred_vs_actual plots + data CSV
19:11:05  baselineEval.src.plotting  INFO       Saved: residual plots + data CSV
19:11:06  baselineEval.src.plotting  INFO       Saved: cv_metric_boxplots.png + data CSV
19:11:06  baselineEval.src.plotting  INFO       Saved: hyperparameter distribution plots + data CSV
19:11:06  baselineEval.src.plotting  INFO       Saved: pred_vs_actual plots + data CSV
19:11:07  baselineEval.src.plotting  INFO       Saved: residual plots + data CSV
19:11:07  baselineEval.src.plotting  INFO       Saved: cv_metric_boxplots.png + data CSV
19:11:08  baselineEval.src.plotting  INFO       Saved: hyperparameter distribution plots + data CSV
19:11:08  baselineEval.src.plotting  INFO       Saved: pred_vs_actual plots + data CSV
19:11:09  baselineEval.src.plotting  INFO       Saved: residual plots + data CSV
19:11:09  baselineEval.src.plotting  INFO       Saved: representation_comparison.png + data CSV
19:11:10  baselineEval.src.plotting  INFO       Saved: cv_metric_boxplots.png + data CSV
19:11:10  baselineEval.src.plotting  INFO       Saved: hyperparameter distribution plots + data CSV
19:11:11  baselineEval.src.plotting  INFO       Saved: pred_vs_actual plots + data CSV
19:11:12  baselineEval.src.plotting  INFO       Saved: residual plots + data CSV
19:11:12  baselineEval.src.plotting  INFO       Saved: cv_metric_boxplots.png + data CSV
19:11:13  baselineEval.src.plotting  INFO       Saved: hyperparameter distribution plots + data CSV
19:11:13  baselineEval.src.plotting  INFO       Saved: pred_vs_actual plots + data CSV
19:11:13  baselineEval.src.plotting  INFO       Saved: residual plots + data CSV
19:11:14  baselineEval.src.plotting  INFO       Saved: cv_metric_boxplots.png + data CSV
19:11:14  baselineEval.src.plotting  INFO       Saved: hyperparameter distribution plots + data CSV
19:11:15  baselineEval.src.plotting  INFO       Saved: pred_vs_actual plots + data CSV
19:11:15  baselineEval.src.plotting  INFO       Saved: residual plots + data CSV
19:11:16  baselineEval.src.plotting  INFO       Saved: cv_metric_boxplots.png + data CSV
19:11:16  baselineEval.src.plotting  INFO       Saved: hyperparameter distribution plots + data CSV
19:11:16  baselineEval.src.plotting  INFO       Saved: pred_vs_actual plots + data CSV
19:11:17  baselineEval.src.plotting  INFO       Saved: residual plots + data CSV
19:11:17  baselineEval.src.plotting  INFO       Saved: cv_metric_boxplots.png + data CSV
19:11:18  baselineEval.src.plotting  INFO       Saved: hyperparameter distribution plots + data CSV
19:11:18  baselineEval.src.plotting  INFO       Saved: pred_vs_actual plots + data CSV
19:11:19  baselineEval.src.plotting  INFO       Saved: residual plots + data CSV
19:11:19  baselineEval.src.plotting  INFO       Saved: cv_metric_boxplots.png + data CSV
19:11:20  baselineEval.src.plotting  INFO       Saved: hyperparameter distribution plots + data CSV
19:11:20  baselineEval.src.plotting  INFO       Saved: pred_vs_actual plots + data CSV
19:11:20  baselineEval.src.plotting  INFO       Saved: residual plots + data CSV
19:11:21  baselineEval.src.plotting  INFO       Saved: cv_metric_boxplots.png + data CSV
19:11:21  baselineEval.src.plotting  INFO       Saved: hyperparameter distribution plots + data CSV
19:11:22  baselineEval.src.plotting  INFO       Saved: pred_vs_actual plots + data CSV
19:11:22  baselineEval.src.plotting  INFO       Saved: residual plots + data CSV
19:11:23  baselineEval.src.plotting  INFO       Saved: cv_metric_boxplots.png + data CSV
19:11:23  baselineEval.src.plotting  INFO       Saved: hyperparameter distribution plots + data CSV
19:11:24  baselineEval.src.plotting  INFO       Saved: pred_vs_actual plots + data CSV
19:11:24  baselineEval.src.plotting  INFO       Saved: residual plots + data CSV
19:11:25  baselineEval.src.plotting  INFO       Saved: representation_comparison.png + data CSV
19:11:25  baselineEval.src.plotting  INFO       Saved: cv_metric_boxplots.png + data CSV
19:11:26  baselineEval.src.plotting  INFO       Saved: hyperparameter distribution plots + data CSV
19:11:26  baselineEval.src.plotting  INFO       Saved: pred_vs_actual plots + data CSV
19:11:26  baselineEval.src.plotting  INFO       Saved: residual plots + data CSV
19:11:27  baselineEval.src.plotting  INFO       Saved: cv_metric_boxplots.png + data CSV
19:11:27  baselineEval.src.plotting  INFO       Saved: hyperparameter distribution plots + data CSV
19:11:28  baselineEval.src.plotting  INFO       Saved: pred_vs_actual plots + data CSV
19:11:28  baselineEval.src.plotting  INFO       Saved: residual plots + data CSV
19:11:29  baselineEval.src.plotting  INFO       Saved: cv_metric_boxplots.png + data CSV
19:11:29  baselineEval.src.plotting  INFO       Saved: hyperparameter distribution plots + data CSV
19:11:29  baselineEval.src.plotting  INFO       Saved: pred_vs_actual plots + data CSV
19:11:30  baselineEval.src.plotting  INFO       Saved: residual plots + data CSV
19:11:31  baselineEval.src.plotting  INFO       Saved: cv_metric_boxplots.png + data CSV
19:11:31  baselineEval.src.plotting  INFO       Saved: hyperparameter distribution plots + data CSV
19:11:32  baselineEval.src.plotting  INFO       Saved: pred_vs_actual plots + data CSV
19:11:32  baselineEval.src.plotting  INFO       Saved: residual plots + data CSV
19:11:33  baselineEval.src.plotting  INFO       Saved: cv_metric_boxplots.png + data CSV
19:11:33  baselineEval.src.plotting  INFO       Saved: hyperparameter distribution plots + data CSV
19:11:33  baselineEval.src.plotting  INFO       Saved: pred_vs_actual plots + data CSV
19:11:34  baselineEval.src.plotting  INFO       Saved: residual plots + data CSV
19:11:35  baselineEval.src.plotting  INFO       Saved: cv_metric_boxplots.png + data CSV
19:11:35  baselineEval.src.plotting  INFO       Saved: hyperparameter distribution plots + data CSV
19:11:35  baselineEval.src.plotting  INFO       Saved: pred_vs_actual plots + data CSV
19:11:36  baselineEval.src.plotting  INFO       Saved: residual plots + data CSV
19:11:37  baselineEval.src.plotting  INFO       Saved: cv_metric_boxplots.png + data CSV
19:11:37  baselineEval.src.plotting  INFO       Saved: hyperparameter distribution plots + data CSV
19:11:37  baselineEval.src.plotting  INFO       Saved: pred_vs_actual plots + data CSV
19:11:38  baselineEval.src.plotting  INFO       Saved: residual plots + data CSV
19:11:38  baselineEval.src.plotting  INFO       Saved: cv_metric_boxplots.png + data CSV
19:11:39  baselineEval.src.plotting  INFO       Saved: hyperparameter distribution plots + data CSV
19:11:40  baselineEval.src.plotting  INFO       Saved: pred_vs_actual plots + data CSV
19:11:40  baselineEval.src.plotting  INFO       Saved: residual plots + data CSV
19:11:41  baselineEval.src.plotting  INFO       Saved: representation_comparison.png + data CSV
19:11:41  baselineEval.src.plotting  INFO       Saved: cv_metric_boxplots.png + data CSV
19:11:42  baselineEval.src.plotting  INFO       Saved: hyperparameter distribution plots + data CSV
19:11:42  baselineEval.src.plotting  INFO       Saved: pred_vs_actual plots + data CSV
19:11:43  baselineEval.src.plotting  INFO       Saved: residual plots + data CSV
19:11:44  baselineEval.src.plotting  INFO       Saved: cv_metric_boxplots.png + data CSV
19:11:44  baselineEval.src.plotting  INFO       Saved: hyperparameter distribution plots + data CSV
19:11:45  baselineEval.src.plotting  INFO       Saved: pred_vs_actual plots + data CSV
19:11:46  baselineEval.src.plotting  INFO       Saved: residual plots + data CSV
19:11:46  baselineEval.src.plotting  INFO       Saved: cv_metric_boxplots.png + data CSV
19:11:47  baselineEval.src.plotting  INFO       Saved: hyperparameter distribution plots + data CSV
19:11:47  baselineEval.src.plotting  INFO       Saved: pred_vs_actual plots + data CSV
19:11:47  baselineEval.src.plotting  INFO       Saved: residual plots + data CSV
19:11:48  baselineEval.src.plotting  INFO       Saved: cv_metric_boxplots.png + data CSV
19:11:48  baselineEval.src.plotting  INFO       Saved: hyperparameter distribution plots + data CSV
19:11:49  baselineEval.src.plotting  INFO       Saved: pred_vs_actual plots + data CSV
19:11:49  baselineEval.src.plotting  INFO       Saved: residual plots + data CSV
19:11:50  baselineEval.src.plotting  INFO       Saved: cv_metric_boxplots.png + data CSV
19:11:50  baselineEval.src.plotting  INFO       Saved: hyperparameter distribution plots + data CSV
19:11:51  baselineEval.src.plotting  INFO       Saved: pred_vs_actual plots + data CSV
19:11:51  baselineEval.src.plotting  INFO       Saved: residual plots + data CSV
19:11:52  baselineEval.src.plotting  INFO       Saved: cv_metric_boxplots.png + data CSV
19:11:52  baselineEval.src.plotting  INFO       Saved: hyperparameter distribution plots + data CSV
19:11:53  baselineEval.src.plotting  INFO       Saved: pred_vs_actual plots + data CSV
19:11:53  baselineEval.src.plotting  INFO       Saved: residual plots + data CSV
19:11:54  baselineEval.src.plotting  INFO       Saved: cv_metric_boxplots.png + data CSV
19:11:54  baselineEval.src.plotting  INFO       Saved: hyperparameter distribution plots + data CSV
19:11:54  baselineEval.src.plotting  INFO       Saved: pred_vs_actual plots + data CSV
19:11:55  baselineEval.src.plotting  INFO       Saved: residual plots + data CSV
19:11:56  baselineEval.src.plotting  INFO       Saved: cv_metric_boxplots.png + data CSV
19:11:56  baselineEval.src.plotting  INFO       Saved: hyperparameter distribution plots + data CSV
19:11:56  baselineEval.src.plotting  INFO       Saved: pred_vs_actual plots + data CSV
19:11:57  baselineEval.src.plotting  INFO       Saved: residual plots + data CSV
19:11:57  baselineEval.src.plotting  INFO       Saved: representation_comparison.png + data CSV
19:11:58  baselineEval.src.plotting  INFO       Saved: cv_metric_boxplots.png + data CSV
19:11:58  baselineEval.src.plotting  INFO       Saved: hyperparameter distribution plots + data CSV
19:11:59  baselineEval.src.plotting  INFO       Saved: pred_vs_actual plots + data CSV
19:11:59  baselineEval.src.plotting  INFO       Saved: residual plots + data CSV
19:12:00  baselineEval.src.plotting  INFO       Saved: cv_metric_boxplots.png + data CSV
19:12:00  baselineEval.src.plotting  INFO       Saved: hyperparameter distribution plots + data CSV
19:12:01  baselineEval.src.plotting  INFO       Saved: pred_vs_actual plots + data CSV
19:12:02  baselineEval.src.plotting  INFO       Saved: residual plots + data CSV
19:12:03  baselineEval.src.plotting  INFO       Saved: cv_metric_boxplots.png + data CSV
19:12:03  baselineEval.src.plotting  INFO       Saved: hyperparameter distribution plots + data CSV
19:12:03  baselineEval.src.plotting  INFO       Saved: pred_vs_actual plots + data CSV
19:12:04  baselineEval.src.plotting  INFO       Saved: residual plots + data CSV
19:12:05  baselineEval.src.plotting  INFO       Saved: cv_metric_boxplots.png + data CSV
19:12:05  baselineEval.src.plotting  INFO       Saved: hyperparameter distribution plots + data CSV
19:12:05  baselineEval.src.plotting  INFO       Saved: pred_vs_actual plots + data CSV
19:12:06  baselineEval.src.plotting  INFO       Saved: residual plots + data CSV
19:12:07  baselineEval.src.plotting  INFO       Saved: cv_metric_boxplots.png + data CSV
19:12:07  baselineEval.src.plotting  INFO       Saved: hyperparameter distribution plots + data CSV
19:12:07  baselineEval.src.plotting  INFO       Saved: pred_vs_actual plots + data CSV
19:12:08  baselineEval.src.plotting  INFO       Saved: residual plots + data CSV
19:12:08  baselineEval.src.plotting  INFO       Saved: cv_metric_boxplots.png + data CSV
19:12:09  baselineEval.src.plotting  INFO       Saved: hyperparameter distribution plots + data CSV
19:12:09  baselineEval.src.plotting  INFO       Saved: pred_vs_actual plots + data CSV
19:12:09  baselineEval.src.plotting  INFO       Saved: residual plots + data CSV
19:12:10  baselineEval.src.plotting  INFO       Saved: cv_metric_boxplots.png + data CSV
19:12:10  baselineEval.src.plotting  INFO       Saved: hyperparameter distribution plots + data CSV
19:12:11  baselineEval.src.plotting  INFO       Saved: pred_vs_actual plots + data CSV
19:12:11  baselineEval.src.plotting  INFO       Saved: residual plots + data CSV
19:12:12  baselineEval.src.plotting  INFO       Saved: cv_metric_boxplots.png + data CSV
19:12:12  baselineEval.src.plotting  INFO       Saved: hyperparameter distribution plots + data CSV
19:12:13  baselineEval.src.plotting  INFO       Saved: pred_vs_actual plots + data CSV
19:12:13  baselineEval.src.plotting  INFO       Saved: residual plots + data CSV
19:12:14  baselineEval.src.plotting  INFO       Saved: representation_comparison.png + data CSV
19:12:14  baselineEval.src.plotting  INFO       Saved: cv_metric_boxplots.png + data CSV
19:12:15  baselineEval.src.plotting  INFO       Saved: hyperparameter distribution plots + data CSV
19:12:15  baselineEval.src.plotting  INFO       Saved: pred_vs_actual plots + data CSV
19:12:15  baselineEval.src.plotting  INFO       Saved: residual plots + data CSV
19:12:16  baselineEval.src.plotting  INFO       Saved: cv_metric_boxplots.png + data CSV
19:12:16  baselineEval.src.plotting  INFO       Saved: hyperparameter distribution plots + data CSV
19:12:17  baselineEval.src.plotting  INFO       Saved: pred_vs_actual plots + data CSV
19:12:17  baselineEval.src.plotting  INFO       Saved: residual plots + data CSV
19:12:18  baselineEval.src.plotting  INFO       Saved: cv_metric_boxplots.png + data CSV
19:12:18  baselineEval.src.plotting  INFO       Saved: hyperparameter distribution plots + data CSV
19:12:19  baselineEval.src.plotting  INFO       Saved: pred_vs_actual plots + data CSV
19:12:19  baselineEval.src.plotting  INFO       Saved: residual plots + data CSV
19:12:20  baselineEval.src.plotting  INFO       Saved: cv_metric_boxplots.png + data CSV
19:12:20  baselineEval.src.plotting  INFO       Saved: hyperparameter distribution plots + data CSV
19:12:20  baselineEval.src.plotting  INFO       Saved: pred_vs_actual plots + data CSV
19:12:21  baselineEval.src.plotting  INFO       Saved: residual plots + data CSV
19:12:21  baselineEval.src.plotting  INFO       Saved: cv_metric_boxplots.png + data CSV
19:12:22  baselineEval.src.plotting  INFO       Saved: hyperparameter distribution plots + data CSV
19:12:23  baselineEval.src.plotting  INFO       Saved: pred_vs_actual plots + data CSV
19:12:23  baselineEval.src.plotting  INFO       Saved: residual plots + data CSV
19:12:24  baselineEval.src.plotting  INFO       Saved: cv_metric_boxplots.png + data CSV
19:12:24  baselineEval.src.plotting  INFO       Saved: hyperparameter distribution plots + data CSV
19:12:25  baselineEval.src.plotting  INFO       Saved: pred_vs_actual plots + data CSV
19:12:25  baselineEval.src.plotting  INFO       Saved: residual plots + data CSV
19:12:26  baselineEval.src.plotting  INFO       Saved: cv_metric_boxplots.png + data CSV
19:12:26  baselineEval.src.plotting  INFO       Saved: hyperparameter distribution plots + data CSV
19:12:27  baselineEval.src.plotting  INFO       Saved: pred_vs_actual plots + data CSV
19:12:27  baselineEval.src.plotting  INFO       Saved: residual plots + data CSV
19:12:28  baselineEval.src.plotting  INFO       Saved: cv_metric_boxplots.png + data CSV
19:12:28  baselineEval.src.plotting  INFO       Saved: hyperparameter distribution plots + data CSV
19:12:29  baselineEval.src.plotting  INFO       Saved: pred_vs_actual plots + data CSV
19:12:29  baselineEval.src.plotting  INFO       Saved: residual plots + data CSV
19:12:30  baselineEval.src.plotting  INFO       Saved: representation_comparison.png + data CSV
19:12:30  baselineEval.src.plotting  INFO       Saved: cv_metric_boxplots.png + data CSV
19:12:31  baselineEval.src.plotting  INFO       Saved: hyperparameter distribution plots + data CSV
19:12:31  baselineEval.src.plotting  INFO       Saved: pred_vs_actual plots + data CSV
19:12:31  baselineEval.src.plotting  INFO       Saved: residual plots + data CSV
19:12:32  baselineEval.src.plotting  INFO       Saved: cv_metric_boxplots.png + data CSV
19:12:32  baselineEval.src.plotting  INFO       Saved: hyperparameter distribution plots + data CSV
19:12:33  baselineEval.src.plotting  INFO       Saved: pred_vs_actual plots + data CSV
19:12:33  baselineEval.src.plotting  INFO       Saved: residual plots + data CSV
19:12:34  baselineEval.src.plotting  INFO       Saved: cv_metric_boxplots.png + data CSV
19:12:34  baselineEval.src.plotting  INFO       Saved: hyperparameter distribution plots + data CSV
19:12:35  baselineEval.src.plotting  INFO       Saved: pred_vs_actual plots + data CSV
19:12:35  baselineEval.src.plotting  INFO       Saved: residual plots + data CSV
19:12:36  baselineEval.src.plotting  INFO       Saved: cv_metric_boxplots.png + data CSV
19:12:36  baselineEval.src.plotting  INFO       Saved: hyperparameter distribution plots + data CSV
19:12:36  baselineEval.src.plotting  INFO       Saved: pred_vs_actual plots + data CSV
19:12:37  baselineEval.src.plotting  INFO       Saved: residual plots + data CSV
19:12:38  baselineEval.src.plotting  INFO       Saved: cv_metric_boxplots.png + data CSV
19:12:38  baselineEval.src.plotting  INFO       Saved: hyperparameter distribution plots + data CSV
19:12:38  baselineEval.src.plotting  INFO       Saved: pred_vs_actual plots + data CSV
19:12:39  baselineEval.src.plotting  INFO       Saved: residual plots + data CSV
19:12:40  baselineEval.src.plotting  INFO       Saved: cv_metric_boxplots.png + data CSV
19:12:40  baselineEval.src.plotting  INFO       Saved: hyperparameter distribution plots + data CSV
19:12:40  baselineEval.src.plotting  INFO       Saved: pred_vs_actual plots + data CSV
19:12:41  baselineEval.src.plotting  INFO       Saved: residual plots + data CSV
19:12:41  baselineEval.src.plotting  INFO       Saved: cv_metric_boxplots.png + data CSV
19:12:42  baselineEval.src.plotting  INFO       Saved: hyperparameter distribution plots + data CSV
19:12:42  baselineEval.src.plotting  INFO       Saved: pred_vs_actual plots + data CSV
19:12:43  baselineEval.src.plotting  INFO       Saved: residual plots + data CSV
19:12:43  baselineEval.src.plotting  INFO       Saved: cv_metric_boxplots.png + data CSV
19:12:44  baselineEval.src.plotting  INFO       Saved: hyperparameter distribution plots + data CSV
19:12:44  baselineEval.src.plotting  INFO       Saved: pred_vs_actual plots + data CSV
19:12:45  baselineEval.src.plotting  INFO       Saved: residual plots + data CSV
19:12:46  baselineEval.src.plotting  INFO       Saved: representation_comparison.png + data CSV
19:12:46  baselineEval.src.plotting  INFO       Saved: cv_metric_boxplots.png + data CSV
19:12:46  baselineEval.src.plotting  INFO       Saved: hyperparameter distribution plots + data CSV
19:12:47  baselineEval.src.plotting  INFO       Saved: pred_vs_actual plots + data CSV
19:12:47  baselineEval.src.plotting  INFO       Saved: residual plots + data CSV
19:12:48  baselineEval.src.plotting  INFO       Saved: cv_metric_boxplots.png + data CSV
19:12:48  baselineEval.src.plotting  INFO       Saved: hyperparameter distribution plots + data CSV
19:12:49  baselineEval.src.plotting  INFO       Saved: pred_vs_actual plots + data CSV
19:12:49  baselineEval.src.plotting  INFO       Saved: residual plots + data CSV
19:12:50  baselineEval.src.plotting  INFO       Saved: cv_metric_boxplots.png + data CSV
19:12:50  baselineEval.src.plotting  INFO       Saved: hyperparameter distribution plots + data CSV
19:12:50  baselineEval.src.plotting  INFO       Saved: pred_vs_actual plots + data CSV
19:12:51  baselineEval.src.plotting  INFO       Saved: residual plots + data CSV
19:12:52  baselineEval.src.plotting  INFO       Saved: cv_metric_boxplots.png + data CSV
19:12:52  baselineEval.src.plotting  INFO       Saved: hyperparameter distribution plots + data CSV
19:12:52  baselineEval.src.plotting  INFO       Saved: pred_vs_actual plots + data CSV
19:12:53  baselineEval.src.plotting  INFO       Saved: residual plots + data CSV
19:12:53  baselineEval.src.plotting  INFO       Saved: cv_metric_boxplots.png + data CSV
19:12:54  baselineEval.src.plotting  INFO       Saved: hyperparameter distribution plots + data CSV
19:12:54  baselineEval.src.plotting  INFO       Saved: pred_vs_actual plots + data CSV
19:12:54  baselineEval.src.plotting  INFO       Saved: residual plots + data CSV
19:12:55  baselineEval.src.plotting  INFO       Saved: cv_metric_boxplots.png + data CSV
19:12:55  baselineEval.src.plotting  INFO       Saved: hyperparameter distribution plots + data CSV
19:12:56  baselineEval.src.plotting  INFO       Saved: pred_vs_actual plots + data CSV
19:12:56  baselineEval.src.plotting  INFO       Saved: residual plots + data CSV
19:12:57  baselineEval.src.plotting  INFO       Saved: cv_metric_boxplots.png + data CSV
19:12:57  baselineEval.src.plotting  INFO       Saved: hyperparameter distribution plots + data CSV
19:12:58  baselineEval.src.plotting  INFO       Saved: pred_vs_actual plots + data CSV
19:12:58  baselineEval.src.plotting  INFO       Saved: residual plots + data CSV
19:12:59  baselineEval.src.plotting  INFO       Saved: cv_metric_boxplots.png + data CSV
19:12:59  baselineEval.src.plotting  INFO       Saved: hyperparameter distribution plots + data CSV
19:12:59  baselineEval.src.plotting  INFO       Saved: pred_vs_actual plots + data CSV
19:13:00  baselineEval.src.plotting  INFO       Saved: residual plots + data CSV
19:13:01  baselineEval.src.plotting  INFO       Saved: representation_comparison.png + data CSV
19:13:01  baselineEval.src.plotting  INFO       Saved: cv_metric_boxplots.png + data CSV
19:13:01  baselineEval.src.plotting  INFO       Saved: hyperparameter distribution plots + data CSV
19:13:02  baselineEval.src.plotting  INFO       Saved: pred_vs_actual plots + data CSV
19:13:02  baselineEval.src.plotting  INFO       Saved: residual plots + data CSV
19:13:03  baselineEval.src.plotting  INFO       Saved: cv_metric_boxplots.png + data CSV
19:13:03  baselineEval.src.plotting  INFO       Saved: hyperparameter distribution plots + data CSV
19:13:04  baselineEval.src.plotting  INFO       Saved: pred_vs_actual plots + data CSV
19:13:04  baselineEval.src.plotting  INFO       Saved: residual plots + data CSV
19:13:05  baselineEval.src.plotting  INFO       Saved: cv_metric_boxplots.png + data CSV
19:13:05  baselineEval.src.plotting  INFO       Saved: hyperparameter distribution plots + data CSV
19:13:05  baselineEval.src.plotting  INFO       Saved: pred_vs_actual plots + data CSV
19:13:06  baselineEval.src.plotting  INFO       Saved: residual plots + data CSV
19:13:07  baselineEval.src.plotting  INFO       Saved: cv_metric_boxplots.png + data CSV
19:13:07  baselineEval.src.plotting  INFO       Saved: hyperparameter distribution plots + data CSV
19:13:07  baselineEval.src.plotting  INFO       Saved: pred_vs_actual plots + data CSV
19:13:08  baselineEval.src.plotting  INFO       Saved: residual plots + data CSV
19:13:09  baselineEval.src.plotting  INFO       Saved: cv_metric_boxplots.png + data CSV
19:13:09  baselineEval.src.plotting  INFO       Saved: hyperparameter distribution plots + data CSV
19:13:09  baselineEval.src.plotting  INFO       Saved: pred_vs_actual plots + data CSV
19:13:10  baselineEval.src.plotting  INFO       Saved: residual plots + data CSV
19:13:10  baselineEval.src.plotting  INFO       Saved: cv_metric_boxplots.png + data CSV
19:13:11  baselineEval.src.plotting  INFO       Saved: hyperparameter distribution plots + data CSV
19:13:11  baselineEval.src.plotting  INFO       Saved: pred_vs_actual plots + data CSV
19:13:12  baselineEval.src.plotting  INFO       Saved: residual plots + data CSV
19:13:12  baselineEval.src.plotting  INFO       Saved: cv_metric_boxplots.png + data CSV
19:13:12  baselineEval.src.plotting  INFO       Saved: hyperparameter distribution plots + data CSV
19:13:13  baselineEval.src.plotting  INFO       Saved: pred_vs_actual plots + data CSV
19:13:13  baselineEval.src.plotting  INFO       Saved: residual plots + data CSV
19:13:14  baselineEval.src.plotting  INFO       Saved: cv_metric_boxplots.png + data CSV
19:13:14  baselineEval.src.plotting  INFO       Saved: hyperparameter distribution plots + data CSV
19:13:15  baselineEval.src.plotting  INFO       Saved: pred_vs_actual plots + data CSV
19:13:15  baselineEval.src.plotting  INFO       Saved: residual plots + data CSV
19:13:16  baselineEval.src.plotting  INFO       Saved: representation_comparison.png + data CSV
19:13:17  baselineEval.src.plotting  INFO       Saved: cv_metric_boxplots.png + data CSV
19:13:17  baselineEval.src.plotting  INFO       Saved: hyperparameter distribution plots + data CSV
19:13:17  baselineEval.src.plotting  INFO       Saved: pred_vs_actual plots + data CSV
19:13:18  baselineEval.src.plotting  INFO       Saved: residual plots + data CSV
19:13:18  baselineEval.src.plotting  INFO       Saved: cv_metric_boxplots.png + data CSV
19:13:18  baselineEval.src.plotting  INFO       Saved: hyperparameter distribution plots + data CSV
19:13:19  baselineEval.src.plotting  INFO       Saved: pred_vs_actual plots + data CSV
19:13:19  baselineEval.src.plotting  INFO       Saved: residual plots + data CSV
19:13:20  baselineEval.src.plotting  INFO       Saved: cv_metric_boxplots.png + data CSV
19:13:20  baselineEval.src.plotting  INFO       Saved: hyperparameter distribution plots + data CSV
19:13:21  baselineEval.src.plotting  INFO       Saved: pred_vs_actual plots + data CSV
19:13:21  baselineEval.src.plotting  INFO       Saved: residual plots + data CSV
19:13:22  baselineEval.src.plotting  INFO       Saved: cv_metric_boxplots.png + data CSV
19:13:22  baselineEval.src.plotting  INFO       Saved: hyperparameter distribution plots + data CSV
19:13:23  baselineEval.src.plotting  INFO       Saved: pred_vs_actual plots + data CSV
19:13:23  baselineEval.src.plotting  INFO       Saved: residual plots + data CSV
19:13:24  baselineEval.src.plotting  INFO       Saved: cv_metric_boxplots.png + data CSV
19:13:24  baselineEval.src.plotting  INFO       Saved: hyperparameter distribution plots + data CSV
19:13:25  baselineEval.src.plotting  INFO       Saved: pred_vs_actual plots + data CSV
19:13:25  baselineEval.src.plotting  INFO       Saved: residual plots + data CSV
19:13:26  baselineEval.src.plotting  INFO       Saved: cv_metric_boxplots.png + data CSV
19:13:26  baselineEval.src.plotting  INFO       Saved: hyperparameter distribution plots + data CSV
19:13:26  baselineEval.src.plotting  INFO       Saved: pred_vs_actual plots + data CSV
19:13:27  baselineEval.src.plotting  INFO       Saved: residual plots + data CSV
19:13:28  baselineEval.src.plotting  INFO       Saved: cv_metric_boxplots.png + data CSV
19:13:28  baselineEval.src.plotting  INFO       Saved: hyperparameter distribution plots + data CSV
19:13:28  baselineEval.src.plotting  INFO       Saved: pred_vs_actual plots + data CSV
19:13:29  baselineEval.src.plotting  INFO       Saved: residual plots + data CSV
19:13:29  baselineEval.src.plotting  INFO       Saved: cv_metric_boxplots.png + data CSV
19:13:30  baselineEval.src.plotting  INFO       Saved: hyperparameter distribution plots + data CSV
19:13:30  baselineEval.src.plotting  INFO       Saved: pred_vs_actual plots + data CSV
19:13:31  baselineEval.src.plotting  INFO       Saved: residual plots + data CSV
19:13:31  baselineEval.src.plotting  INFO       Saved: representation_comparison.png + data CSV
19:13:32  baselineEval.src.plotting  INFO       Saved: cv_metric_boxplots.png + data CSV
19:13:32  baselineEval.src.plotting  INFO       Saved: hyperparameter distribution plots + data CSV
19:13:32  baselineEval.src.plotting  INFO       Saved: pred_vs_actual plots + data CSV
19:13:33  baselineEval.src.plotting  INFO       Saved: residual plots + data CSV
19:13:33  baselineEval.src.plotting  INFO       Saved: cv_metric_boxplots.png + data CSV
19:13:34  baselineEval.src.plotting  INFO       Saved: hyperparameter distribution plots + data CSV
19:13:34  baselineEval.src.plotting  INFO       Saved: pred_vs_actual plots + data CSV
19:13:35  baselineEval.src.plotting  INFO       Saved: residual plots + data CSV
19:13:36  baselineEval.src.plotting  INFO       Saved: cv_metric_boxplots.png + data CSV
19:13:36  baselineEval.src.plotting  INFO       Saved: hyperparameter distribution plots + data CSV
19:13:36  baselineEval.src.plotting  INFO       Saved: pred_vs_actual plots + data CSV
19:13:37  baselineEval.src.plotting  INFO       Saved: residual plots + data CSV
19:13:37  baselineEval.src.plotting  INFO       Saved: cv_metric_boxplots.png + data CSV
19:13:38  baselineEval.src.plotting  INFO       Saved: hyperparameter distribution plots + data CSV
19:13:38  baselineEval.src.plotting  INFO       Saved: pred_vs_actual plots + data CSV
19:13:39  baselineEval.src.plotting  INFO       Saved: residual plots + data CSV
19:13:39  baselineEval.src.plotting  INFO       Saved: cv_metric_boxplots.png + data CSV
19:13:39  baselineEval.src.plotting  INFO       Saved: hyperparameter distribution plots + data CSV
19:13:40  baselineEval.src.plotting  INFO       Saved: pred_vs_actual plots + data CSV
19:13:40  baselineEval.src.plotting  INFO       Saved: residual plots + data CSV
19:13:41  baselineEval.src.plotting  INFO       Saved: cv_metric_boxplots.png + data CSV
19:13:41  baselineEval.src.plotting  INFO       Saved: hyperparameter distribution plots + data CSV
19:13:42  baselineEval.src.plotting  INFO       Saved: pred_vs_actual plots + data CSV
19:13:42  baselineEval.src.plotting  INFO       Saved: residual plots + data CSV
19:13:43  baselineEval.src.plotting  INFO       Saved: cv_metric_boxplots.png + data CSV
19:13:43  baselineEval.src.plotting  INFO       Saved: hyperparameter distribution plots + data CSV
19:13:43  baselineEval.src.plotting  INFO       Saved: pred_vs_actual plots + data CSV
19:13:44  baselineEval.src.plotting  INFO       Saved: residual plots + data CSV
19:13:45  baselineEval.src.plotting  INFO       Saved: cv_metric_boxplots.png + data CSV
19:13:45  baselineEval.src.plotting  INFO       Saved: hyperparameter distribution plots + data CSV
19:13:45  baselineEval.src.plotting  INFO       Saved: pred_vs_actual plots + data CSV
19:13:46  baselineEval.src.plotting  INFO       Saved: residual plots + data CSV
19:13:46  baselineEval.src.plotting  INFO       Saved: representation_comparison.png + data CSV
19:13:48  baselineEval.src.plotting  INFO       Saved: held_out_summary_classification.png + data CSV
19:13:51  baselineEval.src.plotting  INFO       Saved: held_out_summary_regression.png + data CSV
19:13:52  baselineEval.src.plotting  INFO       Saved: heatmap_classification.png + data CSV
19:13:56  baselineEval.src.plotting  INFO       Saved: heatmap_regression.png + data CSV
19:13:56  ccnEvaluation         INFO     ═══ Step 7: SHAP — computed inside held-out evaluation ═══
19:13:56  ccnEvaluation         INFO     Pipeline completed in 6172.4 s (102.9 min)
SLURM job 7346831 finished with exit code 0
