Output: /srv/beegfs/scratch/shares/schaerm/schaer2/video_sam2_pose/humanLISBET-paper/baselineEval/results_reduce_social
Standard stats: --stats-kin mean,std,kurtosis,skewness  --stats-emb mean,std
Temporal pooling: enabled (N_TEMPORAL_SEGMENTS=35)
17:00:48  ccnEvaluation         INFO     ccnEvaluation prediction pipeline started
17:00:48  ccnEvaluation         INFO       CSV:           /srv/beegfs/scratch/shares/schaerm/schaer2/video_sam2_pose/humanLISBET-paper/dataset/info/child_for_humanlisbet_paper_with_paths_020326.csv
17:00:48  ccnEvaluation         INFO       Pose (train):  /srv/beegfs/scratch/shares/schaerm/schaer2/video_sam2_pose/humanLISBET-paper/dataset/pose_ready/train
17:00:48  ccnEvaluation         INFO       Pose (test):   /srv/beegfs/scratch/shares/schaerm/schaer2/video_sam2_pose/humanLISBET-paper/dataset/pose_ready/test
17:00:48  ccnEvaluation         INFO       Output:        /srv/beegfs/scratch/shares/schaerm/schaer2/video_sam2_pose/humanLISBET-paper/baselineEval/results_reduce_social
17:00:48  ccnEvaluation         INFO     ═══ Step 1: Feature extraction ═══
17:00:48  ccnEvaluation         INFO     Selected statistics (kinematic): ['mean', 'std', 'kurtosis', 'skewness']
17:00:48  ccnEvaluation         INFO     Selected statistics (embedding): ['mean', 'std']
17:00:49  baselineEval.src.loading  INFO     Clinical CSV: 119 subjects with ASD/TD diagnosis
17:00:50  baselineEval.src.loading  INFO     Found 2974 segment directories in /srv/beegfs/scratch/shares/schaerm/schaer2/video_sam2_pose/humanLISBET-paper/dataset/pose_ready/train
17:00:50  baselineEval.src.loading  INFO     Grouped into 102 video/subject IDs:
17:00:50  baselineEval.src.loading  INFO       7797_T1a_ADOS1: 6 segment(s)
17:00:50  baselineEval.src.loading  INFO       7892_T2a_ADOS: 34 segment(s)
17:00:50  baselineEval.src.loading  INFO       7947_T1a_ADOS: 18 segment(s)
17:00:50  baselineEval.src.loading  INFO       7953_T1a_ADOS: 18 segment(s)
17:00:50  baselineEval.src.loading  INFO       7954_T2a_ADOS: 19 segment(s)
17:00:50  baselineEval.src.loading  INFO       7965_T2a_ADOS: 33 segment(s)
17:00:50  baselineEval.src.loading  INFO       7978_T1a_ADOS: 33 segment(s)
17:00:50  baselineEval.src.loading  INFO       8002_T3_ADOS_scaled: 3 segment(s)
17:00:50  baselineEval.src.loading  INFO       8017_BB_12_15m_ADOS: 28 segment(s)
17:00:50  baselineEval.src.loading  INFO       8018_T1a_ADOS: 20 segment(s)
17:00:50  baselineEval.src.loading  INFO       8019_T1a_ADOS: 16 segment(s)
17:00:50  baselineEval.src.loading  INFO       8031_T1a_ADOS_noncompressed: 34 segment(s)
17:00:50  baselineEval.src.loading  INFO       8042_T2a_ADOS: 35 segment(s)
17:00:50  baselineEval.src.loading  INFO       8046_T2a_ADOS_compressed: 25 segment(s)
17:00:50  baselineEval.src.loading  INFO       8054_ADOS_T2a: 33 segment(s)
17:00:50  baselineEval.src.loading  INFO       8072_T1a_ADOS: 21 segment(s)
17:00:50  baselineEval.src.loading  INFO       8073_T1a_ADOS_compressed: 22 segment(s)
17:00:50  baselineEval.src.loading  INFO       8090_T2a_ADOS: 27 segment(s)
17:00:50  baselineEval.src.loading  INFO       8100_T2a_ADOS: 12 segment(s)
17:00:50  baselineEval.src.loading  INFO       8101_T2a_ADOS: 31 segment(s)
17:00:50  baselineEval.src.loading  INFO       8104_T2a_ADOS: 33 segment(s)
17:00:50  baselineEval.src.loading  INFO       8121_T2a_ADOS_M1_compressed: 45 segment(s)
17:00:50  baselineEval.src.loading  INFO       8137_T2a_ADOS_compressed: 31 segment(s)
17:00:50  baselineEval.src.loading  INFO       8141_T1a_ADOS: 44 segment(s)
17:00:50  baselineEval.src.loading  INFO       8149_T1a_ADOS_noncompressed: 24 segment(s)
17:00:50  baselineEval.src.loading  INFO       8154_T1a_ADOS: 41 segment(s)
17:00:50  baselineEval.src.loading  INFO       8156_T1a_ADOS: 26 segment(s)
17:00:50  baselineEval.src.loading  INFO       8157_T1a_ADOS: 25 segment(s)
17:00:50  baselineEval.src.loading  INFO       8158_T1a_ADOS_compressed: 54 segment(s)
17:00:50  baselineEval.src.loading  INFO       8165_BB_18-21m_ADOS_compressed: 38 segment(s)
17:00:50  baselineEval.src.loading  INFO       8183_T2a_ADOS: 35 segment(s)
17:00:50  baselineEval.src.loading  INFO       8185_T1a_ADOS: 17 segment(s)
17:00:50  baselineEval.src.loading  INFO       8188_T1a_ADOS: 30 segment(s)
17:00:50  baselineEval.src.loading  INFO       8200_T1a_ADOS_compressed_2: 34 segment(s)
17:00:50  baselineEval.src.loading  INFO       8204_T1a_ADOS_noncompressed: 22 segment(s)
17:00:50  baselineEval.src.loading  INFO       8207_T1a_ADOS: 20 segment(s)
17:00:50  baselineEval.src.loading  INFO       8212_T1a_ADOS: 8 segment(s)
17:00:50  baselineEval.src.loading  INFO       8216_T1a_ADOS_uncompressed: 28 segment(s)
17:00:50  baselineEval.src.loading  INFO       8222_T1a_ADOS_compressed: 35 segment(s)
17:00:50  baselineEval.src.loading  INFO       8244_T1a_ADOS: 25 segment(s)
17:00:50  baselineEval.src.loading  INFO       8252_BB_18-21m_ADOS_Compressed: 29 segment(s)
17:00:50  baselineEval.src.loading  INFO       8264_T1a_ADOS_MT: 14 segment(s)
17:00:50  baselineEval.src.loading  INFO       8288_BB_18-21m_ADOS_compressed: 8 segment(s)
17:00:50  baselineEval.src.loading  INFO       8294_T1a_CCSA_ADOS: 19 segment(s)
17:00:50  baselineEval.src.loading  INFO       8295_T1a_ADOS_compressed: 40 segment(s)
17:00:50  baselineEval.src.loading  INFO       8296_BB_15-18m: 32 segment(s)
17:00:50  baselineEval.src.loading  INFO       8297_T1a_ADOS: 43 segment(s)
17:00:50  baselineEval.src.loading  INFO       8298_T2a_ADOS: 15 segment(s)
17:00:50  baselineEval.src.loading  INFO       8299_T1a_ADOS: 31 segment(s)
17:00:50  baselineEval.src.loading  INFO       8300_T1a_ADOS_compressed: 18 segment(s)
17:00:50  baselineEval.src.loading  INFO       8301_T1a_ADOS_Incomplete: 26 segment(s)
17:00:50  baselineEval.src.loading  INFO       8306_T1a_ADOS_CCSA: 44 segment(s)
17:00:50  baselineEval.src.loading  INFO       8307_T1a_ADOS_compressed: 36 segment(s)
17:00:50  baselineEval.src.loading  INFO       8310_T1a_ADOS_noncompressed: 33 segment(s)
17:00:50  baselineEval.src.loading  INFO       8324_T2a_ADOS_Noncompressed: 11 segment(s)
17:00:50  baselineEval.src.loading  INFO       8334_T1a_ADOS: 40 segment(s)
17:00:50  baselineEval.src.loading  INFO       8350_T1a_ADOS: 29 segment(s)
17:00:50  baselineEval.src.loading  INFO       8355_T1a_ADOS: 20 segment(s)
17:00:50  baselineEval.src.loading  INFO       8359_T1a_ADOS: 25 segment(s)
17:00:50  baselineEval.src.loading  INFO       8360_T1a_ADOS: 21 segment(s)
17:00:50  baselineEval.src.loading  INFO       8372_T1a_ADOS_compressed: 29 segment(s)
17:00:50  baselineEval.src.loading  INFO       8385_T1a_ADOS_noncompressed: 14 segment(s)
17:00:50  baselineEval.src.loading  INFO       8387_T1a_ADOS: 27 segment(s)
17:00:50  baselineEval.src.loading  INFO       8404_T1a_ADOS_NotCompressed: 35 segment(s)
17:00:50  baselineEval.src.loading  INFO       8420_T1a_ADOS: 40 segment(s)
17:00:50  baselineEval.src.loading  INFO       8434_T1a_ADOS: 58 segment(s)
17:00:50  baselineEval.src.loading  INFO       8454_T1a_ADOS_NonCompressed: 30 segment(s)
17:00:50  baselineEval.src.loading  INFO       8455_T1a_ADOS_Noncompressed: 26 segment(s)
17:00:50  baselineEval.src.loading  INFO       8462_T1a_ADOS: 25 segment(s)
17:00:50  baselineEval.src.loading  INFO       8488_T1a_ADOS: 23 segment(s)
17:00:50  baselineEval.src.loading  INFO       8492_T1a_ADOS_NonCompressed: 20 segment(s)
17:00:50  baselineEval.src.loading  INFO       8529_T1a_ADOS_Noncompressed: 37 segment(s)
17:00:50  baselineEval.src.loading  INFO       8561_T1a_ADOS: 26 segment(s)
17:00:50  baselineEval.src.loading  INFO       8577_T1a_ADOS: 30 segment(s)
17:00:50  baselineEval.src.loading  INFO       V001: 30 segment(s)
17:00:50  baselineEval.src.loading  INFO       V002: 34 segment(s)
17:00:50  baselineEval.src.loading  INFO       V003: 23 segment(s)
17:00:50  baselineEval.src.loading  INFO       V004: 22 segment(s)
17:00:50  baselineEval.src.loading  INFO       V005: 24 segment(s)
17:00:50  baselineEval.src.loading  INFO       V007: 28 segment(s)
17:00:50  baselineEval.src.loading  INFO       V008: 35 segment(s)
17:00:50  baselineEval.src.loading  INFO       V009: 22 segment(s)
17:00:50  baselineEval.src.loading  INFO       V010: 30 segment(s)
17:00:50  baselineEval.src.loading  INFO       V011: 46 segment(s)
17:00:50  baselineEval.src.loading  INFO       V012: 37 segment(s)
17:00:50  baselineEval.src.loading  INFO       V013: 35 segment(s)
17:00:50  baselineEval.src.loading  INFO       V014: 34 segment(s)
17:00:50  baselineEval.src.loading  INFO       V015: 14 segment(s)
17:00:50  baselineEval.src.loading  INFO       V016: 35 segment(s)
17:00:50  baselineEval.src.loading  INFO       V017: 25 segment(s)
17:00:50  baselineEval.src.loading  INFO       V018: 51 segment(s)
17:00:50  baselineEval.src.loading  INFO       V019: 38 segment(s)
17:00:50  baselineEval.src.loading  INFO       V020: 39 segment(s)
17:00:50  baselineEval.src.loading  INFO       V021: 51 segment(s)
17:00:50  baselineEval.src.loading  INFO       V022: 37 segment(s)
17:00:50  baselineEval.src.loading  INFO       V023: 41 segment(s)
17:00:50  baselineEval.src.loading  INFO       V024: 19 segment(s)
17:00:50  baselineEval.src.loading  INFO       V025: 35 segment(s)
17:00:50  baselineEval.src.loading  INFO       V026: 44 segment(s)
17:00:50  baselineEval.src.loading  INFO       V027: 34 segment(s)
17:00:50  baselineEval.src.loading  INFO       V028: 34 segment(s)
17:00:50  baselineEval.src.loading  INFO       V029: 40 segment(s)
17:00:50  baselineEval.src.loading  INFO     Computing features for 102 subjects (n_jobs=16) …
Computing features:   0%|          | 0/102 [00:00<?, ?it/s]Computing features:  31%|███▏      | 32/102 [00:17<00:38,  1.80it/s]/srv/beegfs/scratch/shares/schaerm/schaer2/video_sam2_pose/humanLISBET-paper/baselineEval/src/loading.py:118: RuntimeWarning: Precision loss occurred in moment calculation due to catastrophic cancellation. This occurs when the data are nearly identical. Results may be unreliable.
  skewness = float(scipy_stats.skew(valid_wins, bias=False))
/srv/beegfs/scratch/shares/schaerm/schaer2/video_sam2_pose/humanLISBET-paper/baselineEval/src/loading.py:119: RuntimeWarning: Precision loss occurred in moment calculation due to catastrophic cancellation. This occurs when the data are nearly identical. Results may be unreliable.
  kurtosis = float(scipy_stats.kurtosis(valid_wins, bias=False))
Computing features:  47%|████▋     | 48/102 [01:34<02:04,  2.31s/it]Computing features:  63%|██████▎   | 64/102 [02:24<01:39,  2.62s/it]/srv/beegfs/scratch/shares/schaerm/schaer2/video_sam2_pose/humanLISBET-paper/baselineEval/src/loading.py:118: RuntimeWarning: Precision loss occurred in moment calculation due to catastrophic cancellation. This occurs when the data are nearly identical. Results may be unreliable.
  skewness = float(scipy_stats.skew(valid_wins, bias=False))
/srv/beegfs/scratch/shares/schaerm/schaer2/video_sam2_pose/humanLISBET-paper/baselineEval/src/loading.py:119: RuntimeWarning: Precision loss occurred in moment calculation due to catastrophic cancellation. This occurs when the data are nearly identical. Results may be unreliable.
  kurtosis = float(scipy_stats.kurtosis(valid_wins, bias=False))
Computing features:  78%|███████▊  | 80/102 [03:14<01:01,  2.80s/it]Computing features:  94%|█████████▍| 96/102 [03:52<00:15,  2.66s/it]Computing features: 100%|██████████| 102/102 [03:52<00:00,  2.28s/it]
17:06:50  baselineEval.src.loading  INFO     Tukey clipping summary (kinematic): mean=4.06%, max=29.84% across 51 metrics
17:06:50  baselineEval.src.loading  INFO     Feature matrix: 102 subjects × 206 feature columns (+36 meta = 242 total)
17:06:50  baselineEval.src.loading  INFO     Clinical CSV: 119 subjects with ASD/TD diagnosis
17:06:50  baselineEval.src.loading  INFO     Found 452 segment directories in /srv/beegfs/scratch/shares/schaerm/schaer2/video_sam2_pose/humanLISBET-paper/dataset/pose_ready/test
17:06:50  baselineEval.src.loading  INFO     Grouped into 17 video/subject IDs:
17:06:50  baselineEval.src.loading  INFO       7772_T2a_ADOS: 27 segment(s)
17:06:50  baselineEval.src.loading  INFO       8029_T1a_ADOS: 35 segment(s)
17:06:50  baselineEval.src.loading  INFO       8075_T2a_ADOS: 29 segment(s)
17:06:50  baselineEval.src.loading  INFO       8117_T2a_ADOS: 21 segment(s)
17:06:50  baselineEval.src.loading  INFO       8127_T1a_ADOS: 41 segment(s)
17:06:50  baselineEval.src.loading  INFO       8146_T1a_ADOS: 6 segment(s)
17:06:50  baselineEval.src.loading  INFO       8187_T2a_ADOS_M1: 25 segment(s)
17:06:50  baselineEval.src.loading  INFO       8211_T1a_ADOS_compressed: 22 segment(s)
17:06:50  baselineEval.src.loading  INFO       8225_T1a_ADOS: 22 segment(s)
17:06:50  baselineEval.src.loading  INFO       8234_BB_18-21m_ADOS_compressed: 26 segment(s)
17:06:50  baselineEval.src.loading  INFO       8249_T1a_ADOS: 12 segment(s)
17:06:50  baselineEval.src.loading  INFO       8253_T1a_ADOS: 24 segment(s)
17:06:50  baselineEval.src.loading  INFO       8256_T1a_ADOS: 33 segment(s)
17:06:50  baselineEval.src.loading  INFO       8279_T1a_ADOS: 32 segment(s)
17:06:50  baselineEval.src.loading  INFO       8311_T2a_ADOS: 30 segment(s)
17:06:50  baselineEval.src.loading  INFO       8318_T1a_ADOS: 41 segment(s)
17:06:50  baselineEval.src.loading  INFO       8378_T1a_ADOS: 26 segment(s)
17:06:50  baselineEval.src.loading  INFO     Computing features for 17 subjects (n_jobs=16) …
Computing features:   0%|          | 0/17 [00:00<?, ?it/s]Computing features: 100%|██████████| 17/17 [00:00<00:00, 17005.29it/s]
/srv/beegfs/scratch/shares/schaerm/schaer2/video_sam2_pose/humanLISBET-paper/baselineEval/src/loading.py:118: RuntimeWarning: Precision loss occurred in moment calculation due to catastrophic cancellation. This occurs when the data are nearly identical. Results may be unreliable.
  skewness = float(scipy_stats.skew(valid_wins, bias=False))
/srv/beegfs/scratch/shares/schaerm/schaer2/video_sam2_pose/humanLISBET-paper/baselineEval/src/loading.py:119: RuntimeWarning: Precision loss occurred in moment calculation due to catastrophic cancellation. This occurs when the data are nearly identical. Results may be unreliable.
  kurtosis = float(scipy_stats.kurtosis(valid_wins, bias=False))
17:08:28  baselineEval.src.loading  INFO     Tukey clipping summary (kinematic): mean=4.17%, max=40.74% across 51 metrics
17:08:28  baselineEval.src.loading  INFO     Feature matrix: 17 subjects × 206 feature columns (+36 meta = 242 total)
17:08:28  ccnEvaluation         INFO       Train (kinematic): 102 subjects × 242 total columns
17:08:28  ccnEvaluation         INFO       Test  (kinematic): 17 subjects × 242 total columns
17:08:28  ccnEvaluation         INFO     ═══ Step 1b: Embedding feature extraction ═══
17:16:06  baselineEval.src.loading  INFO     Tukey clipping summary (embedding): mean=0.02%, max=7.86% across 128 dims
17:16:06  baselineEval.src.loading  INFO     Embedding DataFrame: 102 subjects × 256 embedding features (+36 meta = 292 total)
17:17:04  baselineEval.src.loading  INFO     Tukey clipping summary (embedding): mean=0.03%, max=6.27% across 128 dims
17:17:05  baselineEval.src.loading  INFO     Embedding DataFrame: 17 subjects × 256 embedding features (+36 meta = 292 total)
17:17:05  ccnEvaluation         INFO       Train (embedding): 102 subjects × 292 total columns
17:17:05  ccnEvaluation         INFO       Test  (embedding): 17 subjects × 292 total columns
17:17:05  ccnEvaluation         WARNING  Skipping target 'MSEL_GM_DQ': 72 non-null samples (< 90 minimum).
17:17:05  ccnEvaluation         INFO     ═══ Representation: motor_only ═══
17:17:05  ccnEvaluation         INFO       Features for motor_only: 186 columns
17:17:05  ccnEvaluation         INFO     ═══ Step 2: Preprocessing report ═══
17:17:05  baselineEval.src.preprocessing  INFO     Feature selection (full dataset): 186 features → 131 kept (0 missingness, 0 near-zero-var, 55 correlated)
17:17:05  baselineEval.src.preprocessing  INFO     Feature selection report → /srv/beegfs/scratch/shares/schaerm/schaer2/video_sam2_pose/humanLISBET-paper/baselineEval/results_reduce_social/motor_only/feature_selection_report.csv
17:17:05  baselineEval.src.preprocessing  INFO     PCA explained-variance data → /srv/beegfs/scratch/shares/schaerm/schaer2/video_sam2_pose/humanLISBET-paper/baselineEval/results_reduce_social/motor_only/pca_explained_variance.csv
17:17:06  baselineEval.src.preprocessing  INFO     PCA explained-variance plot → /srv/beegfs/scratch/shares/schaerm/schaer2/video_sam2_pose/humanLISBET-paper/baselineEval/results_reduce_social/motor_only/pca_explained_variance.png
17:17:06  ccnEvaluation         INFO     ── CV for diagnosis (classification) ──
17:17:06  ccnEvaluation         INFO       X: (102, 186), y: (102,) (classes: [0 1])
17:17:17  baselineEval.src.cross_validation  INFO     Classification CV: 2 models, 5×10 nested CV (50 total outer folds)
17:19:17  baselineEval.src.cross_validation  INFO       Saved: predictions_per_subject.csv
17:19:17  baselineEval.src.cross_validation  INFO       CV results: 100 rows → /srv/beegfs/scratch/shares/schaerm/schaer2/video_sam2_pose/humanLISBET-paper/baselineEval/results_reduce_social/motor_only/classification/diagnosis/cv_results.csv
17:19:17  baselineEval.src.cross_validation  INFO     
── Classification AUC-ROC summary (diagnosis) ──
model  auc_roc_mean  auc_roc_std
lasso      0.793069     0.081266
 lgbm      0.792541     0.096305
17:19:17  ccnEvaluation         INFO     ── Held-out for diagnosis (classification | motor_only) ──
17:19:17  baselineEval.src.held_out  INFO     Best classification model: lasso (AUC=0.7931 ± 0.0813)
17:19:18  baselineEval.src.held_out  INFO     Held-out classification (motor_only | diagnosis): model=lasso AUC=0.800 BAcc=0.757 Acc=0.765 [0.501, 0.932]
17:19:31  baselineEval.src.plotting  INFO       Saved: shap_bar_top20.png and shap_beeswarm_top20.png
17:19:31  baselineEval.src.held_out  INFO     SHAP saved → /srv/beegfs/scratch/shares/schaerm/schaer2/video_sam2_pose/humanLISBET-paper/baselineEval/results_reduce_social/motor_only/held_out/classification/diagnosis/shap
17:19:31  ccnEvaluation         INFO     ── CV for ADOS_2_ADOS_G_revised_RRB_level_of_symptoms (classification) ──
17:19:31  ccnEvaluation         INFO       X: (102, 186), y: (102,) (classes: [0 1 2])
17:19:31  baselineEval.src.cross_validation  INFO     Classification CV: 2 models, 5×10 nested CV (50 total outer folds)
17:22:32  baselineEval.src.cross_validation  INFO       Saved: predictions_per_subject.csv
17:22:32  baselineEval.src.cross_validation  INFO       CV results: 100 rows → /srv/beegfs/scratch/shares/schaerm/schaer2/video_sam2_pose/humanLISBET-paper/baselineEval/results_reduce_social/motor_only/classification/ADOS_2_ADOS_G_revised_RRB_level_of_symptoms/cv_results.csv
17:22:32  baselineEval.src.cross_validation  INFO     
── Classification F1-macro summary (ADOS_2_ADOS_G_revised_RRB_level_of_symptoms) ──
model  f1_macro_mean  f1_macro_std
lasso       0.585429      0.135446
 lgbm       0.545032      0.118897
17:22:32  ccnEvaluation         INFO     ── Held-out for ADOS_2_ADOS_G_revised_RRB_level_of_symptoms (classification | motor_only) ──
17:22:32  baselineEval.src.held_out  INFO     Best classification model: lasso (F1-macro=0.5854 ± 0.1354)
17:22:33  baselineEval.src.held_out  INFO     Held-out classification (motor_only | ADOS_2_ADOS_G_revised_RRB_level_of_symptoms): model=lasso F1-macro=0.428 BAcc=0.428 Acc=0.529 [0.278, 0.770]
17:22:37  baselineEval.src.plotting  INFO       Saved: shap_bar_top20.png and shap_beeswarm_top20.png
17:22:37  baselineEval.src.held_out  INFO     SHAP saved → /srv/beegfs/scratch/shares/schaerm/schaer2/video_sam2_pose/humanLISBET-paper/baselineEval/results_reduce_social/motor_only/held_out/classification/ADOS_2_ADOS_G_revised_RRB_level_of_symptoms/shap
17:22:37  ccnEvaluation         INFO     ── CV for ADOS_2_ADOS_G_REVISED_SA_LEVEL_OF_SYMPTOMS (classification) ──
17:22:37  ccnEvaluation         INFO       X: (102, 186), y: (102,) (classes: [0 1 2 3])
17:22:37  baselineEval.src.cross_validation  INFO     Classification CV: 2 models, 5×10 nested CV (50 total outer folds)
17:26:10  baselineEval.src.cross_validation  INFO       Saved: predictions_per_subject.csv
17:26:10  baselineEval.src.cross_validation  INFO       CV results: 100 rows → /srv/beegfs/scratch/shares/schaerm/schaer2/video_sam2_pose/humanLISBET-paper/baselineEval/results_reduce_social/motor_only/classification/ADOS_2_ADOS_G_REVISED_SA_LEVEL_OF_SYMPTOMS/cv_results.csv
17:26:10  baselineEval.src.cross_validation  INFO     
── Classification F1-macro summary (ADOS_2_ADOS_G_REVISED_SA_LEVEL_OF_SYMPTOMS) ──
model  f1_macro_mean  f1_macro_std
lasso       0.395573      0.110206
 lgbm       0.402359      0.088541
17:26:10  ccnEvaluation         INFO     ── Held-out for ADOS_2_ADOS_G_REVISED_SA_LEVEL_OF_SYMPTOMS (classification | motor_only) ──
17:26:10  baselineEval.src.held_out  INFO     Best classification model: lgbm (F1-macro=0.4024 ± 0.0885)
17:26:11  baselineEval.src.held_out  INFO     Held-out classification (motor_only | ADOS_2_ADOS_G_REVISED_SA_LEVEL_OF_SYMPTOMS): model=lgbm F1-macro=0.163 BAcc=0.190 Acc=0.235 [0.068, 0.499]
17:26:15  baselineEval.src.plotting  INFO       Saved: shap_bar_top20.png and shap_beeswarm_top20.png
17:26:15  baselineEval.src.held_out  INFO     SHAP saved → /srv/beegfs/scratch/shares/schaerm/schaer2/video_sam2_pose/humanLISBET-paper/baselineEval/results_reduce_social/motor_only/held_out/classification/ADOS_2_ADOS_G_REVISED_SA_LEVEL_OF_SYMPTOMS/shap
17:26:15  ccnEvaluation         INFO     ── CV for ADOS_G_ADOS_2_TOTAL_score_de_severite (regression) ──
17:26:15  ccnEvaluation         INFO       X: (102, 186), y: (102,) (classes: [ 1.  2.  3.  4.  5.  6.  7.  8.  9. 10.])
17:26:15  baselineEval.src.cross_validation  INFO     Regression CV: 2 models, 5×10 nested CV (50 total outer folds)
17:27:32  baselineEval.src.cross_validation  INFO       Saved: predictions_per_subject.csv
17:27:32  baselineEval.src.cross_validation  INFO       CV results: 100 rows → /srv/beegfs/scratch/shares/schaerm/schaer2/video_sam2_pose/humanLISBET-paper/baselineEval/results_reduce_social/motor_only/regression/ADOS_G_ADOS_2_TOTAL_score_de_severite/cv_results.csv
17:27:32  baselineEval.src.cross_validation  INFO     
── Regression summary (ADOS_G_ADOS_2_TOTAL_score_de_severite) ──
model     rmse       r2  spearman_r
lasso 2.827040 0.278863    0.581779
 lgbm 2.804141 0.280987    0.557046
17:27:32  ccnEvaluation         INFO     ── Held-out for ADOS_G_ADOS_2_TOTAL_score_de_severite (regression | motor_only) ──
17:27:32  baselineEval.src.held_out  INFO     Best regression model: lgbm (RMSE=2.8041 ± 0.4017)
17:27:34  baselineEval.src.held_out  INFO     Held-out regression (motor_only | ADOS_G_ADOS_2_TOTAL_score_de_severite): model=lgbm RMSE=3.155 [2.016, 4.201] R²=0.190 [-0.528, 0.624] ρ=0.459
17:27:37  baselineEval.src.plotting  INFO       Saved: shap_bar_top20.png and shap_beeswarm_top20.png
17:27:37  baselineEval.src.held_out  INFO     SHAP saved → /srv/beegfs/scratch/shares/schaerm/schaer2/video_sam2_pose/humanLISBET-paper/baselineEval/results_reduce_social/motor_only/held_out/regression/ADOS_G_ADOS_2_TOTAL_score_de_severite/shap
17:27:37  ccnEvaluation         INFO     ── CV for ADOS_2_ADOS_G_REVISED_SA_SEVERITY_SCORE (regression) ──
17:27:37  ccnEvaluation         INFO       X: (102, 186), y: (102,) (classes: [ 1.  2.  3.  4.  5.  6.  7.  9. 10.])
17:27:37  baselineEval.src.cross_validation  INFO     Regression CV: 2 models, 5×10 nested CV (50 total outer folds)
17:28:55  baselineEval.src.cross_validation  INFO       Saved: predictions_per_subject.csv
17:28:55  baselineEval.src.cross_validation  INFO       CV results: 100 rows → /srv/beegfs/scratch/shares/schaerm/schaer2/video_sam2_pose/humanLISBET-paper/baselineEval/results_reduce_social/motor_only/regression/ADOS_2_ADOS_G_REVISED_SA_SEVERITY_SCORE/cv_results.csv
17:28:55  baselineEval.src.cross_validation  INFO     
── Regression summary (ADOS_2_ADOS_G_REVISED_SA_SEVERITY_SCORE) ──
model     rmse       r2  spearman_r
lasso 2.498342 0.329590    0.591861
 lgbm 2.621372 0.252179    0.516822
17:28:55  ccnEvaluation         INFO     ── Held-out for ADOS_2_ADOS_G_REVISED_SA_SEVERITY_SCORE (regression | motor_only) ──
17:28:55  baselineEval.src.held_out  INFO     Best regression model: lasso (RMSE=2.4983 ± 0.3201)
17:28:56  baselineEval.src.held_out  INFO     Held-out regression (motor_only | ADOS_2_ADOS_G_REVISED_SA_SEVERITY_SCORE): model=lasso RMSE=2.627 [1.401, 3.807] R²=0.162 [-0.657, 0.724] ρ=0.530
17:29:00  baselineEval.src.plotting  INFO       Saved: shap_bar_top20.png and shap_beeswarm_top20.png
17:29:00  baselineEval.src.held_out  INFO     SHAP saved → /srv/beegfs/scratch/shares/schaerm/schaer2/video_sam2_pose/humanLISBET-paper/baselineEval/results_reduce_social/motor_only/held_out/regression/ADOS_2_ADOS_G_REVISED_SA_SEVERITY_SCORE/shap
17:29:00  ccnEvaluation         INFO     ── CV for ADOS_2_ADOS_G_REVISED_RRB_SEVERITY_SCORE_new (regression) ──
17:29:00  ccnEvaluation         INFO       X: (102, 186), y: (102,) (classes: [ 1.  5.  6.  7.  8.  9. 10.])
17:29:00  baselineEval.src.cross_validation  INFO     Regression CV: 2 models, 5×10 nested CV (50 total outer folds)
17:30:18  baselineEval.src.cross_validation  INFO       Saved: predictions_per_subject.csv
17:30:18  baselineEval.src.cross_validation  INFO       CV results: 100 rows → /srv/beegfs/scratch/shares/schaerm/schaer2/video_sam2_pose/humanLISBET-paper/baselineEval/results_reduce_social/motor_only/regression/ADOS_2_ADOS_G_REVISED_RRB_SEVERITY_SCORE_new/cv_results.csv
17:30:18  baselineEval.src.cross_validation  INFO     
── Regression summary (ADOS_2_ADOS_G_REVISED_RRB_SEVERITY_SCORE_new) ──
model     rmse       r2  spearman_r
lasso 2.929841 0.126683    0.457123
 lgbm 2.823920 0.176374    0.503509
17:30:18  ccnEvaluation         INFO     ── Held-out for ADOS_2_ADOS_G_REVISED_RRB_SEVERITY_SCORE_new (regression | motor_only) ──
17:30:18  baselineEval.src.held_out  INFO     Best regression model: lgbm (RMSE=2.8239 ± 0.3843)
17:30:19  baselineEval.src.held_out  INFO     Held-out regression (motor_only | ADOS_2_ADOS_G_REVISED_RRB_SEVERITY_SCORE_new): model=lgbm RMSE=2.586 [1.760, 3.319] R²=0.528 [0.085, 0.754] ρ=0.843
17:30:23  baselineEval.src.plotting  INFO       Saved: shap_bar_top20.png and shap_beeswarm_top20.png
17:30:23  baselineEval.src.held_out  INFO     SHAP saved → /srv/beegfs/scratch/shares/schaerm/schaer2/video_sam2_pose/humanLISBET-paper/baselineEval/results_reduce_social/motor_only/held_out/regression/ADOS_2_ADOS_G_REVISED_RRB_SEVERITY_SCORE_new/shap
17:30:23  ccnEvaluation         INFO     ── CV for VLDII_AdSS (regression) ──
17:30:23  ccnEvaluation         INFO       X: (95, 186), y: (95,) (classes: [ 51.  63.  64.  65.  66.  68.  69.  70.  71.  72.  73.  74.  75.  76.
  77.  78.  79.  80.  81.  83.  84.  85.  86.  87.  88.  89.  90.  91.
  92.  93.  94.  95.  96.  97.  99. 100. 102. 103. 104. 105. 107. 108.
 109. 110. 113. 115. 117.])
17:30:23  baselineEval.src.cross_validation  INFO     Regression CV: 2 models, 5×10 nested CV (50 total outer folds)
17:31:39  baselineEval.src.cross_validation  INFO       Saved: predictions_per_subject.csv
17:31:39  baselineEval.src.cross_validation  INFO       CV results: 100 rows → /srv/beegfs/scratch/shares/schaerm/schaer2/video_sam2_pose/humanLISBET-paper/baselineEval/results_reduce_social/motor_only/regression/VLDII_AdSS/cv_results.csv
17:31:39  baselineEval.src.cross_validation  INFO     
── Regression summary (VLDII_AdSS) ──
model      rmse       r2  spearman_r
lasso 13.678278 0.117173    0.405784
 lgbm 13.995779 0.073967    0.349140
17:31:39  ccnEvaluation         INFO     ── Held-out for VLDII_AdSS (regression | motor_only) ──
17:31:39  baselineEval.src.held_out  INFO     Best regression model: lasso (RMSE=13.6783 ± 1.4921)
17:31:40  baselineEval.src.held_out  INFO     Held-out regression (motor_only | VLDII_AdSS): model=lasso RMSE=11.896 [9.253, 14.204] R²=0.435 [0.155, 0.549] ρ=0.749
17:31:44  baselineEval.src.plotting  INFO       Saved: shap_bar_top20.png and shap_beeswarm_top20.png
17:31:44  baselineEval.src.held_out  INFO     SHAP saved → /srv/beegfs/scratch/shares/schaerm/schaer2/video_sam2_pose/humanLISBET-paper/baselineEval/results_reduce_social/motor_only/held_out/regression/VLDII_AdSS/shap
17:31:44  ccnEvaluation         INFO     ── CV for VLDII_MotorSS (regression) ──
17:31:44  ccnEvaluation         INFO       X: (95, 186), y: (95,) (classes: [ 56.  67.  69.  70.  72.  75.  79.  81.  82.  84.  85.  88.  90.  93.
  94.  95.  96.  97. 100. 102. 104. 105. 106. 108. 111. 114. 121. 131.])
17:31:44  baselineEval.src.cross_validation  INFO     Regression CV: 2 models, 5×10 nested CV (50 total outer folds)
17:33:00  baselineEval.src.cross_validation  INFO       Saved: predictions_per_subject.csv
17:33:00  baselineEval.src.cross_validation  INFO       CV results: 100 rows → /srv/beegfs/scratch/shares/schaerm/schaer2/video_sam2_pose/humanLISBET-paper/baselineEval/results_reduce_social/motor_only/regression/VLDII_MotorSS/cv_results.csv
17:33:00  baselineEval.src.cross_validation  INFO     
── Regression summary (VLDII_MotorSS) ──
model      rmse        r2  spearman_r
lasso 12.481750 -0.028611   -0.091847
 lgbm 12.846648 -0.097030    0.063045
17:33:00  ccnEvaluation         INFO     ── Held-out for VLDII_MotorSS (regression | motor_only) ──
17:33:00  baselineEval.src.held_out  INFO     Best regression model: lasso (RMSE=12.4817 ± 1.4037)
/srv/beegfs/scratch/shares/schaerm/schaer2/video_sam2_pose/humanLISBET-paper/baselineEval/src/held_out.py:422: ConstantInputWarning: An input array is constant; the correlation coefficient is not defined.
  sp_r, _ = spearmanr(y_test, y_pred)
/srv/beegfs/scratch/shares/schaerm/schaer2/video_sam2_pose/humanLISBET-paper/baselineEval/src/held_out.py:423: ConstantInputWarning: An input array is constant; the correlation coefficient is not defined.
  pe_r, _ = pearsonr(y_test, y_pred)
17:33:01  baselineEval.src.held_out  INFO     Held-out regression (motor_only | VLDII_MotorSS): model=lasso RMSE=12.713 [9.358, 16.144] R²=-0.009 [-0.572, -0.000] ρ=nan
17:33:05  baselineEval.src.plotting  INFO       Saved: shap_bar_top20.png and shap_beeswarm_top20.png
17:33:05  baselineEval.src.held_out  INFO     SHAP saved → /srv/beegfs/scratch/shares/schaerm/schaer2/video_sam2_pose/humanLISBET-paper/baselineEval/results_reduce_social/motor_only/held_out/regression/VLDII_MotorSS/shap
17:33:05  ccnEvaluation         INFO     ── CV for VLDII_gmsVS (regression) ──
17:33:05  ccnEvaluation         INFO       X: (95, 186), y: (95,) (classes: [ 8.  9. 10. 11. 12. 13. 14. 15. 16. 17. 18. 22.])
17:33:05  baselineEval.src.cross_validation  INFO     Regression CV: 2 models, 5×10 nested CV (50 total outer folds)
17:34:20  baselineEval.src.cross_validation  INFO       Saved: predictions_per_subject.csv
17:34:20  baselineEval.src.cross_validation  INFO       CV results: 100 rows → /srv/beegfs/scratch/shares/schaerm/schaer2/video_sam2_pose/humanLISBET-paper/baselineEval/results_reduce_social/motor_only/regression/VLDII_gmsVS/cv_results.csv
17:34:20  baselineEval.src.cross_validation  INFO     
── Regression summary (VLDII_gmsVS) ──
model     rmse        r2  spearman_r
lasso 2.124833 -0.023052   -0.378994
 lgbm 2.188772 -0.102252    0.101837
17:34:20  ccnEvaluation         INFO     ── Held-out for VLDII_gmsVS (regression | motor_only) ──
17:34:20  baselineEval.src.held_out  INFO     Best regression model: lasso (RMSE=2.1248 ± 0.3509)
/srv/beegfs/scratch/shares/schaerm/schaer2/video_sam2_pose/humanLISBET-paper/baselineEval/src/held_out.py:422: ConstantInputWarning: An input array is constant; the correlation coefficient is not defined.
  sp_r, _ = spearmanr(y_test, y_pred)
/srv/beegfs/scratch/shares/schaerm/schaer2/video_sam2_pose/humanLISBET-paper/baselineEval/src/held_out.py:423: ConstantInputWarning: An input array is constant; the correlation coefficient is not defined.
  pe_r, _ = pearsonr(y_test, y_pred)
17:34:21  baselineEval.src.held_out  INFO     Held-out regression (motor_only | VLDII_gmsVS): model=lasso RMSE=1.893 [1.289, 2.418] R²=-0.014 [-0.494, -0.000] ρ=nan
17:34:25  baselineEval.src.plotting  INFO       Saved: shap_bar_top20.png and shap_beeswarm_top20.png
17:34:25  baselineEval.src.held_out  INFO     SHAP saved → /srv/beegfs/scratch/shares/schaerm/schaer2/video_sam2_pose/humanLISBET-paper/baselineEval/results_reduce_social/motor_only/held_out/regression/VLDII_gmsVS/shap
17:34:25  ccnEvaluation         INFO     ── CV for VLDII_fmsVS (regression) ──
17:34:25  ccnEvaluation         INFO       X: (95, 186), y: (95,) (classes: [ 7.  8.  9. 10. 11. 12. 13. 14. 15. 16. 17. 18.])
17:34:25  baselineEval.src.cross_validation  INFO     Regression CV: 2 models, 5×10 nested CV (50 total outer folds)
17:35:39  baselineEval.src.cross_validation  INFO       Saved: predictions_per_subject.csv
17:35:39  baselineEval.src.cross_validation  INFO       CV results: 100 rows → /srv/beegfs/scratch/shares/schaerm/schaer2/video_sam2_pose/humanLISBET-paper/baselineEval/results_reduce_social/motor_only/regression/VLDII_fmsVS/cv_results.csv
17:35:39  baselineEval.src.cross_validation  INFO     
── Regression summary (VLDII_fmsVS) ──
model    rmse        r2  spearman_r
lasso 2.46322 -0.021579    0.020722
 lgbm 2.61557 -0.163411   -0.021694
17:35:39  ccnEvaluation         INFO     ── Held-out for VLDII_fmsVS (regression | motor_only) ──
17:35:40  baselineEval.src.held_out  INFO     Best regression model: lasso (RMSE=2.4632 ± 0.2499)
/srv/beegfs/scratch/shares/schaerm/schaer2/video_sam2_pose/humanLISBET-paper/baselineEval/src/held_out.py:422: ConstantInputWarning: An input array is constant; the correlation coefficient is not defined.
  sp_r, _ = spearmanr(y_test, y_pred)
/srv/beegfs/scratch/shares/schaerm/schaer2/video_sam2_pose/humanLISBET-paper/baselineEval/src/held_out.py:423: ConstantInputWarning: An input array is constant; the correlation coefficient is not defined.
  pe_r, _ = pearsonr(y_test, y_pred)
17:35:41  baselineEval.src.held_out  INFO     Held-out regression (motor_only | VLDII_fmsVS): model=lasso RMSE=2.495 [1.826, 3.138] R²=-0.013 [-0.555, -0.000] ρ=nan
17:35:44  baselineEval.src.plotting  INFO       Saved: shap_bar_top20.png and shap_beeswarm_top20.png
17:35:44  baselineEval.src.held_out  INFO     SHAP saved → /srv/beegfs/scratch/shares/schaerm/schaer2/video_sam2_pose/humanLISBET-paper/baselineEval/results_reduce_social/motor_only/held_out/regression/VLDII_fmsVS/shap
17:35:44  ccnEvaluation         INFO     ── CV for VLDII_SocSS (regression) ──
17:35:44  ccnEvaluation         INFO       X: (95, 186), y: (95,) (classes: [ 59.  65.  66.  68.  70.  72.  74.  75.  76.  78.  79.  80.  81.  82.
  84.  86.  88.  89.  90.  91.  92.  94.  95.  96.  98. 100. 101. 102.
 105. 109. 111. 112. 114.])
17:35:44  baselineEval.src.cross_validation  INFO     Regression CV: 2 models, 5×10 nested CV (50 total outer folds)
17:37:00  baselineEval.src.cross_validation  INFO       Saved: predictions_per_subject.csv
17:37:00  baselineEval.src.cross_validation  INFO       CV results: 100 rows → /srv/beegfs/scratch/shares/schaerm/schaer2/video_sam2_pose/humanLISBET-paper/baselineEval/results_reduce_social/motor_only/regression/VLDII_SocSS/cv_results.csv
17:37:00  baselineEval.src.cross_validation  INFO     
── Regression summary (VLDII_SocSS) ──
model      rmse       r2  spearman_r
lasso 11.325395 0.122884    0.445063
 lgbm 11.173084 0.145442    0.457020
17:37:00  ccnEvaluation         INFO     ── Held-out for VLDII_SocSS (regression | motor_only) ──
17:37:00  baselineEval.src.held_out  INFO     Best regression model: lgbm (RMSE=11.1731 ± 1.4421)
17:37:02  baselineEval.src.held_out  INFO     Held-out regression (motor_only | VLDII_SocSS): model=lgbm RMSE=10.448 [8.214, 12.343] R²=0.282 [-0.189, 0.455] ρ=0.497
17:37:05  baselineEval.src.plotting  INFO       Saved: shap_bar_top20.png and shap_beeswarm_top20.png
17:37:05  baselineEval.src.held_out  INFO     SHAP saved → /srv/beegfs/scratch/shares/schaerm/schaer2/video_sam2_pose/humanLISBET-paper/baselineEval/results_reduce_social/motor_only/held_out/regression/VLDII_SocSS/shap
17:37:05  ccnEvaluation         INFO     ── CV for VLDII_intVS (regression) ──
17:37:05  ccnEvaluation         INFO       X: (95, 186), y: (95,) (classes: [ 6.  8.  9. 10. 11. 12. 13. 14. 15. 16. 17. 18. 19. 20.])
17:37:05  baselineEval.src.cross_validation  INFO     Regression CV: 2 models, 5×10 nested CV (50 total outer folds)
17:38:20  baselineEval.src.cross_validation  INFO       Saved: predictions_per_subject.csv
17:38:20  baselineEval.src.cross_validation  INFO       CV results: 100 rows → /srv/beegfs/scratch/shares/schaerm/schaer2/video_sam2_pose/humanLISBET-paper/baselineEval/results_reduce_social/motor_only/regression/VLDII_intVS/cv_results.csv
17:38:20  baselineEval.src.cross_validation  INFO     
── Regression summary (VLDII_intVS) ──
model     rmse      r2  spearman_r
lasso 2.519810 0.11557    0.458231
 lgbm 2.460187 0.15187    0.491469
17:38:20  ccnEvaluation         INFO     ── Held-out for VLDII_intVS (regression | motor_only) ──
17:38:20  baselineEval.src.held_out  INFO     Best regression model: lgbm (RMSE=2.4602 ± 0.3392)
17:38:22  baselineEval.src.held_out  INFO     Held-out regression (motor_only | VLDII_intVS): model=lgbm RMSE=2.563 [2.036, 3.030] R²=0.267 [-0.250, 0.475] ρ=0.518
17:38:25  baselineEval.src.plotting  INFO       Saved: shap_bar_top20.png and shap_beeswarm_top20.png
17:38:25  baselineEval.src.held_out  INFO     SHAP saved → /srv/beegfs/scratch/shares/schaerm/schaer2/video_sam2_pose/humanLISBET-paper/baselineEval/results_reduce_social/motor_only/held_out/regression/VLDII_intVS/shap
17:38:25  ccnEvaluation         INFO     ── CV for VLDII_plaVS (regression) ──
17:38:25  ccnEvaluation         INFO       X: (95, 186), y: (95,) (classes: [ 7.  8.  9. 10. 11. 12. 13. 14. 15. 16. 17. 18. 19.])
17:38:25  baselineEval.src.cross_validation  INFO     Regression CV: 2 models, 5×10 nested CV (50 total outer folds)
17:39:40  baselineEval.src.cross_validation  INFO       Saved: predictions_per_subject.csv
17:39:40  baselineEval.src.cross_validation  INFO       CV results: 100 rows → /srv/beegfs/scratch/shares/schaerm/schaer2/video_sam2_pose/humanLISBET-paper/baselineEval/results_reduce_social/motor_only/regression/VLDII_plaVS/cv_results.csv
17:39:40  baselineEval.src.cross_validation  INFO     
── Regression summary (VLDII_plaVS) ──
model     rmse       r2  spearman_r
lasso 2.376049 0.127559    0.394869
 lgbm 2.492352 0.039572    0.344813
17:39:40  ccnEvaluation         INFO     ── Held-out for VLDII_plaVS (regression | motor_only) ──
17:39:40  baselineEval.src.held_out  INFO     Best regression model: lasso (RMSE=2.3760 ± 0.2931)
17:39:41  baselineEval.src.held_out  INFO     Held-out regression (motor_only | VLDII_plaVS): model=lasso RMSE=1.735 [1.306, 2.127] R²=0.530 [0.260, 0.638] ρ=0.772
17:39:45  baselineEval.src.plotting  INFO       Saved: shap_bar_top20.png and shap_beeswarm_top20.png
17:39:45  baselineEval.src.held_out  INFO     SHAP saved → /srv/beegfs/scratch/shares/schaerm/schaer2/video_sam2_pose/humanLISBET-paper/baselineEval/results_reduce_social/motor_only/held_out/regression/VLDII_plaVS/shap
17:39:45  ccnEvaluation         INFO     ── CV for VLDII_copVS (regression) ──
17:39:45  ccnEvaluation         INFO       X: (95, 186), y: (95,) (classes: [ 9. 10. 11. 12. 13. 14. 15. 16. 17.])
17:39:45  baselineEval.src.cross_validation  INFO     Regression CV: 2 models, 5×10 nested CV (50 total outer folds)
17:40:59  baselineEval.src.cross_validation  INFO       Saved: predictions_per_subject.csv
17:40:59  baselineEval.src.cross_validation  INFO       CV results: 100 rows → /srv/beegfs/scratch/shares/schaerm/schaer2/video_sam2_pose/humanLISBET-paper/baselineEval/results_reduce_social/motor_only/regression/VLDII_copVS/cv_results.csv
17:40:59  baselineEval.src.cross_validation  INFO     
── Regression summary (VLDII_copVS) ──
model     rmse       r2  spearman_r
lasso 2.032355 0.005031    0.310735
 lgbm 2.025505 0.011874    0.297097
17:40:59  ccnEvaluation         INFO     ── Held-out for VLDII_copVS (regression | motor_only) ──
17:41:00  baselineEval.src.held_out  INFO     Best regression model: lgbm (RMSE=2.0255 ± 0.2129)
17:41:01  baselineEval.src.held_out  INFO     Held-out regression (motor_only | VLDII_copVS): model=lgbm RMSE=1.768 [1.194, 2.358] R²=-0.129 [-1.312, 0.331] ρ=0.212
17:41:04  baselineEval.src.plotting  INFO       Saved: shap_bar_top20.png and shap_beeswarm_top20.png
17:41:04  baselineEval.src.held_out  INFO     SHAP saved → /srv/beegfs/scratch/shares/schaerm/schaer2/video_sam2_pose/humanLISBET-paper/baselineEval/results_reduce_social/motor_only/held_out/regression/VLDII_copVS/shap
17:41:04  ccnEvaluation         INFO     ── CV for VLDII_DaiSS (regression) ──
17:41:04  ccnEvaluation         INFO       X: (95, 186), y: (95,) (classes: [ 53.  62.  65.  67.  69.  71.  73.  75.  77.  78.  80.  81.  82.  83.
  86.  87.  89.  91.  93.  95.  96.  98. 100. 101. 102. 103. 104. 105.
 107. 109. 111. 113. 115. 118. 121.])
17:41:04  baselineEval.src.cross_validation  INFO     Regression CV: 2 models, 5×10 nested CV (50 total outer folds)
17:42:21  baselineEval.src.cross_validation  INFO       Saved: predictions_per_subject.csv
17:42:21  baselineEval.src.cross_validation  INFO       CV results: 100 rows → /srv/beegfs/scratch/shares/schaerm/schaer2/video_sam2_pose/humanLISBET-paper/baselineEval/results_reduce_social/motor_only/regression/VLDII_DaiSS/cv_results.csv
17:42:21  baselineEval.src.cross_validation  INFO     
── Regression summary (VLDII_DaiSS) ──
model      rmse       r2  spearman_r
lasso 12.896171 0.095314    0.386726
 lgbm 13.378943 0.016761    0.309900
17:42:21  ccnEvaluation         INFO     ── Held-out for VLDII_DaiSS (regression | motor_only) ──
17:42:21  baselineEval.src.held_out  INFO     Best regression model: lasso (RMSE=12.8962 ± 1.2310)
17:42:22  baselineEval.src.held_out  INFO     Held-out regression (motor_only | VLDII_DaiSS): model=lasso RMSE=10.076 [7.325, 12.386] R²=0.517 [0.161, 0.671] ρ=0.745
17:42:26  baselineEval.src.plotting  INFO       Saved: shap_bar_top20.png and shap_beeswarm_top20.png
17:42:26  baselineEval.src.held_out  INFO     SHAP saved → /srv/beegfs/scratch/shares/schaerm/schaer2/video_sam2_pose/humanLISBET-paper/baselineEval/results_reduce_social/motor_only/held_out/regression/VLDII_DaiSS/shap
17:42:26  ccnEvaluation         INFO     ── CV for VLDII_perVS (regression) ──
17:42:26  ccnEvaluation         INFO       X: (95, 186), y: (95,) (classes: [ 7.  8.  9. 10. 11. 12. 13. 14. 15. 16. 17. 18.])
17:42:26  baselineEval.src.cross_validation  INFO     Regression CV: 2 models, 5×10 nested CV (50 total outer folds)
17:43:40  baselineEval.src.cross_validation  INFO       Saved: predictions_per_subject.csv
17:43:40  baselineEval.src.cross_validation  INFO       CV results: 100 rows → /srv/beegfs/scratch/shares/schaerm/schaer2/video_sam2_pose/humanLISBET-paper/baselineEval/results_reduce_social/motor_only/regression/VLDII_perVS/cv_results.csv
17:43:40  baselineEval.src.cross_validation  INFO     
── Regression summary (VLDII_perVS) ──
model     rmse        r2  spearman_r
lasso 2.703459 -0.008864    0.230983
 lgbm 2.717914 -0.029358    0.237352
17:43:40  ccnEvaluation         INFO     ── Held-out for VLDII_perVS (regression | motor_only) ──
17:43:40  baselineEval.src.held_out  INFO     Best regression model: lasso (RMSE=2.7035 ± 0.2890)
17:43:41  baselineEval.src.held_out  INFO     Held-out regression (motor_only | VLDII_perVS): model=lasso RMSE=2.182 [1.757, 2.571] R²=0.176 [-0.276, 0.242] ρ=0.610
17:43:45  baselineEval.src.plotting  INFO       Saved: shap_bar_top20.png and shap_beeswarm_top20.png
17:43:45  baselineEval.src.held_out  INFO     SHAP saved → /srv/beegfs/scratch/shares/schaerm/schaer2/video_sam2_pose/humanLISBET-paper/baselineEval/results_reduce_social/motor_only/held_out/regression/VLDII_perVS/shap
17:43:45  ccnEvaluation         INFO     ── CV for VLDII_comVS (regression) ──
17:43:45  ccnEvaluation         INFO       X: (95, 186), y: (95,) (classes: [ 7. 10. 11. 12. 13. 14. 15. 16. 17. 18. 20.])
17:43:45  baselineEval.src.cross_validation  INFO     Regression CV: 2 models, 5×10 nested CV (50 total outer folds)
17:45:00  baselineEval.src.cross_validation  INFO       Saved: predictions_per_subject.csv
17:45:00  baselineEval.src.cross_validation  INFO       CV results: 100 rows → /srv/beegfs/scratch/shares/schaerm/schaer2/video_sam2_pose/humanLISBET-paper/baselineEval/results_reduce_social/motor_only/regression/VLDII_comVS/cv_results.csv
17:45:00  baselineEval.src.cross_validation  INFO     
── Regression summary (VLDII_comVS) ──
model     rmse        r2  spearman_r
lasso 2.285854 -0.027218    0.150776
 lgbm 2.311774 -0.061148    0.195284
17:45:00  ccnEvaluation         INFO     ── Held-out for VLDII_comVS (regression | motor_only) ──
17:45:00  baselineEval.src.held_out  INFO     Best regression model: lasso (RMSE=2.2859 ± 0.2349)
17:45:01  baselineEval.src.held_out  INFO     Held-out regression (motor_only | VLDII_comVS): model=lasso RMSE=2.587 [1.672, 3.459] R²=0.200 [-0.223, 0.440] ρ=0.460
17:45:05  baselineEval.src.plotting  INFO       Saved: shap_bar_top20.png and shap_beeswarm_top20.png
17:45:05  baselineEval.src.held_out  INFO     SHAP saved → /srv/beegfs/scratch/shares/schaerm/schaer2/video_sam2_pose/humanLISBET-paper/baselineEval/results_reduce_social/motor_only/held_out/regression/VLDII_comVS/shap
17:45:05  ccnEvaluation         INFO     ── CV for VLDII_domVS (regression) ──
17:45:05  ccnEvaluation         INFO       X: (95, 186), y: (95,) (classes: [ 9. 10. 11. 12. 13. 14. 15. 16. 17. 18. 19. 20. 22.])
17:45:05  baselineEval.src.cross_validation  INFO     Regression CV: 2 models, 5×10 nested CV (50 total outer folds)
17:46:19  baselineEval.src.cross_validation  INFO       Saved: predictions_per_subject.csv
17:46:19  baselineEval.src.cross_validation  INFO       CV results: 100 rows → /srv/beegfs/scratch/shares/schaerm/schaer2/video_sam2_pose/humanLISBET-paper/baselineEval/results_reduce_social/motor_only/regression/VLDII_domVS/cv_results.csv
17:46:19  baselineEval.src.cross_validation  INFO     
── Regression summary (VLDII_domVS) ──
model     rmse       r2  spearman_r
lasso 2.537497 0.149982    0.432973
 lgbm 2.636856 0.078240    0.373743
17:46:19  ccnEvaluation         INFO     ── Held-out for VLDII_domVS (regression | motor_only) ──
17:46:19  baselineEval.src.held_out  INFO     Best regression model: lasso (RMSE=2.5375 ± 0.2320)
17:46:21  baselineEval.src.held_out  INFO     Held-out regression (motor_only | VLDII_domVS): model=lasso RMSE=2.176 [1.485, 2.777] R²=0.463 [-0.141, 0.649] ρ=0.737
17:46:24  baselineEval.src.plotting  INFO       Saved: shap_bar_top20.png and shap_beeswarm_top20.png
17:46:24  baselineEval.src.held_out  INFO     SHAP saved → /srv/beegfs/scratch/shares/schaerm/schaer2/video_sam2_pose/humanLISBET-paper/baselineEval/results_reduce_social/motor_only/held_out/regression/VLDII_domVS/shap
17:46:24  ccnEvaluation         INFO     ── CV for VLDII_ComSS (regression) ──
17:46:24  ccnEvaluation         INFO       X: (95, 186), y: (95,) (classes: [ 44.  52.  54.  58.  59.  61.  63.  64.  65.  66.  69.  71.  72.  73.
  74.  76.  79.  80.  81.  84.  85.  86.  89.  90.  91.  93.  95.  97.
 100. 101. 102. 103. 104. 105. 107. 108. 110. 112. 113. 116. 118. 121.
 122. 125.])
17:46:24  baselineEval.src.cross_validation  INFO     Regression CV: 2 models, 5×10 nested CV (50 total outer folds)
17:47:40  baselineEval.src.cross_validation  INFO       Saved: predictions_per_subject.csv
17:47:40  baselineEval.src.cross_validation  INFO       CV results: 100 rows → /srv/beegfs/scratch/shares/schaerm/schaer2/video_sam2_pose/humanLISBET-paper/baselineEval/results_reduce_social/motor_only/regression/VLDII_ComSS/cv_results.csv
17:47:40  baselineEval.src.cross_validation  INFO     
── Regression summary (VLDII_ComSS) ──
model      rmse       r2  spearman_r
lasso 17.467111 0.169162    0.474582
 lgbm 17.987762 0.110682    0.396026
17:47:40  ccnEvaluation         INFO     ── Held-out for VLDII_ComSS (regression | motor_only) ──
17:47:40  baselineEval.src.held_out  INFO     Best regression model: lasso (RMSE=17.4671 ± 1.6066)
17:47:42  baselineEval.src.held_out  INFO     Held-out regression (motor_only | VLDII_ComSS): model=lasso RMSE=16.542 [13.153, 19.557] R²=0.422 [0.044, 0.558] ρ=0.633
17:47:45  baselineEval.src.plotting  INFO       Saved: shap_bar_top20.png and shap_beeswarm_top20.png
17:47:45  baselineEval.src.held_out  INFO     SHAP saved → /srv/beegfs/scratch/shares/schaerm/schaer2/video_sam2_pose/humanLISBET-paper/baselineEval/results_reduce_social/motor_only/held_out/regression/VLDII_ComSS/shap
17:47:45  ccnEvaluation         INFO     ── CV for VLDII_expVS (regression) ──
17:47:45  ccnEvaluation         INFO       X: (95, 186), y: (95,) (classes: [ 6.  7.  8.  9. 10. 11. 12. 13. 14. 15. 16. 17. 18. 19. 20.])
17:47:45  baselineEval.src.cross_validation  INFO     Regression CV: 2 models, 5×10 nested CV (50 total outer folds)
17:49:00  baselineEval.src.cross_validation  INFO       Saved: predictions_per_subject.csv
17:49:00  baselineEval.src.cross_validation  INFO       CV results: 100 rows → /srv/beegfs/scratch/shares/schaerm/schaer2/video_sam2_pose/humanLISBET-paper/baselineEval/results_reduce_social/motor_only/regression/VLDII_expVS/cv_results.csv
17:49:00  baselineEval.src.cross_validation  INFO     
── Regression summary (VLDII_expVS) ──
model     rmse       r2  spearman_r
lasso 3.289775 0.179386    0.491263
 lgbm 3.289067 0.173262    0.451126
17:49:00  ccnEvaluation         INFO     ── Held-out for VLDII_expVS (regression | motor_only) ──
17:49:00  baselineEval.src.held_out  INFO     Best regression model: lgbm (RMSE=3.2891 ± 0.3937)
17:49:02  baselineEval.src.held_out  INFO     Held-out regression (motor_only | VLDII_expVS): model=lgbm RMSE=2.634 [1.925, 3.324] R²=0.478 [0.009, 0.706] ρ=0.573
17:49:05  baselineEval.src.plotting  INFO       Saved: shap_bar_top20.png and shap_beeswarm_top20.png
17:49:05  baselineEval.src.held_out  INFO     SHAP saved → /srv/beegfs/scratch/shares/schaerm/schaer2/video_sam2_pose/humanLISBET-paper/baselineEval/results_reduce_social/motor_only/held_out/regression/VLDII_expVS/shap
17:49:05  ccnEvaluation         INFO     ── CV for VLDII_recVS (regression) ──
17:49:05  ccnEvaluation         INFO       X: (95, 186), y: (95,) (classes: [ 3.  5.  6.  7.  8.  9. 10. 11. 12. 13. 14. 15. 16. 17. 18. 19. 20. 21.])
17:49:05  baselineEval.src.cross_validation  INFO     Regression CV: 2 models, 5×10 nested CV (50 total outer folds)
17:50:20  baselineEval.src.cross_validation  INFO       Saved: predictions_per_subject.csv
17:50:20  baselineEval.src.cross_validation  INFO       CV results: 100 rows → /srv/beegfs/scratch/shares/schaerm/schaer2/video_sam2_pose/humanLISBET-paper/baselineEval/results_reduce_social/motor_only/regression/VLDII_recVS/cv_results.csv
17:50:20  baselineEval.src.cross_validation  INFO     
── Regression summary (VLDII_recVS) ──
model     rmse       r2  spearman_r
lasso 3.577304 0.197132    0.515025
 lgbm 3.723502 0.121962    0.441994
17:50:20  ccnEvaluation         INFO     ── Held-out for VLDII_recVS (regression | motor_only) ──
17:50:20  baselineEval.src.held_out  INFO     Best regression model: lasso (RMSE=3.5773 ± 0.4065)
17:50:21  baselineEval.src.held_out  INFO     Held-out regression (motor_only | VLDII_recVS): model=lasso RMSE=3.443 [2.625, 4.222] R²=0.442 [0.080, 0.599] ρ=0.694
17:50:25  baselineEval.src.plotting  INFO       Saved: shap_bar_top20.png and shap_beeswarm_top20.png
17:50:25  baselineEval.src.held_out  INFO     SHAP saved → /srv/beegfs/scratch/shares/schaerm/schaer2/video_sam2_pose/humanLISBET-paper/baselineEval/results_reduce_social/motor_only/held_out/regression/VLDII_recVS/shap
17:50:25  ccnEvaluation         INFO     ── CV for MSEL_TOTAL_DQ (regression) ──
17:50:25  ccnEvaluation         INFO       X: (100, 186), y: (100,) (classes: [ 18.02469136  32.43483412  34.59785415  38.08884914  38.95032984
  40.09469697  40.66399287  41.7597914   48.35352006  48.38185274
  48.56808071  49.32034527  52.60163835  52.78815173  53.41769972
  54.6043883   54.66514664  55.9129902   57.80945419  58.00856827
  58.01880411  58.49358974  60.55385401  60.73988735  61.21267952
  61.65540541  62.6717033   64.54699612  64.58014537  65.85307734
  66.03346902  66.56582561  67.46408956  68.67474001  69.12878788
  69.58887965  70.42091476  70.5832302   71.22161779  72.65127389
  72.74744284  73.39929215  73.55044202  73.63718709  74.37652068
  76.23385285  77.89159198  78.63298081  79.93217054  79.97485632
  80.39067013  81.47321429  82.45481928  83.44764518  83.72463299
  88.69235986  88.94106636  91.04190422  91.67078393  92.86194316
  92.9187448   93.08301946  94.84225533  95.62583836  96.63388805
  97.48931624  98.02617856 102.9518543  103.811149   107.0353937
 107.8029726  108.1764296  108.385181   108.6309524  108.7338226
 109.0520026  109.52137    111.8651489  112.1257819  112.192623
 112.5198886  112.8090659  112.8284389  113.5791843  115.0573568
 116.0376082  116.1326915  118.2653171  119.351962   120.5538618
 121.574912   125.622437   128.0608788  130.5093403  130.8806655
 132.3244751  135.4820159  139.7760116  149.1013072  149.4299051 ])
17:50:25  baselineEval.src.cross_validation  INFO     Regression CV: 2 models, 5×10 nested CV (50 total outer folds)
17:51:44  baselineEval.src.cross_validation  INFO       Saved: predictions_per_subject.csv
17:51:44  baselineEval.src.cross_validation  INFO       CV results: 100 rows → /srv/beegfs/scratch/shares/schaerm/schaer2/video_sam2_pose/humanLISBET-paper/baselineEval/results_reduce_social/motor_only/regression/MSEL_TOTAL_DQ/cv_results.csv
17:51:44  baselineEval.src.cross_validation  INFO     
── Regression summary (MSEL_TOTAL_DQ) ──
model      rmse       r2  spearman_r
lasso 25.109643 0.241009    0.537985
 lgbm 25.226277 0.225426    0.501955
17:51:44  ccnEvaluation         INFO     ── Held-out for MSEL_TOTAL_DQ (regression | motor_only) ──
17:51:44  baselineEval.src.held_out  INFO     Best regression model: lasso (RMSE=25.1096 ± 2.9718)
17:51:45  baselineEval.src.held_out  INFO     Held-out regression (motor_only | MSEL_TOTAL_DQ): model=lasso RMSE=22.997 [17.630, 27.723] R²=0.513 [0.243, 0.609] ρ=0.855
17:51:49  baselineEval.src.plotting  INFO       Saved: shap_bar_top20.png and shap_beeswarm_top20.png
17:51:49  baselineEval.src.held_out  INFO     SHAP saved → /srv/beegfs/scratch/shares/schaerm/schaer2/video_sam2_pose/humanLISBET-paper/baselineEval/results_reduce_social/motor_only/held_out/regression/MSEL_TOTAL_DQ/shap
17:51:49  ccnEvaluation         INFO     ── CV for MSEL_FM_DQ (regression) ──
17:51:49  ccnEvaluation         INFO       X: (100, 186), y: (100,) (classes: [ 18.02469136  46.4649432   48.97137746  50.05646983  54.38484461
  55.25934702  55.26116578  55.3030303   59.06148867  60.89132507
  63.6627907   63.73690338  64.77896096  65.16194848  65.41218638
  65.72629052  69.06338694  69.12878788  69.33210784  70.91968912
  73.53479853  75.06258941  75.18022657  75.486618    75.66334992
  75.86923658  75.90612002  75.91514143  77.07927225  77.89159198
  78.29257829  79.43695591  79.91242474  80.18453427  80.89539007
  80.95690748  82.62072435  82.81765677  83.43724023  83.84379786
  83.94209957  85.6233244   85.79059829  85.92278719  87.62002743
  87.84596871  87.86462758  87.98209366  89.15229885  90.64569536
  90.75497288  90.7960199   92.60343482  92.99363057  93.43003413
  93.95109395  95.05208333  95.38327526  96.20155039  96.63388805
  96.66313559  97.1113645   97.65160523  97.76785714  98.45857418
  98.95429899  98.97788903  99.40087146  99.64898596 102.1903821
 102.8432377  103.6931818  103.811149   104.7045324  105.1267281
 105.4303871  106.1046512  106.538237   107.1589883  108.1764296
 108.201581   108.6309524  109.939759   111.4163614  111.6891065
 112.258348   112.5198886  113.5687229  114.1644325  115.1790314
 119.8555166  120.5538618  121.1819389  121.197515   121.574912
 122.124634   122.1456693  122.8956229  123.8687783  143.1372549 ])
17:51:49  baselineEval.src.cross_validation  INFO     Regression CV: 2 models, 5×10 nested CV (50 total outer folds)
17:53:08  baselineEval.src.cross_validation  INFO       Saved: predictions_per_subject.csv
17:53:08  baselineEval.src.cross_validation  INFO       CV results: 100 rows → /srv/beegfs/scratch/shares/schaerm/schaer2/video_sam2_pose/humanLISBET-paper/baselineEval/results_reduce_social/motor_only/regression/MSEL_FM_DQ/cv_results.csv
17:53:08  baselineEval.src.cross_validation  INFO     
── Regression summary (MSEL_FM_DQ) ──
model      rmse       r2  spearman_r
lasso 20.601069 0.044776    0.309085
 lgbm 20.276991 0.062741    0.373985
17:53:08  ccnEvaluation         INFO     ── Held-out for MSEL_FM_DQ (regression | motor_only) ──
17:53:08  baselineEval.src.held_out  INFO     Best regression model: lgbm (RMSE=20.2770 ± 2.6392)
17:53:09  baselineEval.src.held_out  INFO     Held-out regression (motor_only | MSEL_FM_DQ): model=lgbm RMSE=17.036 [11.377, 22.745] R²=0.392 [-0.199, 0.616] ρ=0.620
17:53:13  baselineEval.src.plotting  INFO       Saved: shap_bar_top20.png and shap_beeswarm_top20.png
17:53:13  baselineEval.src.held_out  INFO     SHAP saved → /srv/beegfs/scratch/shares/schaerm/schaer2/video_sam2_pose/humanLISBET-paper/baselineEval/results_reduce_social/motor_only/held_out/regression/MSEL_FM_DQ/shap
17:53:13  ccnEvaluation         INFO     ── CV for MSEL_VR_DQ (regression) ──
17:53:13  ccnEvaluation         INFO       X: (100, 186), y: (100,) (classes: [ 24.78395062  38.27847693  40.84386519  44.24242424  48.97137746
  55.48645661  56.65502522  56.92959002  62.16881151  62.75283172
  64.71631206  65.27181688  65.72629052  66.12318841  66.69049889
  67.74833589  69.92337165  70.46332046  70.66795741  71.15009747
  72.16608084  73.80514706  73.80800341  75.41322314  76.86522262
  77.69631031  77.99145299  78.31273601  78.41474446  78.6637931
  79.18580909  79.31783825  80.21978022  83.77964805  84.0389186
  84.56192081  84.81797057  84.88372093  85.28037383  87.43066062
  88.66708914  89.11889597  89.35566001  89.46078431  89.57533077
  89.615829    90.15860634  92.33630952  93.50512357  93.81764069
  94.1109736   94.6140553   96.17918314  96.20155039  97.93244949
  98.97788903 100.5796275  102.1289538  103.2884465  104.0746873
 104.3095565  106.0098302  106.3795337  108.127254   109.5515537
 110.1055807  110.1609658  110.297536   111.6891065  113.7780549
 114.2017705  114.5637163  115.3090847  116.9871795  118.5064935
 121.4642263  123.6822289  124.5733788  125.1905488  125.2213369
 129.0167095  130.7503771  133.1727963  133.6408905  133.8188664
 134.9544937  135.1851852  136.0094851  136.515748   146.7828418
 147.3675711  148.8166269  148.8393977  151.821572   153.0708874
 158.9721254  159.8073555  175.8188825  192.7226814 ])
17:53:13  baselineEval.src.cross_validation  INFO     Regression CV: 2 models, 5×10 nested CV (50 total outer folds)
17:54:32  baselineEval.src.cross_validation  INFO       Saved: predictions_per_subject.csv
17:54:32  baselineEval.src.cross_validation  INFO       CV results: 100 rows → /srv/beegfs/scratch/shares/schaerm/schaer2/video_sam2_pose/humanLISBET-paper/baselineEval/results_reduce_social/motor_only/regression/MSEL_VR_DQ/cv_results.csv
17:54:32  baselineEval.src.cross_validation  INFO     
── Regression summary (MSEL_VR_DQ) ──
model      rmse       r2  spearman_r
lasso 29.550112 0.103973    0.393034
 lgbm 30.176618 0.061017    0.381474
17:54:32  ccnEvaluation         INFO     ── Held-out for MSEL_VR_DQ (regression | motor_only) ──
17:54:32  baselineEval.src.held_out  INFO     Best regression model: lasso (RMSE=29.5501 ± 3.6265)
17:54:33  baselineEval.src.held_out  INFO     Held-out regression (motor_only | MSEL_VR_DQ): model=lasso RMSE=26.459 [20.691, 32.031] R²=0.380 [0.108, 0.460] ρ=0.760
17:54:37  baselineEval.src.plotting  INFO       Saved: shap_bar_top20.png and shap_beeswarm_top20.png
17:54:37  baselineEval.src.held_out  INFO     SHAP saved → /srv/beegfs/scratch/shares/schaerm/schaer2/video_sam2_pose/humanLISBET-paper/baselineEval/results_reduce_social/motor_only/held_out/regression/MSEL_VR_DQ/shap
17:54:37  ccnEvaluation         INFO     ── CV for MSEL_LR_DQ (regression) ──
17:54:37  ccnEvaluation         INFO       X: (100, 186), y: (100,) (classes: [  3.88463176   4.06639929   6.75925926   9.87554113  12.01290153
  16.59090909  18.70972466  20.22384752  20.94811754  21.24563446
  25.56022409  26.50048403  28.99586908  29.92695289  32.38948048
  32.63590844  35.30956329  37.26391016  38.9957265   40.25735294
  40.48807543  43.06091806  44.2961165   44.83182162  46.05097149
  46.79487179  47.45189808  48.93770627  50.11618082  50.37154989
  52.84749035  53.52588625  53.65219358  54.90373045  59.29174789
  59.55070281  62.02209006  62.16545012  62.65018881  63.07603687
  64.61056645  64.9288451   66.12318841  66.75811614  70.61011905
  70.91968912  71.94102807  73.19518717  74.25406872  76.30178639
  76.39534884  77.74980635  77.81007752  77.89159198  78.6637931
  79.07279029  79.43695591  80.19460138  82.52583979  83.43724023
  83.56227106  84.15678524  87.60560676  91.80080483  96.34238311
  96.50411281 102.7847309  104.0746873  105.9596995  107.2715207
 108.1764296  108.8902148  110.0871314  115.4120767  115.9171748
 116.9871795  117.5351288  118.5064935  119.2178672  119.8802164
 120.1122726  120.9753788  121.1819389  122.3190349  122.5189726
 124.5733788  126.9356955  127.766486   128.1288156  130.2021403
 130.5093403  132.9263068  138.2575758  142.6500252  144.1714836
 144.3321617  147.1132898  148.8393977  153.6195286  157.0567986 ])
17:54:37  baselineEval.src.cross_validation  INFO     Regression CV: 2 models, 5×10 nested CV (50 total outer folds)
17:55:56  baselineEval.src.cross_validation  INFO       Saved: predictions_per_subject.csv
17:55:56  baselineEval.src.cross_validation  INFO       CV results: 100 rows → /srv/beegfs/scratch/shares/schaerm/schaer2/video_sam2_pose/humanLISBET-paper/baselineEval/results_reduce_social/motor_only/regression/MSEL_LR_DQ/cv_results.csv
17:55:56  baselineEval.src.cross_validation  INFO     
── Regression summary (MSEL_LR_DQ) ──
model      rmse       r2  spearman_r
lasso 33.519746 0.295625    0.588872
 lgbm 34.036094 0.272154    0.542947
17:55:56  ccnEvaluation         INFO     ── Held-out for MSEL_LR_DQ (regression | motor_only) ──
17:55:56  baselineEval.src.held_out  INFO     Best regression model: lasso (RMSE=33.5197 ± 3.4772)
17:55:57  baselineEval.src.held_out  INFO     Held-out regression (motor_only | MSEL_LR_DQ): model=lasso RMSE=27.782 [20.094, 33.877] R²=0.625 [0.346, 0.749] ρ=0.799
17:56:01  baselineEval.src.plotting  INFO       Saved: shap_bar_top20.png and shap_beeswarm_top20.png
17:56:01  baselineEval.src.held_out  INFO     SHAP saved → /srv/beegfs/scratch/shares/schaerm/schaer2/video_sam2_pose/humanLISBET-paper/baselineEval/results_reduce_social/motor_only/held_out/regression/MSEL_LR_DQ/shap
17:56:01  ccnEvaluation         INFO     ── CV for MSEL_LE_DQ (regression) ──
17:56:01  ccnEvaluation         INFO       X: (100, 186), y: (100,) (classes: [  9.94008715  14.16375631  17.66698935  21.62322275  22.5308642
  23.71669916  24.48568873  29.32736455  29.93313147  31.1965812
  31.83139535  32.5311943   34.96168582  35.3339787   36.51460584
  36.64658635  37.69462981  40.09226714  40.25735294  40.48807543
  41.27091814  41.92189893  43.37492573  44.24242424  44.2961165
  44.43993506  44.83182162  45.69027182  46.51656754  46.72299027
  47.44367418  50.11618082  50.12015105  50.13736264  50.93023256
  52.58200355  54.8048048   55.8530987   56.46658416  56.94227769
  57.72506083  58.12101911  59.82097832  59.93431856  60.11198946
  61.49957877  65.17857143  65.57490326  66.18574582  66.20785318
  69.12878788  69.55030488  71.37484958  72.66780432  73.41954023
  75.10288066  76.33526384  77.99145299  78.1455863   79.85282418
  80.57395143  81.54602324  82.20720721  83.94209957  84.10138249
  85.23058961  86.67962003  89.35128519  89.92073693  90.17483846
  91.02244389  91.36420526  91.65097301  93.77792672  94.24218952
  96.25527426  96.94555113  97.92085848 100.2099483  100.2747253
 103.2239819  106.0553231  108.127254   109.939759   111.2804878
 111.8651489  112.258348   114.1922639  115.7352358  116.9871795
 120.9753788  122.124634   124.6584699  128.4817876  128.8841808
 137.775842   140.655106   143.7007874  170.9694989 ])
17:56:01  baselineEval.src.cross_validation  INFO     Regression CV: 2 models, 5×10 nested CV (50 total outer folds)
17:57:21  baselineEval.src.cross_validation  INFO       Saved: predictions_per_subject.csv
17:57:21  baselineEval.src.cross_validation  INFO       CV results: 100 rows → /srv/beegfs/scratch/shares/schaerm/schaer2/video_sam2_pose/humanLISBET-paper/baselineEval/results_reduce_social/motor_only/regression/MSEL_LE_DQ/cv_results.csv
17:57:21  baselineEval.src.cross_validation  INFO     
── Regression summary (MSEL_LE_DQ) ──
model      rmse       r2  spearman_r
lasso 30.659030 0.161287    0.460983
 lgbm 29.782622 0.207789    0.451688
17:57:21  ccnEvaluation         INFO     ── Held-out for MSEL_LE_DQ (regression | motor_only) ──
17:57:21  baselineEval.src.held_out  INFO     Best regression model: lgbm (RMSE=29.7826 ± 4.1938)
17:57:22  baselineEval.src.held_out  INFO     Held-out regression (motor_only | MSEL_LE_DQ): model=lgbm RMSE=27.276 [21.232, 32.255] R²=0.468 [0.085, 0.592] ρ=0.708
17:57:25  baselineEval.src.plotting  INFO       Saved: shap_bar_top20.png and shap_beeswarm_top20.png
17:57:25  baselineEval.src.held_out  INFO     SHAP saved → /srv/beegfs/scratch/shares/schaerm/schaer2/video_sam2_pose/humanLISBET-paper/baselineEval/results_reduce_social/motor_only/held_out/regression/MSEL_LE_DQ/shap
17:57:25  ccnEvaluation         INFO     ── CV for MSEL_NV_DQ (regression) ──
17:57:25  ccnEvaluation         INFO       X: (100, 186), y: (100,) (classes: [ 21.40432099  44.16747338  48.05160611  48.97137746  49.77272727
  58.71498864  60.1959643   60.90716019  63.02918895  63.79091198
  64.09642401  65.57490326  65.72629052  66.58026114  67.72345918
  67.91030161  70.16720315  71.56862745  72.80585106  73.37984863
  74.11468486  74.27325581  74.37794938  74.47079827  74.91789819
  76.17530756  76.74648129  76.87728938  77.59353741  79.97251931
  81.51480347  81.6976584   81.89102564  81.99943836  82.20720721
  82.35559567  83.73346137  83.90804598  84.15678524  84.60538218
  84.81199831  86.57250071  88.46431518  88.6496114   88.80778589
  88.87987013  91.05626327  91.88613478  92.03227433  92.13004822
  94.43082789  94.90379615  95.05208333  95.96479195  96.20155039
  96.39084507  96.49226641  97.36019132  97.52310803  97.94594067
  98.60764755  98.68968386  98.84549601  98.97788903  99.87039171
 100.2432517  102.1903821  103.1073446  109.0017065  109.0761612
 109.2369828  110.0871314  111.4163614  111.6531427  111.6891065
 114.2017705  115.7352358  116.0376082  116.2030831  116.810994
 116.9871795  119.3828214  119.8555166  121.5842367  122.8722053
 122.9496192  123.2016379  125.1071123  126.1626445  126.7361111
 127.1777003  128.2630522  128.3820346  129.3307087  130.6682578
 135.4820159  137.1387283  139.16122    139.8314361  157.8091521 ])
17:57:25  baselineEval.src.cross_validation  INFO     Regression CV: 2 models, 5×10 nested CV (50 total outer folds)
17:58:45  baselineEval.src.cross_validation  INFO       Saved: predictions_per_subject.csv
17:58:45  baselineEval.src.cross_validation  INFO       CV results: 100 rows → /srv/beegfs/scratch/shares/schaerm/schaer2/video_sam2_pose/humanLISBET-paper/baselineEval/results_reduce_social/motor_only/regression/MSEL_NV_DQ/cv_results.csv
17:58:45  baselineEval.src.cross_validation  INFO     
── Regression summary (MSEL_NV_DQ) ──
model      rmse       r2  spearman_r
lasso 22.991442 0.120612    0.447338
 lgbm 22.471218 0.152012    0.482977
17:58:45  ccnEvaluation         INFO     ── Held-out for MSEL_NV_DQ (regression | motor_only) ──
17:58:45  baselineEval.src.held_out  INFO     Best regression model: lgbm (RMSE=22.4712 ± 2.9806)
17:58:46  baselineEval.src.held_out  INFO     Held-out regression (motor_only | MSEL_NV_DQ): model=lgbm RMSE=19.719 [14.123, 25.578] R²=0.424 [-0.069, 0.688] ρ=0.635
17:58:50  baselineEval.src.plotting  INFO       Saved: shap_bar_top20.png and shap_beeswarm_top20.png
17:58:50  baselineEval.src.held_out  INFO     SHAP saved → /srv/beegfs/scratch/shares/schaerm/schaer2/video_sam2_pose/humanLISBET-paper/baselineEval/results_reduce_social/motor_only/held_out/regression/MSEL_NV_DQ/shap
17:58:50  ccnEvaluation         INFO     ── CV for MSEL_V_DQ (regression) ──
17:58:50  ccnEvaluation         INFO       X: (100, 186), y: (100,) (classes: [ 14.64506173  16.81806214  17.70469538  18.29879679  19.42315879
  25.02823491  25.13774105  27.1577381   27.20632081  29.4009959
  30.41666667  30.91723136  31.03741497  33.34524944  35.09615385
  36.40292553  37.2753268   37.99205148  39.16309013  39.59290454
  40.25735294  40.48807543  41.50422352  44.2961165   44.83182162
  47.46155586  48.09864458  48.46611722  48.93286143  50.11618082
  50.44223328  52.19708788  52.70214521  54.2462845   54.2693288
  54.68949248  54.82073643  54.89951357  56.38516993  58.28505645
  59.94525547  62.43158183  63.11758893  63.13929001  63.25823224
  63.6627907   64.59137709  67.89434524  69.06338694  70.46826734
  70.9304984   72.04972258  76.04166667  78.79965458  80.77686203
  81.15118577  83.23831243  85.25467149  85.85349462  85.92278719
  85.99599793  87.22984206  89.35566001  91.36789406  92.32431935
  92.73373984  94.37151949  94.86083166  95.8165773   97.07446809
  98.62059158  99.7831825  101.2242965  101.2355018  102.3816809
 103.6931818  103.8747811  107.1158763  108.0484808  109.063745
 110.7318923  111.4235219  114.0037352  114.2017705  115.3090847
 116.9871795  119.5234869  120.9753788  121.0967994  121.1872446
 122.9686881  124.051024   128.2952548  128.9440573  133.4982788
 135.3182415  135.4820159  141.0506581  142.4132948  159.0413943 ])
17:58:50  baselineEval.src.cross_validation  INFO     Regression CV: 2 models, 5×10 nested CV (50 total outer folds)
18:00:09  baselineEval.src.cross_validation  INFO       Saved: predictions_per_subject.csv
18:00:09  baselineEval.src.cross_validation  INFO       CV results: 100 rows → /srv/beegfs/scratch/shares/schaerm/schaer2/video_sam2_pose/humanLISBET-paper/baselineEval/results_reduce_social/motor_only/regression/MSEL_V_DQ/cv_results.csv
18:00:09  baselineEval.src.cross_validation  INFO     
── Regression summary (MSEL_V_DQ) ──
model      rmse       r2  spearman_r
lasso 29.844745 0.279587    0.584180
 lgbm 29.845981 0.272486    0.551128
18:00:09  ccnEvaluation         INFO     ── Held-out for MSEL_V_DQ (regression | motor_only) ──
18:00:09  baselineEval.src.held_out  INFO     Best regression model: lasso (RMSE=29.8447 ± 3.5012)
18:00:11  baselineEval.src.held_out  INFO     Held-out regression (motor_only | MSEL_V_DQ): model=lasso RMSE=26.187 [19.928, 32.574] R²=0.588 [0.301, 0.700] ρ=0.882
18:00:14  baselineEval.src.plotting  INFO       Saved: shap_bar_top20.png and shap_beeswarm_top20.png
18:00:14  baselineEval.src.held_out  INFO     SHAP saved → /srv/beegfs/scratch/shares/schaerm/schaer2/video_sam2_pose/humanLISBET-paper/baselineEval/results_reduce_social/motor_only/held_out/regression/MSEL_V_DQ/shap
18:00:14  ccnEvaluation         INFO     ═══ Representation: full_kinematic ═══
18:00:14  ccnEvaluation         INFO       Features for full_kinematic: 16 columns
18:00:14  ccnEvaluation         INFO     ═══ Step 2: Preprocessing report ═══
18:00:14  baselineEval.src.preprocessing  INFO     Feature selection (full dataset): 16 features → 16 kept (0 missingness, 0 near-zero-var, 0 correlated)
18:00:14  baselineEval.src.preprocessing  INFO     Feature selection report → /srv/beegfs/scratch/shares/schaerm/schaer2/video_sam2_pose/humanLISBET-paper/baselineEval/results_reduce_social/full_kinematic/feature_selection_report.csv
18:00:14  baselineEval.src.preprocessing  INFO     PCA explained-variance plot skipped (too few features)
18:00:14  ccnEvaluation         INFO     ── CV for diagnosis (classification) ──
18:00:14  ccnEvaluation         INFO       X: (102, 16), y: (102,) (classes: [0 1])
18:00:14  baselineEval.src.cross_validation  INFO     Classification CV: 2 models, 5×10 nested CV (50 total outer folds)
18:00:38  baselineEval.src.cross_validation  INFO       Saved: predictions_per_subject.csv
18:00:38  baselineEval.src.cross_validation  INFO       CV results: 100 rows → /srv/beegfs/scratch/shares/schaerm/schaer2/video_sam2_pose/humanLISBET-paper/baselineEval/results_reduce_social/full_kinematic/classification/diagnosis/cv_results.csv
18:00:38  baselineEval.src.cross_validation  INFO     
── Classification AUC-ROC summary (diagnosis) ──
model  auc_roc_mean  auc_roc_std
lasso      0.773485     0.106363
 lgbm      0.721703     0.106392
18:00:38  ccnEvaluation         INFO     ── Held-out for diagnosis (classification | full_kinematic) ──
18:00:38  baselineEval.src.held_out  INFO     Best classification model: lasso (AUC=0.7735 ± 0.1064)
18:00:38  baselineEval.src.held_out  INFO     Held-out classification (full_kinematic | diagnosis): model=lasso AUC=0.900 BAcc=0.879 Acc=0.882 [0.636, 0.985]
18:00:40  baselineEval.src.plotting  INFO       Saved: shap_bar_top16.png and shap_beeswarm_top16.png
18:00:40  baselineEval.src.held_out  INFO     SHAP saved → /srv/beegfs/scratch/shares/schaerm/schaer2/video_sam2_pose/humanLISBET-paper/baselineEval/results_reduce_social/full_kinematic/held_out/classification/diagnosis/shap
18:00:40  ccnEvaluation         INFO     ── CV for ADOS_2_ADOS_G_revised_RRB_level_of_symptoms (classification) ──
18:00:40  ccnEvaluation         INFO       X: (102, 16), y: (102,) (classes: [0 1 2])
18:00:40  baselineEval.src.cross_validation  INFO     Classification CV: 2 models, 5×10 nested CV (50 total outer folds)
18:01:25  baselineEval.src.cross_validation  INFO       Saved: predictions_per_subject.csv
18:01:25  baselineEval.src.cross_validation  INFO       CV results: 100 rows → /srv/beegfs/scratch/shares/schaerm/schaer2/video_sam2_pose/humanLISBET-paper/baselineEval/results_reduce_social/full_kinematic/classification/ADOS_2_ADOS_G_revised_RRB_level_of_symptoms/cv_results.csv
18:01:25  baselineEval.src.cross_validation  INFO     
── Classification F1-macro summary (ADOS_2_ADOS_G_revised_RRB_level_of_symptoms) ──
model  f1_macro_mean  f1_macro_std
lasso       0.452831      0.096687
 lgbm       0.443630      0.106080
18:01:25  ccnEvaluation         INFO     ── Held-out for ADOS_2_ADOS_G_revised_RRB_level_of_symptoms (classification | full_kinematic) ──
18:01:25  baselineEval.src.held_out  INFO     Best classification model: lasso (F1-macro=0.4528 ± 0.0967)
18:01:25  baselineEval.src.held_out  INFO     Held-out classification (full_kinematic | ADOS_2_ADOS_G_revised_RRB_level_of_symptoms): model=lasso F1-macro=0.540 BAcc=0.544 Acc=0.647 [0.383, 0.858]
18:01:28  baselineEval.src.plotting  INFO       Saved: shap_bar_top16.png and shap_beeswarm_top16.png
18:01:28  baselineEval.src.held_out  INFO     SHAP saved → /srv/beegfs/scratch/shares/schaerm/schaer2/video_sam2_pose/humanLISBET-paper/baselineEval/results_reduce_social/full_kinematic/held_out/classification/ADOS_2_ADOS_G_revised_RRB_level_of_symptoms/shap
18:01:28  ccnEvaluation         INFO     ── CV for ADOS_2_ADOS_G_REVISED_SA_LEVEL_OF_SYMPTOMS (classification) ──
18:01:28  ccnEvaluation         INFO       X: (102, 16), y: (102,) (classes: [0 1 2 3])
18:01:28  baselineEval.src.cross_validation  INFO     Classification CV: 2 models, 5×10 nested CV (50 total outer folds)
18:02:23  baselineEval.src.cross_validation  INFO       Saved: predictions_per_subject.csv
18:02:23  baselineEval.src.cross_validation  INFO       CV results: 100 rows → /srv/beegfs/scratch/shares/schaerm/schaer2/video_sam2_pose/humanLISBET-paper/baselineEval/results_reduce_social/full_kinematic/classification/ADOS_2_ADOS_G_REVISED_SA_LEVEL_OF_SYMPTOMS/cv_results.csv
18:02:23  baselineEval.src.cross_validation  INFO     
── Classification F1-macro summary (ADOS_2_ADOS_G_REVISED_SA_LEVEL_OF_SYMPTOMS) ──
model  f1_macro_mean  f1_macro_std
lasso       0.391655      0.103624
 lgbm       0.368947      0.112306
18:02:23  ccnEvaluation         INFO     ── Held-out for ADOS_2_ADOS_G_REVISED_SA_LEVEL_OF_SYMPTOMS (classification | full_kinematic) ──
18:02:23  baselineEval.src.held_out  INFO     Best classification model: lasso (F1-macro=0.3917 ± 0.1036)
18:02:23  baselineEval.src.held_out  INFO     Held-out classification (full_kinematic | ADOS_2_ADOS_G_REVISED_SA_LEVEL_OF_SYMPTOMS): model=lasso F1-macro=0.439 BAcc=0.435 Acc=0.471 [0.230, 0.722]
18:02:25  baselineEval.src.plotting  INFO       Saved: shap_bar_top16.png and shap_beeswarm_top16.png
18:02:25  baselineEval.src.held_out  INFO     SHAP saved → /srv/beegfs/scratch/shares/schaerm/schaer2/video_sam2_pose/humanLISBET-paper/baselineEval/results_reduce_social/full_kinematic/held_out/classification/ADOS_2_ADOS_G_REVISED_SA_LEVEL_OF_SYMPTOMS/shap
18:02:25  ccnEvaluation         INFO     ── CV for ADOS_G_ADOS_2_TOTAL_score_de_severite (regression) ──
18:02:25  ccnEvaluation         INFO       X: (102, 16), y: (102,) (classes: [ 1.  2.  3.  4.  5.  6.  7.  8.  9. 10.])
18:02:25  baselineEval.src.cross_validation  INFO     Regression CV: 2 models, 5×10 nested CV (50 total outer folds)
18:02:46  baselineEval.src.cross_validation  INFO       Saved: predictions_per_subject.csv
18:02:46  baselineEval.src.cross_validation  INFO       CV results: 100 rows → /srv/beegfs/scratch/shares/schaerm/schaer2/video_sam2_pose/humanLISBET-paper/baselineEval/results_reduce_social/full_kinematic/regression/ADOS_G_ADOS_2_TOTAL_score_de_severite/cv_results.csv
18:02:46  baselineEval.src.cross_validation  INFO     
── Regression summary (ADOS_G_ADOS_2_TOTAL_score_de_severite) ──
model     rmse       r2  spearman_r
lasso 2.849204 0.264589    0.607785
 lgbm 3.039521 0.164879    0.486602
18:02:46  ccnEvaluation         INFO     ── Held-out for ADOS_G_ADOS_2_TOTAL_score_de_severite (regression | full_kinematic) ──
18:02:46  baselineEval.src.held_out  INFO     Best regression model: lasso (RMSE=2.8492 ± 0.3358)
18:02:47  baselineEval.src.held_out  INFO     Held-out regression (full_kinematic | ADOS_G_ADOS_2_TOTAL_score_de_severite): model=lasso RMSE=2.597 [1.781, 3.265] R²=0.451 [0.131, 0.668] ρ=0.599
18:02:50  baselineEval.src.plotting  INFO       Saved: shap_bar_top16.png and shap_beeswarm_top16.png
18:02:50  baselineEval.src.held_out  INFO     SHAP saved → /srv/beegfs/scratch/shares/schaerm/schaer2/video_sam2_pose/humanLISBET-paper/baselineEval/results_reduce_social/full_kinematic/held_out/regression/ADOS_G_ADOS_2_TOTAL_score_de_severite/shap
18:02:50  ccnEvaluation         INFO     ── CV for ADOS_2_ADOS_G_REVISED_SA_SEVERITY_SCORE (regression) ──
18:02:50  ccnEvaluation         INFO       X: (102, 16), y: (102,) (classes: [ 1.  2.  3.  4.  5.  6.  7.  9. 10.])
18:02:50  baselineEval.src.cross_validation  INFO     Regression CV: 2 models, 5×10 nested CV (50 total outer folds)
18:03:11  baselineEval.src.cross_validation  INFO       Saved: predictions_per_subject.csv
18:03:11  baselineEval.src.cross_validation  INFO       CV results: 100 rows → /srv/beegfs/scratch/shares/schaerm/schaer2/video_sam2_pose/humanLISBET-paper/baselineEval/results_reduce_social/full_kinematic/regression/ADOS_2_ADOS_G_REVISED_SA_SEVERITY_SCORE/cv_results.csv
18:03:11  baselineEval.src.cross_validation  INFO     
── Regression summary (ADOS_2_ADOS_G_REVISED_SA_SEVERITY_SCORE) ──
model     rmse       r2  spearman_r
lasso 2.707668 0.212592    0.519227
 lgbm 2.778143 0.169729    0.435583
18:03:11  ccnEvaluation         INFO     ── Held-out for ADOS_2_ADOS_G_REVISED_SA_SEVERITY_SCORE (regression | full_kinematic) ──
18:03:11  baselineEval.src.held_out  INFO     Best regression model: lasso (RMSE=2.7077 ± 0.2524)
18:03:12  baselineEval.src.held_out  INFO     Held-out regression (full_kinematic | ADOS_2_ADOS_G_REVISED_SA_SEVERITY_SCORE): model=lasso RMSE=2.403 [1.515, 3.099] R²=0.299 [-0.343, 0.652] ρ=0.589
18:03:15  baselineEval.src.plotting  INFO       Saved: shap_bar_top16.png and shap_beeswarm_top16.png
18:03:15  baselineEval.src.held_out  INFO     SHAP saved → /srv/beegfs/scratch/shares/schaerm/schaer2/video_sam2_pose/humanLISBET-paper/baselineEval/results_reduce_social/full_kinematic/held_out/regression/ADOS_2_ADOS_G_REVISED_SA_SEVERITY_SCORE/shap
18:03:15  ccnEvaluation         INFO     ── CV for ADOS_2_ADOS_G_REVISED_RRB_SEVERITY_SCORE_new (regression) ──
18:03:15  ccnEvaluation         INFO       X: (102, 16), y: (102,) (classes: [ 1.  5.  6.  7.  8.  9. 10.])
18:03:15  baselineEval.src.cross_validation  INFO     Regression CV: 2 models, 5×10 nested CV (50 total outer folds)
18:03:36  baselineEval.src.cross_validation  INFO       Saved: predictions_per_subject.csv
18:03:36  baselineEval.src.cross_validation  INFO       CV results: 100 rows → /srv/beegfs/scratch/shares/schaerm/schaer2/video_sam2_pose/humanLISBET-paper/baselineEval/results_reduce_social/full_kinematic/regression/ADOS_2_ADOS_G_REVISED_RRB_SEVERITY_SCORE_new/cv_results.csv
18:03:36  baselineEval.src.cross_validation  INFO     
── Regression summary (ADOS_2_ADOS_G_REVISED_RRB_SEVERITY_SCORE_new) ──
model     rmse       r2  spearman_r
lasso 2.911063 0.141396    0.495262
 lgbm 2.862322 0.157393    0.497661
18:03:36  ccnEvaluation         INFO     ── Held-out for ADOS_2_ADOS_G_REVISED_RRB_SEVERITY_SCORE_new (regression | full_kinematic) ──
18:03:36  baselineEval.src.held_out  INFO     Best regression model: lgbm (RMSE=2.8623 ± 0.3973)
18:03:37  baselineEval.src.held_out  INFO     Held-out regression (full_kinematic | ADOS_2_ADOS_G_REVISED_RRB_SEVERITY_SCORE_new): model=lgbm RMSE=3.413 [2.214, 4.435] R²=0.178 [-0.375, 0.524] ρ=0.516
18:03:40  baselineEval.src.plotting  INFO       Saved: shap_bar_top16.png and shap_beeswarm_top16.png
18:03:40  baselineEval.src.held_out  INFO     SHAP saved → /srv/beegfs/scratch/shares/schaerm/schaer2/video_sam2_pose/humanLISBET-paper/baselineEval/results_reduce_social/full_kinematic/held_out/regression/ADOS_2_ADOS_G_REVISED_RRB_SEVERITY_SCORE_new/shap
18:03:40  ccnEvaluation         INFO     ── CV for VLDII_AdSS (regression) ──
18:03:40  ccnEvaluation         INFO       X: (95, 16), y: (95,) (classes: [ 51.  63.  64.  65.  66.  68.  69.  70.  71.  72.  73.  74.  75.  76.
  77.  78.  79.  80.  81.  83.  84.  85.  86.  87.  88.  89.  90.  91.
  92.  93.  94.  95.  96.  97.  99. 100. 102. 103. 104. 105. 107. 108.
 109. 110. 113. 115. 117.])
18:03:40  baselineEval.src.cross_validation  INFO     Regression CV: 2 models, 5×10 nested CV (50 total outer folds)
18:04:00  baselineEval.src.cross_validation  INFO       Saved: predictions_per_subject.csv
18:04:00  baselineEval.src.cross_validation  INFO       CV results: 100 rows → /srv/beegfs/scratch/shares/schaerm/schaer2/video_sam2_pose/humanLISBET-paper/baselineEval/results_reduce_social/full_kinematic/regression/VLDII_AdSS/cv_results.csv
18:04:00  baselineEval.src.cross_validation  INFO     
── Regression summary (VLDII_AdSS) ──
model      rmse       r2  spearman_r
lasso 13.716238 0.119432    0.435242
 lgbm 13.362114 0.160342    0.421303
18:04:00  ccnEvaluation         INFO     ── Held-out for VLDII_AdSS (regression | full_kinematic) ──
18:04:00  baselineEval.src.held_out  INFO     Best regression model: lgbm (RMSE=13.3621 ± 1.7438)
18:04:01  baselineEval.src.held_out  INFO     Held-out regression (full_kinematic | VLDII_AdSS): model=lgbm RMSE=10.842 [7.308, 14.619] R²=0.530 [0.017, 0.760] ρ=0.781
18:04:04  baselineEval.src.plotting  INFO       Saved: shap_bar_top16.png and shap_beeswarm_top16.png
18:04:04  baselineEval.src.held_out  INFO     SHAP saved → /srv/beegfs/scratch/shares/schaerm/schaer2/video_sam2_pose/humanLISBET-paper/baselineEval/results_reduce_social/full_kinematic/held_out/regression/VLDII_AdSS/shap
18:04:04  ccnEvaluation         INFO     ── CV for VLDII_MotorSS (regression) ──
18:04:04  ccnEvaluation         INFO       X: (95, 16), y: (95,) (classes: [ 56.  67.  69.  70.  72.  75.  79.  81.  82.  84.  85.  88.  90.  93.
  94.  95.  96.  97. 100. 102. 104. 105. 106. 108. 111. 114. 121. 131.])
18:04:04  baselineEval.src.cross_validation  INFO     Regression CV: 2 models, 5×10 nested CV (50 total outer folds)
18:04:24  baselineEval.src.cross_validation  INFO       Saved: predictions_per_subject.csv
18:04:24  baselineEval.src.cross_validation  INFO       CV results: 100 rows → /srv/beegfs/scratch/shares/schaerm/schaer2/video_sam2_pose/humanLISBET-paper/baselineEval/results_reduce_social/full_kinematic/regression/VLDII_MotorSS/cv_results.csv
18:04:24  baselineEval.src.cross_validation  INFO     
── Regression summary (VLDII_MotorSS) ──
model      rmse        r2  spearman_r
lasso 12.446960 -0.023948    0.134701
 lgbm 12.306082 -0.003513    0.189824
18:04:24  ccnEvaluation         INFO     ── Held-out for VLDII_MotorSS (regression | full_kinematic) ──
18:04:24  baselineEval.src.held_out  INFO     Best regression model: lgbm (RMSE=12.3061 ± 1.6272)
18:04:26  baselineEval.src.held_out  INFO     Held-out regression (full_kinematic | VLDII_MotorSS): model=lgbm RMSE=11.724 [9.257, 14.296] R²=0.142 [-0.453, 0.260] ρ=0.464
18:04:28  baselineEval.src.plotting  INFO       Saved: shap_bar_top16.png and shap_beeswarm_top16.png
18:04:28  baselineEval.src.held_out  INFO     SHAP saved → /srv/beegfs/scratch/shares/schaerm/schaer2/video_sam2_pose/humanLISBET-paper/baselineEval/results_reduce_social/full_kinematic/held_out/regression/VLDII_MotorSS/shap
18:04:28  ccnEvaluation         INFO     ── CV for VLDII_gmsVS (regression) ──
18:04:28  ccnEvaluation         INFO       X: (95, 16), y: (95,) (classes: [ 8.  9. 10. 11. 12. 13. 14. 15. 16. 17. 18. 22.])
18:04:28  baselineEval.src.cross_validation  INFO     Regression CV: 2 models, 5×10 nested CV (50 total outer folds)
18:04:49  baselineEval.src.cross_validation  INFO       Saved: predictions_per_subject.csv
18:04:49  baselineEval.src.cross_validation  INFO       CV results: 100 rows → /srv/beegfs/scratch/shares/schaerm/schaer2/video_sam2_pose/humanLISBET-paper/baselineEval/results_reduce_social/full_kinematic/regression/VLDII_gmsVS/cv_results.csv
18:04:49  baselineEval.src.cross_validation  INFO     
── Regression summary (VLDII_gmsVS) ──
model     rmse        r2  spearman_r
lasso 2.137360 -0.034614   -0.077234
 lgbm 2.143032 -0.042998    0.115114
18:04:49  ccnEvaluation         INFO     ── Held-out for VLDII_gmsVS (regression | full_kinematic) ──
18:04:49  baselineEval.src.held_out  INFO     Best regression model: lasso (RMSE=2.1374 ± 0.3558)
/srv/beegfs/scratch/shares/schaerm/schaer2/video_sam2_pose/humanLISBET-paper/baselineEval/src/held_out.py:422: ConstantInputWarning: An input array is constant; the correlation coefficient is not defined.
  sp_r, _ = spearmanr(y_test, y_pred)
/srv/beegfs/scratch/shares/schaerm/schaer2/video_sam2_pose/humanLISBET-paper/baselineEval/src/held_out.py:423: ConstantInputWarning: An input array is constant; the correlation coefficient is not defined.
  pe_r, _ = pearsonr(y_test, y_pred)
18:04:50  baselineEval.src.held_out  INFO     Held-out regression (full_kinematic | VLDII_gmsVS): model=lasso RMSE=1.893 [1.289, 2.418] R²=-0.014 [-0.494, -0.000] ρ=nan
18:04:53  baselineEval.src.plotting  INFO       Saved: shap_bar_top16.png and shap_beeswarm_top16.png
18:04:53  baselineEval.src.held_out  INFO     SHAP saved → /srv/beegfs/scratch/shares/schaerm/schaer2/video_sam2_pose/humanLISBET-paper/baselineEval/results_reduce_social/full_kinematic/held_out/regression/VLDII_gmsVS/shap
18:04:53  ccnEvaluation         INFO     ── CV for VLDII_fmsVS (regression) ──
18:04:53  ccnEvaluation         INFO       X: (95, 16), y: (95,) (classes: [ 7.  8.  9. 10. 11. 12. 13. 14. 15. 16. 17. 18.])
18:04:53  baselineEval.src.cross_validation  INFO     Regression CV: 2 models, 5×10 nested CV (50 total outer folds)
18:05:13  baselineEval.src.cross_validation  INFO       Saved: predictions_per_subject.csv
18:05:13  baselineEval.src.cross_validation  INFO       CV results: 100 rows → /srv/beegfs/scratch/shares/schaerm/schaer2/video_sam2_pose/humanLISBET-paper/baselineEval/results_reduce_social/full_kinematic/regression/VLDII_fmsVS/cv_results.csv
18:05:13  baselineEval.src.cross_validation  INFO     
── Regression summary (VLDII_fmsVS) ──
model     rmse        r2  spearman_r
lasso 2.465358 -0.026121    0.147805
 lgbm 2.411049  0.013505    0.248584
18:05:13  ccnEvaluation         INFO     ── Held-out for VLDII_fmsVS (regression | full_kinematic) ──
18:05:13  baselineEval.src.held_out  INFO     Best regression model: lgbm (RMSE=2.4110 ± 0.2448)
18:05:14  baselineEval.src.held_out  INFO     Held-out regression (full_kinematic | VLDII_fmsVS): model=lgbm RMSE=2.326 [1.852, 2.798] R²=0.120 [-0.484, 0.236] ρ=0.357
18:05:17  baselineEval.src.plotting  INFO       Saved: shap_bar_top16.png and shap_beeswarm_top16.png
18:05:17  baselineEval.src.held_out  INFO     SHAP saved → /srv/beegfs/scratch/shares/schaerm/schaer2/video_sam2_pose/humanLISBET-paper/baselineEval/results_reduce_social/full_kinematic/held_out/regression/VLDII_fmsVS/shap
18:05:17  ccnEvaluation         INFO     ── CV for VLDII_SocSS (regression) ──
18:05:17  ccnEvaluation         INFO       X: (95, 16), y: (95,) (classes: [ 59.  65.  66.  68.  70.  72.  74.  75.  76.  78.  79.  80.  81.  82.
  84.  86.  88.  89.  90.  91.  92.  94.  95.  96.  98. 100. 101. 102.
 105. 109. 111. 112. 114.])
18:05:17  baselineEval.src.cross_validation  INFO     Regression CV: 2 models, 5×10 nested CV (50 total outer folds)
18:05:37  baselineEval.src.cross_validation  INFO       Saved: predictions_per_subject.csv
18:05:37  baselineEval.src.cross_validation  INFO       CV results: 100 rows → /srv/beegfs/scratch/shares/schaerm/schaer2/video_sam2_pose/humanLISBET-paper/baselineEval/results_reduce_social/full_kinematic/regression/VLDII_SocSS/cv_results.csv
18:05:37  baselineEval.src.cross_validation  INFO     
── Regression summary (VLDII_SocSS) ──
model      rmse      r2  spearman_r
lasso 11.721113 0.06030    0.403225
 lgbm 11.211519 0.13803    0.438463
18:05:37  ccnEvaluation         INFO     ── Held-out for VLDII_SocSS (regression | full_kinematic) ──
18:05:37  baselineEval.src.held_out  INFO     Best regression model: lgbm (RMSE=11.2115 ± 1.3960)
18:05:39  baselineEval.src.held_out  INFO     Held-out regression (full_kinematic | VLDII_SocSS): model=lgbm RMSE=9.054 [6.008, 12.276] R²=0.461 [-0.150, 0.741] ρ=0.624
18:05:41  baselineEval.src.plotting  INFO       Saved: shap_bar_top16.png and shap_beeswarm_top16.png
18:05:41  baselineEval.src.held_out  INFO     SHAP saved → /srv/beegfs/scratch/shares/schaerm/schaer2/video_sam2_pose/humanLISBET-paper/baselineEval/results_reduce_social/full_kinematic/held_out/regression/VLDII_SocSS/shap
18:05:41  ccnEvaluation         INFO     ── CV for VLDII_intVS (regression) ──
18:05:41  ccnEvaluation         INFO       X: (95, 16), y: (95,) (classes: [ 6.  8.  9. 10. 11. 12. 13. 14. 15. 16. 17. 18. 19. 20.])
18:05:41  baselineEval.src.cross_validation  INFO     Regression CV: 2 models, 5×10 nested CV (50 total outer folds)
18:06:02  baselineEval.src.cross_validation  INFO       Saved: predictions_per_subject.csv
18:06:02  baselineEval.src.cross_validation  INFO       CV results: 100 rows → /srv/beegfs/scratch/shares/schaerm/schaer2/video_sam2_pose/humanLISBET-paper/baselineEval/results_reduce_social/full_kinematic/regression/VLDII_intVS/cv_results.csv
18:06:02  baselineEval.src.cross_validation  INFO     
── Regression summary (VLDII_intVS) ──
model     rmse       r2  spearman_r
lasso 2.566437 0.087447    0.410571
 lgbm 2.501584 0.128323    0.442252
18:06:02  ccnEvaluation         INFO     ── Held-out for VLDII_intVS (regression | full_kinematic) ──
18:06:02  baselineEval.src.held_out  INFO     Best regression model: lgbm (RMSE=2.5016 ± 0.3400)
18:06:03  baselineEval.src.held_out  INFO     Held-out regression (full_kinematic | VLDII_intVS): model=lgbm RMSE=2.148 [1.546, 2.810] R²=0.486 [-0.023, 0.701] ρ=0.717
18:06:05  baselineEval.src.plotting  INFO       Saved: shap_bar_top16.png and shap_beeswarm_top16.png
18:06:05  baselineEval.src.held_out  INFO     SHAP saved → /srv/beegfs/scratch/shares/schaerm/schaer2/video_sam2_pose/humanLISBET-paper/baselineEval/results_reduce_social/full_kinematic/held_out/regression/VLDII_intVS/shap
18:06:05  ccnEvaluation         INFO     ── CV for VLDII_plaVS (regression) ──
18:06:05  ccnEvaluation         INFO       X: (95, 16), y: (95,) (classes: [ 7.  8.  9. 10. 11. 12. 13. 14. 15. 16. 17. 18. 19.])
18:06:05  baselineEval.src.cross_validation  INFO     Regression CV: 2 models, 5×10 nested CV (50 total outer folds)
18:06:26  baselineEval.src.cross_validation  INFO       Saved: predictions_per_subject.csv
18:06:26  baselineEval.src.cross_validation  INFO       CV results: 100 rows → /srv/beegfs/scratch/shares/schaerm/schaer2/video_sam2_pose/humanLISBET-paper/baselineEval/results_reduce_social/full_kinematic/regression/VLDII_plaVS/cv_results.csv
18:06:26  baselineEval.src.cross_validation  INFO     
── Regression summary (VLDII_plaVS) ──
model     rmse       r2  spearman_r
lasso 2.413819 0.107022    0.419477
 lgbm 2.436814 0.085487    0.353719
18:06:26  ccnEvaluation         INFO     ── Held-out for VLDII_plaVS (regression | full_kinematic) ──
18:06:26  baselineEval.src.held_out  INFO     Best regression model: lasso (RMSE=2.4138 ± 0.2542)
18:06:27  baselineEval.src.held_out  INFO     Held-out regression (full_kinematic | VLDII_plaVS): model=lasso RMSE=2.079 [1.561, 2.533] R²=0.326 [-0.003, 0.445] ρ=0.650
18:06:30  baselineEval.src.plotting  INFO       Saved: shap_bar_top16.png and shap_beeswarm_top16.png
18:06:30  baselineEval.src.held_out  INFO     SHAP saved → /srv/beegfs/scratch/shares/schaerm/schaer2/video_sam2_pose/humanLISBET-paper/baselineEval/results_reduce_social/full_kinematic/held_out/regression/VLDII_plaVS/shap
18:06:30  ccnEvaluation         INFO     ── CV for VLDII_copVS (regression) ──
18:06:30  ccnEvaluation         INFO       X: (95, 16), y: (95,) (classes: [ 9. 10. 11. 12. 13. 14. 15. 16. 17.])
18:06:30  baselineEval.src.cross_validation  INFO     Regression CV: 2 models, 5×10 nested CV (50 total outer folds)
18:06:50  baselineEval.src.cross_validation  INFO       Saved: predictions_per_subject.csv
18:06:50  baselineEval.src.cross_validation  INFO       CV results: 100 rows → /srv/beegfs/scratch/shares/schaerm/schaer2/video_sam2_pose/humanLISBET-paper/baselineEval/results_reduce_social/full_kinematic/regression/VLDII_copVS/cv_results.csv
18:06:50  baselineEval.src.cross_validation  INFO     
── Regression summary (VLDII_copVS) ──
model     rmse        r2  spearman_r
lasso 2.077323 -0.032289    0.098571
 lgbm 2.082036 -0.041092    0.194192
18:06:50  ccnEvaluation         INFO     ── Held-out for VLDII_copVS (regression | full_kinematic) ──
18:06:50  baselineEval.src.held_out  INFO     Best regression model: lasso (RMSE=2.0773 ± 0.1643)
/srv/beegfs/scratch/shares/schaerm/schaer2/video_sam2_pose/humanLISBET-paper/baselineEval/src/held_out.py:422: ConstantInputWarning: An input array is constant; the correlation coefficient is not defined.
  sp_r, _ = spearmanr(y_test, y_pred)
/srv/beegfs/scratch/shares/schaerm/schaer2/video_sam2_pose/humanLISBET-paper/baselineEval/src/held_out.py:423: ConstantInputWarning: An input array is constant; the correlation coefficient is not defined.
  pe_r, _ = pearsonr(y_test, y_pred)
18:06:51  baselineEval.src.held_out  INFO     Held-out regression (full_kinematic | VLDII_copVS): model=lasso RMSE=1.732 [1.312, 2.105] R²=-0.083 [-0.847, -0.000] ρ=nan
18:06:54  baselineEval.src.plotting  INFO       Saved: shap_bar_top16.png and shap_beeswarm_top16.png
18:06:54  baselineEval.src.held_out  INFO     SHAP saved → /srv/beegfs/scratch/shares/schaerm/schaer2/video_sam2_pose/humanLISBET-paper/baselineEval/results_reduce_social/full_kinematic/held_out/regression/VLDII_copVS/shap
18:06:54  ccnEvaluation         INFO     ── CV for VLDII_DaiSS (regression) ──
18:06:54  ccnEvaluation         INFO       X: (95, 16), y: (95,) (classes: [ 53.  62.  65.  67.  69.  71.  73.  75.  77.  78.  80.  81.  82.  83.
  86.  87.  89.  91.  93.  95.  96.  98. 100. 101. 102. 103. 104. 105.
 107. 109. 111. 113. 115. 118. 121.])
18:06:54  baselineEval.src.cross_validation  INFO     Regression CV: 2 models, 5×10 nested CV (50 total outer folds)
18:07:14  baselineEval.src.cross_validation  INFO       Saved: predictions_per_subject.csv
18:07:14  baselineEval.src.cross_validation  INFO       CV results: 100 rows → /srv/beegfs/scratch/shares/schaerm/schaer2/video_sam2_pose/humanLISBET-paper/baselineEval/results_reduce_social/full_kinematic/regression/VLDII_DaiSS/cv_results.csv
18:07:14  baselineEval.src.cross_validation  INFO     
── Regression summary (VLDII_DaiSS) ──
model      rmse       r2  spearman_r
lasso 12.995484 0.088208    0.433847
 lgbm 12.814732 0.104571    0.415121
18:07:14  ccnEvaluation         INFO     ── Held-out for VLDII_DaiSS (regression | full_kinematic) ──
18:07:14  baselineEval.src.held_out  INFO     Best regression model: lgbm (RMSE=12.8147 ± 1.4540)
18:07:16  baselineEval.src.held_out  INFO     Held-out regression (full_kinematic | VLDII_DaiSS): model=lgbm RMSE=10.351 [7.223, 13.417] R²=0.491 [0.055, 0.673] ρ=0.715
18:07:18  baselineEval.src.plotting  INFO       Saved: shap_bar_top16.png and shap_beeswarm_top16.png
18:07:18  baselineEval.src.held_out  INFO     SHAP saved → /srv/beegfs/scratch/shares/schaerm/schaer2/video_sam2_pose/humanLISBET-paper/baselineEval/results_reduce_social/full_kinematic/held_out/regression/VLDII_DaiSS/shap
18:07:18  ccnEvaluation         INFO     ── CV for VLDII_perVS (regression) ──
18:07:18  ccnEvaluation         INFO       X: (95, 16), y: (95,) (classes: [ 7.  8.  9. 10. 11. 12. 13. 14. 15. 16. 17. 18.])
18:07:18  baselineEval.src.cross_validation  INFO     Regression CV: 2 models, 5×10 nested CV (50 total outer folds)
18:07:39  baselineEval.src.cross_validation  INFO       Saved: predictions_per_subject.csv
18:07:39  baselineEval.src.cross_validation  INFO       CV results: 100 rows → /srv/beegfs/scratch/shares/schaerm/schaer2/video_sam2_pose/humanLISBET-paper/baselineEval/results_reduce_social/full_kinematic/regression/VLDII_perVS/cv_results.csv
18:07:39  baselineEval.src.cross_validation  INFO     
── Regression summary (VLDII_perVS) ──
model     rmse       r2  spearman_r
lasso 2.656678 0.023507    0.373120
 lgbm 2.556441 0.090141    0.359897
18:07:39  ccnEvaluation         INFO     ── Held-out for VLDII_perVS (regression | full_kinematic) ──
18:07:39  baselineEval.src.held_out  INFO     Best regression model: lgbm (RMSE=2.5564 ± 0.2901)
18:07:40  baselineEval.src.held_out  INFO     Held-out regression (full_kinematic | VLDII_perVS): model=lgbm RMSE=2.099 [1.190, 2.895] R²=0.237 [-0.496, 0.698] ρ=0.510
18:07:43  baselineEval.src.plotting  INFO       Saved: shap_bar_top16.png and shap_beeswarm_top16.png
18:07:43  baselineEval.src.held_out  INFO     SHAP saved → /srv/beegfs/scratch/shares/schaerm/schaer2/video_sam2_pose/humanLISBET-paper/baselineEval/results_reduce_social/full_kinematic/held_out/regression/VLDII_perVS/shap
18:07:43  ccnEvaluation         INFO     ── CV for VLDII_comVS (regression) ──
18:07:43  ccnEvaluation         INFO       X: (95, 16), y: (95,) (classes: [ 7. 10. 11. 12. 13. 14. 15. 16. 17. 18. 20.])
18:07:43  baselineEval.src.cross_validation  INFO     Regression CV: 2 models, 5×10 nested CV (50 total outer folds)
18:08:03  baselineEval.src.cross_validation  INFO       Saved: predictions_per_subject.csv
18:08:03  baselineEval.src.cross_validation  INFO       CV results: 100 rows → /srv/beegfs/scratch/shares/schaerm/schaer2/video_sam2_pose/humanLISBET-paper/baselineEval/results_reduce_social/full_kinematic/regression/VLDII_comVS/cv_results.csv
18:08:03  baselineEval.src.cross_validation  INFO     
── Regression summary (VLDII_comVS) ──
model     rmse        r2  spearman_r
lasso 2.225905  0.030258    0.279556
 lgbm 2.270220 -0.020819    0.273518
18:08:03  ccnEvaluation         INFO     ── Held-out for VLDII_comVS (regression | full_kinematic) ──
18:08:03  baselineEval.src.held_out  INFO     Best regression model: lasso (RMSE=2.2259 ± 0.2523)
18:08:04  baselineEval.src.held_out  INFO     Held-out regression (full_kinematic | VLDII_comVS): model=lasso RMSE=2.618 [1.738, 3.471] R²=0.181 [-0.205, 0.330] ρ=0.488
18:08:07  baselineEval.src.plotting  INFO       Saved: shap_bar_top16.png and shap_beeswarm_top16.png
18:08:07  baselineEval.src.held_out  INFO     SHAP saved → /srv/beegfs/scratch/shares/schaerm/schaer2/video_sam2_pose/humanLISBET-paper/baselineEval/results_reduce_social/full_kinematic/held_out/regression/VLDII_comVS/shap
18:08:07  ccnEvaluation         INFO     ── CV for VLDII_domVS (regression) ──
18:08:07  ccnEvaluation         INFO       X: (95, 16), y: (95,) (classes: [ 9. 10. 11. 12. 13. 14. 15. 16. 17. 18. 19. 20. 22.])
18:08:07  baselineEval.src.cross_validation  INFO     Regression CV: 2 models, 5×10 nested CV (50 total outer folds)
18:08:27  baselineEval.src.cross_validation  INFO       Saved: predictions_per_subject.csv
18:08:27  baselineEval.src.cross_validation  INFO       CV results: 100 rows → /srv/beegfs/scratch/shares/schaerm/schaer2/video_sam2_pose/humanLISBET-paper/baselineEval/results_reduce_social/full_kinematic/regression/VLDII_domVS/cv_results.csv
18:08:27  baselineEval.src.cross_validation  INFO     
── Regression summary (VLDII_domVS) ──
model     rmse       r2  spearman_r
lasso 2.680774 0.056245    0.354596
 lgbm 2.609664 0.104014    0.377089
18:08:27  ccnEvaluation         INFO     ── Held-out for VLDII_domVS (regression | full_kinematic) ──
18:08:27  baselineEval.src.held_out  INFO     Best regression model: lgbm (RMSE=2.6097 ± 0.2685)
18:08:29  baselineEval.src.held_out  INFO     Held-out regression (full_kinematic | VLDII_domVS): model=lgbm RMSE=2.392 [1.637, 3.089] R²=0.351 [-0.084, 0.493] ρ=0.776
18:08:31  baselineEval.src.plotting  INFO       Saved: shap_bar_top16.png and shap_beeswarm_top16.png
18:08:31  baselineEval.src.held_out  INFO     SHAP saved → /srv/beegfs/scratch/shares/schaerm/schaer2/video_sam2_pose/humanLISBET-paper/baselineEval/results_reduce_social/full_kinematic/held_out/regression/VLDII_domVS/shap
18:08:31  ccnEvaluation         INFO     ── CV for VLDII_ComSS (regression) ──
18:08:31  ccnEvaluation         INFO       X: (95, 16), y: (95,) (classes: [ 44.  52.  54.  58.  59.  61.  63.  64.  65.  66.  69.  71.  72.  73.
  74.  76.  79.  80.  81.  84.  85.  86.  89.  90.  91.  93.  95.  97.
 100. 101. 102. 103. 104. 105. 107. 108. 110. 112. 113. 116. 118. 121.
 122. 125.])
18:08:31  baselineEval.src.cross_validation  INFO     Regression CV: 2 models, 5×10 nested CV (50 total outer folds)
18:08:51  baselineEval.src.cross_validation  INFO       Saved: predictions_per_subject.csv
18:08:51  baselineEval.src.cross_validation  INFO       CV results: 100 rows → /srv/beegfs/scratch/shares/schaerm/schaer2/video_sam2_pose/humanLISBET-paper/baselineEval/results_reduce_social/full_kinematic/regression/VLDII_ComSS/cv_results.csv
18:08:51  baselineEval.src.cross_validation  INFO     
── Regression summary (VLDII_ComSS) ──
model      rmse       r2  spearman_r
lasso 18.021373 0.113670    0.384259
 lgbm 18.025442 0.104268    0.383807
18:08:51  ccnEvaluation         INFO     ── Held-out for VLDII_ComSS (regression | full_kinematic) ──
18:08:51  baselineEval.src.held_out  INFO     Best regression model: lasso (RMSE=18.0214 ± 1.4151)
18:08:53  baselineEval.src.held_out  INFO     Held-out regression (full_kinematic | VLDII_ComSS): model=lasso RMSE=16.907 [13.166, 20.894] R²=0.396 [-0.140, 0.581] ρ=0.607
18:08:55  baselineEval.src.plotting  INFO       Saved: shap_bar_top16.png and shap_beeswarm_top16.png
18:08:55  baselineEval.src.held_out  INFO     SHAP saved → /srv/beegfs/scratch/shares/schaerm/schaer2/video_sam2_pose/humanLISBET-paper/baselineEval/results_reduce_social/full_kinematic/held_out/regression/VLDII_ComSS/shap
18:08:55  ccnEvaluation         INFO     ── CV for VLDII_expVS (regression) ──
18:08:55  ccnEvaluation         INFO       X: (95, 16), y: (95,) (classes: [ 6.  7.  8.  9. 10. 11. 12. 13. 14. 15. 16. 17. 18. 19. 20.])
18:08:55  baselineEval.src.cross_validation  INFO     Regression CV: 2 models, 5×10 nested CV (50 total outer folds)
18:09:16  baselineEval.src.cross_validation  INFO       Saved: predictions_per_subject.csv
18:09:16  baselineEval.src.cross_validation  INFO       CV results: 100 rows → /srv/beegfs/scratch/shares/schaerm/schaer2/video_sam2_pose/humanLISBET-paper/baselineEval/results_reduce_social/full_kinematic/regression/VLDII_expVS/cv_results.csv
18:09:16  baselineEval.src.cross_validation  INFO     
── Regression summary (VLDII_expVS) ──
model     rmse       r2  spearman_r
lasso 3.423767 0.112362    0.385908
 lgbm 3.524768 0.054831    0.308040
18:09:16  ccnEvaluation         INFO     ── Held-out for VLDII_expVS (regression | full_kinematic) ──
18:09:16  baselineEval.src.held_out  INFO     Best regression model: lasso (RMSE=3.4238 ± 0.2970)
18:09:17  baselineEval.src.held_out  INFO     Held-out regression (full_kinematic | VLDII_expVS): model=lasso RMSE=2.969 [2.314, 3.552] R²=0.336 [0.010, 0.465] ρ=0.653
18:09:19  baselineEval.src.plotting  INFO       Saved: shap_bar_top16.png and shap_beeswarm_top16.png
18:09:19  baselineEval.src.held_out  INFO     SHAP saved → /srv/beegfs/scratch/shares/schaerm/schaer2/video_sam2_pose/humanLISBET-paper/baselineEval/results_reduce_social/full_kinematic/held_out/regression/VLDII_expVS/shap
18:09:19  ccnEvaluation         INFO     ── CV for VLDII_recVS (regression) ──
18:09:19  ccnEvaluation         INFO       X: (95, 16), y: (95,) (classes: [ 3.  5.  6.  7.  8.  9. 10. 11. 12. 13. 14. 15. 16. 17. 18. 19. 20. 21.])
18:09:19  baselineEval.src.cross_validation  INFO     Regression CV: 2 models, 5×10 nested CV (50 total outer folds)
18:09:40  baselineEval.src.cross_validation  INFO       Saved: predictions_per_subject.csv
18:09:40  baselineEval.src.cross_validation  INFO       CV results: 100 rows → /srv/beegfs/scratch/shares/schaerm/schaer2/video_sam2_pose/humanLISBET-paper/baselineEval/results_reduce_social/full_kinematic/regression/VLDII_recVS/cv_results.csv
18:09:40  baselineEval.src.cross_validation  INFO     
── Regression summary (VLDII_recVS) ──
model     rmse       r2  spearman_r
lasso 3.674489 0.154588    0.466129
 lgbm 3.735178 0.120132    0.422061
18:09:40  ccnEvaluation         INFO     ── Held-out for VLDII_recVS (regression | full_kinematic) ──
18:09:40  baselineEval.src.held_out  INFO     Best regression model: lasso (RMSE=3.6745 ± 0.4615)
18:09:41  baselineEval.src.held_out  INFO     Held-out regression (full_kinematic | VLDII_recVS): model=lasso RMSE=3.486 [2.614, 4.354] R²=0.428 [-0.042, 0.628] ρ=0.719
18:09:44  baselineEval.src.plotting  INFO       Saved: shap_bar_top16.png and shap_beeswarm_top16.png
18:09:44  baselineEval.src.held_out  INFO     SHAP saved → /srv/beegfs/scratch/shares/schaerm/schaer2/video_sam2_pose/humanLISBET-paper/baselineEval/results_reduce_social/full_kinematic/held_out/regression/VLDII_recVS/shap
18:09:44  ccnEvaluation         INFO     ── CV for MSEL_TOTAL_DQ (regression) ──
18:09:44  ccnEvaluation         INFO       X: (100, 16), y: (100,) (classes: [ 18.02469136  32.43483412  34.59785415  38.08884914  38.95032984
  40.09469697  40.66399287  41.7597914   48.35352006  48.38185274
  48.56808071  49.32034527  52.60163835  52.78815173  53.41769972
  54.6043883   54.66514664  55.9129902   57.80945419  58.00856827
  58.01880411  58.49358974  60.55385401  60.73988735  61.21267952
  61.65540541  62.6717033   64.54699612  64.58014537  65.85307734
  66.03346902  66.56582561  67.46408956  68.67474001  69.12878788
  69.58887965  70.42091476  70.5832302   71.22161779  72.65127389
  72.74744284  73.39929215  73.55044202  73.63718709  74.37652068
  76.23385285  77.89159198  78.63298081  79.93217054  79.97485632
  80.39067013  81.47321429  82.45481928  83.44764518  83.72463299
  88.69235986  88.94106636  91.04190422  91.67078393  92.86194316
  92.9187448   93.08301946  94.84225533  95.62583836  96.63388805
  97.48931624  98.02617856 102.9518543  103.811149   107.0353937
 107.8029726  108.1764296  108.385181   108.6309524  108.7338226
 109.0520026  109.52137    111.8651489  112.1257819  112.192623
 112.5198886  112.8090659  112.8284389  113.5791843  115.0573568
 116.0376082  116.1326915  118.2653171  119.351962   120.5538618
 121.574912   125.622437   128.0608788  130.5093403  130.8806655
 132.3244751  135.4820159  139.7760116  149.1013072  149.4299051 ])
18:09:44  baselineEval.src.cross_validation  INFO     Regression CV: 2 models, 5×10 nested CV (50 total outer folds)
18:10:05  baselineEval.src.cross_validation  INFO       Saved: predictions_per_subject.csv
18:10:05  baselineEval.src.cross_validation  INFO       CV results: 100 rows → /srv/beegfs/scratch/shares/schaerm/schaer2/video_sam2_pose/humanLISBET-paper/baselineEval/results_reduce_social/full_kinematic/regression/MSEL_TOTAL_DQ/cv_results.csv
18:10:05  baselineEval.src.cross_validation  INFO     
── Regression summary (MSEL_TOTAL_DQ) ──
model      rmse       r2  spearman_r
lasso 26.478244 0.155493    0.432271
 lgbm 26.843860 0.125708    0.389564
18:10:05  ccnEvaluation         INFO     ── Held-out for MSEL_TOTAL_DQ (regression | full_kinematic) ──
18:10:05  baselineEval.src.held_out  INFO     Best regression model: lasso (RMSE=26.4782 ± 2.5790)
18:10:06  baselineEval.src.held_out  INFO     Held-out regression (full_kinematic | MSEL_TOTAL_DQ): model=lasso RMSE=22.131 [17.198, 26.304] R²=0.549 [0.276, 0.652] ρ=0.863
18:10:08  baselineEval.src.plotting  INFO       Saved: shap_bar_top16.png and shap_beeswarm_top16.png
18:10:08  baselineEval.src.held_out  INFO     SHAP saved → /srv/beegfs/scratch/shares/schaerm/schaer2/video_sam2_pose/humanLISBET-paper/baselineEval/results_reduce_social/full_kinematic/held_out/regression/MSEL_TOTAL_DQ/shap
18:10:08  ccnEvaluation         INFO     ── CV for MSEL_FM_DQ (regression) ──
18:10:08  ccnEvaluation         INFO       X: (100, 16), y: (100,) (classes: [ 18.02469136  46.4649432   48.97137746  50.05646983  54.38484461
  55.25934702  55.26116578  55.3030303   59.06148867  60.89132507
  63.6627907   63.73690338  64.77896096  65.16194848  65.41218638
  65.72629052  69.06338694  69.12878788  69.33210784  70.91968912
  73.53479853  75.06258941  75.18022657  75.486618    75.66334992
  75.86923658  75.90612002  75.91514143  77.07927225  77.89159198
  78.29257829  79.43695591  79.91242474  80.18453427  80.89539007
  80.95690748  82.62072435  82.81765677  83.43724023  83.84379786
  83.94209957  85.6233244   85.79059829  85.92278719  87.62002743
  87.84596871  87.86462758  87.98209366  89.15229885  90.64569536
  90.75497288  90.7960199   92.60343482  92.99363057  93.43003413
  93.95109395  95.05208333  95.38327526  96.20155039  96.63388805
  96.66313559  97.1113645   97.65160523  97.76785714  98.45857418
  98.95429899  98.97788903  99.40087146  99.64898596 102.1903821
 102.8432377  103.6931818  103.811149   104.7045324  105.1267281
 105.4303871  106.1046512  106.538237   107.1589883  108.1764296
 108.201581   108.6309524  109.939759   111.4163614  111.6891065
 112.258348   112.5198886  113.5687229  114.1644325  115.1790314
 119.8555166  120.5538618  121.1819389  121.197515   121.574912
 122.124634   122.1456693  122.8956229  123.8687783  143.1372549 ])
18:10:08  baselineEval.src.cross_validation  INFO     Regression CV: 2 models, 5×10 nested CV (50 total outer folds)
18:10:29  baselineEval.src.cross_validation  INFO       Saved: predictions_per_subject.csv
18:10:29  baselineEval.src.cross_validation  INFO       CV results: 100 rows → /srv/beegfs/scratch/shares/schaerm/schaer2/video_sam2_pose/humanLISBET-paper/baselineEval/results_reduce_social/full_kinematic/regression/MSEL_FM_DQ/cv_results.csv
18:10:29  baselineEval.src.cross_validation  INFO     
── Regression summary (MSEL_FM_DQ) ──
model      rmse      r2  spearman_r
lasso 19.984783 0.10442    0.427128
 lgbm 20.096097 0.08568    0.350815
18:10:29  ccnEvaluation         INFO     ── Held-out for MSEL_FM_DQ (regression | full_kinematic) ──
18:10:29  baselineEval.src.held_out  INFO     Best regression model: lasso (RMSE=19.9848 ± 2.7272)
18:10:30  baselineEval.src.held_out  INFO     Held-out regression (full_kinematic | MSEL_FM_DQ): model=lasso RMSE=17.037 [12.165, 21.359] R²=0.392 [0.072, 0.536] ρ=0.762
18:10:33  baselineEval.src.plotting  INFO       Saved: shap_bar_top16.png and shap_beeswarm_top16.png
18:10:33  baselineEval.src.held_out  INFO     SHAP saved → /srv/beegfs/scratch/shares/schaerm/schaer2/video_sam2_pose/humanLISBET-paper/baselineEval/results_reduce_social/full_kinematic/held_out/regression/MSEL_FM_DQ/shap
18:10:33  ccnEvaluation         INFO     ── CV for MSEL_VR_DQ (regression) ──
18:10:33  ccnEvaluation         INFO       X: (100, 16), y: (100,) (classes: [ 24.78395062  38.27847693  40.84386519  44.24242424  48.97137746
  55.48645661  56.65502522  56.92959002  62.16881151  62.75283172
  64.71631206  65.27181688  65.72629052  66.12318841  66.69049889
  67.74833589  69.92337165  70.46332046  70.66795741  71.15009747
  72.16608084  73.80514706  73.80800341  75.41322314  76.86522262
  77.69631031  77.99145299  78.31273601  78.41474446  78.6637931
  79.18580909  79.31783825  80.21978022  83.77964805  84.0389186
  84.56192081  84.81797057  84.88372093  85.28037383  87.43066062
  88.66708914  89.11889597  89.35566001  89.46078431  89.57533077
  89.615829    90.15860634  92.33630952  93.50512357  93.81764069
  94.1109736   94.6140553   96.17918314  96.20155039  97.93244949
  98.97788903 100.5796275  102.1289538  103.2884465  104.0746873
 104.3095565  106.0098302  106.3795337  108.127254   109.5515537
 110.1055807  110.1609658  110.297536   111.6891065  113.7780549
 114.2017705  114.5637163  115.3090847  116.9871795  118.5064935
 121.4642263  123.6822289  124.5733788  125.1905488  125.2213369
 129.0167095  130.7503771  133.1727963  133.6408905  133.8188664
 134.9544937  135.1851852  136.0094851  136.515748   146.7828418
 147.3675711  148.8166269  148.8393977  151.821572   153.0708874
 158.9721254  159.8073555  175.8188825  192.7226814 ])
18:10:33  baselineEval.src.cross_validation  INFO     Regression CV: 2 models, 5×10 nested CV (50 total outer folds)
18:10:54  baselineEval.src.cross_validation  INFO       Saved: predictions_per_subject.csv
18:10:54  baselineEval.src.cross_validation  INFO       CV results: 100 rows → /srv/beegfs/scratch/shares/schaerm/schaer2/video_sam2_pose/humanLISBET-paper/baselineEval/results_reduce_social/full_kinematic/regression/MSEL_VR_DQ/cv_results.csv
18:10:54  baselineEval.src.cross_validation  INFO     
── Regression summary (MSEL_VR_DQ) ──
model      rmse       r2  spearman_r
lasso 30.350906 0.055827    0.334196
 lgbm 30.658556 0.031155    0.278586
18:10:54  ccnEvaluation         INFO     ── Held-out for MSEL_VR_DQ (regression | full_kinematic) ──
18:10:54  baselineEval.src.held_out  INFO     Best regression model: lasso (RMSE=30.3509 ± 3.4271)
18:10:55  baselineEval.src.held_out  INFO     Held-out regression (full_kinematic | MSEL_VR_DQ): model=lasso RMSE=28.846 [21.824, 35.666] R²=0.263 [-0.066, 0.337] ρ=0.740
18:10:58  baselineEval.src.plotting  INFO       Saved: shap_bar_top16.png and shap_beeswarm_top16.png
18:10:58  baselineEval.src.held_out  INFO     SHAP saved → /srv/beegfs/scratch/shares/schaerm/schaer2/video_sam2_pose/humanLISBET-paper/baselineEval/results_reduce_social/full_kinematic/held_out/regression/MSEL_VR_DQ/shap
18:10:58  ccnEvaluation         INFO     ── CV for MSEL_LR_DQ (regression) ──
18:10:58  ccnEvaluation         INFO       X: (100, 16), y: (100,) (classes: [  3.88463176   4.06639929   6.75925926   9.87554113  12.01290153
  16.59090909  18.70972466  20.22384752  20.94811754  21.24563446
  25.56022409  26.50048403  28.99586908  29.92695289  32.38948048
  32.63590844  35.30956329  37.26391016  38.9957265   40.25735294
  40.48807543  43.06091806  44.2961165   44.83182162  46.05097149
  46.79487179  47.45189808  48.93770627  50.11618082  50.37154989
  52.84749035  53.52588625  53.65219358  54.90373045  59.29174789
  59.55070281  62.02209006  62.16545012  62.65018881  63.07603687
  64.61056645  64.9288451   66.12318841  66.75811614  70.61011905
  70.91968912  71.94102807  73.19518717  74.25406872  76.30178639
  76.39534884  77.74980635  77.81007752  77.89159198  78.6637931
  79.07279029  79.43695591  80.19460138  82.52583979  83.43724023
  83.56227106  84.15678524  87.60560676  91.80080483  96.34238311
  96.50411281 102.7847309  104.0746873  105.9596995  107.2715207
 108.1764296  108.8902148  110.0871314  115.4120767  115.9171748
 116.9871795  117.5351288  118.5064935  119.2178672  119.8802164
 120.1122726  120.9753788  121.1819389  122.3190349  122.5189726
 124.5733788  126.9356955  127.766486   128.1288156  130.2021403
 130.5093403  132.9263068  138.2575758  142.6500252  144.1714836
 144.3321617  147.1132898  148.8393977  153.6195286  157.0567986 ])
18:10:58  baselineEval.src.cross_validation  INFO     Regression CV: 2 models, 5×10 nested CV (50 total outer folds)
18:11:18  baselineEval.src.cross_validation  INFO       Saved: predictions_per_subject.csv
18:11:18  baselineEval.src.cross_validation  INFO       CV results: 100 rows → /srv/beegfs/scratch/shares/schaerm/schaer2/video_sam2_pose/humanLISBET-paper/baselineEval/results_reduce_social/full_kinematic/regression/MSEL_LR_DQ/cv_results.csv
18:11:18  baselineEval.src.cross_validation  INFO     
── Regression summary (MSEL_LR_DQ) ──
model      rmse       r2  spearman_r
lasso 35.213422 0.224653    0.507218
 lgbm 37.399205 0.121577    0.390556
18:11:18  ccnEvaluation         INFO     ── Held-out for MSEL_LR_DQ (regression | full_kinematic) ──
18:11:18  baselineEval.src.held_out  INFO     Best regression model: lasso (RMSE=35.2134 ± 3.1187)
18:11:19  baselineEval.src.held_out  INFO     Held-out regression (full_kinematic | MSEL_LR_DQ): model=lasso RMSE=32.707 [24.187, 39.710] R²=0.480 [0.205, 0.596] ρ=0.816
18:11:22  baselineEval.src.plotting  INFO       Saved: shap_bar_top16.png and shap_beeswarm_top16.png
18:11:22  baselineEval.src.held_out  INFO     SHAP saved → /srv/beegfs/scratch/shares/schaerm/schaer2/video_sam2_pose/humanLISBET-paper/baselineEval/results_reduce_social/full_kinematic/held_out/regression/MSEL_LR_DQ/shap
18:11:22  ccnEvaluation         INFO     ── CV for MSEL_LE_DQ (regression) ──
18:11:22  ccnEvaluation         INFO       X: (100, 16), y: (100,) (classes: [  9.94008715  14.16375631  17.66698935  21.62322275  22.5308642
  23.71669916  24.48568873  29.32736455  29.93313147  31.1965812
  31.83139535  32.5311943   34.96168582  35.3339787   36.51460584
  36.64658635  37.69462981  40.09226714  40.25735294  40.48807543
  41.27091814  41.92189893  43.37492573  44.24242424  44.2961165
  44.43993506  44.83182162  45.69027182  46.51656754  46.72299027
  47.44367418  50.11618082  50.12015105  50.13736264  50.93023256
  52.58200355  54.8048048   55.8530987   56.46658416  56.94227769
  57.72506083  58.12101911  59.82097832  59.93431856  60.11198946
  61.49957877  65.17857143  65.57490326  66.18574582  66.20785318
  69.12878788  69.55030488  71.37484958  72.66780432  73.41954023
  75.10288066  76.33526384  77.99145299  78.1455863   79.85282418
  80.57395143  81.54602324  82.20720721  83.94209957  84.10138249
  85.23058961  86.67962003  89.35128519  89.92073693  90.17483846
  91.02244389  91.36420526  91.65097301  93.77792672  94.24218952
  96.25527426  96.94555113  97.92085848 100.2099483  100.2747253
 103.2239819  106.0553231  108.127254   109.939759   111.2804878
 111.8651489  112.258348   114.1922639  115.7352358  116.9871795
 120.9753788  122.124634   124.6584699  128.4817876  128.8841808
 137.775842   140.655106   143.7007874  170.9694989 ])
18:11:22  baselineEval.src.cross_validation  INFO     Regression CV: 2 models, 5×10 nested CV (50 total outer folds)
18:11:43  baselineEval.src.cross_validation  INFO       Saved: predictions_per_subject.csv
18:11:43  baselineEval.src.cross_validation  INFO       CV results: 100 rows → /srv/beegfs/scratch/shares/schaerm/schaer2/video_sam2_pose/humanLISBET-paper/baselineEval/results_reduce_social/full_kinematic/regression/MSEL_LE_DQ/cv_results.csv
18:11:43  baselineEval.src.cross_validation  INFO     
── Regression summary (MSEL_LE_DQ) ──
model      rmse       r2  spearman_r
lasso 30.519307 0.174594    0.425914
 lgbm 32.559161 0.057979    0.288410
18:11:43  ccnEvaluation         INFO     ── Held-out for MSEL_LE_DQ (regression | full_kinematic) ──
18:11:43  baselineEval.src.held_out  INFO     Best regression model: lasso (RMSE=30.5193 ± 3.5863)
18:11:44  baselineEval.src.held_out  INFO     Held-out regression (full_kinematic | MSEL_LE_DQ): model=lasso RMSE=29.097 [22.732, 34.205] R²=0.395 [-0.091, 0.532] ρ=0.782
18:11:46  baselineEval.src.plotting  INFO       Saved: shap_bar_top16.png and shap_beeswarm_top16.png
18:11:46  baselineEval.src.held_out  INFO     SHAP saved → /srv/beegfs/scratch/shares/schaerm/schaer2/video_sam2_pose/humanLISBET-paper/baselineEval/results_reduce_social/full_kinematic/held_out/regression/MSEL_LE_DQ/shap
18:11:46  ccnEvaluation         INFO     ── CV for MSEL_NV_DQ (regression) ──
18:11:46  ccnEvaluation         INFO       X: (100, 16), y: (100,) (classes: [ 21.40432099  44.16747338  48.05160611  48.97137746  49.77272727
  58.71498864  60.1959643   60.90716019  63.02918895  63.79091198
  64.09642401  65.57490326  65.72629052  66.58026114  67.72345918
  67.91030161  70.16720315  71.56862745  72.80585106  73.37984863
  74.11468486  74.27325581  74.37794938  74.47079827  74.91789819
  76.17530756  76.74648129  76.87728938  77.59353741  79.97251931
  81.51480347  81.6976584   81.89102564  81.99943836  82.20720721
  82.35559567  83.73346137  83.90804598  84.15678524  84.60538218
  84.81199831  86.57250071  88.46431518  88.6496114   88.80778589
  88.87987013  91.05626327  91.88613478  92.03227433  92.13004822
  94.43082789  94.90379615  95.05208333  95.96479195  96.20155039
  96.39084507  96.49226641  97.36019132  97.52310803  97.94594067
  98.60764755  98.68968386  98.84549601  98.97788903  99.87039171
 100.2432517  102.1903821  103.1073446  109.0017065  109.0761612
 109.2369828  110.0871314  111.4163614  111.6531427  111.6891065
 114.2017705  115.7352358  116.0376082  116.2030831  116.810994
 116.9871795  119.3828214  119.8555166  121.5842367  122.8722053
 122.9496192  123.2016379  125.1071123  126.1626445  126.7361111
 127.1777003  128.2630522  128.3820346  129.3307087  130.6682578
 135.4820159  137.1387283  139.16122    139.8314361  157.8091521 ])
18:11:46  baselineEval.src.cross_validation  INFO     Regression CV: 2 models, 5×10 nested CV (50 total outer folds)
18:12:07  baselineEval.src.cross_validation  INFO       Saved: predictions_per_subject.csv
18:12:07  baselineEval.src.cross_validation  INFO       CV results: 100 rows → /srv/beegfs/scratch/shares/schaerm/schaer2/video_sam2_pose/humanLISBET-paper/baselineEval/results_reduce_social/full_kinematic/regression/MSEL_NV_DQ/cv_results.csv
18:12:07  baselineEval.src.cross_validation  INFO     
── Regression summary (MSEL_NV_DQ) ──
model      rmse       r2  spearman_r
lasso 23.472511 0.085203    0.402526
 lgbm 23.528508 0.071079    0.334793
18:12:07  ccnEvaluation         INFO     ── Held-out for MSEL_NV_DQ (regression | full_kinematic) ──
18:12:07  baselineEval.src.held_out  INFO     Best regression model: lasso (RMSE=23.4725 ± 2.5786)
18:12:08  baselineEval.src.held_out  INFO     Held-out regression (full_kinematic | MSEL_NV_DQ): model=lasso RMSE=21.884 [17.515, 25.792] R²=0.291 [-0.046, 0.388] ρ=0.792
18:12:11  baselineEval.src.plotting  INFO       Saved: shap_bar_top16.png and shap_beeswarm_top16.png
18:12:11  baselineEval.src.held_out  INFO     SHAP saved → /srv/beegfs/scratch/shares/schaerm/schaer2/video_sam2_pose/humanLISBET-paper/baselineEval/results_reduce_social/full_kinematic/held_out/regression/MSEL_NV_DQ/shap
18:12:11  ccnEvaluation         INFO     ── CV for MSEL_V_DQ (regression) ──
18:12:11  ccnEvaluation         INFO       X: (100, 16), y: (100,) (classes: [ 14.64506173  16.81806214  17.70469538  18.29879679  19.42315879
  25.02823491  25.13774105  27.1577381   27.20632081  29.4009959
  30.41666667  30.91723136  31.03741497  33.34524944  35.09615385
  36.40292553  37.2753268   37.99205148  39.16309013  39.59290454
  40.25735294  40.48807543  41.50422352  44.2961165   44.83182162
  47.46155586  48.09864458  48.46611722  48.93286143  50.11618082
  50.44223328  52.19708788  52.70214521  54.2462845   54.2693288
  54.68949248  54.82073643  54.89951357  56.38516993  58.28505645
  59.94525547  62.43158183  63.11758893  63.13929001  63.25823224
  63.6627907   64.59137709  67.89434524  69.06338694  70.46826734
  70.9304984   72.04972258  76.04166667  78.79965458  80.77686203
  81.15118577  83.23831243  85.25467149  85.85349462  85.92278719
  85.99599793  87.22984206  89.35566001  91.36789406  92.32431935
  92.73373984  94.37151949  94.86083166  95.8165773   97.07446809
  98.62059158  99.7831825  101.2242965  101.2355018  102.3816809
 103.6931818  103.8747811  107.1158763  108.0484808  109.063745
 110.7318923  111.4235219  114.0037352  114.2017705  115.3090847
 116.9871795  119.5234869  120.9753788  121.0967994  121.1872446
 122.9686881  124.051024   128.2952548  128.9440573  133.4982788
 135.3182415  135.4820159  141.0506581  142.4132948  159.0413943 ])
18:12:11  baselineEval.src.cross_validation  INFO     Regression CV: 2 models, 5×10 nested CV (50 total outer folds)
18:12:32  baselineEval.src.cross_validation  INFO       Saved: predictions_per_subject.csv
18:12:32  baselineEval.src.cross_validation  INFO       CV results: 100 rows → /srv/beegfs/scratch/shares/schaerm/schaer2/video_sam2_pose/humanLISBET-paper/baselineEval/results_reduce_social/full_kinematic/regression/MSEL_V_DQ/cv_results.csv
18:12:32  baselineEval.src.cross_validation  INFO     
── Regression summary (MSEL_V_DQ) ──
model      rmse       r2  spearman_r
lasso 31.184229 0.216355    0.517805
 lgbm 32.657177 0.137185    0.429895
18:12:32  ccnEvaluation         INFO     ── Held-out for MSEL_V_DQ (regression | full_kinematic) ──
18:12:32  baselineEval.src.held_out  INFO     Best regression model: lasso (RMSE=31.1842 ± 3.1500)
18:12:33  baselineEval.src.held_out  INFO     Held-out regression (full_kinematic | MSEL_V_DQ): model=lasso RMSE=29.957 [23.495, 35.843] R²=0.461 [0.135, 0.567] ρ=0.890
18:12:36  baselineEval.src.plotting  INFO       Saved: shap_bar_top16.png and shap_beeswarm_top16.png
18:12:36  baselineEval.src.held_out  INFO     SHAP saved → /srv/beegfs/scratch/shares/schaerm/schaer2/video_sam2_pose/humanLISBET-paper/baselineEval/results_reduce_social/full_kinematic/held_out/regression/MSEL_V_DQ/shap
18:12:36  ccnEvaluation         INFO     ═══ Representation: embedding ═══
18:12:36  ccnEvaluation         INFO       Features for embedding: 256 columns
18:12:36  ccnEvaluation         INFO     ═══ Step 2: Preprocessing report ═══
18:12:36  baselineEval.src.preprocessing  INFO     Feature selection (full dataset): 256 features → 256 kept (0 missingness, 0 near-zero-var, 0 correlated)
18:12:36  baselineEval.src.preprocessing  INFO     Feature selection report → /srv/beegfs/scratch/shares/schaerm/schaer2/video_sam2_pose/humanLISBET-paper/baselineEval/results_reduce_social/embedding/feature_selection_report.csv
18:12:36  baselineEval.src.preprocessing  INFO     PCA explained-variance data → /srv/beegfs/scratch/shares/schaerm/schaer2/video_sam2_pose/humanLISBET-paper/baselineEval/results_reduce_social/embedding/pca_explained_variance.csv
18:12:37  baselineEval.src.preprocessing  INFO     PCA explained-variance plot → /srv/beegfs/scratch/shares/schaerm/schaer2/video_sam2_pose/humanLISBET-paper/baselineEval/results_reduce_social/embedding/pca_explained_variance.png
18:12:37  ccnEvaluation         INFO     ── CV for diagnosis (classification) ──
18:12:37  ccnEvaluation         INFO       X: (102, 256), y: (102,) (classes: [0 1])
18:12:37  baselineEval.src.cross_validation  INFO     Classification CV: 2 models, 5×10 nested CV (50 total outer folds)
18:14:53  baselineEval.src.cross_validation  INFO       Saved: predictions_per_subject.csv
18:14:53  baselineEval.src.cross_validation  INFO       CV results: 100 rows → /srv/beegfs/scratch/shares/schaerm/schaer2/video_sam2_pose/humanLISBET-paper/baselineEval/results_reduce_social/embedding/classification/diagnosis/cv_results.csv
18:14:53  baselineEval.src.cross_validation  INFO     
── Classification AUC-ROC summary (diagnosis) ──
model  auc_roc_mean  auc_roc_std
lasso      0.744500     0.105950
 lgbm      0.766928     0.095047
18:14:53  ccnEvaluation         INFO     ── Held-out for diagnosis (classification | embedding) ──
18:14:53  baselineEval.src.held_out  INFO     Best classification model: lgbm (AUC=0.7669 ± 0.0950)
18:14:53  baselineEval.src.held_out  INFO     Held-out classification (embedding | diagnosis): model=lgbm AUC=0.657 BAcc=0.564 Acc=0.588 [0.329, 0.816]
18:14:53  ccnEvaluation         INFO     ── CV for ADOS_2_ADOS_G_revised_RRB_level_of_symptoms (classification) ──
18:14:53  ccnEvaluation         INFO       X: (102, 256), y: (102,) (classes: [0 1 2])
18:14:53  baselineEval.src.cross_validation  INFO     Classification CV: 2 models, 5×10 nested CV (50 total outer folds)
18:18:54  baselineEval.src.cross_validation  INFO       Saved: predictions_per_subject.csv
18:18:54  baselineEval.src.cross_validation  INFO       CV results: 100 rows → /srv/beegfs/scratch/shares/schaerm/schaer2/video_sam2_pose/humanLISBET-paper/baselineEval/results_reduce_social/embedding/classification/ADOS_2_ADOS_G_revised_RRB_level_of_symptoms/cv_results.csv
18:18:54  baselineEval.src.cross_validation  INFO     
── Classification F1-macro summary (ADOS_2_ADOS_G_revised_RRB_level_of_symptoms) ──
model  f1_macro_mean  f1_macro_std
lasso       0.520395      0.121092
 lgbm       0.453761      0.095446
18:18:54  ccnEvaluation         INFO     ── Held-out for ADOS_2_ADOS_G_revised_RRB_level_of_symptoms (classification | embedding) ──
18:18:54  baselineEval.src.held_out  INFO     Best classification model: lasso (F1-macro=0.5204 ± 0.1211)
18:18:55  baselineEval.src.held_out  INFO     Held-out classification (embedding | ADOS_2_ADOS_G_revised_RRB_level_of_symptoms): model=lasso F1-macro=0.515 BAcc=0.511 Acc=0.588 [0.329, 0.816]
18:18:55  ccnEvaluation         INFO     ── CV for ADOS_2_ADOS_G_REVISED_SA_LEVEL_OF_SYMPTOMS (classification) ──
18:18:55  ccnEvaluation         INFO       X: (102, 256), y: (102,) (classes: [0 1 2 3])
18:18:55  baselineEval.src.cross_validation  INFO     Classification CV: 2 models, 5×10 nested CV (50 total outer folds)
18:23:37  baselineEval.src.cross_validation  INFO       Saved: predictions_per_subject.csv
18:23:37  baselineEval.src.cross_validation  INFO       CV results: 100 rows → /srv/beegfs/scratch/shares/schaerm/schaer2/video_sam2_pose/humanLISBET-paper/baselineEval/results_reduce_social/embedding/classification/ADOS_2_ADOS_G_REVISED_SA_LEVEL_OF_SYMPTOMS/cv_results.csv
18:23:37  baselineEval.src.cross_validation  INFO     
── Classification F1-macro summary (ADOS_2_ADOS_G_REVISED_SA_LEVEL_OF_SYMPTOMS) ──
model  f1_macro_mean  f1_macro_std
lasso       0.302824      0.094030
 lgbm       0.326584      0.067729
18:23:37  ccnEvaluation         INFO     ── Held-out for ADOS_2_ADOS_G_REVISED_SA_LEVEL_OF_SYMPTOMS (classification | embedding) ──
18:23:37  baselineEval.src.held_out  INFO     Best classification model: lgbm (F1-macro=0.3266 ± 0.0677)
18:23:38  baselineEval.src.held_out  INFO     Held-out classification (embedding | ADOS_2_ADOS_G_REVISED_SA_LEVEL_OF_SYMPTOMS): model=lgbm F1-macro=0.317 BAcc=0.324 Acc=0.412 [0.184, 0.671]
18:23:38  ccnEvaluation         INFO     ── CV for ADOS_G_ADOS_2_TOTAL_score_de_severite (regression) ──
18:23:38  ccnEvaluation         INFO       X: (102, 256), y: (102,) (classes: [ 1.  2.  3.  4.  5.  6.  7.  8.  9. 10.])
18:23:38  baselineEval.src.cross_validation  INFO     Regression CV: 2 models, 5×10 nested CV (50 total outer folds)
18:25:18  baselineEval.src.cross_validation  INFO       Saved: predictions_per_subject.csv
18:25:18  baselineEval.src.cross_validation  INFO       CV results: 100 rows → /srv/beegfs/scratch/shares/schaerm/schaer2/video_sam2_pose/humanLISBET-paper/baselineEval/results_reduce_social/embedding/regression/ADOS_G_ADOS_2_TOTAL_score_de_severite/cv_results.csv
18:25:18  baselineEval.src.cross_validation  INFO     
── Regression summary (ADOS_G_ADOS_2_TOTAL_score_de_severite) ──
model     rmse       r2  spearman_r
lasso 2.997136 0.192319    0.518350
 lgbm 3.021329 0.175934    0.477019
18:25:18  ccnEvaluation         INFO     ── Held-out for ADOS_G_ADOS_2_TOTAL_score_de_severite (regression | embedding) ──
18:25:18  baselineEval.src.held_out  INFO     Best regression model: lasso (RMSE=2.9971 ± 0.2526)
18:25:20  baselineEval.src.held_out  INFO     Held-out regression (embedding | ADOS_G_ADOS_2_TOTAL_score_de_severite): model=lasso RMSE=3.221 [2.428, 3.919] R²=0.156 [-0.227, 0.367] ρ=0.323
18:25:20  ccnEvaluation         INFO     ── CV for ADOS_2_ADOS_G_REVISED_SA_SEVERITY_SCORE (regression) ──
18:25:20  ccnEvaluation         INFO       X: (102, 256), y: (102,) (classes: [ 1.  2.  3.  4.  5.  6.  7.  9. 10.])
18:25:20  baselineEval.src.cross_validation  INFO     Regression CV: 2 models, 5×10 nested CV (50 total outer folds)
18:26:59  baselineEval.src.cross_validation  INFO       Saved: predictions_per_subject.csv
18:26:59  baselineEval.src.cross_validation  INFO       CV results: 100 rows → /srv/beegfs/scratch/shares/schaerm/schaer2/video_sam2_pose/humanLISBET-paper/baselineEval/results_reduce_social/embedding/regression/ADOS_2_ADOS_G_REVISED_SA_SEVERITY_SCORE/cv_results.csv
18:26:59  baselineEval.src.cross_validation  INFO     
── Regression summary (ADOS_2_ADOS_G_REVISED_SA_SEVERITY_SCORE) ──
model     rmse       r2  spearman_r
lasso 2.875877 0.120539    0.421305
 lgbm 2.866912 0.119535    0.390262
18:26:59  ccnEvaluation         INFO     ── Held-out for ADOS_2_ADOS_G_REVISED_SA_SEVERITY_SCORE (regression | embedding) ──
18:26:59  baselineEval.src.held_out  INFO     Best regression model: lgbm (RMSE=2.8669 ± 0.2759)
18:27:01  baselineEval.src.held_out  INFO     Held-out regression (embedding | ADOS_2_ADOS_G_REVISED_SA_SEVERITY_SCORE): model=lgbm RMSE=2.620 [1.805, 3.310] R²=0.166 [-0.335, 0.455] ρ=0.489
18:27:01  ccnEvaluation         INFO     ── CV for ADOS_2_ADOS_G_REVISED_RRB_SEVERITY_SCORE_new (regression) ──
18:27:01  ccnEvaluation         INFO       X: (102, 256), y: (102,) (classes: [ 1.  5.  6.  7.  8.  9. 10.])
18:27:01  baselineEval.src.cross_validation  INFO     Regression CV: 2 models, 5×10 nested CV (50 total outer folds)
18:28:42  baselineEval.src.cross_validation  INFO       Saved: predictions_per_subject.csv
18:28:42  baselineEval.src.cross_validation  INFO       CV results: 100 rows → /srv/beegfs/scratch/shares/schaerm/schaer2/video_sam2_pose/humanLISBET-paper/baselineEval/results_reduce_social/embedding/regression/ADOS_2_ADOS_G_REVISED_RRB_SEVERITY_SCORE_new/cv_results.csv
18:28:42  baselineEval.src.cross_validation  INFO     
── Regression summary (ADOS_2_ADOS_G_REVISED_RRB_SEVERITY_SCORE_new) ──
model     rmse       r2  spearman_r
lasso 2.939801 0.119177    0.562372
 lgbm 2.945124 0.119237    0.488556
18:28:42  ccnEvaluation         INFO     ── Held-out for ADOS_2_ADOS_G_REVISED_RRB_SEVERITY_SCORE_new (regression | embedding) ──
18:28:42  baselineEval.src.held_out  INFO     Best regression model: lasso (RMSE=2.9398 ± 0.3649)
18:28:43  baselineEval.src.held_out  INFO     Held-out regression (embedding | ADOS_2_ADOS_G_REVISED_RRB_SEVERITY_SCORE_new): model=lasso RMSE=3.434 [2.723, 4.108] R²=0.168 [-0.217, 0.297] ρ=0.469
18:28:43  ccnEvaluation         INFO     ── CV for VLDII_AdSS (regression) ──
18:28:43  ccnEvaluation         INFO       X: (95, 256), y: (95,) (classes: [ 51.  63.  64.  65.  66.  68.  69.  70.  71.  72.  73.  74.  75.  76.
  77.  78.  79.  80.  81.  83.  84.  85.  86.  87.  88.  89.  90.  91.
  92.  93.  94.  95.  96.  97.  99. 100. 102. 103. 104. 105. 107. 108.
 109. 110. 113. 115. 117.])
18:28:43  baselineEval.src.cross_validation  INFO     Regression CV: 2 models, 5×10 nested CV (50 total outer folds)
18:30:21  baselineEval.src.cross_validation  INFO       Saved: predictions_per_subject.csv
18:30:21  baselineEval.src.cross_validation  INFO       CV results: 100 rows → /srv/beegfs/scratch/shares/schaerm/schaer2/video_sam2_pose/humanLISBET-paper/baselineEval/results_reduce_social/embedding/regression/VLDII_AdSS/cv_results.csv
18:30:21  baselineEval.src.cross_validation  INFO     
── Regression summary (VLDII_AdSS) ──
model      rmse       r2  spearman_r
lasso 13.260926 0.173701    0.486557
 lgbm 13.964580 0.078820    0.334233
18:30:21  ccnEvaluation         INFO     ── Held-out for VLDII_AdSS (regression | embedding) ──
18:30:21  baselineEval.src.held_out  INFO     Best regression model: lasso (RMSE=13.2609 ± 1.1125)
18:30:22  baselineEval.src.held_out  INFO     Held-out regression (embedding | VLDII_AdSS): model=lasso RMSE=14.554 [11.659, 17.061] R²=0.154 [-0.232, 0.281] ρ=0.398
18:30:22  ccnEvaluation         INFO     ── CV for VLDII_MotorSS (regression) ──
18:30:22  ccnEvaluation         INFO       X: (95, 256), y: (95,) (classes: [ 56.  67.  69.  70.  72.  75.  79.  81.  82.  84.  85.  88.  90.  93.
  94.  95.  96.  97. 100. 102. 104. 105. 106. 108. 111. 114. 121. 131.])
18:30:22  baselineEval.src.cross_validation  INFO     Regression CV: 2 models, 5×10 nested CV (50 total outer folds)
18:32:01  baselineEval.src.cross_validation  INFO       Saved: predictions_per_subject.csv
18:32:01  baselineEval.src.cross_validation  INFO       CV results: 100 rows → /srv/beegfs/scratch/shares/schaerm/schaer2/video_sam2_pose/humanLISBET-paper/baselineEval/results_reduce_social/embedding/regression/VLDII_MotorSS/cv_results.csv
18:32:01  baselineEval.src.cross_validation  INFO     
── Regression summary (VLDII_MotorSS) ──
model      rmse        r2  spearman_r
lasso 12.367604 -0.009367    0.069326
 lgbm 13.075486 -0.135144   -0.022395
18:32:01  ccnEvaluation         INFO     ── Held-out for VLDII_MotorSS (regression | embedding) ──
18:32:01  baselineEval.src.held_out  INFO     Best regression model: lasso (RMSE=12.3676 ± 1.4178)
18:32:02  baselineEval.src.held_out  INFO     Held-out regression (embedding | VLDII_MotorSS): model=lasso RMSE=12.942 [9.410, 16.369] R²=-0.045 [-0.599, 0.044] ρ=-0.036
18:32:02  ccnEvaluation         INFO     ── CV for VLDII_gmsVS (regression) ──
18:32:02  ccnEvaluation         INFO       X: (95, 256), y: (95,) (classes: [ 8.  9. 10. 11. 12. 13. 14. 15. 16. 17. 18. 22.])
18:32:02  baselineEval.src.cross_validation  INFO     Regression CV: 2 models, 5×10 nested CV (50 total outer folds)
18:33:39  baselineEval.src.cross_validation  INFO       Saved: predictions_per_subject.csv
18:33:39  baselineEval.src.cross_validation  INFO       CV results: 100 rows → /srv/beegfs/scratch/shares/schaerm/schaer2/video_sam2_pose/humanLISBET-paper/baselineEval/results_reduce_social/embedding/regression/VLDII_gmsVS/cv_results.csv
18:33:39  baselineEval.src.cross_validation  INFO     
── Regression summary (VLDII_gmsVS) ──
model     rmse        r2  spearman_r
lasso 2.125767 -0.024615    0.033156
 lgbm 2.224176 -0.130042   -0.073891
18:33:39  ccnEvaluation         INFO     ── Held-out for VLDII_gmsVS (regression | embedding) ──
18:33:39  baselineEval.src.held_out  INFO     Best regression model: lasso (RMSE=2.1258 ± 0.3446)
/srv/beegfs/scratch/shares/schaerm/schaer2/video_sam2_pose/humanLISBET-paper/baselineEval/src/held_out.py:422: ConstantInputWarning: An input array is constant; the correlation coefficient is not defined.
  sp_r, _ = spearmanr(y_test, y_pred)
/srv/beegfs/scratch/shares/schaerm/schaer2/video_sam2_pose/humanLISBET-paper/baselineEval/src/held_out.py:423: ConstantInputWarning: An input array is constant; the correlation coefficient is not defined.
  pe_r, _ = pearsonr(y_test, y_pred)
18:33:40  baselineEval.src.held_out  INFO     Held-out regression (embedding | VLDII_gmsVS): model=lasso RMSE=1.893 [1.289, 2.418] R²=-0.014 [-0.494, -0.000] ρ=nan
18:33:40  ccnEvaluation         INFO     ── CV for VLDII_fmsVS (regression) ──
18:33:40  ccnEvaluation         INFO       X: (95, 256), y: (95,) (classes: [ 7.  8.  9. 10. 11. 12. 13. 14. 15. 16. 17. 18.])
18:33:40  baselineEval.src.cross_validation  INFO     Regression CV: 2 models, 5×10 nested CV (50 total outer folds)
18:35:16  baselineEval.src.cross_validation  INFO       Saved: predictions_per_subject.csv
18:35:16  baselineEval.src.cross_validation  INFO       CV results: 100 rows → /srv/beegfs/scratch/shares/schaerm/schaer2/video_sam2_pose/humanLISBET-paper/baselineEval/results_reduce_social/embedding/regression/VLDII_fmsVS/cv_results.csv
18:35:16  baselineEval.src.cross_validation  INFO     
── Regression summary (VLDII_fmsVS) ──
model     rmse        r2  spearman_r
lasso 2.472007 -0.033527   -0.067935
 lgbm 2.568500 -0.117987    0.020634
18:35:16  ccnEvaluation         INFO     ── Held-out for VLDII_fmsVS (regression | embedding) ──
18:35:16  baselineEval.src.held_out  INFO     Best regression model: lasso (RMSE=2.4720 ± 0.2478)
/srv/beegfs/scratch/shares/schaerm/schaer2/video_sam2_pose/humanLISBET-paper/baselineEval/src/held_out.py:422: ConstantInputWarning: An input array is constant; the correlation coefficient is not defined.
  sp_r, _ = spearmanr(y_test, y_pred)
/srv/beegfs/scratch/shares/schaerm/schaer2/video_sam2_pose/humanLISBET-paper/baselineEval/src/held_out.py:423: ConstantInputWarning: An input array is constant; the correlation coefficient is not defined.
  pe_r, _ = pearsonr(y_test, y_pred)
18:35:18  baselineEval.src.held_out  INFO     Held-out regression (embedding | VLDII_fmsVS): model=lasso RMSE=2.495 [1.826, 3.138] R²=-0.013 [-0.555, -0.000] ρ=nan
18:35:18  ccnEvaluation         INFO     ── CV for VLDII_SocSS (regression) ──
18:35:18  ccnEvaluation         INFO       X: (95, 256), y: (95,) (classes: [ 59.  65.  66.  68.  70.  72.  74.  75.  76.  78.  79.  80.  81.  82.
  84.  86.  88.  89.  90.  91.  92.  94.  95.  96.  98. 100. 101. 102.
 105. 109. 111. 112. 114.])
18:35:18  baselineEval.src.cross_validation  INFO     Regression CV: 2 models, 5×10 nested CV (50 total outer folds)
18:36:56  baselineEval.src.cross_validation  INFO       Saved: predictions_per_subject.csv
18:36:56  baselineEval.src.cross_validation  INFO       CV results: 100 rows → /srv/beegfs/scratch/shares/schaerm/schaer2/video_sam2_pose/humanLISBET-paper/baselineEval/results_reduce_social/embedding/regression/VLDII_SocSS/cv_results.csv
18:36:56  baselineEval.src.cross_validation  INFO     
── Regression summary (VLDII_SocSS) ──
model      rmse       r2  spearman_r
lasso 11.004743 0.176730    0.493257
 lgbm 11.426769 0.099361    0.400567
18:36:56  ccnEvaluation         INFO     ── Held-out for VLDII_SocSS (regression | embedding) ──
18:36:56  baselineEval.src.held_out  INFO     Best regression model: lasso (RMSE=11.0047 ± 1.2122)
18:36:57  baselineEval.src.held_out  INFO     Held-out regression (embedding | VLDII_SocSS): model=lasso RMSE=11.538 [8.688, 14.196] R²=0.125 [-0.256, 0.251] ρ=0.293
18:36:57  ccnEvaluation         INFO     ── CV for VLDII_intVS (regression) ──
18:36:57  ccnEvaluation         INFO       X: (95, 256), y: (95,) (classes: [ 6.  8.  9. 10. 11. 12. 13. 14. 15. 16. 17. 18. 19. 20.])
18:36:57  baselineEval.src.cross_validation  INFO     Regression CV: 2 models, 5×10 nested CV (50 total outer folds)
18:38:34  baselineEval.src.cross_validation  INFO       Saved: predictions_per_subject.csv
18:38:34  baselineEval.src.cross_validation  INFO       CV results: 100 rows → /srv/beegfs/scratch/shares/schaerm/schaer2/video_sam2_pose/humanLISBET-paper/baselineEval/results_reduce_social/embedding/regression/VLDII_intVS/cv_results.csv
18:38:34  baselineEval.src.cross_validation  INFO     
── Regression summary (VLDII_intVS) ──
model     rmse       r2  spearman_r
lasso 2.423114 0.179583    0.527781
 lgbm 2.535632 0.098844    0.411079
18:38:34  ccnEvaluation         INFO     ── Held-out for VLDII_intVS (regression | embedding) ──
18:38:34  baselineEval.src.held_out  INFO     Best regression model: lasso (RMSE=2.4231 ± 0.2537)
18:38:35  baselineEval.src.held_out  INFO     Held-out regression (embedding | VLDII_intVS): model=lasso RMSE=2.892 [2.276, 3.480] R²=0.068 [-0.472, 0.302] ρ=0.175
18:38:35  ccnEvaluation         INFO     ── CV for VLDII_plaVS (regression) ──
18:38:35  ccnEvaluation         INFO       X: (95, 256), y: (95,) (classes: [ 7.  8.  9. 10. 11. 12. 13. 14. 15. 16. 17. 18. 19.])
18:38:35  baselineEval.src.cross_validation  INFO     Regression CV: 2 models, 5×10 nested CV (50 total outer folds)
18:40:12  baselineEval.src.cross_validation  INFO       Saved: predictions_per_subject.csv
18:40:12  baselineEval.src.cross_validation  INFO       CV results: 100 rows → /srv/beegfs/scratch/shares/schaerm/schaer2/video_sam2_pose/humanLISBET-paper/baselineEval/results_reduce_social/embedding/regression/VLDII_plaVS/cv_results.csv
18:40:12  baselineEval.src.cross_validation  INFO     
── Regression summary (VLDII_plaVS) ──
model     rmse       r2  spearman_r
lasso 2.432185 0.091236    0.393137
 lgbm 2.435396 0.078415    0.390619
18:40:12  ccnEvaluation         INFO     ── Held-out for VLDII_plaVS (regression | embedding) ──
18:40:12  baselineEval.src.held_out  INFO     Best regression model: lasso (RMSE=2.4322 ± 0.2049)
18:40:13  baselineEval.src.held_out  INFO     Held-out regression (embedding | VLDII_plaVS): model=lasso RMSE=2.102 [1.485, 2.665] R²=0.310 [-0.032, 0.458] ρ=0.619
18:40:13  ccnEvaluation         INFO     ── CV for VLDII_copVS (regression) ──
18:40:13  ccnEvaluation         INFO       X: (95, 256), y: (95,) (classes: [ 9. 10. 11. 12. 13. 14. 15. 16. 17.])
18:40:13  baselineEval.src.cross_validation  INFO     Regression CV: 2 models, 5×10 nested CV (50 total outer folds)
18:41:49  baselineEval.src.cross_validation  INFO       Saved: predictions_per_subject.csv
18:41:49  baselineEval.src.cross_validation  INFO       CV results: 100 rows → /srv/beegfs/scratch/shares/schaerm/schaer2/video_sam2_pose/humanLISBET-paper/baselineEval/results_reduce_social/embedding/regression/VLDII_copVS/cv_results.csv
18:41:49  baselineEval.src.cross_validation  INFO     
── Regression summary (VLDII_copVS) ──
model     rmse       r2  spearman_r
lasso 2.009542 0.033246    0.271421
 lgbm 2.028573 0.003419    0.250208
18:41:49  ccnEvaluation         INFO     ── Held-out for VLDII_copVS (regression | embedding) ──
18:41:49  baselineEval.src.held_out  INFO     Best regression model: lasso (RMSE=2.0095 ± 0.1627)
18:41:50  baselineEval.src.held_out  INFO     Held-out regression (embedding | VLDII_copVS): model=lasso RMSE=1.740 [1.340, 2.145] R²=-0.094 [-1.077, 0.205] ρ=0.123
18:41:50  ccnEvaluation         INFO     ── CV for VLDII_DaiSS (regression) ──
18:41:50  ccnEvaluation         INFO       X: (95, 256), y: (95,) (classes: [ 53.  62.  65.  67.  69.  71.  73.  75.  77.  78.  80.  81.  82.  83.
  86.  87.  89.  91.  93.  95.  96.  98. 100. 101. 102. 103. 104. 105.
 107. 109. 111. 113. 115. 118. 121.])
18:41:50  baselineEval.src.cross_validation  INFO     Regression CV: 2 models, 5×10 nested CV (50 total outer folds)
18:43:28  baselineEval.src.cross_validation  INFO       Saved: predictions_per_subject.csv
18:43:28  baselineEval.src.cross_validation  INFO       CV results: 100 rows → /srv/beegfs/scratch/shares/schaerm/schaer2/video_sam2_pose/humanLISBET-paper/baselineEval/results_reduce_social/embedding/regression/VLDII_DaiSS/cv_results.csv
18:43:28  baselineEval.src.cross_validation  INFO     
── Regression summary (VLDII_DaiSS) ──
model      rmse       r2  spearman_r
lasso 12.689002 0.128629    0.451999
 lgbm 13.103744 0.066764    0.364162
18:43:28  ccnEvaluation         INFO     ── Held-out for VLDII_DaiSS (regression | embedding) ──
18:43:28  baselineEval.src.held_out  INFO     Best regression model: lasso (RMSE=12.6890 ± 1.4034)
18:43:29  baselineEval.src.held_out  INFO     Held-out regression (embedding | VLDII_DaiSS): model=lasso RMSE=13.795 [10.017, 17.043] R²=0.095 [-0.333, 0.250] ρ=0.343
18:43:29  ccnEvaluation         INFO     ── CV for VLDII_perVS (regression) ──
18:43:29  ccnEvaluation         INFO       X: (95, 256), y: (95,) (classes: [ 7.  8.  9. 10. 11. 12. 13. 14. 15. 16. 17. 18.])
18:43:29  baselineEval.src.cross_validation  INFO     Regression CV: 2 models, 5×10 nested CV (50 total outer folds)
18:45:06  baselineEval.src.cross_validation  INFO       Saved: predictions_per_subject.csv
18:45:06  baselineEval.src.cross_validation  INFO       CV results: 100 rows → /srv/beegfs/scratch/shares/schaerm/schaer2/video_sam2_pose/humanLISBET-paper/baselineEval/results_reduce_social/embedding/regression/VLDII_perVS/cv_results.csv
18:45:06  baselineEval.src.cross_validation  INFO     
── Regression summary (VLDII_perVS) ──
model     rmse       r2  spearman_r
lasso 2.532836 0.114625    0.443705
 lgbm 2.542766 0.102417    0.355006
18:45:06  ccnEvaluation         INFO     ── Held-out for VLDII_perVS (regression | embedding) ──
18:45:06  baselineEval.src.held_out  INFO     Best regression model: lasso (RMSE=2.5328 ± 0.2424)
18:45:07  baselineEval.src.held_out  INFO     Held-out regression (embedding | VLDII_perVS): model=lasso RMSE=2.355 [1.814, 2.833] R²=0.040 [-0.423, 0.224] ρ=0.271
18:45:07  ccnEvaluation         INFO     ── CV for VLDII_comVS (regression) ──
18:45:07  ccnEvaluation         INFO       X: (95, 256), y: (95,) (classes: [ 7. 10. 11. 12. 13. 14. 15. 16. 17. 18. 20.])
18:45:07  baselineEval.src.cross_validation  INFO     Regression CV: 2 models, 5×10 nested CV (50 total outer folds)
18:46:44  baselineEval.src.cross_validation  INFO       Saved: predictions_per_subject.csv
18:46:44  baselineEval.src.cross_validation  INFO       CV results: 100 rows → /srv/beegfs/scratch/shares/schaerm/schaer2/video_sam2_pose/humanLISBET-paper/baselineEval/results_reduce_social/embedding/regression/VLDII_comVS/cv_results.csv
18:46:44  baselineEval.src.cross_validation  INFO     
── Regression summary (VLDII_comVS) ──
model     rmse       r2  spearman_r
lasso 2.101883 0.131803    0.447086
 lgbm 2.213038 0.033733    0.326007
18:46:44  ccnEvaluation         INFO     ── Held-out for VLDII_comVS (regression | embedding) ──
18:46:44  baselineEval.src.held_out  INFO     Best regression model: lasso (RMSE=2.1019 ± 0.2405)
18:46:45  baselineEval.src.held_out  INFO     Held-out regression (embedding | VLDII_comVS): model=lasso RMSE=3.054 [2.049, 3.985] R²=-0.115 [-0.687, 0.066] ρ=-0.025
18:46:45  ccnEvaluation         INFO     ── CV for VLDII_domVS (regression) ──
18:46:45  ccnEvaluation         INFO       X: (95, 256), y: (95,) (classes: [ 9. 10. 11. 12. 13. 14. 15. 16. 17. 18. 19. 20. 22.])
18:46:45  baselineEval.src.cross_validation  INFO     Regression CV: 2 models, 5×10 nested CV (50 total outer folds)
18:48:21  baselineEval.src.cross_validation  INFO       Saved: predictions_per_subject.csv
18:48:21  baselineEval.src.cross_validation  INFO       CV results: 100 rows → /srv/beegfs/scratch/shares/schaerm/schaer2/video_sam2_pose/humanLISBET-paper/baselineEval/results_reduce_social/embedding/regression/VLDII_domVS/cv_results.csv
18:48:21  baselineEval.src.cross_validation  INFO     
── Regression summary (VLDII_domVS) ──
model     rmse       r2  spearman_r
lasso 2.685833 0.054931    0.286586
 lgbm 2.701642 0.036816    0.298238
18:48:21  ccnEvaluation         INFO     ── Held-out for VLDII_domVS (regression | embedding) ──
18:48:21  baselineEval.src.held_out  INFO     Best regression model: lasso (RMSE=2.6858 ± 0.2289)
18:48:23  baselineEval.src.held_out  INFO     Held-out regression (embedding | VLDII_domVS): model=lasso RMSE=2.809 [1.815, 3.677] R²=0.106 [-0.306, 0.219] ρ=0.417
18:48:23  ccnEvaluation         INFO     ── CV for VLDII_ComSS (regression) ──
18:48:23  ccnEvaluation         INFO       X: (95, 256), y: (95,) (classes: [ 44.  52.  54.  58.  59.  61.  63.  64.  65.  66.  69.  71.  72.  73.
  74.  76.  79.  80.  81.  84.  85.  86.  89.  90.  91.  93.  95.  97.
 100. 101. 102. 103. 104. 105. 107. 108. 110. 112. 113. 116. 118. 121.
 122. 125.])
18:48:23  baselineEval.src.cross_validation  INFO     Regression CV: 2 models, 5×10 nested CV (50 total outer folds)
18:50:01  baselineEval.src.cross_validation  INFO       Saved: predictions_per_subject.csv
18:50:01  baselineEval.src.cross_validation  INFO       CV results: 100 rows → /srv/beegfs/scratch/shares/schaerm/schaer2/video_sam2_pose/humanLISBET-paper/baselineEval/results_reduce_social/embedding/regression/VLDII_ComSS/cv_results.csv
18:50:01  baselineEval.src.cross_validation  INFO     
── Regression summary (VLDII_ComSS) ──
model      rmse       r2  spearman_r
lasso 17.300073 0.185017    0.476600
 lgbm 18.879676 0.025001    0.316283
18:50:01  ccnEvaluation         INFO     ── Held-out for VLDII_ComSS (regression | embedding) ──
18:50:01  baselineEval.src.held_out  INFO     Best regression model: lasso (RMSE=17.3001 ± 1.6620)
18:50:02  baselineEval.src.held_out  INFO     Held-out regression (embedding | VLDII_ComSS): model=lasso RMSE=20.519 [15.833, 24.619] R²=0.110 [-0.401, 0.327] ρ=0.400
18:50:02  ccnEvaluation         INFO     ── CV for VLDII_expVS (regression) ──
18:50:02  ccnEvaluation         INFO       X: (95, 256), y: (95,) (classes: [ 6.  7.  8.  9. 10. 11. 12. 13. 14. 15. 16. 17. 18. 19. 20.])
18:50:02  baselineEval.src.cross_validation  INFO     Regression CV: 2 models, 5×10 nested CV (50 total outer folds)
18:51:39  baselineEval.src.cross_validation  INFO       Saved: predictions_per_subject.csv
18:51:39  baselineEval.src.cross_validation  INFO       CV results: 100 rows → /srv/beegfs/scratch/shares/schaerm/schaer2/video_sam2_pose/humanLISBET-paper/baselineEval/results_reduce_social/embedding/regression/VLDII_expVS/cv_results.csv
18:51:39  baselineEval.src.cross_validation  INFO     
── Regression summary (VLDII_expVS) ──
model     rmse       r2  spearman_r
lasso 3.380244 0.129143    0.448381
 lgbm 3.535545 0.046305    0.317317
18:51:39  ccnEvaluation         INFO     ── Held-out for VLDII_expVS (regression | embedding) ──
18:51:39  baselineEval.src.held_out  INFO     Best regression model: lasso (RMSE=3.3802 ± 0.3350)
18:51:40  baselineEval.src.held_out  INFO     Held-out regression (embedding | VLDII_expVS): model=lasso RMSE=3.466 [2.708, 4.253] R²=0.096 [-0.420, 0.297] ρ=0.313
18:51:40  ccnEvaluation         INFO     ── CV for VLDII_recVS (regression) ──
18:51:40  ccnEvaluation         INFO       X: (95, 256), y: (95,) (classes: [ 3.  5.  6.  7.  8.  9. 10. 11. 12. 13. 14. 15. 16. 17. 18. 19. 20. 21.])
18:51:40  baselineEval.src.cross_validation  INFO     Regression CV: 2 models, 5×10 nested CV (50 total outer folds)
18:53:17  baselineEval.src.cross_validation  INFO       Saved: predictions_per_subject.csv
18:53:17  baselineEval.src.cross_validation  INFO       CV results: 100 rows → /srv/beegfs/scratch/shares/schaerm/schaer2/video_sam2_pose/humanLISBET-paper/baselineEval/results_reduce_social/embedding/regression/VLDII_recVS/cv_results.csv
18:53:17  baselineEval.src.cross_validation  INFO     
── Regression summary (VLDII_recVS) ──
model     rmse       r2  spearman_r
lasso 3.476110 0.240001    0.574866
 lgbm 3.812985 0.083025    0.405266
18:53:17  ccnEvaluation         INFO     ── Held-out for VLDII_recVS (regression | embedding) ──
18:53:17  baselineEval.src.held_out  INFO     Best regression model: lasso (RMSE=3.4761 ± 0.4671)
18:53:18  baselineEval.src.held_out  INFO     Held-out regression (embedding | VLDII_recVS): model=lasso RMSE=4.393 [3.574, 5.092] R²=0.091 [-0.411, 0.282] ρ=0.421
18:53:18  ccnEvaluation         INFO     ── CV for MSEL_TOTAL_DQ (regression) ──
18:53:18  ccnEvaluation         INFO       X: (100, 256), y: (100,) (classes: [ 18.02469136  32.43483412  34.59785415  38.08884914  38.95032984
  40.09469697  40.66399287  41.7597914   48.35352006  48.38185274
  48.56808071  49.32034527  52.60163835  52.78815173  53.41769972
  54.6043883   54.66514664  55.9129902   57.80945419  58.00856827
  58.01880411  58.49358974  60.55385401  60.73988735  61.21267952
  61.65540541  62.6717033   64.54699612  64.58014537  65.85307734
  66.03346902  66.56582561  67.46408956  68.67474001  69.12878788
  69.58887965  70.42091476  70.5832302   71.22161779  72.65127389
  72.74744284  73.39929215  73.55044202  73.63718709  74.37652068
  76.23385285  77.89159198  78.63298081  79.93217054  79.97485632
  80.39067013  81.47321429  82.45481928  83.44764518  83.72463299
  88.69235986  88.94106636  91.04190422  91.67078393  92.86194316
  92.9187448   93.08301946  94.84225533  95.62583836  96.63388805
  97.48931624  98.02617856 102.9518543  103.811149   107.0353937
 107.8029726  108.1764296  108.385181   108.6309524  108.7338226
 109.0520026  109.52137    111.8651489  112.1257819  112.192623
 112.5198886  112.8090659  112.8284389  113.5791843  115.0573568
 116.0376082  116.1326915  118.2653171  119.351962   120.5538618
 121.574912   125.622437   128.0608788  130.5093403  130.8806655
 132.3244751  135.4820159  139.7760116  149.1013072  149.4299051 ])
18:53:18  baselineEval.src.cross_validation  INFO     Regression CV: 2 models, 5×10 nested CV (50 total outer folds)
18:55:01  baselineEval.src.cross_validation  INFO       Saved: predictions_per_subject.csv
18:55:01  baselineEval.src.cross_validation  INFO       CV results: 100 rows → /srv/beegfs/scratch/shares/schaerm/schaer2/video_sam2_pose/humanLISBET-paper/baselineEval/results_reduce_social/embedding/regression/MSEL_TOTAL_DQ/cv_results.csv
18:55:01  baselineEval.src.cross_validation  INFO     
── Regression summary (MSEL_TOTAL_DQ) ──
model      rmse       r2  spearman_r
lasso 25.028490 0.247147    0.572481
 lgbm 26.930889 0.123644    0.426797
18:55:01  ccnEvaluation         INFO     ── Held-out for MSEL_TOTAL_DQ (regression | embedding) ──
18:55:01  baselineEval.src.held_out  INFO     Best regression model: lasso (RMSE=25.0285 ± 2.7954)
18:55:02  baselineEval.src.held_out  INFO     Held-out regression (embedding | MSEL_TOTAL_DQ): model=lasso RMSE=29.725 [22.833, 36.455] R²=0.186 [-0.314, 0.367] ρ=0.458
18:55:02  ccnEvaluation         INFO     ── CV for MSEL_FM_DQ (regression) ──
18:55:02  ccnEvaluation         INFO       X: (100, 256), y: (100,) (classes: [ 18.02469136  46.4649432   48.97137746  50.05646983  54.38484461
  55.25934702  55.26116578  55.3030303   59.06148867  60.89132507
  63.6627907   63.73690338  64.77896096  65.16194848  65.41218638
  65.72629052  69.06338694  69.12878788  69.33210784  70.91968912
  73.53479853  75.06258941  75.18022657  75.486618    75.66334992
  75.86923658  75.90612002  75.91514143  77.07927225  77.89159198
  78.29257829  79.43695591  79.91242474  80.18453427  80.89539007
  80.95690748  82.62072435  82.81765677  83.43724023  83.84379786
  83.94209957  85.6233244   85.79059829  85.92278719  87.62002743
  87.84596871  87.86462758  87.98209366  89.15229885  90.64569536
  90.75497288  90.7960199   92.60343482  92.99363057  93.43003413
  93.95109395  95.05208333  95.38327526  96.20155039  96.63388805
  96.66313559  97.1113645   97.65160523  97.76785714  98.45857418
  98.95429899  98.97788903  99.40087146  99.64898596 102.1903821
 102.8432377  103.6931818  103.811149   104.7045324  105.1267281
 105.4303871  106.1046512  106.538237   107.1589883  108.1764296
 108.201581   108.6309524  109.939759   111.4163614  111.6891065
 112.258348   112.5198886  113.5687229  114.1644325  115.1790314
 119.8555166  120.5538618  121.1819389  121.197515   121.574912
 122.124634   122.1456693  122.8956229  123.8687783  143.1372549 ])
18:55:02  baselineEval.src.cross_validation  INFO     Regression CV: 2 models, 5×10 nested CV (50 total outer folds)
18:56:44  baselineEval.src.cross_validation  INFO       Saved: predictions_per_subject.csv
18:56:44  baselineEval.src.cross_validation  INFO       CV results: 100 rows → /srv/beegfs/scratch/shares/schaerm/schaer2/video_sam2_pose/humanLISBET-paper/baselineEval/results_reduce_social/embedding/regression/MSEL_FM_DQ/cv_results.csv
18:56:44  baselineEval.src.cross_validation  INFO     
── Regression summary (MSEL_FM_DQ) ──
model      rmse        r2  spearman_r
lasso 20.499081  0.059104    0.374904
 lgbm 21.210083 -0.009162    0.227338
18:56:44  ccnEvaluation         INFO     ── Held-out for MSEL_FM_DQ (regression | embedding) ──
18:56:44  baselineEval.src.held_out  INFO     Best regression model: lasso (RMSE=20.4991 ± 2.9516)
18:56:46  baselineEval.src.held_out  INFO     Held-out regression (embedding | MSEL_FM_DQ): model=lasso RMSE=21.308 [14.957, 26.758] R²=0.048 [-0.425, 0.157] ρ=0.311
18:56:46  ccnEvaluation         INFO     ── CV for MSEL_VR_DQ (regression) ──
18:56:46  ccnEvaluation         INFO       X: (100, 256), y: (100,) (classes: [ 24.78395062  38.27847693  40.84386519  44.24242424  48.97137746
  55.48645661  56.65502522  56.92959002  62.16881151  62.75283172
  64.71631206  65.27181688  65.72629052  66.12318841  66.69049889
  67.74833589  69.92337165  70.46332046  70.66795741  71.15009747
  72.16608084  73.80514706  73.80800341  75.41322314  76.86522262
  77.69631031  77.99145299  78.31273601  78.41474446  78.6637931
  79.18580909  79.31783825  80.21978022  83.77964805  84.0389186
  84.56192081  84.81797057  84.88372093  85.28037383  87.43066062
  88.66708914  89.11889597  89.35566001  89.46078431  89.57533077
  89.615829    90.15860634  92.33630952  93.50512357  93.81764069
  94.1109736   94.6140553   96.17918314  96.20155039  97.93244949
  98.97788903 100.5796275  102.1289538  103.2884465  104.0746873
 104.3095565  106.0098302  106.3795337  108.127254   109.5515537
 110.1055807  110.1609658  110.297536   111.6891065  113.7780549
 114.2017705  114.5637163  115.3090847  116.9871795  118.5064935
 121.4642263  123.6822289  124.5733788  125.1905488  125.2213369
 129.0167095  130.7503771  133.1727963  133.6408905  133.8188664
 134.9544937  135.1851852  136.0094851  136.515748   146.7828418
 147.3675711  148.8166269  148.8393977  151.821572   153.0708874
 158.9721254  159.8073555  175.8188825  192.7226814 ])
18:56:46  baselineEval.src.cross_validation  INFO     Regression CV: 2 models, 5×10 nested CV (50 total outer folds)
18:58:29  baselineEval.src.cross_validation  INFO       Saved: predictions_per_subject.csv
18:58:29  baselineEval.src.cross_validation  INFO       CV results: 100 rows → /srv/beegfs/scratch/shares/schaerm/schaer2/video_sam2_pose/humanLISBET-paper/baselineEval/results_reduce_social/embedding/regression/MSEL_VR_DQ/cv_results.csv
18:58:29  baselineEval.src.cross_validation  INFO     
── Regression summary (MSEL_VR_DQ) ──
model      rmse       r2  spearman_r
lasso 29.642275 0.099221    0.421388
 lgbm 29.896249 0.075945    0.347774
18:58:29  ccnEvaluation         INFO     ── Held-out for MSEL_VR_DQ (regression | embedding) ──
18:58:29  baselineEval.src.held_out  INFO     Best regression model: lasso (RMSE=29.6423 ± 3.8366)
18:58:30  baselineEval.src.held_out  INFO     Held-out regression (embedding | MSEL_VR_DQ): model=lasso RMSE=28.866 [22.470, 34.488] R²=0.262 [-0.058, 0.348] ρ=0.632
18:58:30  ccnEvaluation         INFO     ── CV for MSEL_LR_DQ (regression) ──
18:58:30  ccnEvaluation         INFO       X: (100, 256), y: (100,) (classes: [  3.88463176   4.06639929   6.75925926   9.87554113  12.01290153
  16.59090909  18.70972466  20.22384752  20.94811754  21.24563446
  25.56022409  26.50048403  28.99586908  29.92695289  32.38948048
  32.63590844  35.30956329  37.26391016  38.9957265   40.25735294
  40.48807543  43.06091806  44.2961165   44.83182162  46.05097149
  46.79487179  47.45189808  48.93770627  50.11618082  50.37154989
  52.84749035  53.52588625  53.65219358  54.90373045  59.29174789
  59.55070281  62.02209006  62.16545012  62.65018881  63.07603687
  64.61056645  64.9288451   66.12318841  66.75811614  70.61011905
  70.91968912  71.94102807  73.19518717  74.25406872  76.30178639
  76.39534884  77.74980635  77.81007752  77.89159198  78.6637931
  79.07279029  79.43695591  80.19460138  82.52583979  83.43724023
  83.56227106  84.15678524  87.60560676  91.80080483  96.34238311
  96.50411281 102.7847309  104.0746873  105.9596995  107.2715207
 108.1764296  108.8902148  110.0871314  115.4120767  115.9171748
 116.9871795  117.5351288  118.5064935  119.2178672  119.8802164
 120.1122726  120.9753788  121.1819389  122.3190349  122.5189726
 124.5733788  126.9356955  127.766486   128.1288156  130.2021403
 130.5093403  132.9263068  138.2575758  142.6500252  144.1714836
 144.3321617  147.1132898  148.8393977  153.6195286  157.0567986 ])
18:58:30  baselineEval.src.cross_validation  INFO     Regression CV: 2 models, 5×10 nested CV (50 total outer folds)
19:00:13  baselineEval.src.cross_validation  INFO       Saved: predictions_per_subject.csv
19:00:13  baselineEval.src.cross_validation  INFO       CV results: 100 rows → /srv/beegfs/scratch/shares/schaerm/schaer2/video_sam2_pose/humanLISBET-paper/baselineEval/results_reduce_social/embedding/regression/MSEL_LR_DQ/cv_results.csv
19:00:13  baselineEval.src.cross_validation  INFO     
── Regression summary (MSEL_LR_DQ) ──
model      rmse       r2  spearman_r
lasso 34.286041 0.260878    0.584120
 lgbm 36.695649 0.154388    0.458436
19:00:13  ccnEvaluation         INFO     ── Held-out for MSEL_LR_DQ (regression | embedding) ──
19:00:13  baselineEval.src.held_out  INFO     Best regression model: lasso (RMSE=34.2860 ± 3.2020)
19:00:14  baselineEval.src.held_out  INFO     Held-out regression (embedding | MSEL_LR_DQ): model=lasso RMSE=40.567 [30.019, 51.093] R²=0.200 [-0.304, 0.423] ρ=0.380
19:00:14  ccnEvaluation         INFO     ── CV for MSEL_LE_DQ (regression) ──
19:00:14  ccnEvaluation         INFO       X: (100, 256), y: (100,) (classes: [  9.94008715  14.16375631  17.66698935  21.62322275  22.5308642
  23.71669916  24.48568873  29.32736455  29.93313147  31.1965812
  31.83139535  32.5311943   34.96168582  35.3339787   36.51460584
  36.64658635  37.69462981  40.09226714  40.25735294  40.48807543
  41.27091814  41.92189893  43.37492573  44.24242424  44.2961165
  44.43993506  44.83182162  45.69027182  46.51656754  46.72299027
  47.44367418  50.11618082  50.12015105  50.13736264  50.93023256
  52.58200355  54.8048048   55.8530987   56.46658416  56.94227769
  57.72506083  58.12101911  59.82097832  59.93431856  60.11198946
  61.49957877  65.17857143  65.57490326  66.18574582  66.20785318
  69.12878788  69.55030488  71.37484958  72.66780432  73.41954023
  75.10288066  76.33526384  77.99145299  78.1455863   79.85282418
  80.57395143  81.54602324  82.20720721  83.94209957  84.10138249
  85.23058961  86.67962003  89.35128519  89.92073693  90.17483846
  91.02244389  91.36420526  91.65097301  93.77792672  94.24218952
  96.25527426  96.94555113  97.92085848 100.2099483  100.2747253
 103.2239819  106.0553231  108.127254   109.939759   111.2804878
 111.8651489  112.258348   114.1922639  115.7352358  116.9871795
 120.9753788  122.124634   124.6584699  128.4817876  128.8841808
 137.775842   140.655106   143.7007874  170.9694989 ])
19:00:14  baselineEval.src.cross_validation  INFO     Regression CV: 2 models, 5×10 nested CV (50 total outer folds)
19:01:56  baselineEval.src.cross_validation  INFO       Saved: predictions_per_subject.csv
19:01:56  baselineEval.src.cross_validation  INFO       CV results: 100 rows → /srv/beegfs/scratch/shares/schaerm/schaer2/video_sam2_pose/humanLISBET-paper/baselineEval/results_reduce_social/embedding/regression/MSEL_LE_DQ/cv_results.csv
19:01:56  baselineEval.src.cross_validation  INFO     
── Regression summary (MSEL_LE_DQ) ──
model      rmse       r2  spearman_r
lasso 29.746408 0.215167    0.550199
 lgbm 30.537093 0.167315    0.488935
19:01:56  ccnEvaluation         INFO     ── Held-out for MSEL_LE_DQ (regression | embedding) ──
19:01:56  baselineEval.src.held_out  INFO     Best regression model: lasso (RMSE=29.7464 ± 3.3592)
19:01:57  baselineEval.src.held_out  INFO     Held-out regression (embedding | MSEL_LE_DQ): model=lasso RMSE=33.749 [25.229, 42.084] R²=0.186 [-0.491, 0.419] ρ=0.392
19:01:57  ccnEvaluation         INFO     ── CV for MSEL_NV_DQ (regression) ──
19:01:57  ccnEvaluation         INFO       X: (100, 256), y: (100,) (classes: [ 21.40432099  44.16747338  48.05160611  48.97137746  49.77272727
  58.71498864  60.1959643   60.90716019  63.02918895  63.79091198
  64.09642401  65.57490326  65.72629052  66.58026114  67.72345918
  67.91030161  70.16720315  71.56862745  72.80585106  73.37984863
  74.11468486  74.27325581  74.37794938  74.47079827  74.91789819
  76.17530756  76.74648129  76.87728938  77.59353741  79.97251931
  81.51480347  81.6976584   81.89102564  81.99943836  82.20720721
  82.35559567  83.73346137  83.90804598  84.15678524  84.60538218
  84.81199831  86.57250071  88.46431518  88.6496114   88.80778589
  88.87987013  91.05626327  91.88613478  92.03227433  92.13004822
  94.43082789  94.90379615  95.05208333  95.96479195  96.20155039
  96.39084507  96.49226641  97.36019132  97.52310803  97.94594067
  98.60764755  98.68968386  98.84549601  98.97788903  99.87039171
 100.2432517  102.1903821  103.1073446  109.0017065  109.0761612
 109.2369828  110.0871314  111.4163614  111.6531427  111.6891065
 114.2017705  115.7352358  116.0376082  116.2030831  116.810994
 116.9871795  119.3828214  119.8555166  121.5842367  122.8722053
 122.9496192  123.2016379  125.1071123  126.1626445  126.7361111
 127.1777003  128.2630522  128.3820346  129.3307087  130.6682578
 135.4820159  137.1387283  139.16122    139.8314361  157.8091521 ])
19:01:57  baselineEval.src.cross_validation  INFO     Regression CV: 2 models, 5×10 nested CV (50 total outer folds)
19:03:40  baselineEval.src.cross_validation  INFO       Saved: predictions_per_subject.csv
19:03:40  baselineEval.src.cross_validation  INFO       CV results: 100 rows → /srv/beegfs/scratch/shares/schaerm/schaer2/video_sam2_pose/humanLISBET-paper/baselineEval/results_reduce_social/embedding/regression/MSEL_NV_DQ/cv_results.csv
19:03:40  baselineEval.src.cross_validation  INFO     
── Regression summary (MSEL_NV_DQ) ──
model      rmse       r2  spearman_r
lasso 23.467521 0.085605    0.438738
 lgbm 23.597526 0.067859    0.314526
19:03:40  ccnEvaluation         INFO     ── Held-out for MSEL_NV_DQ (regression | embedding) ──
19:03:40  baselineEval.src.held_out  INFO     Best regression model: lasso (RMSE=23.4675 ± 3.2157)
19:03:41  baselineEval.src.held_out  INFO     Held-out regression (embedding | MSEL_NV_DQ): model=lasso RMSE=24.025 [19.647, 28.072] R²=0.145 [-0.267, 0.261] ρ=0.547
19:03:41  ccnEvaluation         INFO     ── CV for MSEL_V_DQ (regression) ──
19:03:41  ccnEvaluation         INFO       X: (100, 256), y: (100,) (classes: [ 14.64506173  16.81806214  17.70469538  18.29879679  19.42315879
  25.02823491  25.13774105  27.1577381   27.20632081  29.4009959
  30.41666667  30.91723136  31.03741497  33.34524944  35.09615385
  36.40292553  37.2753268   37.99205148  39.16309013  39.59290454
  40.25735294  40.48807543  41.50422352  44.2961165   44.83182162
  47.46155586  48.09864458  48.46611722  48.93286143  50.11618082
  50.44223328  52.19708788  52.70214521  54.2462845   54.2693288
  54.68949248  54.82073643  54.89951357  56.38516993  58.28505645
  59.94525547  62.43158183  63.11758893  63.13929001  63.25823224
  63.6627907   64.59137709  67.89434524  69.06338694  70.46826734
  70.9304984   72.04972258  76.04166667  78.79965458  80.77686203
  81.15118577  83.23831243  85.25467149  85.85349462  85.92278719
  85.99599793  87.22984206  89.35566001  91.36789406  92.32431935
  92.73373984  94.37151949  94.86083166  95.8165773   97.07446809
  98.62059158  99.7831825  101.2242965  101.2355018  102.3816809
 103.6931818  103.8747811  107.1158763  108.0484808  109.063745
 110.7318923  111.4235219  114.0037352  114.2017705  115.3090847
 116.9871795  119.5234869  120.9753788  121.0967994  121.1872446
 122.9686881  124.051024   128.2952548  128.9440573  133.4982788
 135.3182415  135.4820159  141.0506581  142.4132948  159.0413943 ])
19:03:41  baselineEval.src.cross_validation  INFO     Regression CV: 2 models, 5×10 nested CV (50 total outer folds)
19:05:23  baselineEval.src.cross_validation  INFO       Saved: predictions_per_subject.csv
19:05:23  baselineEval.src.cross_validation  INFO       CV results: 100 rows → /srv/beegfs/scratch/shares/schaerm/schaer2/video_sam2_pose/humanLISBET-paper/baselineEval/results_reduce_social/embedding/regression/MSEL_V_DQ/cv_results.csv
19:05:23  baselineEval.src.cross_validation  INFO     
── Regression summary (MSEL_V_DQ) ──
model      rmse       r2  spearman_r
lasso 29.549884 0.294146    0.602677
 lgbm 32.420357 0.148237    0.449744
19:05:23  ccnEvaluation         INFO     ── Held-out for MSEL_V_DQ (regression | embedding) ──
19:05:23  baselineEval.src.held_out  INFO     Best regression model: lasso (RMSE=29.5499 ± 2.8683)
19:05:25  baselineEval.src.held_out  INFO     Held-out regression (embedding | MSEL_V_DQ): model=lasso RMSE=37.325 [28.470, 47.045] R²=0.163 [-0.453, 0.397] ρ=0.456
19:05:25  ccnEvaluation         INFO     ═══ Representation: full_kinematic_embedding ═══
19:05:25  baselineEval.src.loading  INFO     Merged kinematic (102) + embedding (102) → 102 subjects
19:05:25  baselineEval.src.loading  INFO     Merged kinematic (17) + embedding (17) → 17 subjects
19:05:25  ccnEvaluation         INFO       Features for full_kinematic_embedding: 272 columns
19:05:25  ccnEvaluation         INFO     ═══ Step 2: Preprocessing report ═══
19:05:25  baselineEval.src.preprocessing  INFO     Feature selection (full dataset): 272 features → 272 kept (0 missingness, 0 near-zero-var, 0 correlated)
19:05:25  baselineEval.src.preprocessing  INFO     Feature selection report → /srv/beegfs/scratch/shares/schaerm/schaer2/video_sam2_pose/humanLISBET-paper/baselineEval/results_reduce_social/full_kinematic_embedding/feature_selection_report.csv
19:05:25  baselineEval.src.preprocessing  INFO     PCA explained-variance data → /srv/beegfs/scratch/shares/schaerm/schaer2/video_sam2_pose/humanLISBET-paper/baselineEval/results_reduce_social/full_kinematic_embedding/pca_explained_variance.csv
19:05:26  baselineEval.src.preprocessing  INFO     PCA explained-variance plot → /srv/beegfs/scratch/shares/schaerm/schaer2/video_sam2_pose/humanLISBET-paper/baselineEval/results_reduce_social/full_kinematic_embedding/pca_explained_variance.png
19:05:26  ccnEvaluation         INFO     ── CV for diagnosis (classification) ──
19:05:26  ccnEvaluation         INFO       X: (102, 272), y: (102,) (classes: [0 1])
19:05:26  baselineEval.src.cross_validation  INFO     Classification CV: 2 models, 5×10 nested CV (50 total outer folds)
19:07:49  baselineEval.src.cross_validation  INFO       Saved: predictions_per_subject.csv
19:07:49  baselineEval.src.cross_validation  INFO       CV results: 100 rows → /srv/beegfs/scratch/shares/schaerm/schaer2/video_sam2_pose/humanLISBET-paper/baselineEval/results_reduce_social/full_kinematic_embedding/classification/diagnosis/cv_results.csv
19:07:49  baselineEval.src.cross_validation  INFO     
── Classification AUC-ROC summary (diagnosis) ──
model  auc_roc_mean  auc_roc_std
lasso      0.733558     0.115280
 lgbm      0.759314     0.092888
19:07:49  ccnEvaluation         INFO     ── Held-out for diagnosis (classification | full_kinematic_embedding) ──
19:07:49  baselineEval.src.held_out  INFO     Best classification model: lgbm (AUC=0.7593 ± 0.0929)
19:07:50  baselineEval.src.held_out  INFO     Held-out classification (full_kinematic_embedding | diagnosis): model=lgbm AUC=0.714 BAcc=0.614 Acc=0.647 [0.383, 0.858]
19:07:51  baselineEval.src.plotting  INFO       Saved: shap_bar_top20.png and shap_beeswarm_top20.png
19:07:51  baselineEval.src.held_out  INFO     SHAP saved → /srv/beegfs/scratch/shares/schaerm/schaer2/video_sam2_pose/humanLISBET-paper/baselineEval/results_reduce_social/full_kinematic_embedding/held_out/classification/diagnosis/shap
19:07:51  ccnEvaluation         INFO     ── CV for ADOS_2_ADOS_G_revised_RRB_level_of_symptoms (classification) ──
19:07:51  ccnEvaluation         INFO       X: (102, 272), y: (102,) (classes: [0 1 2])
19:07:51  baselineEval.src.cross_validation  INFO     Classification CV: 2 models, 5×10 nested CV (50 total outer folds)
19:12:07  baselineEval.src.cross_validation  INFO       Saved: predictions_per_subject.csv
19:12:07  baselineEval.src.cross_validation  INFO       CV results: 100 rows → /srv/beegfs/scratch/shares/schaerm/schaer2/video_sam2_pose/humanLISBET-paper/baselineEval/results_reduce_social/full_kinematic_embedding/classification/ADOS_2_ADOS_G_revised_RRB_level_of_symptoms/cv_results.csv
19:12:07  baselineEval.src.cross_validation  INFO     
── Classification F1-macro summary (ADOS_2_ADOS_G_revised_RRB_level_of_symptoms) ──
model  f1_macro_mean  f1_macro_std
lasso       0.540086       0.11133
 lgbm       0.457871       0.09870
19:12:07  ccnEvaluation         INFO     ── Held-out for ADOS_2_ADOS_G_revised_RRB_level_of_symptoms (classification | full_kinematic_embedding) ──
19:12:07  baselineEval.src.held_out  INFO     Best classification model: lasso (F1-macro=0.5401 ± 0.1113)
19:12:09  baselineEval.src.held_out  INFO     Held-out classification (full_kinematic_embedding | ADOS_2_ADOS_G_revised_RRB_level_of_symptoms): model=lasso F1-macro=0.463 BAcc=0.522 Acc=0.471 [0.230, 0.722]
19:12:11  baselineEval.src.plotting  INFO       Saved: shap_bar_top20.png and shap_beeswarm_top20.png
19:12:11  baselineEval.src.held_out  INFO     SHAP saved → /srv/beegfs/scratch/shares/schaerm/schaer2/video_sam2_pose/humanLISBET-paper/baselineEval/results_reduce_social/full_kinematic_embedding/held_out/classification/ADOS_2_ADOS_G_revised_RRB_level_of_symptoms/shap
19:12:11  ccnEvaluation         INFO     ── CV for ADOS_2_ADOS_G_REVISED_SA_LEVEL_OF_SYMPTOMS (classification) ──
19:12:11  ccnEvaluation         INFO       X: (102, 272), y: (102,) (classes: [0 1 2 3])
19:12:11  baselineEval.src.cross_validation  INFO     Classification CV: 2 models, 5×10 nested CV (50 total outer folds)
19:17:09  baselineEval.src.cross_validation  INFO       Saved: predictions_per_subject.csv
19:17:09  baselineEval.src.cross_validation  INFO       CV results: 100 rows → /srv/beegfs/scratch/shares/schaerm/schaer2/video_sam2_pose/humanLISBET-paper/baselineEval/results_reduce_social/full_kinematic_embedding/classification/ADOS_2_ADOS_G_REVISED_SA_LEVEL_OF_SYMPTOMS/cv_results.csv
19:17:09  baselineEval.src.cross_validation  INFO     
── Classification F1-macro summary (ADOS_2_ADOS_G_REVISED_SA_LEVEL_OF_SYMPTOMS) ──
model  f1_macro_mean  f1_macro_std
lasso       0.340538      0.102437
 lgbm       0.339025      0.099108
19:17:09  ccnEvaluation         INFO     ── Held-out for ADOS_2_ADOS_G_REVISED_SA_LEVEL_OF_SYMPTOMS (classification | full_kinematic_embedding) ──
19:17:09  baselineEval.src.held_out  INFO     Best classification model: lasso (F1-macro=0.3405 ± 0.1024)
19:17:10  baselineEval.src.held_out  INFO     Held-out classification (full_kinematic_embedding | ADOS_2_ADOS_G_REVISED_SA_LEVEL_OF_SYMPTOMS): model=lasso F1-macro=0.314 BAcc=0.351 Acc=0.412 [0.184, 0.671]
19:17:12  baselineEval.src.plotting  INFO       Saved: shap_bar_top20.png and shap_beeswarm_top20.png
19:17:12  baselineEval.src.held_out  INFO     SHAP saved → /srv/beegfs/scratch/shares/schaerm/schaer2/video_sam2_pose/humanLISBET-paper/baselineEval/results_reduce_social/full_kinematic_embedding/held_out/classification/ADOS_2_ADOS_G_REVISED_SA_LEVEL_OF_SYMPTOMS/shap
19:17:12  ccnEvaluation         INFO     ── CV for ADOS_G_ADOS_2_TOTAL_score_de_severite (regression) ──
19:17:12  ccnEvaluation         INFO       X: (102, 272), y: (102,) (classes: [ 1.  2.  3.  4.  5.  6.  7.  8.  9. 10.])
19:17:12  baselineEval.src.cross_validation  INFO     Regression CV: 2 models, 5×10 nested CV (50 total outer folds)
19:18:57  baselineEval.src.cross_validation  INFO       Saved: predictions_per_subject.csv
19:18:57  baselineEval.src.cross_validation  INFO       CV results: 100 rows → /srv/beegfs/scratch/shares/schaerm/schaer2/video_sam2_pose/humanLISBET-paper/baselineEval/results_reduce_social/full_kinematic_embedding/regression/ADOS_G_ADOS_2_TOTAL_score_de_severite/cv_results.csv
19:18:57  baselineEval.src.cross_validation  INFO     
── Regression summary (ADOS_G_ADOS_2_TOTAL_score_de_severite) ──
model     rmse       r2  spearman_r
lasso 2.976089 0.198822    0.544770
 lgbm 3.007185 0.183839    0.484093
19:18:57  ccnEvaluation         INFO     ── Held-out for ADOS_G_ADOS_2_TOTAL_score_de_severite (regression | full_kinematic_embedding) ──
19:18:57  baselineEval.src.held_out  INFO     Best regression model: lasso (RMSE=2.9761 ± 0.3182)
19:18:59  baselineEval.src.held_out  INFO     Held-out regression (full_kinematic_embedding | ADOS_G_ADOS_2_TOTAL_score_de_severite): model=lasso RMSE=2.849 [2.084, 3.497] R²=0.340 [0.015, 0.537] ρ=0.567
19:19:01  baselineEval.src.plotting  INFO       Saved: shap_bar_top20.png and shap_beeswarm_top20.png
19:19:01  baselineEval.src.held_out  INFO     SHAP saved → /srv/beegfs/scratch/shares/schaerm/schaer2/video_sam2_pose/humanLISBET-paper/baselineEval/results_reduce_social/full_kinematic_embedding/held_out/regression/ADOS_G_ADOS_2_TOTAL_score_de_severite/shap
19:19:01  ccnEvaluation         INFO     ── CV for ADOS_2_ADOS_G_REVISED_SA_SEVERITY_SCORE (regression) ──
19:19:01  ccnEvaluation         INFO       X: (102, 272), y: (102,) (classes: [ 1.  2.  3.  4.  5.  6.  7.  9. 10.])
19:19:01  baselineEval.src.cross_validation  INFO     Regression CV: 2 models, 5×10 nested CV (50 total outer folds)
19:20:46  baselineEval.src.cross_validation  INFO       Saved: predictions_per_subject.csv
19:20:46  baselineEval.src.cross_validation  INFO       CV results: 100 rows → /srv/beegfs/scratch/shares/schaerm/schaer2/video_sam2_pose/humanLISBET-paper/baselineEval/results_reduce_social/full_kinematic_embedding/regression/ADOS_2_ADOS_G_REVISED_SA_SEVERITY_SCORE/cv_results.csv
19:20:46  baselineEval.src.cross_validation  INFO     
── Regression summary (ADOS_2_ADOS_G_REVISED_SA_SEVERITY_SCORE) ──
model    rmse       r2  spearman_r
lasso 2.80971 0.156005    0.466334
 lgbm 2.84108 0.132960    0.414069
19:20:46  ccnEvaluation         INFO     ── Held-out for ADOS_2_ADOS_G_REVISED_SA_SEVERITY_SCORE (regression | full_kinematic_embedding) ──
19:20:46  baselineEval.src.held_out  INFO     Best regression model: lasso (RMSE=2.8097 ± 0.2455)
19:20:47  baselineEval.src.held_out  INFO     Held-out regression (full_kinematic_embedding | ADOS_2_ADOS_G_REVISED_SA_SEVERITY_SCORE): model=lasso RMSE=2.471 [1.780, 3.047] R²=0.258 [-0.186, 0.468] ρ=0.635
19:20:49  baselineEval.src.plotting  INFO       Saved: shap_bar_top20.png and shap_beeswarm_top20.png
19:20:49  baselineEval.src.held_out  INFO     SHAP saved → /srv/beegfs/scratch/shares/schaerm/schaer2/video_sam2_pose/humanLISBET-paper/baselineEval/results_reduce_social/full_kinematic_embedding/held_out/regression/ADOS_2_ADOS_G_REVISED_SA_SEVERITY_SCORE/shap
19:20:49  ccnEvaluation         INFO     ── CV for ADOS_2_ADOS_G_REVISED_RRB_SEVERITY_SCORE_new (regression) ──
19:20:49  ccnEvaluation         INFO       X: (102, 272), y: (102,) (classes: [ 1.  5.  6.  7.  8.  9. 10.])
19:20:49  baselineEval.src.cross_validation  INFO     Regression CV: 2 models, 5×10 nested CV (50 total outer folds)
19:22:35  baselineEval.src.cross_validation  INFO       Saved: predictions_per_subject.csv
19:22:35  baselineEval.src.cross_validation  INFO       CV results: 100 rows → /srv/beegfs/scratch/shares/schaerm/schaer2/video_sam2_pose/humanLISBET-paper/baselineEval/results_reduce_social/full_kinematic_embedding/regression/ADOS_2_ADOS_G_REVISED_RRB_SEVERITY_SCORE_new/cv_results.csv
19:22:35  baselineEval.src.cross_validation  INFO     
── Regression summary (ADOS_2_ADOS_G_REVISED_RRB_SEVERITY_SCORE_new) ──
model     rmse       r2  spearman_r
lasso 2.906858 0.145633    0.533769
 lgbm 2.897190 0.134767    0.500441
19:22:35  ccnEvaluation         INFO     ── Held-out for ADOS_2_ADOS_G_REVISED_RRB_SEVERITY_SCORE_new (regression | full_kinematic_embedding) ──
19:22:36  baselineEval.src.held_out  INFO     Best regression model: lgbm (RMSE=2.8972 ± 0.3554)
19:22:37  baselineEval.src.held_out  INFO     Held-out regression (full_kinematic_embedding | ADOS_2_ADOS_G_REVISED_RRB_SEVERITY_SCORE_new): model=lgbm RMSE=3.307 [2.258, 4.168] R²=0.228 [-0.386, 0.535] ρ=0.428
19:22:39  baselineEval.src.plotting  INFO       Saved: shap_bar_top20.png and shap_beeswarm_top20.png
19:22:39  baselineEval.src.held_out  INFO     SHAP saved → /srv/beegfs/scratch/shares/schaerm/schaer2/video_sam2_pose/humanLISBET-paper/baselineEval/results_reduce_social/full_kinematic_embedding/held_out/regression/ADOS_2_ADOS_G_REVISED_RRB_SEVERITY_SCORE_new/shap
19:22:39  ccnEvaluation         INFO     ── CV for VLDII_AdSS (regression) ──
19:22:39  ccnEvaluation         INFO       X: (95, 272), y: (95,) (classes: [ 51.  63.  64.  65.  66.  68.  69.  70.  71.  72.  73.  74.  75.  76.
  77.  78.  79.  80.  81.  83.  84.  85.  86.  87.  88.  89.  90.  91.
  92.  93.  94.  95.  96.  97.  99. 100. 102. 103. 104. 105. 107. 108.
 109. 110. 113. 115. 117.])
19:22:39  baselineEval.src.cross_validation  INFO     Regression CV: 2 models, 5×10 nested CV (50 total outer folds)
19:24:22  baselineEval.src.cross_validation  INFO       Saved: predictions_per_subject.csv
19:24:22  baselineEval.src.cross_validation  INFO       CV results: 100 rows → /srv/beegfs/scratch/shares/schaerm/schaer2/video_sam2_pose/humanLISBET-paper/baselineEval/results_reduce_social/full_kinematic_embedding/regression/VLDII_AdSS/cv_results.csv
19:24:22  baselineEval.src.cross_validation  INFO     
── Regression summary (VLDII_AdSS) ──
model      rmse       r2  spearman_r
lasso 13.181581 0.183679    0.482942
 lgbm 13.470546 0.140346    0.398968
19:24:22  ccnEvaluation         INFO     ── Held-out for VLDII_AdSS (regression | full_kinematic_embedding) ──
19:24:22  baselineEval.src.held_out  INFO     Best regression model: lasso (RMSE=13.1816 ± 1.2010)
19:24:23  baselineEval.src.held_out  INFO     Held-out regression (full_kinematic_embedding | VLDII_AdSS): model=lasso RMSE=13.471 [10.836, 15.711] R²=0.275 [-0.047, 0.384] ρ=0.641
19:24:25  baselineEval.src.plotting  INFO       Saved: shap_bar_top20.png and shap_beeswarm_top20.png
19:24:25  baselineEval.src.held_out  INFO     SHAP saved → /srv/beegfs/scratch/shares/schaerm/schaer2/video_sam2_pose/humanLISBET-paper/baselineEval/results_reduce_social/full_kinematic_embedding/held_out/regression/VLDII_AdSS/shap
19:24:25  ccnEvaluation         INFO     ── CV for VLDII_MotorSS (regression) ──
19:24:25  ccnEvaluation         INFO       X: (95, 272), y: (95,) (classes: [ 56.  67.  69.  70.  72.  75.  79.  81.  82.  84.  85.  88.  90.  93.
  94.  95.  96.  97. 100. 102. 104. 105. 106. 108. 111. 114. 121. 131.])
19:24:25  baselineEval.src.cross_validation  INFO     Regression CV: 2 models, 5×10 nested CV (50 total outer folds)
19:26:08  baselineEval.src.cross_validation  INFO       Saved: predictions_per_subject.csv
19:26:08  baselineEval.src.cross_validation  INFO       CV results: 100 rows → /srv/beegfs/scratch/shares/schaerm/schaer2/video_sam2_pose/humanLISBET-paper/baselineEval/results_reduce_social/full_kinematic_embedding/regression/VLDII_MotorSS/cv_results.csv
19:26:08  baselineEval.src.cross_validation  INFO     
── Regression summary (VLDII_MotorSS) ──
model      rmse        r2  spearman_r
lasso 12.395835 -0.014387    0.050104
 lgbm 12.987674 -0.126908    0.003697
19:26:08  ccnEvaluation         INFO     ── Held-out for VLDII_MotorSS (regression | full_kinematic_embedding) ──
19:26:08  baselineEval.src.held_out  INFO     Best regression model: lasso (RMSE=12.3958 ± 1.3963)
/srv/beegfs/scratch/shares/schaerm/schaer2/video_sam2_pose/humanLISBET-paper/baselineEval/src/held_out.py:422: ConstantInputWarning: An input array is constant; the correlation coefficient is not defined.
  sp_r, _ = spearmanr(y_test, y_pred)
/srv/beegfs/scratch/shares/schaerm/schaer2/video_sam2_pose/humanLISBET-paper/baselineEval/src/held_out.py:423: ConstantInputWarning: An input array is constant; the correlation coefficient is not defined.
  pe_r, _ = pearsonr(y_test, y_pred)
19:26:09  baselineEval.src.held_out  INFO     Held-out regression (full_kinematic_embedding | VLDII_MotorSS): model=lasso RMSE=12.713 [9.358, 16.144] R²=-0.009 [-0.572, -0.000] ρ=nan
19:26:11  baselineEval.src.plotting  INFO       Saved: shap_bar_top20.png and shap_beeswarm_top20.png
19:26:11  baselineEval.src.held_out  INFO     SHAP saved → /srv/beegfs/scratch/shares/schaerm/schaer2/video_sam2_pose/humanLISBET-paper/baselineEval/results_reduce_social/full_kinematic_embedding/held_out/regression/VLDII_MotorSS/shap
19:26:11  ccnEvaluation         INFO     ── CV for VLDII_gmsVS (regression) ──
19:26:11  ccnEvaluation         INFO       X: (95, 272), y: (95,) (classes: [ 8.  9. 10. 11. 12. 13. 14. 15. 16. 17. 18. 22.])
19:26:11  baselineEval.src.cross_validation  INFO     Regression CV: 2 models, 5×10 nested CV (50 total outer folds)
19:27:53  baselineEval.src.cross_validation  INFO       Saved: predictions_per_subject.csv
19:27:53  baselineEval.src.cross_validation  INFO       CV results: 100 rows → /srv/beegfs/scratch/shares/schaerm/schaer2/video_sam2_pose/humanLISBET-paper/baselineEval/results_reduce_social/full_kinematic_embedding/regression/VLDII_gmsVS/cv_results.csv
19:27:53  baselineEval.src.cross_validation  INFO     
── Regression summary (VLDII_gmsVS) ──
model     rmse        r2  spearman_r
lasso 2.134624 -0.033146    0.001251
 lgbm 2.228579 -0.135515   -0.074540
19:27:53  ccnEvaluation         INFO     ── Held-out for VLDII_gmsVS (regression | full_kinematic_embedding) ──
19:27:53  baselineEval.src.held_out  INFO     Best regression model: lasso (RMSE=2.1346 ± 0.3460)
/srv/beegfs/scratch/shares/schaerm/schaer2/video_sam2_pose/humanLISBET-paper/baselineEval/src/held_out.py:422: ConstantInputWarning: An input array is constant; the correlation coefficient is not defined.
  sp_r, _ = spearmanr(y_test, y_pred)
/srv/beegfs/scratch/shares/schaerm/schaer2/video_sam2_pose/humanLISBET-paper/baselineEval/src/held_out.py:423: ConstantInputWarning: An input array is constant; the correlation coefficient is not defined.
  pe_r, _ = pearsonr(y_test, y_pred)
19:27:54  baselineEval.src.held_out  INFO     Held-out regression (full_kinematic_embedding | VLDII_gmsVS): model=lasso RMSE=1.893 [1.289, 2.418] R²=-0.014 [-0.494, -0.000] ρ=nan
19:27:56  baselineEval.src.plotting  INFO       Saved: shap_bar_top20.png and shap_beeswarm_top20.png
19:27:56  baselineEval.src.held_out  INFO     SHAP saved → /srv/beegfs/scratch/shares/schaerm/schaer2/video_sam2_pose/humanLISBET-paper/baselineEval/results_reduce_social/full_kinematic_embedding/held_out/regression/VLDII_gmsVS/shap
19:27:56  ccnEvaluation         INFO     ── CV for VLDII_fmsVS (regression) ──
19:27:56  ccnEvaluation         INFO       X: (95, 272), y: (95,) (classes: [ 7.  8.  9. 10. 11. 12. 13. 14. 15. 16. 17. 18.])
19:27:56  baselineEval.src.cross_validation  INFO     Regression CV: 2 models, 5×10 nested CV (50 total outer folds)
19:29:37  baselineEval.src.cross_validation  INFO       Saved: predictions_per_subject.csv
19:29:37  baselineEval.src.cross_validation  INFO       CV results: 100 rows → /srv/beegfs/scratch/shares/schaerm/schaer2/video_sam2_pose/humanLISBET-paper/baselineEval/results_reduce_social/full_kinematic_embedding/regression/VLDII_fmsVS/cv_results.csv
19:29:37  baselineEval.src.cross_validation  INFO     
── Regression summary (VLDII_fmsVS) ──
model     rmse        r2  spearman_r
lasso 2.471782 -0.033256    0.003198
 lgbm 2.539024 -0.094388    0.067412
19:29:37  ccnEvaluation         INFO     ── Held-out for VLDII_fmsVS (regression | full_kinematic_embedding) ──
19:29:37  baselineEval.src.held_out  INFO     Best regression model: lasso (RMSE=2.4718 ± 0.2438)
/srv/beegfs/scratch/shares/schaerm/schaer2/video_sam2_pose/humanLISBET-paper/baselineEval/src/held_out.py:422: ConstantInputWarning: An input array is constant; the correlation coefficient is not defined.
  sp_r, _ = spearmanr(y_test, y_pred)
/srv/beegfs/scratch/shares/schaerm/schaer2/video_sam2_pose/humanLISBET-paper/baselineEval/src/held_out.py:423: ConstantInputWarning: An input array is constant; the correlation coefficient is not defined.
  pe_r, _ = pearsonr(y_test, y_pred)
19:29:38  baselineEval.src.held_out  INFO     Held-out regression (full_kinematic_embedding | VLDII_fmsVS): model=lasso RMSE=2.495 [1.826, 3.138] R²=-0.013 [-0.555, -0.000] ρ=nan
19:29:40  baselineEval.src.plotting  INFO       Saved: shap_bar_top20.png and shap_beeswarm_top20.png
19:29:40  baselineEval.src.held_out  INFO     SHAP saved → /srv/beegfs/scratch/shares/schaerm/schaer2/video_sam2_pose/humanLISBET-paper/baselineEval/results_reduce_social/full_kinematic_embedding/held_out/regression/VLDII_fmsVS/shap
19:29:40  ccnEvaluation         INFO     ── CV for VLDII_SocSS (regression) ──
19:29:40  ccnEvaluation         INFO       X: (95, 272), y: (95,) (classes: [ 59.  65.  66.  68.  70.  72.  74.  75.  76.  78.  79.  80.  81.  82.
  84.  86.  88.  89.  90.  91.  92.  94.  95.  96.  98. 100. 101. 102.
 105. 109. 111. 112. 114.])
19:29:40  baselineEval.src.cross_validation  INFO     Regression CV: 2 models, 5×10 nested CV (50 total outer folds)
19:31:23  baselineEval.src.cross_validation  INFO       Saved: predictions_per_subject.csv
19:31:23  baselineEval.src.cross_validation  INFO       CV results: 100 rows → /srv/beegfs/scratch/shares/schaerm/schaer2/video_sam2_pose/humanLISBET-paper/baselineEval/results_reduce_social/full_kinematic_embedding/regression/VLDII_SocSS/cv_results.csv
19:31:23  baselineEval.src.cross_validation  INFO     
── Regression summary (VLDII_SocSS) ──
model      rmse       r2  spearman_r
lasso 10.963179 0.182428    0.486841
 lgbm 11.325470 0.114557    0.428470
19:31:23  ccnEvaluation         INFO     ── Held-out for VLDII_SocSS (regression | full_kinematic_embedding) ──
19:31:23  baselineEval.src.held_out  INFO     Best regression model: lasso (RMSE=10.9632 ± 1.2588)
19:31:24  baselineEval.src.held_out  INFO     Held-out regression (full_kinematic_embedding | VLDII_SocSS): model=lasso RMSE=11.000 [8.341, 13.522] R²=0.204 [-0.150, 0.322] ρ=0.509
19:31:26  baselineEval.src.plotting  INFO       Saved: shap_bar_top20.png and shap_beeswarm_top20.png
19:31:26  baselineEval.src.held_out  INFO     SHAP saved → /srv/beegfs/scratch/shares/schaerm/schaer2/video_sam2_pose/humanLISBET-paper/baselineEval/results_reduce_social/full_kinematic_embedding/held_out/regression/VLDII_SocSS/shap
19:31:26  ccnEvaluation         INFO     ── CV for VLDII_intVS (regression) ──
19:31:26  ccnEvaluation         INFO       X: (95, 272), y: (95,) (classes: [ 6.  8.  9. 10. 11. 12. 13. 14. 15. 16. 17. 18. 19. 20.])
19:31:26  baselineEval.src.cross_validation  INFO     Regression CV: 2 models, 5×10 nested CV (50 total outer folds)
19:33:08  baselineEval.src.cross_validation  INFO       Saved: predictions_per_subject.csv
19:33:08  baselineEval.src.cross_validation  INFO       CV results: 100 rows → /srv/beegfs/scratch/shares/schaerm/schaer2/video_sam2_pose/humanLISBET-paper/baselineEval/results_reduce_social/full_kinematic_embedding/regression/VLDII_intVS/cv_results.csv
19:33:08  baselineEval.src.cross_validation  INFO     
── Regression summary (VLDII_intVS) ──
model     rmse       r2  spearman_r
lasso 2.428526 0.176291    0.516613
 lgbm 2.560737 0.080165    0.401452
19:33:08  ccnEvaluation         INFO     ── Held-out for VLDII_intVS (regression | full_kinematic_embedding) ──
19:33:08  baselineEval.src.held_out  INFO     Best regression model: lasso (RMSE=2.4285 ± 0.2495)
19:33:09  baselineEval.src.held_out  INFO     Held-out regression (full_kinematic_embedding | VLDII_intVS): model=lasso RMSE=2.672 [2.087, 3.227] R²=0.204 [-0.274, 0.422] ρ=0.407
19:33:11  baselineEval.src.plotting  INFO       Saved: shap_bar_top20.png and shap_beeswarm_top20.png
19:33:11  baselineEval.src.held_out  INFO     SHAP saved → /srv/beegfs/scratch/shares/schaerm/schaer2/video_sam2_pose/humanLISBET-paper/baselineEval/results_reduce_social/full_kinematic_embedding/held_out/regression/VLDII_intVS/shap
19:33:11  ccnEvaluation         INFO     ── CV for VLDII_plaVS (regression) ──
19:33:11  ccnEvaluation         INFO       X: (95, 272), y: (95,) (classes: [ 7.  8.  9. 10. 11. 12. 13. 14. 15. 16. 17. 18. 19.])
19:33:11  baselineEval.src.cross_validation  INFO     Regression CV: 2 models, 5×10 nested CV (50 total outer folds)
19:34:53  baselineEval.src.cross_validation  INFO       Saved: predictions_per_subject.csv
19:34:53  baselineEval.src.cross_validation  INFO       CV results: 100 rows → /srv/beegfs/scratch/shares/schaerm/schaer2/video_sam2_pose/humanLISBET-paper/baselineEval/results_reduce_social/full_kinematic_embedding/regression/VLDII_plaVS/cv_results.csv
19:34:53  baselineEval.src.cross_validation  INFO     
── Regression summary (VLDII_plaVS) ──
model     rmse       r2  spearman_r
lasso 2.470546 0.063128    0.382490
 lgbm 2.433345 0.078237    0.382576
19:34:53  ccnEvaluation         INFO     ── Held-out for VLDII_plaVS (regression | full_kinematic_embedding) ──
19:34:53  baselineEval.src.held_out  INFO     Best regression model: lgbm (RMSE=2.4333 ± 0.2287)
19:34:54  baselineEval.src.held_out  INFO     Held-out regression (full_kinematic_embedding | VLDII_plaVS): model=lgbm RMSE=2.018 [1.437, 2.591] R²=0.364 [-0.017, 0.529] ρ=0.637
19:34:56  baselineEval.src.plotting  INFO       Saved: shap_bar_top20.png and shap_beeswarm_top20.png
19:34:56  baselineEval.src.held_out  INFO     SHAP saved → /srv/beegfs/scratch/shares/schaerm/schaer2/video_sam2_pose/humanLISBET-paper/baselineEval/results_reduce_social/full_kinematic_embedding/held_out/regression/VLDII_plaVS/shap
19:34:56  ccnEvaluation         INFO     ── CV for VLDII_copVS (regression) ──
19:34:56  ccnEvaluation         INFO       X: (95, 272), y: (95,) (classes: [ 9. 10. 11. 12. 13. 14. 15. 16. 17.])
19:34:56  baselineEval.src.cross_validation  INFO     Regression CV: 2 models, 5×10 nested CV (50 total outer folds)
19:36:37  baselineEval.src.cross_validation  INFO       Saved: predictions_per_subject.csv
19:36:37  baselineEval.src.cross_validation  INFO       CV results: 100 rows → /srv/beegfs/scratch/shares/schaerm/schaer2/video_sam2_pose/humanLISBET-paper/baselineEval/results_reduce_social/full_kinematic_embedding/regression/VLDII_copVS/cv_results.csv
19:36:37  baselineEval.src.cross_validation  INFO     
── Regression summary (VLDII_copVS) ──
model     rmse       r2  spearman_r
lasso 2.014533 0.027937    0.257980
 lgbm 2.019280 0.016964    0.263608
19:36:37  ccnEvaluation         INFO     ── Held-out for VLDII_copVS (regression | full_kinematic_embedding) ──
19:36:37  baselineEval.src.held_out  INFO     Best regression model: lasso (RMSE=2.0145 ± 0.1516)
19:36:38  baselineEval.src.held_out  INFO     Held-out regression (full_kinematic_embedding | VLDII_copVS): model=lasso RMSE=1.718 [1.291, 2.092] R²=-0.066 [-0.863, 0.051] ρ=0.181
19:36:40  baselineEval.src.plotting  INFO       Saved: shap_bar_top20.png and shap_beeswarm_top20.png
19:36:40  baselineEval.src.held_out  INFO     SHAP saved → /srv/beegfs/scratch/shares/schaerm/schaer2/video_sam2_pose/humanLISBET-paper/baselineEval/results_reduce_social/full_kinematic_embedding/held_out/regression/VLDII_copVS/shap
19:36:40  ccnEvaluation         INFO     ── CV for VLDII_DaiSS (regression) ──
19:36:40  ccnEvaluation         INFO       X: (95, 272), y: (95,) (classes: [ 53.  62.  65.  67.  69.  71.  73.  75.  77.  78.  80.  81.  82.  83.
  86.  87.  89.  91.  93.  95.  96.  98. 100. 101. 102. 103. 104. 105.
 107. 109. 111. 113. 115. 118. 121.])
19:36:40  baselineEval.src.cross_validation  INFO     Regression CV: 2 models, 5×10 nested CV (50 total outer folds)
19:38:23  baselineEval.src.cross_validation  INFO       Saved: predictions_per_subject.csv
19:38:23  baselineEval.src.cross_validation  INFO       CV results: 100 rows → /srv/beegfs/scratch/shares/schaerm/schaer2/video_sam2_pose/humanLISBET-paper/baselineEval/results_reduce_social/full_kinematic_embedding/regression/VLDII_DaiSS/cv_results.csv
19:38:23  baselineEval.src.cross_validation  INFO     
── Regression summary (VLDII_DaiSS) ──
model      rmse       r2  spearman_r
lasso 12.508342 0.149516    0.505534
 lgbm 12.786621 0.110121    0.413583
19:38:23  ccnEvaluation         INFO     ── Held-out for VLDII_DaiSS (regression | full_kinematic_embedding) ──
19:38:23  baselineEval.src.held_out  INFO     Best regression model: lasso (RMSE=12.5083 ± 1.4083)
19:38:24  baselineEval.src.held_out  INFO     Held-out regression (full_kinematic_embedding | VLDII_DaiSS): model=lasso RMSE=12.451 [9.229, 15.460] R²=0.263 [-0.058, 0.358] ρ=0.611
19:38:26  baselineEval.src.plotting  INFO       Saved: shap_bar_top20.png and shap_beeswarm_top20.png
19:38:26  baselineEval.src.held_out  INFO     SHAP saved → /srv/beegfs/scratch/shares/schaerm/schaer2/video_sam2_pose/humanLISBET-paper/baselineEval/results_reduce_social/full_kinematic_embedding/held_out/regression/VLDII_DaiSS/shap
19:38:26  ccnEvaluation         INFO     ── CV for VLDII_perVS (regression) ──
19:38:26  ccnEvaluation         INFO       X: (95, 272), y: (95,) (classes: [ 7.  8.  9. 10. 11. 12. 13. 14. 15. 16. 17. 18.])
19:38:26  baselineEval.src.cross_validation  INFO     Regression CV: 2 models, 5×10 nested CV (50 total outer folds)
19:40:07  baselineEval.src.cross_validation  INFO       Saved: predictions_per_subject.csv
19:40:07  baselineEval.src.cross_validation  INFO       CV results: 100 rows → /srv/beegfs/scratch/shares/schaerm/schaer2/video_sam2_pose/humanLISBET-paper/baselineEval/results_reduce_social/full_kinematic_embedding/regression/VLDII_perVS/cv_results.csv
19:40:07  baselineEval.src.cross_validation  INFO     
── Regression summary (VLDII_perVS) ──
model     rmse       r2  spearman_r
lasso 2.520751 0.119549    0.460726
 lgbm 2.542136 0.098770    0.364452
19:40:07  ccnEvaluation         INFO     ── Held-out for VLDII_perVS (regression | full_kinematic_embedding) ──
19:40:07  baselineEval.src.held_out  INFO     Best regression model: lasso (RMSE=2.5208 ± 0.2395)
19:40:08  baselineEval.src.held_out  INFO     Held-out regression (full_kinematic_embedding | VLDII_perVS): model=lasso RMSE=2.167 [1.666, 2.618] R²=0.188 [-0.221, 0.335] ρ=0.522
19:40:10  baselineEval.src.plotting  INFO       Saved: shap_bar_top20.png and shap_beeswarm_top20.png
19:40:10  baselineEval.src.held_out  INFO     SHAP saved → /srv/beegfs/scratch/shares/schaerm/schaer2/video_sam2_pose/humanLISBET-paper/baselineEval/results_reduce_social/full_kinematic_embedding/held_out/regression/VLDII_perVS/shap
19:40:10  ccnEvaluation         INFO     ── CV for VLDII_comVS (regression) ──
19:40:10  ccnEvaluation         INFO       X: (95, 272), y: (95,) (classes: [ 7. 10. 11. 12. 13. 14. 15. 16. 17. 18. 20.])
19:40:10  baselineEval.src.cross_validation  INFO     Regression CV: 2 models, 5×10 nested CV (50 total outer folds)
19:41:51  baselineEval.src.cross_validation  INFO       Saved: predictions_per_subject.csv
19:41:51  baselineEval.src.cross_validation  INFO       CV results: 100 rows → /srv/beegfs/scratch/shares/schaerm/schaer2/video_sam2_pose/humanLISBET-paper/baselineEval/results_reduce_social/full_kinematic_embedding/regression/VLDII_comVS/cv_results.csv
19:41:51  baselineEval.src.cross_validation  INFO     
── Regression summary (VLDII_comVS) ──
model     rmse       r2  spearman_r
lasso 2.104466 0.129085    0.435029
 lgbm 2.199557 0.040840    0.318493
19:41:51  ccnEvaluation         INFO     ── Held-out for VLDII_comVS (regression | full_kinematic_embedding) ──
19:41:51  baselineEval.src.held_out  INFO     Best regression model: lasso (RMSE=2.1045 ± 0.2498)
19:41:53  baselineEval.src.held_out  INFO     Held-out regression (full_kinematic_embedding | VLDII_comVS): model=lasso RMSE=3.054 [2.061, 3.984] R²=-0.114 [-0.663, 0.065] ρ=-0.004
19:41:54  baselineEval.src.plotting  INFO       Saved: shap_bar_top20.png and shap_beeswarm_top20.png
19:41:54  baselineEval.src.held_out  INFO     SHAP saved → /srv/beegfs/scratch/shares/schaerm/schaer2/video_sam2_pose/humanLISBET-paper/baselineEval/results_reduce_social/full_kinematic_embedding/held_out/regression/VLDII_comVS/shap
19:41:54  ccnEvaluation         INFO     ── CV for VLDII_domVS (regression) ──
19:41:54  ccnEvaluation         INFO       X: (95, 272), y: (95,) (classes: [ 9. 10. 11. 12. 13. 14. 15. 16. 17. 18. 19. 20. 22.])
19:41:54  baselineEval.src.cross_validation  INFO     Regression CV: 2 models, 5×10 nested CV (50 total outer folds)
19:43:35  baselineEval.src.cross_validation  INFO       Saved: predictions_per_subject.csv
19:43:35  baselineEval.src.cross_validation  INFO       CV results: 100 rows → /srv/beegfs/scratch/shares/schaerm/schaer2/video_sam2_pose/humanLISBET-paper/baselineEval/results_reduce_social/full_kinematic_embedding/regression/VLDII_domVS/cv_results.csv
19:43:35  baselineEval.src.cross_validation  INFO     
── Regression summary (VLDII_domVS) ──
model     rmse       r2  spearman_r
lasso 2.649859 0.080344    0.349949
 lgbm 2.645470 0.076540    0.339367
19:43:35  ccnEvaluation         INFO     ── Held-out for VLDII_domVS (regression | full_kinematic_embedding) ──
19:43:35  baselineEval.src.held_out  INFO     Best regression model: lgbm (RMSE=2.6455 ± 0.2401)
19:43:37  baselineEval.src.held_out  INFO     Held-out regression (full_kinematic_embedding | VLDII_domVS): model=lgbm RMSE=2.529 [1.723, 3.269] R²=0.275 [-0.199, 0.416] ρ=0.621
19:43:39  baselineEval.src.plotting  INFO       Saved: shap_bar_top20.png and shap_beeswarm_top20.png
19:43:39  baselineEval.src.held_out  INFO     SHAP saved → /srv/beegfs/scratch/shares/schaerm/schaer2/video_sam2_pose/humanLISBET-paper/baselineEval/results_reduce_social/full_kinematic_embedding/held_out/regression/VLDII_domVS/shap
19:43:39  ccnEvaluation         INFO     ── CV for VLDII_ComSS (regression) ──
19:43:39  ccnEvaluation         INFO       X: (95, 272), y: (95,) (classes: [ 44.  52.  54.  58.  59.  61.  63.  64.  65.  66.  69.  71.  72.  73.
  74.  76.  79.  80.  81.  84.  85.  86.  89.  90.  91.  93.  95.  97.
 100. 101. 102. 103. 104. 105. 107. 108. 110. 112. 113. 116. 118. 121.
 122. 125.])
19:43:39  baselineEval.src.cross_validation  INFO     Regression CV: 2 models, 5×10 nested CV (50 total outer folds)
19:45:22  baselineEval.src.cross_validation  INFO       Saved: predictions_per_subject.csv
19:45:22  baselineEval.src.cross_validation  INFO       CV results: 100 rows → /srv/beegfs/scratch/shares/schaerm/schaer2/video_sam2_pose/humanLISBET-paper/baselineEval/results_reduce_social/full_kinematic_embedding/regression/VLDII_ComSS/cv_results.csv
19:45:22  baselineEval.src.cross_validation  INFO     
── Regression summary (VLDII_ComSS) ──
model      rmse       r2  spearman_r
lasso 17.404491 0.174620    0.462607
 lgbm 18.358204 0.077082    0.370109
19:45:22  ccnEvaluation         INFO     ── Held-out for VLDII_ComSS (regression | full_kinematic_embedding) ──
19:45:22  baselineEval.src.held_out  INFO     Best regression model: lasso (RMSE=17.4045 ± 1.4147)
19:45:23  baselineEval.src.held_out  INFO     Held-out regression (full_kinematic_embedding | VLDII_ComSS): model=lasso RMSE=19.576 [15.118, 23.308] R²=0.190 [-0.247, 0.386] ρ=0.484
19:45:25  baselineEval.src.plotting  INFO       Saved: shap_bar_top20.png and shap_beeswarm_top20.png
19:45:25  baselineEval.src.held_out  INFO     SHAP saved → /srv/beegfs/scratch/shares/schaerm/schaer2/video_sam2_pose/humanLISBET-paper/baselineEval/results_reduce_social/full_kinematic_embedding/held_out/regression/VLDII_ComSS/shap
19:45:25  ccnEvaluation         INFO     ── CV for VLDII_expVS (regression) ──
19:45:25  ccnEvaluation         INFO       X: (95, 272), y: (95,) (classes: [ 6.  7.  8.  9. 10. 11. 12. 13. 14. 15. 16. 17. 18. 19. 20.])
19:45:25  baselineEval.src.cross_validation  INFO     Regression CV: 2 models, 5×10 nested CV (50 total outer folds)
19:47:06  baselineEval.src.cross_validation  INFO       Saved: predictions_per_subject.csv
19:47:06  baselineEval.src.cross_validation  INFO       CV results: 100 rows → /srv/beegfs/scratch/shares/schaerm/schaer2/video_sam2_pose/humanLISBET-paper/baselineEval/results_reduce_social/full_kinematic_embedding/regression/VLDII_expVS/cv_results.csv
19:47:06  baselineEval.src.cross_validation  INFO     
── Regression summary (VLDII_expVS) ──
model     rmse       r2  spearman_r
lasso 3.368589 0.138790    0.437556
 lgbm 3.490708 0.070127    0.343075
19:47:06  ccnEvaluation         INFO     ── Held-out for VLDII_expVS (regression | full_kinematic_embedding) ──
19:47:06  baselineEval.src.held_out  INFO     Best regression model: lasso (RMSE=3.3686 ± 0.2963)
19:47:08  baselineEval.src.held_out  INFO     Held-out regression (full_kinematic_embedding | VLDII_expVS): model=lasso RMSE=3.207 [2.495, 3.906] R²=0.225 [-0.203, 0.396] ρ=0.479
19:47:09  baselineEval.src.plotting  INFO       Saved: shap_bar_top20.png and shap_beeswarm_top20.png
19:47:09  baselineEval.src.held_out  INFO     SHAP saved → /srv/beegfs/scratch/shares/schaerm/schaer2/video_sam2_pose/humanLISBET-paper/baselineEval/results_reduce_social/full_kinematic_embedding/held_out/regression/VLDII_expVS/shap
19:47:09  ccnEvaluation         INFO     ── CV for VLDII_recVS (regression) ──
19:47:09  ccnEvaluation         INFO       X: (95, 272), y: (95,) (classes: [ 3.  5.  6.  7.  8.  9. 10. 11. 12. 13. 14. 15. 16. 17. 18. 19. 20. 21.])
19:47:09  baselineEval.src.cross_validation  INFO     Regression CV: 2 models, 5×10 nested CV (50 total outer folds)
19:48:51  baselineEval.src.cross_validation  INFO       Saved: predictions_per_subject.csv
19:48:51  baselineEval.src.cross_validation  INFO       CV results: 100 rows → /srv/beegfs/scratch/shares/schaerm/schaer2/video_sam2_pose/humanLISBET-paper/baselineEval/results_reduce_social/full_kinematic_embedding/regression/VLDII_recVS/cv_results.csv
19:48:51  baselineEval.src.cross_validation  INFO     
── Regression summary (VLDII_recVS) ──
model     rmse       r2  spearman_r
lasso 3.473288 0.241742    0.552813
 lgbm 3.758256 0.108563    0.421996
19:48:51  ccnEvaluation         INFO     ── Held-out for VLDII_recVS (regression | full_kinematic_embedding) ──
19:48:51  baselineEval.src.held_out  INFO     Best regression model: lasso (RMSE=3.4733 ± 0.4650)
19:48:52  baselineEval.src.held_out  INFO     Held-out regression (full_kinematic_embedding | VLDII_recVS): model=lasso RMSE=4.162 [3.323, 4.860] R²=0.184 [-0.259, 0.368] ρ=0.482
19:48:54  baselineEval.src.plotting  INFO       Saved: shap_bar_top20.png and shap_beeswarm_top20.png
19:48:54  baselineEval.src.held_out  INFO     SHAP saved → /srv/beegfs/scratch/shares/schaerm/schaer2/video_sam2_pose/humanLISBET-paper/baselineEval/results_reduce_social/full_kinematic_embedding/held_out/regression/VLDII_recVS/shap
19:48:54  ccnEvaluation         INFO     ── CV for MSEL_TOTAL_DQ (regression) ──
19:48:54  ccnEvaluation         INFO       X: (100, 272), y: (100,) (classes: [ 18.02469136  32.43483412  34.59785415  38.08884914  38.95032984
  40.09469697  40.66399287  41.7597914   48.35352006  48.38185274
  48.56808071  49.32034527  52.60163835  52.78815173  53.41769972
  54.6043883   54.66514664  55.9129902   57.80945419  58.00856827
  58.01880411  58.49358974  60.55385401  60.73988735  61.21267952
  61.65540541  62.6717033   64.54699612  64.58014537  65.85307734
  66.03346902  66.56582561  67.46408956  68.67474001  69.12878788
  69.58887965  70.42091476  70.5832302   71.22161779  72.65127389
  72.74744284  73.39929215  73.55044202  73.63718709  74.37652068
  76.23385285  77.89159198  78.63298081  79.93217054  79.97485632
  80.39067013  81.47321429  82.45481928  83.44764518  83.72463299
  88.69235986  88.94106636  91.04190422  91.67078393  92.86194316
  92.9187448   93.08301946  94.84225533  95.62583836  96.63388805
  97.48931624  98.02617856 102.9518543  103.811149   107.0353937
 107.8029726  108.1764296  108.385181   108.6309524  108.7338226
 109.0520026  109.52137    111.8651489  112.1257819  112.192623
 112.5198886  112.8090659  112.8284389  113.5791843  115.0573568
 116.0376082  116.1326915  118.2653171  119.351962   120.5538618
 121.574912   125.622437   128.0608788  130.5093403  130.8806655
 132.3244751  135.4820159  139.7760116  149.1013072  149.4299051 ])
19:48:54  baselineEval.src.cross_validation  INFO     Regression CV: 2 models, 5×10 nested CV (50 total outer folds)
19:50:42  baselineEval.src.cross_validation  INFO       Saved: predictions_per_subject.csv
19:50:42  baselineEval.src.cross_validation  INFO       CV results: 100 rows → /srv/beegfs/scratch/shares/schaerm/schaer2/video_sam2_pose/humanLISBET-paper/baselineEval/results_reduce_social/full_kinematic_embedding/regression/MSEL_TOTAL_DQ/cv_results.csv
19:50:42  baselineEval.src.cross_validation  INFO     
── Regression summary (MSEL_TOTAL_DQ) ──
model      rmse       r2  spearman_r
lasso 25.146098 0.239924    0.550947
 lgbm 26.610401 0.143680    0.441865
19:50:42  ccnEvaluation         INFO     ── Held-out for MSEL_TOTAL_DQ (regression | full_kinematic_embedding) ──
19:50:42  baselineEval.src.held_out  INFO     Best regression model: lasso (RMSE=25.1461 ± 2.6038)
19:50:43  baselineEval.src.held_out  INFO     Held-out regression (full_kinematic_embedding | MSEL_TOTAL_DQ): model=lasso RMSE=28.116 [22.064, 34.253] R²=0.272 [-0.156, 0.431] ρ=0.613
19:50:45  baselineEval.src.plotting  INFO       Saved: shap_bar_top20.png and shap_beeswarm_top20.png
19:50:45  baselineEval.src.held_out  INFO     SHAP saved → /srv/beegfs/scratch/shares/schaerm/schaer2/video_sam2_pose/humanLISBET-paper/baselineEval/results_reduce_social/full_kinematic_embedding/held_out/regression/MSEL_TOTAL_DQ/shap
19:50:45  ccnEvaluation         INFO     ── CV for MSEL_FM_DQ (regression) ──
19:50:45  ccnEvaluation         INFO       X: (100, 272), y: (100,) (classes: [ 18.02469136  46.4649432   48.97137746  50.05646983  54.38484461
  55.25934702  55.26116578  55.3030303   59.06148867  60.89132507
  63.6627907   63.73690338  64.77896096  65.16194848  65.41218638
  65.72629052  69.06338694  69.12878788  69.33210784  70.91968912
  73.53479853  75.06258941  75.18022657  75.486618    75.66334992
  75.86923658  75.90612002  75.91514143  77.07927225  77.89159198
  78.29257829  79.43695591  79.91242474  80.18453427  80.89539007
  80.95690748  82.62072435  82.81765677  83.43724023  83.84379786
  83.94209957  85.6233244   85.79059829  85.92278719  87.62002743
  87.84596871  87.86462758  87.98209366  89.15229885  90.64569536
  90.75497288  90.7960199   92.60343482  92.99363057  93.43003413
  93.95109395  95.05208333  95.38327526  96.20155039  96.63388805
  96.66313559  97.1113645   97.65160523  97.76785714  98.45857418
  98.95429899  98.97788903  99.40087146  99.64898596 102.1903821
 102.8432377  103.6931818  103.811149   104.7045324  105.1267281
 105.4303871  106.1046512  106.538237   107.1589883  108.1764296
 108.201581   108.6309524  109.939759   111.4163614  111.6891065
 112.258348   112.5198886  113.5687229  114.1644325  115.1790314
 119.8555166  120.5538618  121.1819389  121.197515   121.574912
 122.124634   122.1456693  122.8956229  123.8687783  143.1372549 ])
19:50:45  baselineEval.src.cross_validation  INFO     Regression CV: 2 models, 5×10 nested CV (50 total outer folds)
19:52:32  baselineEval.src.cross_validation  INFO       Saved: predictions_per_subject.csv
19:52:32  baselineEval.src.cross_validation  INFO       CV results: 100 rows → /srv/beegfs/scratch/shares/schaerm/schaer2/video_sam2_pose/humanLISBET-paper/baselineEval/results_reduce_social/full_kinematic_embedding/regression/MSEL_FM_DQ/cv_results.csv
19:52:32  baselineEval.src.cross_validation  INFO     
── Regression summary (MSEL_FM_DQ) ──
model      rmse       r2  spearman_r
lasso 20.257552 0.080448    0.396053
 lgbm 20.450954 0.058668    0.321203
19:52:32  ccnEvaluation         INFO     ── Held-out for MSEL_FM_DQ (regression | full_kinematic_embedding) ──
19:52:32  baselineEval.src.held_out  INFO     Best regression model: lasso (RMSE=20.2576 ± 2.6667)
19:52:33  baselineEval.src.held_out  INFO     Held-out regression (full_kinematic_embedding | MSEL_FM_DQ): model=lasso RMSE=19.685 [13.875, 24.747] R²=0.188 [-0.198, 0.301] ρ=0.745
19:52:35  baselineEval.src.plotting  INFO       Saved: shap_bar_top20.png and shap_beeswarm_top20.png
19:52:35  baselineEval.src.held_out  INFO     SHAP saved → /srv/beegfs/scratch/shares/schaerm/schaer2/video_sam2_pose/humanLISBET-paper/baselineEval/results_reduce_social/full_kinematic_embedding/held_out/regression/MSEL_FM_DQ/shap
19:52:35  ccnEvaluation         INFO     ── CV for MSEL_VR_DQ (regression) ──
19:52:35  ccnEvaluation         INFO       X: (100, 272), y: (100,) (classes: [ 24.78395062  38.27847693  40.84386519  44.24242424  48.97137746
  55.48645661  56.65502522  56.92959002  62.16881151  62.75283172
  64.71631206  65.27181688  65.72629052  66.12318841  66.69049889
  67.74833589  69.92337165  70.46332046  70.66795741  71.15009747
  72.16608084  73.80514706  73.80800341  75.41322314  76.86522262
  77.69631031  77.99145299  78.31273601  78.41474446  78.6637931
  79.18580909  79.31783825  80.21978022  83.77964805  84.0389186
  84.56192081  84.81797057  84.88372093  85.28037383  87.43066062
  88.66708914  89.11889597  89.35566001  89.46078431  89.57533077
  89.615829    90.15860634  92.33630952  93.50512357  93.81764069
  94.1109736   94.6140553   96.17918314  96.20155039  97.93244949
  98.97788903 100.5796275  102.1289538  103.2884465  104.0746873
 104.3095565  106.0098302  106.3795337  108.127254   109.5515537
 110.1055807  110.1609658  110.297536   111.6891065  113.7780549
 114.2017705  114.5637163  115.3090847  116.9871795  118.5064935
 121.4642263  123.6822289  124.5733788  125.1905488  125.2213369
 129.0167095  130.7503771  133.1727963  133.6408905  133.8188664
 134.9544937  135.1851852  136.0094851  136.515748   146.7828418
 147.3675711  148.8166269  148.8393977  151.821572   153.0708874
 158.9721254  159.8073555  175.8188825  192.7226814 ])
19:52:35  baselineEval.src.cross_validation  INFO     Regression CV: 2 models, 5×10 nested CV (50 total outer folds)
19:54:23  baselineEval.src.cross_validation  INFO       Saved: predictions_per_subject.csv
19:54:23  baselineEval.src.cross_validation  INFO       CV results: 100 rows → /srv/beegfs/scratch/shares/schaerm/schaer2/video_sam2_pose/humanLISBET-paper/baselineEval/results_reduce_social/full_kinematic_embedding/regression/MSEL_VR_DQ/cv_results.csv
19:54:23  baselineEval.src.cross_validation  INFO     
── Regression summary (MSEL_VR_DQ) ──
model      rmse       r2  spearman_r
lasso 29.774835 0.090880    0.417378
 lgbm 29.948844 0.072596    0.352827
19:54:23  ccnEvaluation         INFO     ── Held-out for MSEL_VR_DQ (regression | full_kinematic_embedding) ──
19:54:23  baselineEval.src.held_out  INFO     Best regression model: lasso (RMSE=29.7748 ± 3.7130)
19:54:24  baselineEval.src.held_out  INFO     Held-out regression (full_kinematic_embedding | MSEL_VR_DQ): model=lasso RMSE=28.474 [22.213, 33.939] R²=0.282 [-0.024, 0.364] ρ=0.640
19:54:26  baselineEval.src.plotting  INFO       Saved: shap_bar_top20.png and shap_beeswarm_top20.png
19:54:26  baselineEval.src.held_out  INFO     SHAP saved → /srv/beegfs/scratch/shares/schaerm/schaer2/video_sam2_pose/humanLISBET-paper/baselineEval/results_reduce_social/full_kinematic_embedding/held_out/regression/MSEL_VR_DQ/shap
19:54:26  ccnEvaluation         INFO     ── CV for MSEL_LR_DQ (regression) ──
19:54:26  ccnEvaluation         INFO       X: (100, 272), y: (100,) (classes: [  3.88463176   4.06639929   6.75925926   9.87554113  12.01290153
  16.59090909  18.70972466  20.22384752  20.94811754  21.24563446
  25.56022409  26.50048403  28.99586908  29.92695289  32.38948048
  32.63590844  35.30956329  37.26391016  38.9957265   40.25735294
  40.48807543  43.06091806  44.2961165   44.83182162  46.05097149
  46.79487179  47.45189808  48.93770627  50.11618082  50.37154989
  52.84749035  53.52588625  53.65219358  54.90373045  59.29174789
  59.55070281  62.02209006  62.16545012  62.65018881  63.07603687
  64.61056645  64.9288451   66.12318841  66.75811614  70.61011905
  70.91968912  71.94102807  73.19518717  74.25406872  76.30178639
  76.39534884  77.74980635  77.81007752  77.89159198  78.6637931
  79.07279029  79.43695591  80.19460138  82.52583979  83.43724023
  83.56227106  84.15678524  87.60560676  91.80080483  96.34238311
  96.50411281 102.7847309  104.0746873  105.9596995  107.2715207
 108.1764296  108.8902148  110.0871314  115.4120767  115.9171748
 116.9871795  117.5351288  118.5064935  119.2178672  119.8802164
 120.1122726  120.9753788  121.1819389  122.3190349  122.5189726
 124.5733788  126.9356955  127.766486   128.1288156  130.2021403
 130.5093403  132.9263068  138.2575758  142.6500252  144.1714836
 144.3321617  147.1132898  148.8393977  153.6195286  157.0567986 ])
19:54:26  baselineEval.src.cross_validation  INFO     Regression CV: 2 models, 5×10 nested CV (50 total outer folds)
19:56:15  baselineEval.src.cross_validation  INFO       Saved: predictions_per_subject.csv
19:56:15  baselineEval.src.cross_validation  INFO       CV results: 100 rows → /srv/beegfs/scratch/shares/schaerm/schaer2/video_sam2_pose/humanLISBET-paper/baselineEval/results_reduce_social/full_kinematic_embedding/regression/MSEL_LR_DQ/cv_results.csv
19:56:15  baselineEval.src.cross_validation  INFO     
── Regression summary (MSEL_LR_DQ) ──
model      rmse       r2  spearman_r
lasso 34.455982 0.251516    0.580180
 lgbm 36.630196 0.158392    0.460361
19:56:15  ccnEvaluation         INFO     ── Held-out for MSEL_LR_DQ (regression | full_kinematic_embedding) ──
19:56:15  baselineEval.src.held_out  INFO     Best regression model: lasso (RMSE=34.4560 ± 3.1644)
19:56:16  baselineEval.src.held_out  INFO     Held-out regression (full_kinematic_embedding | MSEL_LR_DQ): model=lasso RMSE=39.135 [28.679, 49.180] R²=0.256 [-0.212, 0.468] ρ=0.434
19:56:18  baselineEval.src.plotting  INFO       Saved: shap_bar_top20.png and shap_beeswarm_top20.png
19:56:18  baselineEval.src.held_out  INFO     SHAP saved → /srv/beegfs/scratch/shares/schaerm/schaer2/video_sam2_pose/humanLISBET-paper/baselineEval/results_reduce_social/full_kinematic_embedding/held_out/regression/MSEL_LR_DQ/shap
19:56:18  ccnEvaluation         INFO     ── CV for MSEL_LE_DQ (regression) ──
19:56:18  ccnEvaluation         INFO       X: (100, 272), y: (100,) (classes: [  9.94008715  14.16375631  17.66698935  21.62322275  22.5308642
  23.71669916  24.48568873  29.32736455  29.93313147  31.1965812
  31.83139535  32.5311943   34.96168582  35.3339787   36.51460584
  36.64658635  37.69462981  40.09226714  40.25735294  40.48807543
  41.27091814  41.92189893  43.37492573  44.24242424  44.2961165
  44.43993506  44.83182162  45.69027182  46.51656754  46.72299027
  47.44367418  50.11618082  50.12015105  50.13736264  50.93023256
  52.58200355  54.8048048   55.8530987   56.46658416  56.94227769
  57.72506083  58.12101911  59.82097832  59.93431856  60.11198946
  61.49957877  65.17857143  65.57490326  66.18574582  66.20785318
  69.12878788  69.55030488  71.37484958  72.66780432  73.41954023
  75.10288066  76.33526384  77.99145299  78.1455863   79.85282418
  80.57395143  81.54602324  82.20720721  83.94209957  84.10138249
  85.23058961  86.67962003  89.35128519  89.92073693  90.17483846
  91.02244389  91.36420526  91.65097301  93.77792672  94.24218952
  96.25527426  96.94555113  97.92085848 100.2099483  100.2747253
 103.2239819  106.0553231  108.127254   109.939759   111.2804878
 111.8651489  112.258348   114.1922639  115.7352358  116.9871795
 120.9753788  122.124634   124.6584699  128.4817876  128.8841808
 137.775842   140.655106   143.7007874  170.9694989 ])
19:56:18  baselineEval.src.cross_validation  INFO     Regression CV: 2 models, 5×10 nested CV (50 total outer folds)
19:58:06  baselineEval.src.cross_validation  INFO       Saved: predictions_per_subject.csv
19:58:06  baselineEval.src.cross_validation  INFO       CV results: 100 rows → /srv/beegfs/scratch/shares/schaerm/schaer2/video_sam2_pose/humanLISBET-paper/baselineEval/results_reduce_social/full_kinematic_embedding/regression/MSEL_LE_DQ/cv_results.csv
19:58:06  baselineEval.src.cross_validation  INFO     
── Regression summary (MSEL_LE_DQ) ──
model      rmse       r2  spearman_r
lasso 29.866639 0.208867    0.514816
 lgbm 30.895528 0.148185    0.470214
19:58:06  ccnEvaluation         INFO     ── Held-out for MSEL_LE_DQ (regression | full_kinematic_embedding) ──
19:58:06  baselineEval.src.held_out  INFO     Best regression model: lasso (RMSE=29.8666 ± 3.2905)
19:58:07  baselineEval.src.held_out  INFO     Held-out regression (full_kinematic_embedding | MSEL_LE_DQ): model=lasso RMSE=31.549 [23.715, 39.085] R²=0.289 [-0.302, 0.499] ρ=0.581
19:58:09  baselineEval.src.plotting  INFO       Saved: shap_bar_top20.png and shap_beeswarm_top20.png
19:58:09  baselineEval.src.held_out  INFO     SHAP saved → /srv/beegfs/scratch/shares/schaerm/schaer2/video_sam2_pose/humanLISBET-paper/baselineEval/results_reduce_social/full_kinematic_embedding/held_out/regression/MSEL_LE_DQ/shap
19:58:09  ccnEvaluation         INFO     ── CV for MSEL_NV_DQ (regression) ──
19:58:09  ccnEvaluation         INFO       X: (100, 272), y: (100,) (classes: [ 21.40432099  44.16747338  48.05160611  48.97137746  49.77272727
  58.71498864  60.1959643   60.90716019  63.02918895  63.79091198
  64.09642401  65.57490326  65.72629052  66.58026114  67.72345918
  67.91030161  70.16720315  71.56862745  72.80585106  73.37984863
  74.11468486  74.27325581  74.37794938  74.47079827  74.91789819
  76.17530756  76.74648129  76.87728938  77.59353741  79.97251931
  81.51480347  81.6976584   81.89102564  81.99943836  82.20720721
  82.35559567  83.73346137  83.90804598  84.15678524  84.60538218
  84.81199831  86.57250071  88.46431518  88.6496114   88.80778589
  88.87987013  91.05626327  91.88613478  92.03227433  92.13004822
  94.43082789  94.90379615  95.05208333  95.96479195  96.20155039
  96.39084507  96.49226641  97.36019132  97.52310803  97.94594067
  98.60764755  98.68968386  98.84549601  98.97788903  99.87039171
 100.2432517  102.1903821  103.1073446  109.0017065  109.0761612
 109.2369828  110.0871314  111.4163614  111.6531427  111.6891065
 114.2017705  115.7352358  116.0376082  116.2030831  116.810994
 116.9871795  119.3828214  119.8555166  121.5842367  122.8722053
 122.9496192  123.2016379  125.1071123  126.1626445  126.7361111
 127.1777003  128.2630522  128.3820346  129.3307087  130.6682578
 135.4820159  137.1387283  139.16122    139.8314361  157.8091521 ])
19:58:09  baselineEval.src.cross_validation  INFO     Regression CV: 2 models, 5×10 nested CV (50 total outer folds)
19:59:57  baselineEval.src.cross_validation  INFO       Saved: predictions_per_subject.csv
19:59:57  baselineEval.src.cross_validation  INFO       CV results: 100 rows → /srv/beegfs/scratch/shares/schaerm/schaer2/video_sam2_pose/humanLISBET-paper/baselineEval/results_reduce_social/full_kinematic_embedding/regression/MSEL_NV_DQ/cv_results.csv
19:59:57  baselineEval.src.cross_validation  INFO     
── Regression summary (MSEL_NV_DQ) ──
model      rmse       r2  spearman_r
lasso 23.487837 0.083190    0.442888
 lgbm 23.394982 0.083941    0.336662
19:59:57  ccnEvaluation         INFO     ── Held-out for MSEL_NV_DQ (regression | full_kinematic_embedding) ──
19:59:57  baselineEval.src.held_out  INFO     Best regression model: lgbm (RMSE=23.3950 ± 2.8350)
19:59:58  baselineEval.src.held_out  INFO     Held-out regression (full_kinematic_embedding | MSEL_NV_DQ): model=lgbm RMSE=22.577 [17.037, 27.668] R²=0.245 [-0.142, 0.457] ρ=0.407
20:00:00  baselineEval.src.plotting  INFO       Saved: shap_bar_top20.png and shap_beeswarm_top20.png
20:00:00  baselineEval.src.held_out  INFO     SHAP saved → /srv/beegfs/scratch/shares/schaerm/schaer2/video_sam2_pose/humanLISBET-paper/baselineEval/results_reduce_social/full_kinematic_embedding/held_out/regression/MSEL_NV_DQ/shap
20:00:00  ccnEvaluation         INFO     ── CV for MSEL_V_DQ (regression) ──
20:00:00  ccnEvaluation         INFO       X: (100, 272), y: (100,) (classes: [ 14.64506173  16.81806214  17.70469538  18.29879679  19.42315879
  25.02823491  25.13774105  27.1577381   27.20632081  29.4009959
  30.41666667  30.91723136  31.03741497  33.34524944  35.09615385
  36.40292553  37.2753268   37.99205148  39.16309013  39.59290454
  40.25735294  40.48807543  41.50422352  44.2961165   44.83182162
  47.46155586  48.09864458  48.46611722  48.93286143  50.11618082
  50.44223328  52.19708788  52.70214521  54.2462845   54.2693288
  54.68949248  54.82073643  54.89951357  56.38516993  58.28505645
  59.94525547  62.43158183  63.11758893  63.13929001  63.25823224
  63.6627907   64.59137709  67.89434524  69.06338694  70.46826734
  70.9304984   72.04972258  76.04166667  78.79965458  80.77686203
  81.15118577  83.23831243  85.25467149  85.85349462  85.92278719
  85.99599793  87.22984206  89.35566001  91.36789406  92.32431935
  92.73373984  94.37151949  94.86083166  95.8165773   97.07446809
  98.62059158  99.7831825  101.2242965  101.2355018  102.3816809
 103.6931818  103.8747811  107.1158763  108.0484808  109.063745
 110.7318923  111.4235219  114.0037352  114.2017705  115.3090847
 116.9871795  119.5234869  120.9753788  121.0967994  121.1872446
 122.9686881  124.051024   128.2952548  128.9440573  133.4982788
 135.3182415  135.4820159  141.0506581  142.4132948  159.0413943 ])
20:00:00  baselineEval.src.cross_validation  INFO     Regression CV: 2 models, 5×10 nested CV (50 total outer folds)
20:01:47  baselineEval.src.cross_validation  INFO       Saved: predictions_per_subject.csv
20:01:47  baselineEval.src.cross_validation  INFO       CV results: 100 rows → /srv/beegfs/scratch/shares/schaerm/schaer2/video_sam2_pose/humanLISBET-paper/baselineEval/results_reduce_social/full_kinematic_embedding/regression/MSEL_V_DQ/cv_results.csv
20:01:47  baselineEval.src.cross_validation  INFO     
── Regression summary (MSEL_V_DQ) ──
model      rmse       r2  spearman_r
lasso 29.575965 0.293637    0.600301
 lgbm 32.471980 0.143539    0.451820
20:01:47  ccnEvaluation         INFO     ── Held-out for MSEL_V_DQ (regression | full_kinematic_embedding) ──
20:01:47  baselineEval.src.held_out  INFO     Best regression model: lasso (RMSE=29.5760 ± 2.9544)
20:01:48  baselineEval.src.held_out  INFO     Held-out regression (full_kinematic_embedding | MSEL_V_DQ): model=lasso RMSE=35.298 [26.913, 44.310] R²=0.251 [-0.289, 0.465] ρ=0.583
20:01:50  baselineEval.src.plotting  INFO       Saved: shap_bar_top20.png and shap_beeswarm_top20.png
20:01:50  baselineEval.src.held_out  INFO     SHAP saved → /srv/beegfs/scratch/shares/schaerm/schaer2/video_sam2_pose/humanLISBET-paper/baselineEval/results_reduce_social/full_kinematic_embedding/held_out/regression/MSEL_V_DQ/shap
20:01:50  ccnEvaluation         INFO     ═══ Step 5: Statistical comparison ═══
20:01:50  baselineEval.src.comparison  INFO       embedding vs full_kinematic (diagnosis, auc_roc): W=551.5, p=0.5440 (p_corr=1.0000), r=0.100 
20:01:50  baselineEval.src.comparison  INFO       embedding vs full_kinematic_embedding (diagnosis, auc_roc): W=508.0, p=0.4118 (p_corr=1.0000), r=0.136 
20:01:50  baselineEval.src.comparison  INFO       embedding vs motor_only (diagnosis, auc_roc): W=439.0, p=0.1264 (p_corr=0.7586), r=0.253 
20:01:50  baselineEval.src.comparison  INFO       full_kinematic vs full_kinematic_embedding (diagnosis, auc_roc): W=507.5, p=0.2962 (p_corr=1.0000), r=0.171 
20:01:50  baselineEval.src.comparison  INFO       full_kinematic vs motor_only (diagnosis, auc_roc): W=521.0, p=0.2607 (p_corr=1.0000), r=0.183 
20:01:50  baselineEval.src.comparison  INFO       full_kinematic_embedding vs motor_only (diagnosis, auc_roc): W=382.0, p=0.0346 (p_corr=0.2076), r=0.350 
20:01:50  baselineEval.src.comparison  INFO       Saved: /srv/beegfs/scratch/shares/schaerm/schaer2/video_sam2_pose/humanLISBET-paper/baselineEval/results_reduce_social/comparison/diagnosis/comparison_results.csv
20:01:50  baselineEval.src.comparison  INFO       embedding vs full_kinematic (ADOS_2_ADOS_G_revised_RRB_level_of_symptoms, f1_macro): W=333.0, p=0.0028 (p_corr=0.0168), r=0.478 ***
20:01:50  baselineEval.src.comparison  INFO       embedding vs full_kinematic_embedding (ADOS_2_ADOS_G_revised_RRB_level_of_symptoms, f1_macro): W=428.0, p=0.1501 (p_corr=0.9006), r=0.241 
20:01:50  baselineEval.src.comparison  INFO       embedding vs motor_only (ADOS_2_ADOS_G_revised_RRB_level_of_symptoms, f1_macro): W=300.0, p=0.0008 (p_corr=0.0051), r=0.529 ***
20:01:50  baselineEval.src.comparison  INFO       full_kinematic vs full_kinematic_embedding (ADOS_2_ADOS_G_revised_RRB_level_of_symptoms, f1_macro): W=253.0, p=0.0001 (p_corr=0.0007), r=0.603 ***
20:01:50  baselineEval.src.comparison  INFO       full_kinematic vs motor_only (ADOS_2_ADOS_G_revised_RRB_level_of_symptoms, f1_macro): W=128.0, p=0.0000 (p_corr=0.0000), r=0.791 ***
20:01:50  baselineEval.src.comparison  INFO       full_kinematic_embedding vs motor_only (ADOS_2_ADOS_G_revised_RRB_level_of_symptoms, f1_macro): W=420.0, p=0.0354 (p_corr=0.2123), r=0.341 
20:01:50  baselineEval.src.comparison  INFO       Saved: /srv/beegfs/scratch/shares/schaerm/schaer2/video_sam2_pose/humanLISBET-paper/baselineEval/results_reduce_social/comparison/ADOS_2_ADOS_G_revised_RRB_level_of_symptoms/comparison_results.csv
20:01:50  baselineEval.src.comparison  INFO       embedding vs full_kinematic (ADOS_2_ADOS_G_REVISED_SA_LEVEL_OF_SYMPTOMS, f1_macro): W=266.0, p=0.0002 (p_corr=0.0013), r=0.583 ***
20:01:50  baselineEval.src.comparison  INFO       embedding vs full_kinematic_embedding (ADOS_2_ADOS_G_REVISED_SA_LEVEL_OF_SYMPTOMS, f1_macro): W=551.0, p=0.4097 (p_corr=1.0000), r=0.136 
20:01:50  baselineEval.src.comparison  INFO       embedding vs motor_only (ADOS_2_ADOS_G_REVISED_SA_LEVEL_OF_SYMPTOMS, f1_macro): W=212.0, p=0.0000 (p_corr=0.0001), r=0.667 ***
20:01:50  baselineEval.src.comparison  INFO       full_kinematic vs full_kinematic_embedding (ADOS_2_ADOS_G_REVISED_SA_LEVEL_OF_SYMPTOMS, f1_macro): W=318.0, p=0.0017 (p_corr=0.0099), r=0.501 ***
20:01:50  baselineEval.src.comparison  INFO       full_kinematic vs motor_only (ADOS_2_ADOS_G_REVISED_SA_LEVEL_OF_SYMPTOMS, f1_macro): W=584.0, p=0.6119 (p_corr=1.0000), r=0.084 
20:01:50  baselineEval.src.comparison  INFO       full_kinematic_embedding vs motor_only (ADOS_2_ADOS_G_REVISED_SA_LEVEL_OF_SYMPTOMS, f1_macro): W=301.0, p=0.0009 (p_corr=0.0053), r=0.528 ***
20:01:50  baselineEval.src.comparison  INFO       Saved: /srv/beegfs/scratch/shares/schaerm/schaer2/video_sam2_pose/humanLISBET-paper/baselineEval/results_reduce_social/comparison/ADOS_2_ADOS_G_REVISED_SA_LEVEL_OF_SYMPTOMS/comparison_results.csv
20:01:50  baselineEval.src.comparison  INFO       embedding vs full_kinematic (ADOS_G_ADOS_2_TOTAL_score_de_severite, rmse): W=282.0, p=0.0004 (p_corr=0.0025), r=0.558 ***
20:01:50  baselineEval.src.comparison  INFO       embedding vs full_kinematic_embedding (ADOS_G_ADOS_2_TOTAL_score_de_severite, rmse): W=478.0, p=0.1256 (p_corr=0.7534), r=0.250 
20:01:50  baselineEval.src.comparison  INFO       embedding vs motor_only (ADOS_G_ADOS_2_TOTAL_score_de_severite, rmse): W=306.0, p=0.0011 (p_corr=0.0064), r=0.520 ***
20:01:50  baselineEval.src.comparison  INFO       full_kinematic vs full_kinematic_embedding (ADOS_G_ADOS_2_TOTAL_score_de_severite, rmse): W=308.0, p=0.0011 (p_corr=0.0069), r=0.517 ***
20:01:50  baselineEval.src.comparison  INFO       full_kinematic vs motor_only (ADOS_G_ADOS_2_TOTAL_score_de_severite, rmse): W=553.0, p=0.4207 (p_corr=1.0000), r=0.133 
20:01:50  baselineEval.src.comparison  INFO       full_kinematic_embedding vs motor_only (ADOS_G_ADOS_2_TOTAL_score_de_severite, rmse): W=340.0, p=0.0035 (p_corr=0.0213), r=0.467 ***
20:01:50  baselineEval.src.comparison  INFO       Saved: /srv/beegfs/scratch/shares/schaerm/schaer2/video_sam2_pose/humanLISBET-paper/baselineEval/results_reduce_social/comparison/ADOS_G_ADOS_2_TOTAL_score_de_severite/comparison_results.csv
20:01:50  baselineEval.src.comparison  INFO       embedding vs full_kinematic (ADOS_2_ADOS_G_REVISED_SA_SEVERITY_SCORE, rmse): W=348.0, p=0.0046 (p_corr=0.0276), r=0.454 ***
20:01:50  baselineEval.src.comparison  INFO       embedding vs full_kinematic_embedding (ADOS_2_ADOS_G_REVISED_SA_SEVERITY_SCORE, rmse): W=442.0, p=0.0594 (p_corr=0.3561), r=0.307 
20:01:50  baselineEval.src.comparison  INFO       embedding vs motor_only (ADOS_2_ADOS_G_REVISED_SA_SEVERITY_SCORE, rmse): W=71.0, p=0.0000 (p_corr=0.0000), r=0.889 ***
20:01:50  baselineEval.src.comparison  INFO       full_kinematic vs full_kinematic_embedding (ADOS_2_ADOS_G_REVISED_SA_SEVERITY_SCORE, rmse): W=349.0, p=0.0048 (p_corr=0.0285), r=0.453 ***
20:01:50  baselineEval.src.comparison  INFO       full_kinematic vs motor_only (ADOS_2_ADOS_G_REVISED_SA_SEVERITY_SCORE, rmse): W=144.0, p=0.0000 (p_corr=0.0000), r=0.774 ***
20:01:50  baselineEval.src.comparison  INFO       full_kinematic_embedding vs motor_only (ADOS_2_ADOS_G_REVISED_SA_SEVERITY_SCORE, rmse): W=39.0, p=0.0000 (p_corr=0.0000), r=0.939 ***
20:01:50  baselineEval.src.comparison  INFO       Saved: /srv/beegfs/scratch/shares/schaerm/schaer2/video_sam2_pose/humanLISBET-paper/baselineEval/results_reduce_social/comparison/ADOS_2_ADOS_G_REVISED_SA_SEVERITY_SCORE/comparison_results.csv
20:01:50  baselineEval.src.comparison  INFO       embedding vs full_kinematic (ADOS_2_ADOS_G_REVISED_RRB_SEVERITY_SCORE_new, rmse): W=449.0, p=0.0693 (p_corr=0.4158), r=0.296 
20:01:50  baselineEval.src.comparison  INFO       embedding vs full_kinematic_embedding (ADOS_2_ADOS_G_REVISED_RRB_SEVERITY_SCORE_new, rmse): W=524.0, p=0.2780 (p_corr=1.0000), r=0.178 
20:01:50  baselineEval.src.comparison  INFO       embedding vs motor_only (ADOS_2_ADOS_G_REVISED_RRB_SEVERITY_SCORE_new, rmse): W=449.0, p=0.0693 (p_corr=0.4158), r=0.296 
20:01:50  baselineEval.src.comparison  INFO       full_kinematic vs full_kinematic_embedding (ADOS_2_ADOS_G_REVISED_RRB_SEVERITY_SCORE_new, rmse): W=585.0, p=0.6186 (p_corr=1.0000), r=0.082 
20:01:50  baselineEval.src.comparison  INFO       full_kinematic vs motor_only (ADOS_2_ADOS_G_REVISED_RRB_SEVERITY_SCORE_new, rmse): W=586.0, p=0.6254 (p_corr=1.0000), r=0.081 
20:01:50  baselineEval.src.comparison  INFO       full_kinematic_embedding vs motor_only (ADOS_2_ADOS_G_REVISED_RRB_SEVERITY_SCORE_new, rmse): W=533.0, p=0.3183 (p_corr=1.0000), r=0.164 
20:01:50  baselineEval.src.comparison  INFO       Saved: /srv/beegfs/scratch/shares/schaerm/schaer2/video_sam2_pose/humanLISBET-paper/baselineEval/results_reduce_social/comparison/ADOS_2_ADOS_G_REVISED_RRB_SEVERITY_SCORE_new/comparison_results.csv
20:01:50  baselineEval.src.comparison  INFO       embedding vs full_kinematic (VLDII_AdSS, rmse): W=583.0, p=0.6051 (p_corr=1.0000), r=0.085 
20:01:50  baselineEval.src.comparison  INFO       embedding vs full_kinematic_embedding (VLDII_AdSS, rmse): W=425.0, p=0.0400 (p_corr=0.2398), r=0.333 
20:01:50  baselineEval.src.comparison  INFO       embedding vs motor_only (VLDII_AdSS, rmse): W=445.0, p=0.0635 (p_corr=0.3808), r=0.302 
20:01:50  baselineEval.src.comparison  INFO       full_kinematic vs full_kinematic_embedding (VLDII_AdSS, rmse): W=494.0, p=0.1689 (p_corr=1.0000), r=0.225 
20:01:50  baselineEval.src.comparison  INFO       full_kinematic vs motor_only (VLDII_AdSS, rmse): W=506.0, p=0.2080 (p_corr=1.0000), r=0.206 
20:01:50  baselineEval.src.comparison  INFO       full_kinematic_embedding vs motor_only (VLDII_AdSS, rmse): W=389.0, p=0.0157 (p_corr=0.0945), r=0.390 
20:01:50  baselineEval.src.comparison  INFO       Saved: /srv/beegfs/scratch/shares/schaerm/schaer2/video_sam2_pose/humanLISBET-paper/baselineEval/results_reduce_social/comparison/VLDII_AdSS/comparison_results.csv
20:01:50  baselineEval.src.comparison  INFO       embedding vs full_kinematic (VLDII_MotorSS, rmse): W=582.0, p=0.5985 (p_corr=1.0000), r=0.087 
20:01:50  baselineEval.src.comparison  INFO       embedding vs full_kinematic_embedding (VLDII_MotorSS, rmse): W=69.0, p=0.1060 (p_corr=0.6363), r=0.403 
20:01:50  baselineEval.src.comparison  INFO       embedding vs motor_only (VLDII_MotorSS, rmse): W=128.0, p=0.0187 (p_corr=0.1122), r=0.484 
20:01:50  baselineEval.src.comparison  INFO       full_kinematic vs full_kinematic_embedding (VLDII_MotorSS, rmse): W=565.0, p=0.4903 (p_corr=1.0000), r=0.114 
20:01:50  baselineEval.src.comparison  INFO       full_kinematic vs motor_only (VLDII_MotorSS, rmse): W=512.0, p=0.2297 (p_corr=1.0000), r=0.197 
20:01:50  baselineEval.src.comparison  INFO       full_kinematic_embedding vs motor_only (VLDII_MotorSS, rmse): W=115.0, p=0.0451 (p_corr=0.2705), r=0.433 
20:01:50  baselineEval.src.comparison  INFO       Saved: /srv/beegfs/scratch/shares/schaerm/schaer2/video_sam2_pose/humanLISBET-paper/baselineEval/results_reduce_social/comparison/VLDII_MotorSS/comparison_results.csv
20:01:50  baselineEval.src.comparison  INFO       embedding vs full_kinematic (VLDII_gmsVS, rmse): W=112.0, p=0.1742 (p_corr=1.0000), r=0.311 
20:01:50  baselineEval.src.comparison  INFO       embedding vs full_kinematic_embedding (VLDII_gmsVS, rmse): W=15.0, p=0.0330 (p_corr=0.1983), r=0.670 
20:01:50  baselineEval.src.comparison  INFO       embedding vs motor_only (VLDII_gmsVS, rmse): W=142.0, p=0.8192 (p_corr=1.0000), r=0.053 
20:01:50  baselineEval.src.comparison  INFO       full_kinematic vs full_kinematic_embedding (VLDII_gmsVS, rmse): W=115.0, p=0.4842 (p_corr=1.0000), r=0.167 
20:01:50  baselineEval.src.comparison  INFO       full_kinematic vs motor_only (VLDII_gmsVS, rmse): W=16.0, p=0.1307 (p_corr=0.7840), r=0.515 
20:01:50  baselineEval.src.comparison  INFO       full_kinematic_embedding vs motor_only (VLDII_gmsVS, rmse): W=92.0, p=0.2627 (p_corr=1.0000), r=0.273 
20:01:50  baselineEval.src.comparison  INFO       Saved: /srv/beegfs/scratch/shares/schaerm/schaer2/video_sam2_pose/humanLISBET-paper/baselineEval/results_reduce_social/comparison/VLDII_gmsVS/comparison_results.csv
20:01:50  baselineEval.src.comparison  INFO       embedding vs full_kinematic (VLDII_fmsVS, rmse): W=337.0, p=0.0032 (p_corr=0.0192), r=0.471 ***
20:01:50  baselineEval.src.comparison  INFO       embedding vs full_kinematic_embedding (VLDII_fmsVS, rmse): W=43.0, p=0.0642 (p_corr=0.3851), r=0.497 
20:01:50  baselineEval.src.comparison  INFO       embedding vs motor_only (VLDII_fmsVS, rmse): W=199.0, p=0.6891 (p_corr=1.0000), r=0.085 
20:01:50  baselineEval.src.comparison  INFO       full_kinematic vs full_kinematic_embedding (VLDII_fmsVS, rmse): W=327.0, p=0.0023 (p_corr=0.0137), r=0.487 ***
20:01:50  baselineEval.src.comparison  INFO       full_kinematic vs motor_only (VLDII_fmsVS, rmse): W=336.0, p=0.0031 (p_corr=0.0186), r=0.473 ***
20:01:50  baselineEval.src.comparison  INFO       full_kinematic_embedding vs motor_only (VLDII_fmsVS, rmse): W=183.0, p=0.6488 (p_corr=1.0000), r=0.099 
20:01:50  baselineEval.src.comparison  INFO       Saved: /srv/beegfs/scratch/shares/schaerm/schaer2/video_sam2_pose/humanLISBET-paper/baselineEval/results_reduce_social/comparison/VLDII_fmsVS/comparison_results.csv
20:01:50  baselineEval.src.comparison  INFO       embedding vs full_kinematic (VLDII_SocSS, rmse): W=494.0, p=0.1689 (p_corr=1.0000), r=0.225 
20:01:50  baselineEval.src.comparison  INFO       embedding vs full_kinematic_embedding (VLDII_SocSS, rmse): W=510.0, p=0.2223 (p_corr=1.0000), r=0.200 
20:01:50  baselineEval.src.comparison  INFO       embedding vs motor_only (VLDII_SocSS, rmse): W=491.0, p=0.1600 (p_corr=0.9601), r=0.230 
20:01:50  baselineEval.src.comparison  INFO       full_kinematic vs full_kinematic_embedding (VLDII_SocSS, rmse): W=486.0, p=0.1460 (p_corr=0.8761), r=0.238 
20:01:50  baselineEval.src.comparison  INFO       full_kinematic vs motor_only (VLDII_SocSS, rmse): W=632.0, p=0.9618 (p_corr=1.0000), r=0.009 
20:01:50  baselineEval.src.comparison  INFO       full_kinematic_embedding vs motor_only (VLDII_SocSS, rmse): W=486.0, p=0.1460 (p_corr=0.8761), r=0.238 
20:01:50  baselineEval.src.comparison  INFO       Saved: /srv/beegfs/scratch/shares/schaerm/schaer2/video_sam2_pose/humanLISBET-paper/baselineEval/results_reduce_social/comparison/VLDII_SocSS/comparison_results.csv
20:01:51  baselineEval.src.comparison  INFO       embedding vs full_kinematic (VLDII_intVS, rmse): W=461.0, p=0.0894 (p_corr=0.5366), r=0.277 
20:01:51  baselineEval.src.comparison  INFO       embedding vs full_kinematic_embedding (VLDII_intVS, rmse): W=600.0, p=0.7233 (p_corr=1.0000), r=0.059 
20:01:51  baselineEval.src.comparison  INFO       embedding vs motor_only (VLDII_intVS, rmse): W=498.0, p=0.1813 (p_corr=1.0000), r=0.219 
20:01:51  baselineEval.src.comparison  INFO       full_kinematic vs full_kinematic_embedding (VLDII_intVS, rmse): W=452.0, p=0.0740 (p_corr=0.4437), r=0.291 
20:01:51  baselineEval.src.comparison  INFO       full_kinematic vs motor_only (VLDII_intVS, rmse): W=520.0, p=0.2612 (p_corr=1.0000), r=0.184 
20:01:51  baselineEval.src.comparison  INFO       full_kinematic_embedding vs motor_only (VLDII_intVS, rmse): W=552.0, p=0.4152 (p_corr=1.0000), r=0.134 
20:01:51  baselineEval.src.comparison  INFO       Saved: /srv/beegfs/scratch/shares/schaerm/schaer2/video_sam2_pose/humanLISBET-paper/baselineEval/results_reduce_social/comparison/VLDII_intVS/comparison_results.csv
20:01:51  baselineEval.src.comparison  INFO       embedding vs full_kinematic (VLDII_plaVS, rmse): W=560.0, p=0.4606 (p_corr=1.0000), r=0.122 
20:01:51  baselineEval.src.comparison  INFO       embedding vs full_kinematic_embedding (VLDII_plaVS, rmse): W=608.0, p=0.7814 (p_corr=1.0000), r=0.046 
20:01:51  baselineEval.src.comparison  INFO       embedding vs motor_only (VLDII_plaVS, rmse): W=483.0, p=0.1381 (p_corr=0.8284), r=0.242 
20:01:51  baselineEval.src.comparison  INFO       full_kinematic vs full_kinematic_embedding (VLDII_plaVS, rmse): W=637.0, p=1.0000 (p_corr=1.0000), r=0.001 
20:01:51  baselineEval.src.comparison  INFO       full_kinematic vs motor_only (VLDII_plaVS, rmse): W=494.0, p=0.1689 (p_corr=1.0000), r=0.225 
20:01:51  baselineEval.src.comparison  INFO       full_kinematic_embedding vs motor_only (VLDII_plaVS, rmse): W=515.0, p=0.2412 (p_corr=1.0000), r=0.192 
20:01:51  baselineEval.src.comparison  INFO       Saved: /srv/beegfs/scratch/shares/schaerm/schaer2/video_sam2_pose/humanLISBET-paper/baselineEval/results_reduce_social/comparison/VLDII_plaVS/comparison_results.csv
20:01:51  baselineEval.src.comparison  INFO       embedding vs full_kinematic (VLDII_copVS, rmse): W=192.0, p=0.0000 (p_corr=0.0002), r=0.687 ***
20:01:51  baselineEval.src.comparison  INFO       embedding vs full_kinematic_embedding (VLDII_copVS, rmse): W=246.0, p=0.9687 (p_corr=1.0000), r=0.008 
20:01:51  baselineEval.src.comparison  INFO       embedding vs motor_only (VLDII_copVS, rmse): W=615.0, p=0.8333 (p_corr=1.0000), r=0.035 
20:01:51  baselineEval.src.comparison  INFO       full_kinematic vs full_kinematic_embedding (VLDII_copVS, rmse): W=212.0, p=0.0001 (p_corr=0.0004), r=0.654 ***
20:01:51  baselineEval.src.comparison  INFO       full_kinematic vs motor_only (VLDII_copVS, rmse): W=399.0, p=0.0207 (p_corr=0.1240), r=0.374 
20:01:51  baselineEval.src.comparison  INFO       full_kinematic_embedding vs motor_only (VLDII_copVS, rmse): W=626.0, p=0.9162 (p_corr=1.0000), r=0.018 
20:01:51  baselineEval.src.comparison  INFO       Saved: /srv/beegfs/scratch/shares/schaerm/schaer2/video_sam2_pose/humanLISBET-paper/baselineEval/results_reduce_social/comparison/VLDII_copVS/comparison_results.csv
20:01:51  baselineEval.src.comparison  INFO       embedding vs full_kinematic (VLDII_DaiSS, rmse): W=562.0, p=0.4724 (p_corr=1.0000), r=0.118 
20:01:51  baselineEval.src.comparison  INFO       embedding vs full_kinematic_embedding (VLDII_DaiSS, rmse): W=229.0, p=0.0001 (p_corr=0.0008), r=0.626 ***
20:01:51  baselineEval.src.comparison  INFO       embedding vs motor_only (VLDII_DaiSS, rmse): W=473.0, p=0.1139 (p_corr=0.6836), r=0.258 
20:01:51  baselineEval.src.comparison  INFO       full_kinematic vs full_kinematic_embedding (VLDII_DaiSS, rmse): W=427.0, p=0.0419 (p_corr=0.2516), r=0.330 
20:01:51  baselineEval.src.comparison  INFO       full_kinematic vs motor_only (VLDII_DaiSS, rmse): W=572.0, p=0.5336 (p_corr=1.0000), r=0.103 
20:01:51  baselineEval.src.comparison  INFO       full_kinematic_embedding vs motor_only (VLDII_DaiSS, rmse): W=349.0, p=0.0048 (p_corr=0.0285), r=0.453 ***
20:01:51  baselineEval.src.comparison  INFO       Saved: /srv/beegfs/scratch/shares/schaerm/schaer2/video_sam2_pose/humanLISBET-paper/baselineEval/results_reduce_social/comparison/VLDII_DaiSS/comparison_results.csv
20:01:51  baselineEval.src.comparison  INFO       embedding vs full_kinematic (VLDII_perVS, rmse): W=612.0, p=0.8109 (p_corr=1.0000), r=0.040 
20:01:51  baselineEval.src.comparison  INFO       embedding vs full_kinematic_embedding (VLDII_perVS, rmse): W=362.0, p=0.0072 (p_corr=0.0429), r=0.432 ***
20:01:51  baselineEval.src.comparison  INFO       embedding vs motor_only (VLDII_perVS, rmse): W=74.0, p=0.0000 (p_corr=0.0000), r=0.884 ***
20:01:51  baselineEval.src.comparison  INFO       full_kinematic vs full_kinematic_embedding (VLDII_perVS, rmse): W=561.0, p=0.4665 (p_corr=1.0000), r=0.120 
20:01:51  baselineEval.src.comparison  INFO       full_kinematic vs motor_only (VLDII_perVS, rmse): W=206.0, p=0.0000 (p_corr=0.0001), r=0.677 ***
20:01:51  baselineEval.src.comparison  INFO       full_kinematic_embedding vs motor_only (VLDII_perVS, rmse): W=90.0, p=0.0000 (p_corr=0.0000), r=0.859 ***
20:01:51  baselineEval.src.comparison  INFO       Saved: /srv/beegfs/scratch/shares/schaerm/schaer2/video_sam2_pose/humanLISBET-paper/baselineEval/results_reduce_social/comparison/VLDII_perVS/comparison_results.csv
20:01:51  baselineEval.src.comparison  INFO       embedding vs full_kinematic (VLDII_comVS, rmse): W=117.0, p=0.0000 (p_corr=0.0000), r=0.809 ***
20:01:51  baselineEval.src.comparison  INFO       embedding vs full_kinematic_embedding (VLDII_comVS, rmse): W=557.0, p=0.5809 (p_corr=1.0000), r=0.091 
20:01:51  baselineEval.src.comparison  INFO       embedding vs motor_only (VLDII_comVS, rmse): W=71.0, p=0.0000 (p_corr=0.0000), r=0.884 ***
20:01:51  baselineEval.src.comparison  INFO       full_kinematic vs full_kinematic_embedding (VLDII_comVS, rmse): W=132.0, p=0.0000 (p_corr=0.0000), r=0.793 ***
20:01:51  baselineEval.src.comparison  INFO       full_kinematic vs motor_only (VLDII_comVS, rmse): W=239.0, p=0.0003 (p_corr=0.0021), r=0.594 ***
20:01:51  baselineEval.src.comparison  INFO       full_kinematic_embedding vs motor_only (VLDII_comVS, rmse): W=92.0, p=0.0000 (p_corr=0.0000), r=0.856 ***
20:01:51  baselineEval.src.comparison  INFO       Saved: /srv/beegfs/scratch/shares/schaerm/schaer2/video_sam2_pose/humanLISBET-paper/baselineEval/results_reduce_social/comparison/VLDII_comVS/comparison_results.csv
20:01:51  baselineEval.src.comparison  INFO       embedding vs full_kinematic (VLDII_domVS, rmse): W=336.0, p=0.0031 (p_corr=0.0186), r=0.473 ***
20:01:51  baselineEval.src.comparison  INFO       embedding vs full_kinematic_embedding (VLDII_domVS, rmse): W=502.0, p=0.1943 (p_corr=1.0000), r=0.213 
20:01:51  baselineEval.src.comparison  INFO       embedding vs motor_only (VLDII_domVS, rmse): W=195.0, p=0.0000 (p_corr=0.0000), r=0.694 ***
20:01:51  baselineEval.src.comparison  INFO       full_kinematic vs full_kinematic_embedding (VLDII_domVS, rmse): W=549.0, p=0.3989 (p_corr=1.0000), r=0.139 
20:01:51  baselineEval.src.comparison  INFO       full_kinematic vs motor_only (VLDII_domVS, rmse): W=425.0, p=0.0400 (p_corr=0.2398), r=0.333 
20:01:51  baselineEval.src.comparison  INFO       full_kinematic_embedding vs motor_only (VLDII_domVS, rmse): W=357.0, p=0.0061 (p_corr=0.0368), r=0.440 ***
20:01:51  baselineEval.src.comparison  INFO       Saved: /srv/beegfs/scratch/shares/schaerm/schaer2/video_sam2_pose/humanLISBET-paper/baselineEval/results_reduce_social/comparison/VLDII_domVS/comparison_results.csv
20:01:51  baselineEval.src.comparison  INFO       embedding vs full_kinematic (VLDII_ComSS, rmse): W=338.0, p=0.0033 (p_corr=0.0199), r=0.470 ***
20:01:51  baselineEval.src.comparison  INFO       embedding vs full_kinematic_embedding (VLDII_ComSS, rmse): W=475.0, p=0.1714 (p_corr=1.0000), r=0.224 
20:01:51  baselineEval.src.comparison  INFO       embedding vs motor_only (VLDII_ComSS, rmse): W=559.0, p=0.4548 (p_corr=1.0000), r=0.123 
20:01:51  baselineEval.src.comparison  INFO       full_kinematic vs full_kinematic_embedding (VLDII_ComSS, rmse): W=329.0, p=0.0024 (p_corr=0.0146), r=0.484 ***
20:01:51  baselineEval.src.comparison  INFO       full_kinematic vs motor_only (VLDII_ComSS, rmse): W=390.0, p=0.0162 (p_corr=0.0971), r=0.388 
20:01:51  baselineEval.src.comparison  INFO       full_kinematic_embedding vs motor_only (VLDII_ComSS, rmse): W=600.0, p=0.7233 (p_corr=1.0000), r=0.059 
20:01:51  baselineEval.src.comparison  INFO       Saved: /srv/beegfs/scratch/shares/schaerm/schaer2/video_sam2_pose/humanLISBET-paper/baselineEval/results_reduce_social/comparison/VLDII_ComSS/comparison_results.csv
20:01:51  baselineEval.src.comparison  INFO       embedding vs full_kinematic (VLDII_expVS, rmse): W=492.0, p=0.1629 (p_corr=0.9776), r=0.228 
20:01:51  baselineEval.src.comparison  INFO       embedding vs full_kinematic_embedding (VLDII_expVS, rmse): W=402.0, p=0.0865 (p_corr=0.5188), r=0.287 
20:01:51  baselineEval.src.comparison  INFO       embedding vs motor_only (VLDII_expVS, rmse): W=489.0, p=0.1543 (p_corr=0.9258), r=0.233 
20:01:51  baselineEval.src.comparison  INFO       full_kinematic vs full_kinematic_embedding (VLDII_expVS, rmse): W=476.0, p=0.1208 (p_corr=0.7249), r=0.253 
20:01:51  baselineEval.src.comparison  INFO       full_kinematic vs motor_only (VLDII_expVS, rmse): W=384.0, p=0.0137 (p_corr=0.0821), r=0.398 
20:01:51  baselineEval.src.comparison  INFO       full_kinematic_embedding vs motor_only (VLDII_expVS, rmse): W=497.0, p=0.1781 (p_corr=1.0000), r=0.220 
20:01:51  baselineEval.src.comparison  INFO       Saved: /srv/beegfs/scratch/shares/schaerm/schaer2/video_sam2_pose/humanLISBET-paper/baselineEval/results_reduce_social/comparison/VLDII_expVS/comparison_results.csv
20:01:51  baselineEval.src.comparison  INFO       embedding vs full_kinematic (VLDII_recVS, rmse): W=244.0, p=0.0001 (p_corr=0.0005), r=0.617 ***
20:01:51  baselineEval.src.comparison  INFO       embedding vs full_kinematic_embedding (VLDII_recVS, rmse): W=604.0, p=0.7522 (p_corr=1.0000), r=0.053 
20:01:51  baselineEval.src.comparison  INFO       embedding vs motor_only (VLDII_recVS, rmse): W=446.0, p=0.0649 (p_corr=0.3893), r=0.300 
20:01:51  baselineEval.src.comparison  INFO       full_kinematic vs full_kinematic_embedding (VLDII_recVS, rmse): W=209.0, p=0.0000 (p_corr=0.0001), r=0.672 ***
20:01:51  baselineEval.src.comparison  INFO       full_kinematic vs motor_only (VLDII_recVS, rmse): W=298.0, p=0.0008 (p_corr=0.0047), r=0.533 ***
20:01:51  baselineEval.src.comparison  INFO       full_kinematic_embedding vs motor_only (VLDII_recVS, rmse): W=415.0, p=0.0313 (p_corr=0.1876), r=0.349 
20:01:51  baselineEval.src.comparison  INFO       Saved: /srv/beegfs/scratch/shares/schaerm/schaer2/video_sam2_pose/humanLISBET-paper/baselineEval/results_reduce_social/comparison/VLDII_recVS/comparison_results.csv
20:01:51  baselineEval.src.comparison  INFO       embedding vs full_kinematic (MSEL_TOTAL_DQ, rmse): W=247.0, p=0.0001 (p_corr=0.0005), r=0.613 ***
20:01:51  baselineEval.src.comparison  INFO       embedding vs full_kinematic_embedding (MSEL_TOTAL_DQ, rmse): W=606.0, p=0.7667 (p_corr=1.0000), r=0.049 
20:01:51  baselineEval.src.comparison  INFO       embedding vs motor_only (MSEL_TOTAL_DQ, rmse): W=573.0, p=0.5399 (p_corr=1.0000), r=0.101 
20:01:51  baselineEval.src.comparison  INFO       full_kinematic vs full_kinematic_embedding (MSEL_TOTAL_DQ, rmse): W=225.0, p=0.0000 (p_corr=0.0002), r=0.647 ***
20:01:51  baselineEval.src.comparison  INFO       full_kinematic vs motor_only (MSEL_TOTAL_DQ, rmse): W=195.0, p=0.0000 (p_corr=0.0000), r=0.694 ***
20:01:51  baselineEval.src.comparison  INFO       full_kinematic_embedding vs motor_only (MSEL_TOTAL_DQ, rmse): W=633.0, p=0.9695 (p_corr=1.0000), r=0.007 
20:01:51  baselineEval.src.comparison  INFO       Saved: /srv/beegfs/scratch/shares/schaerm/schaer2/video_sam2_pose/humanLISBET-paper/baselineEval/results_reduce_social/comparison/MSEL_TOTAL_DQ/comparison_results.csv
20:01:51  baselineEval.src.comparison  INFO       embedding vs full_kinematic (MSEL_FM_DQ, rmse): W=323.0, p=0.0020 (p_corr=0.0119), r=0.493 ***
20:01:51  baselineEval.src.comparison  INFO       embedding vs full_kinematic_embedding (MSEL_FM_DQ, rmse): W=271.0, p=0.0019 (p_corr=0.0116), r=0.520 ***
20:01:51  baselineEval.src.comparison  INFO       embedding vs motor_only (MSEL_FM_DQ, rmse): W=522.0, p=0.2695 (p_corr=1.0000), r=0.181 
20:01:51  baselineEval.src.comparison  INFO       full_kinematic vs full_kinematic_embedding (MSEL_FM_DQ, rmse): W=456.0, p=0.0805 (p_corr=0.4833), r=0.285 
20:01:51  baselineEval.src.comparison  INFO       full_kinematic vs motor_only (MSEL_FM_DQ, rmse): W=557.0, p=0.4433 (p_corr=1.0000), r=0.126 
20:01:51  baselineEval.src.comparison  INFO       full_kinematic_embedding vs motor_only (MSEL_FM_DQ, rmse): W=589.0, p=0.6459 (p_corr=1.0000), r=0.076 
20:01:51  baselineEval.src.comparison  INFO       Saved: /srv/beegfs/scratch/shares/schaerm/schaer2/video_sam2_pose/humanLISBET-paper/baselineEval/results_reduce_social/comparison/MSEL_FM_DQ/comparison_results.csv
20:01:51  baselineEval.src.comparison  INFO       embedding vs full_kinematic (MSEL_VR_DQ, rmse): W=389.0, p=0.0157 (p_corr=0.0945), r=0.390 
20:01:51  baselineEval.src.comparison  INFO       embedding vs full_kinematic_embedding (MSEL_VR_DQ, rmse): W=351.0, p=0.3029 (p_corr=1.0000), r=0.185 
20:01:51  baselineEval.src.comparison  INFO       embedding vs motor_only (MSEL_VR_DQ, rmse): W=624.0, p=0.9010 (p_corr=1.0000), r=0.021 
20:01:51  baselineEval.src.comparison  INFO       full_kinematic vs full_kinematic_embedding (MSEL_VR_DQ, rmse): W=387.0, p=0.0249 (p_corr=0.1493), r=0.368 
20:01:51  baselineEval.src.comparison  INFO       full_kinematic vs motor_only (MSEL_VR_DQ, rmse): W=321.0, p=0.0018 (p_corr=0.0111), r=0.496 ***
20:01:51  baselineEval.src.comparison  INFO       full_kinematic_embedding vs motor_only (MSEL_VR_DQ, rmse): W=569.0, p=0.5148 (p_corr=1.0000), r=0.107 
20:01:51  baselineEval.src.comparison  INFO       Saved: /srv/beegfs/scratch/shares/schaerm/schaer2/video_sam2_pose/humanLISBET-paper/baselineEval/results_reduce_social/comparison/MSEL_VR_DQ/comparison_results.csv
20:01:51  baselineEval.src.comparison  INFO       embedding vs full_kinematic (MSEL_LR_DQ, rmse): W=405.0, p=0.0242 (p_corr=0.1453), r=0.365 
20:01:51  baselineEval.src.comparison  INFO       embedding vs full_kinematic_embedding (MSEL_LR_DQ, rmse): W=451.0, p=0.0724 (p_corr=0.4343), r=0.293 
20:01:51  baselineEval.src.comparison  INFO       embedding vs motor_only (MSEL_LR_DQ, rmse): W=491.0, p=0.1600 (p_corr=0.9601), r=0.230 
20:01:51  baselineEval.src.comparison  INFO       full_kinematic vs full_kinematic_embedding (MSEL_LR_DQ, rmse): W=378.0, p=0.0115 (p_corr=0.0692), r=0.407 
20:01:51  baselineEval.src.comparison  INFO       full_kinematic vs motor_only (MSEL_LR_DQ, rmse): W=228.0, p=0.0000 (p_corr=0.0002), r=0.642 ***
20:01:51  baselineEval.src.comparison  INFO       full_kinematic_embedding vs motor_only (MSEL_LR_DQ, rmse): W=471.0, p=0.1095 (p_corr=0.6572), r=0.261 
20:01:51  baselineEval.src.comparison  INFO       Saved: /srv/beegfs/scratch/shares/schaerm/schaer2/video_sam2_pose/humanLISBET-paper/baselineEval/results_reduce_social/comparison/MSEL_LR_DQ/comparison_results.csv
20:01:51  baselineEval.src.comparison  INFO       embedding vs full_kinematic (MSEL_LE_DQ, rmse): W=417.0, p=0.0329 (p_corr=0.1972), r=0.346 
20:01:51  baselineEval.src.comparison  INFO       embedding vs full_kinematic_embedding (MSEL_LE_DQ, rmse): W=615.0, p=0.8333 (p_corr=1.0000), r=0.035 
20:01:51  baselineEval.src.comparison  INFO       embedding vs motor_only (MSEL_LE_DQ, rmse): W=635.0, p=0.9847 (p_corr=1.0000), r=0.004 
20:01:51  baselineEval.src.comparison  INFO       full_kinematic vs full_kinematic_embedding (MSEL_LE_DQ, rmse): W=375.0, p=0.0106 (p_corr=0.0634), r=0.412 
20:01:51  baselineEval.src.comparison  INFO       full_kinematic vs motor_only (MSEL_LE_DQ, rmse): W=500.0, p=0.1877 (p_corr=1.0000), r=0.216 
20:01:51  baselineEval.src.comparison  INFO       full_kinematic_embedding vs motor_only (MSEL_LE_DQ, rmse): W=619.0, p=0.8633 (p_corr=1.0000), r=0.029 
20:01:51  baselineEval.src.comparison  INFO       Saved: /srv/beegfs/scratch/shares/schaerm/schaer2/video_sam2_pose/humanLISBET-paper/baselineEval/results_reduce_social/comparison/MSEL_LE_DQ/comparison_results.csv
20:01:51  baselineEval.src.comparison  INFO       embedding vs full_kinematic (MSEL_NV_DQ, rmse): W=579.0, p=0.5786 (p_corr=1.0000), r=0.092 
20:01:51  baselineEval.src.comparison  INFO       embedding vs full_kinematic_embedding (MSEL_NV_DQ, rmse): W=617.0, p=0.8482 (p_corr=1.0000), r=0.032 
20:01:51  baselineEval.src.comparison  INFO       embedding vs motor_only (MSEL_NV_DQ, rmse): W=333.0, p=0.0028 (p_corr=0.0168), r=0.478 ***
20:01:51  baselineEval.src.comparison  INFO       full_kinematic vs full_kinematic_embedding (MSEL_NV_DQ, rmse): W=619.0, p=0.8633 (p_corr=1.0000), r=0.029 
20:01:51  baselineEval.src.comparison  INFO       full_kinematic vs motor_only (MSEL_NV_DQ, rmse): W=290.0, p=0.0006 (p_corr=0.0034), r=0.545 ***
20:01:51  baselineEval.src.comparison  INFO       full_kinematic_embedding vs motor_only (MSEL_NV_DQ, rmse): W=335.0, p=0.0030 (p_corr=0.0180), r=0.475 ***
20:01:51  baselineEval.src.comparison  INFO       Saved: /srv/beegfs/scratch/shares/schaerm/schaer2/video_sam2_pose/humanLISBET-paper/baselineEval/results_reduce_social/comparison/MSEL_NV_DQ/comparison_results.csv
20:01:51  baselineEval.src.comparison  INFO       embedding vs full_kinematic (MSEL_V_DQ, rmse): W=204.0, p=0.0000 (p_corr=0.0001), r=0.680 ***
20:01:51  baselineEval.src.comparison  INFO       embedding vs full_kinematic_embedding (MSEL_V_DQ, rmse): W=585.0, p=0.6186 (p_corr=1.0000), r=0.082 
20:01:51  baselineEval.src.comparison  INFO       embedding vs motor_only (MSEL_V_DQ, rmse): W=552.0, p=0.4152 (p_corr=1.0000), r=0.134 
20:01:51  baselineEval.src.comparison  INFO       full_kinematic vs full_kinematic_embedding (MSEL_V_DQ, rmse): W=148.0, p=0.0000 (p_corr=0.0000), r=0.768 ***
20:01:51  baselineEval.src.comparison  INFO       full_kinematic vs motor_only (MSEL_V_DQ, rmse): W=259.0, p=0.0002 (p_corr=0.0009), r=0.594 ***
20:01:51  baselineEval.src.comparison  INFO       full_kinematic_embedding vs motor_only (MSEL_V_DQ, rmse): W=583.0, p=0.6051 (p_corr=1.0000), r=0.085 
20:01:51  baselineEval.src.comparison  INFO       Saved: /srv/beegfs/scratch/shares/schaerm/schaer2/video_sam2_pose/humanLISBET-paper/baselineEval/results_reduce_social/comparison/MSEL_V_DQ/comparison_results.csv
20:01:51  baselineEval.src.comparison  INFO     All comparisons → /srv/beegfs/scratch/shares/schaerm/schaer2/video_sam2_pose/humanLISBET-paper/baselineEval/results_reduce_social/comparison/all_comparison_results.csv
20:01:51  baselineEval.src.comparison  INFO     Heatmap source (all models) → /srv/beegfs/scratch/shares/schaerm/schaer2/video_sam2_pose/humanLISBET-paper/baselineEval/results_reduce_social/comparison/heatmap_source_all.csv
20:01:51  baselineEval.src.comparison  INFO     Heatmap source (classification) → /srv/beegfs/scratch/shares/schaerm/schaer2/video_sam2_pose/humanLISBET-paper/baselineEval/results_reduce_social/comparison/heatmap_classification_data.csv
20:01:51  baselineEval.src.comparison  INFO     Heatmap source (regression) → /srv/beegfs/scratch/shares/schaerm/schaer2/video_sam2_pose/humanLISBET-paper/baselineEval/results_reduce_social/comparison/heatmap_regression_data.csv
20:01:51  ccnEvaluation         INFO     ═══ Step 6: Plotting ═══
20:01:52  baselineEval.src.plotting  INFO       Saved: cv_metric_boxplots.png + data CSV
20:01:54  baselineEval.src.plotting  INFO       Saved: hyperparameter distribution plots + data CSV
20:01:54  baselineEval.src.plotting  INFO       Saved: roc_curves.png + data CSV
20:01:55  baselineEval.src.plotting  INFO       Saved: confusion_matrices.png + data CSV
20:01:56  baselineEval.src.plotting  INFO       Saved: cv_metric_boxplots.png + data CSV
20:01:57  baselineEval.src.plotting  INFO       Saved: hyperparameter distribution plots + data CSV
20:01:58  baselineEval.src.plotting  INFO       Saved: roc_curves.png + data CSV
20:01:58  baselineEval.src.plotting  INFO       Saved: confusion_matrices.png + data CSV
20:01:59  baselineEval.src.plotting  INFO       Saved: cv_metric_boxplots.png + data CSV
20:02:01  baselineEval.src.plotting  INFO       Saved: hyperparameter distribution plots + data CSV
20:02:02  baselineEval.src.plotting  INFO       Saved: roc_curves.png + data CSV
20:02:02  baselineEval.src.plotting  INFO       Saved: confusion_matrices.png + data CSV
20:02:03  baselineEval.src.plotting  INFO       Saved: cv_metric_boxplots.png + data CSV
20:02:05  baselineEval.src.plotting  INFO       Saved: hyperparameter distribution plots + data CSV
20:02:05  baselineEval.src.plotting  INFO       Saved: roc_curves.png + data CSV
20:02:06  baselineEval.src.plotting  INFO       Saved: confusion_matrices.png + data CSV
20:02:06  baselineEval.src.plotting  INFO       Saved: representation_comparison.png + data CSV
20:02:07  baselineEval.src.plotting  INFO       Saved: cv_metric_boxplots.png + data CSV
20:02:09  baselineEval.src.plotting  INFO       Saved: hyperparameter distribution plots + data CSV
20:02:09  baselineEval.src.plotting  INFO       Skipping ROC curves for ADOS_2_ADOS_G_revised_RRB_level_of_symptoms (no y_prob_pos values)
20:02:09  baselineEval.src.plotting  INFO       Saved: confusion_matrices.png + data CSV
20:02:10  baselineEval.src.plotting  INFO       Saved: cv_metric_boxplots.png + data CSV
20:02:12  baselineEval.src.plotting  INFO       Saved: hyperparameter distribution plots + data CSV
20:02:12  baselineEval.src.plotting  INFO       Skipping ROC curves for ADOS_2_ADOS_G_revised_RRB_level_of_symptoms (no y_prob_pos values)
20:02:12  baselineEval.src.plotting  INFO       Saved: confusion_matrices.png + data CSV
20:02:13  baselineEval.src.plotting  INFO       Saved: cv_metric_boxplots.png + data CSV
20:02:15  baselineEval.src.plotting  INFO       Saved: hyperparameter distribution plots + data CSV
20:02:15  baselineEval.src.plotting  INFO       Skipping ROC curves for ADOS_2_ADOS_G_revised_RRB_level_of_symptoms (no y_prob_pos values)
20:02:16  baselineEval.src.plotting  INFO       Saved: confusion_matrices.png + data CSV
20:02:17  baselineEval.src.plotting  INFO       Saved: cv_metric_boxplots.png + data CSV
20:02:19  baselineEval.src.plotting  INFO       Saved: hyperparameter distribution plots + data CSV
20:02:19  baselineEval.src.plotting  INFO       Skipping ROC curves for ADOS_2_ADOS_G_revised_RRB_level_of_symptoms (no y_prob_pos values)
20:02:19  baselineEval.src.plotting  INFO       Saved: confusion_matrices.png + data CSV
/srv/beegfs/scratch/shares/schaerm/schaer2/video_sam2_pose/humanLISBET-paper/baselineEval/src/plotting.py:550: FutureWarning: The behavior of Series.idxmax with all-NA values, or any-NA and skipna=False, is deprecated. In a future version this will raise ValueError
  best_model = agg.idxmax() if higher_better else agg.idxmin()
/srv/beegfs/scratch/shares/schaerm/schaer2/video_sam2_pose/humanLISBET-paper/baselineEval/src/plotting.py:550: FutureWarning: The behavior of Series.idxmax with all-NA values, or any-NA and skipna=False, is deprecated. In a future version this will raise ValueError
  best_model = agg.idxmax() if higher_better else agg.idxmin()
/srv/beegfs/scratch/shares/schaerm/schaer2/video_sam2_pose/humanLISBET-paper/baselineEval/src/plotting.py:550: FutureWarning: The behavior of Series.idxmax with all-NA values, or any-NA and skipna=False, is deprecated. In a future version this will raise ValueError
  best_model = agg.idxmax() if higher_better else agg.idxmin()
/srv/beegfs/scratch/shares/schaerm/schaer2/video_sam2_pose/humanLISBET-paper/baselineEval/src/plotting.py:550: FutureWarning: The behavior of Series.idxmax with all-NA values, or any-NA and skipna=False, is deprecated. In a future version this will raise ValueError
  best_model = agg.idxmax() if higher_better else agg.idxmin()
20:02:20  baselineEval.src.plotting  INFO       Saved: representation_comparison.png + data CSV
20:02:20  baselineEval.src.plotting  INFO       Saved: cv_metric_boxplots.png + data CSV
20:02:22  baselineEval.src.plotting  INFO       Saved: hyperparameter distribution plots + data CSV
20:02:22  baselineEval.src.plotting  INFO       Skipping ROC curves for ADOS_2_ADOS_G_REVISED_SA_LEVEL_OF_SYMPTOMS (no y_prob_pos values)
20:02:23  baselineEval.src.plotting  INFO       Saved: confusion_matrices.png + data CSV
20:02:24  baselineEval.src.plotting  INFO       Saved: cv_metric_boxplots.png + data CSV
20:02:26  baselineEval.src.plotting  INFO       Saved: hyperparameter distribution plots + data CSV
20:02:26  baselineEval.src.plotting  INFO       Skipping ROC curves for ADOS_2_ADOS_G_REVISED_SA_LEVEL_OF_SYMPTOMS (no y_prob_pos values)
20:02:26  baselineEval.src.plotting  INFO       Saved: confusion_matrices.png + data CSV
20:02:27  baselineEval.src.plotting  INFO       Saved: cv_metric_boxplots.png + data CSV
20:02:29  baselineEval.src.plotting  INFO       Saved: hyperparameter distribution plots + data CSV
20:02:29  baselineEval.src.plotting  INFO       Skipping ROC curves for ADOS_2_ADOS_G_REVISED_SA_LEVEL_OF_SYMPTOMS (no y_prob_pos values)
20:02:29  baselineEval.src.plotting  INFO       Saved: confusion_matrices.png + data CSV
20:02:30  baselineEval.src.plotting  INFO       Saved: cv_metric_boxplots.png + data CSV
20:02:32  baselineEval.src.plotting  INFO       Saved: hyperparameter distribution plots + data CSV
20:02:32  baselineEval.src.plotting  INFO       Skipping ROC curves for ADOS_2_ADOS_G_REVISED_SA_LEVEL_OF_SYMPTOMS (no y_prob_pos values)
20:02:33  baselineEval.src.plotting  INFO       Saved: confusion_matrices.png + data CSV
/srv/beegfs/scratch/shares/schaerm/schaer2/video_sam2_pose/humanLISBET-paper/baselineEval/src/plotting.py:550: FutureWarning: The behavior of Series.idxmax with all-NA values, or any-NA and skipna=False, is deprecated. In a future version this will raise ValueError
  best_model = agg.idxmax() if higher_better else agg.idxmin()
/srv/beegfs/scratch/shares/schaerm/schaer2/video_sam2_pose/humanLISBET-paper/baselineEval/src/plotting.py:550: FutureWarning: The behavior of Series.idxmax with all-NA values, or any-NA and skipna=False, is deprecated. In a future version this will raise ValueError
  best_model = agg.idxmax() if higher_better else agg.idxmin()
/srv/beegfs/scratch/shares/schaerm/schaer2/video_sam2_pose/humanLISBET-paper/baselineEval/src/plotting.py:550: FutureWarning: The behavior of Series.idxmax with all-NA values, or any-NA and skipna=False, is deprecated. In a future version this will raise ValueError
  best_model = agg.idxmax() if higher_better else agg.idxmin()
/srv/beegfs/scratch/shares/schaerm/schaer2/video_sam2_pose/humanLISBET-paper/baselineEval/src/plotting.py:550: FutureWarning: The behavior of Series.idxmax with all-NA values, or any-NA and skipna=False, is deprecated. In a future version this will raise ValueError
  best_model = agg.idxmax() if higher_better else agg.idxmin()
20:02:33  baselineEval.src.plotting  INFO       Saved: representation_comparison.png + data CSV
20:02:34  baselineEval.src.plotting  INFO       Saved: cv_metric_boxplots.png + data CSV
20:02:36  baselineEval.src.plotting  INFO       Saved: hyperparameter distribution plots + data CSV
20:02:37  baselineEval.src.plotting  INFO       Saved: pred_vs_actual plots + data CSV
20:02:39  baselineEval.src.plotting  INFO       Saved: residual plots + data CSV
20:02:40  baselineEval.src.plotting  INFO       Saved: cv_metric_boxplots.png + data CSV
20:02:41  baselineEval.src.plotting  INFO       Saved: hyperparameter distribution plots + data CSV
20:02:42  baselineEval.src.plotting  INFO       Saved: pred_vs_actual plots + data CSV
20:02:43  baselineEval.src.plotting  INFO       Saved: residual plots + data CSV
20:02:45  baselineEval.src.plotting  INFO       Saved: cv_metric_boxplots.png + data CSV
20:02:46  baselineEval.src.plotting  INFO       Saved: hyperparameter distribution plots + data CSV
20:02:47  baselineEval.src.plotting  INFO       Saved: pred_vs_actual plots + data CSV
20:02:48  baselineEval.src.plotting  INFO       Saved: residual plots + data CSV
20:02:49  baselineEval.src.plotting  INFO       Saved: cv_metric_boxplots.png + data CSV
20:02:51  baselineEval.src.plotting  INFO       Saved: hyperparameter distribution plots + data CSV
20:02:52  baselineEval.src.plotting  INFO       Saved: pred_vs_actual plots + data CSV
20:02:53  baselineEval.src.plotting  INFO       Saved: residual plots + data CSV
20:02:54  baselineEval.src.plotting  INFO       Saved: representation_comparison.png + data CSV
20:02:55  baselineEval.src.plotting  INFO       Saved: cv_metric_boxplots.png + data CSV
20:02:57  baselineEval.src.plotting  INFO       Saved: hyperparameter distribution plots + data CSV
20:02:58  baselineEval.src.plotting  INFO       Saved: pred_vs_actual plots + data CSV
20:02:59  baselineEval.src.plotting  INFO       Saved: residual plots + data CSV
20:03:00  baselineEval.src.plotting  INFO       Saved: cv_metric_boxplots.png + data CSV
20:03:02  baselineEval.src.plotting  INFO       Saved: hyperparameter distribution plots + data CSV
20:03:02  baselineEval.src.plotting  INFO       Saved: pred_vs_actual plots + data CSV
20:03:04  baselineEval.src.plotting  INFO       Saved: residual plots + data CSV
20:03:05  baselineEval.src.plotting  INFO       Saved: cv_metric_boxplots.png + data CSV
20:03:07  baselineEval.src.plotting  INFO       Saved: hyperparameter distribution plots + data CSV
20:03:07  baselineEval.src.plotting  INFO       Saved: pred_vs_actual plots + data CSV
20:03:09  baselineEval.src.plotting  INFO       Saved: residual plots + data CSV
20:03:10  baselineEval.src.plotting  INFO       Saved: cv_metric_boxplots.png + data CSV
20:03:12  baselineEval.src.plotting  INFO       Saved: hyperparameter distribution plots + data CSV
20:03:12  baselineEval.src.plotting  INFO       Saved: pred_vs_actual plots + data CSV
20:03:14  baselineEval.src.plotting  INFO       Saved: residual plots + data CSV
20:03:14  baselineEval.src.plotting  INFO       Saved: representation_comparison.png + data CSV
20:03:15  baselineEval.src.plotting  INFO       Saved: cv_metric_boxplots.png + data CSV
20:03:17  baselineEval.src.plotting  INFO       Saved: hyperparameter distribution plots + data CSV
20:03:18  baselineEval.src.plotting  INFO       Saved: pred_vs_actual plots + data CSV
20:03:19  baselineEval.src.plotting  INFO       Saved: residual plots + data CSV
20:03:20  baselineEval.src.plotting  INFO       Saved: cv_metric_boxplots.png + data CSV
20:03:22  baselineEval.src.plotting  INFO       Saved: hyperparameter distribution plots + data CSV
20:03:23  baselineEval.src.plotting  INFO       Saved: pred_vs_actual plots + data CSV
20:03:24  baselineEval.src.plotting  INFO       Saved: residual plots + data CSV
20:03:25  baselineEval.src.plotting  INFO       Saved: cv_metric_boxplots.png + data CSV
20:03:27  baselineEval.src.plotting  INFO       Saved: hyperparameter distribution plots + data CSV
20:03:28  baselineEval.src.plotting  INFO       Saved: pred_vs_actual plots + data CSV
20:03:29  baselineEval.src.plotting  INFO       Saved: residual plots + data CSV
20:03:30  baselineEval.src.plotting  INFO       Saved: cv_metric_boxplots.png + data CSV
20:03:32  baselineEval.src.plotting  INFO       Saved: hyperparameter distribution plots + data CSV
20:03:33  baselineEval.src.plotting  INFO       Saved: pred_vs_actual plots + data CSV
20:03:34  baselineEval.src.plotting  INFO       Saved: residual plots + data CSV
20:03:35  baselineEval.src.plotting  INFO       Saved: representation_comparison.png + data CSV
20:03:36  baselineEval.src.plotting  INFO       Saved: cv_metric_boxplots.png + data CSV
20:03:37  baselineEval.src.plotting  INFO       Saved: hyperparameter distribution plots + data CSV
20:03:38  baselineEval.src.plotting  INFO       Saved: pred_vs_actual plots + data CSV
20:03:39  baselineEval.src.plotting  INFO       Saved: residual plots + data CSV
20:03:40  baselineEval.src.plotting  INFO       Saved: cv_metric_boxplots.png + data CSV
20:03:42  baselineEval.src.plotting  INFO       Saved: hyperparameter distribution plots + data CSV
20:03:43  baselineEval.src.plotting  INFO       Saved: pred_vs_actual plots + data CSV
20:03:44  baselineEval.src.plotting  INFO       Saved: residual plots + data CSV
20:03:45  baselineEval.src.plotting  INFO       Saved: cv_metric_boxplots.png + data CSV
20:03:46  baselineEval.src.plotting  INFO       Saved: hyperparameter distribution plots + data CSV
20:03:47  baselineEval.src.plotting  INFO       Saved: pred_vs_actual plots + data CSV
20:03:48  baselineEval.src.plotting  INFO       Saved: residual plots + data CSV
20:03:49  baselineEval.src.plotting  INFO       Saved: cv_metric_boxplots.png + data CSV
20:03:51  baselineEval.src.plotting  INFO       Saved: hyperparameter distribution plots + data CSV
20:03:52  baselineEval.src.plotting  INFO       Saved: pred_vs_actual plots + data CSV
20:03:53  baselineEval.src.plotting  INFO       Saved: residual plots + data CSV
20:03:54  baselineEval.src.plotting  INFO       Saved: representation_comparison.png + data CSV
20:03:55  baselineEval.src.plotting  INFO       Saved: cv_metric_boxplots.png + data CSV
20:03:56  baselineEval.src.plotting  INFO       Saved: hyperparameter distribution plots + data CSV
20:03:57  baselineEval.src.plotting  INFO       Saved: pred_vs_actual plots + data CSV
20:03:58  baselineEval.src.plotting  INFO       Saved: residual plots + data CSV
20:03:59  baselineEval.src.plotting  INFO       Saved: cv_metric_boxplots.png + data CSV
20:04:01  baselineEval.src.plotting  INFO       Saved: hyperparameter distribution plots + data CSV
20:04:02  baselineEval.src.plotting  INFO       Saved: pred_vs_actual plots + data CSV
20:04:03  baselineEval.src.plotting  INFO       Saved: residual plots + data CSV
20:04:04  baselineEval.src.plotting  INFO       Saved: cv_metric_boxplots.png + data CSV
20:04:05  baselineEval.src.plotting  INFO       Saved: hyperparameter distribution plots + data CSV
20:04:06  baselineEval.src.plotting  INFO       Saved: pred_vs_actual plots + data CSV
20:04:08  baselineEval.src.plotting  INFO       Saved: residual plots + data CSV
20:04:08  baselineEval.src.plotting  INFO       Saved: cv_metric_boxplots.png + data CSV
20:04:10  baselineEval.src.plotting  INFO       Saved: hyperparameter distribution plots + data CSV
20:04:11  baselineEval.src.plotting  INFO       Saved: pred_vs_actual plots + data CSV
20:04:12  baselineEval.src.plotting  INFO       Saved: residual plots + data CSV
20:04:12  baselineEval.src.plotting  INFO       Saved: representation_comparison.png + data CSV
20:04:13  baselineEval.src.plotting  INFO       Saved: cv_metric_boxplots.png + data CSV
20:04:15  baselineEval.src.plotting  INFO       Saved: hyperparameter distribution plots + data CSV
20:04:16  baselineEval.src.plotting  INFO       Saved: pred_vs_actual plots + data CSV
20:04:17  baselineEval.src.plotting  INFO       Saved: residual plots + data CSV
20:04:18  baselineEval.src.plotting  INFO       Saved: cv_metric_boxplots.png + data CSV
20:04:20  baselineEval.src.plotting  INFO       Saved: hyperparameter distribution plots + data CSV
20:04:20  baselineEval.src.plotting  INFO       Saved: pred_vs_actual plots + data CSV
20:04:22  baselineEval.src.plotting  INFO       Saved: residual plots + data CSV
20:04:23  baselineEval.src.plotting  INFO       Saved: cv_metric_boxplots.png + data CSV
20:04:24  baselineEval.src.plotting  INFO       Saved: hyperparameter distribution plots + data CSV
20:04:25  baselineEval.src.plotting  INFO       Saved: pred_vs_actual plots + data CSV
20:04:26  baselineEval.src.plotting  INFO       Saved: residual plots + data CSV
20:04:27  baselineEval.src.plotting  INFO       Saved: cv_metric_boxplots.png + data CSV
20:04:29  baselineEval.src.plotting  INFO       Saved: hyperparameter distribution plots + data CSV
20:04:30  baselineEval.src.plotting  INFO       Saved: pred_vs_actual plots + data CSV
20:04:31  baselineEval.src.plotting  INFO       Saved: residual plots + data CSV
20:04:31  baselineEval.src.plotting  INFO       Saved: representation_comparison.png + data CSV
20:04:32  baselineEval.src.plotting  INFO       Saved: cv_metric_boxplots.png + data CSV
20:04:34  baselineEval.src.plotting  INFO       Saved: hyperparameter distribution plots + data CSV
20:04:35  baselineEval.src.plotting  INFO       Saved: pred_vs_actual plots + data CSV
20:04:36  baselineEval.src.plotting  INFO       Saved: residual plots + data CSV
20:04:37  baselineEval.src.plotting  INFO       Saved: cv_metric_boxplots.png + data CSV
20:04:39  baselineEval.src.plotting  INFO       Saved: hyperparameter distribution plots + data CSV
20:04:40  baselineEval.src.plotting  INFO       Saved: pred_vs_actual plots + data CSV
20:04:41  baselineEval.src.plotting  INFO       Saved: residual plots + data CSV
20:04:42  baselineEval.src.plotting  INFO       Saved: cv_metric_boxplots.png + data CSV
20:04:43  baselineEval.src.plotting  INFO       Saved: hyperparameter distribution plots + data CSV
20:04:44  baselineEval.src.plotting  INFO       Saved: pred_vs_actual plots + data CSV
20:04:45  baselineEval.src.plotting  INFO       Saved: residual plots + data CSV
20:04:46  baselineEval.src.plotting  INFO       Saved: cv_metric_boxplots.png + data CSV
20:04:48  baselineEval.src.plotting  INFO       Saved: hyperparameter distribution plots + data CSV
20:04:49  baselineEval.src.plotting  INFO       Saved: pred_vs_actual plots + data CSV
20:04:50  baselineEval.src.plotting  INFO       Saved: residual plots + data CSV
20:04:50  baselineEval.src.plotting  INFO       Saved: representation_comparison.png + data CSV
20:04:52  baselineEval.src.plotting  INFO       Saved: cv_metric_boxplots.png + data CSV
20:04:53  baselineEval.src.plotting  INFO       Saved: hyperparameter distribution plots + data CSV
20:04:54  baselineEval.src.plotting  INFO       Saved: pred_vs_actual plots + data CSV
20:04:55  baselineEval.src.plotting  INFO       Saved: residual plots + data CSV
20:04:56  baselineEval.src.plotting  INFO       Saved: cv_metric_boxplots.png + data CSV
20:04:58  baselineEval.src.plotting  INFO       Saved: hyperparameter distribution plots + data CSV
20:05:00  baselineEval.src.plotting  INFO       Saved: pred_vs_actual plots + data CSV
20:05:01  baselineEval.src.plotting  INFO       Saved: residual plots + data CSV
20:05:02  baselineEval.src.plotting  INFO       Saved: cv_metric_boxplots.png + data CSV
20:05:04  baselineEval.src.plotting  INFO       Saved: hyperparameter distribution plots + data CSV
20:05:05  baselineEval.src.plotting  INFO       Saved: pred_vs_actual plots + data CSV
20:05:06  baselineEval.src.plotting  INFO       Saved: residual plots + data CSV
20:05:07  baselineEval.src.plotting  INFO       Saved: cv_metric_boxplots.png + data CSV
20:05:09  baselineEval.src.plotting  INFO       Saved: hyperparameter distribution plots + data CSV
20:05:09  baselineEval.src.plotting  INFO       Saved: pred_vs_actual plots + data CSV
20:05:11  baselineEval.src.plotting  INFO       Saved: residual plots + data CSV
20:05:11  baselineEval.src.plotting  INFO       Saved: representation_comparison.png + data CSV
20:05:12  baselineEval.src.plotting  INFO       Saved: cv_metric_boxplots.png + data CSV
20:05:14  baselineEval.src.plotting  INFO       Saved: hyperparameter distribution plots + data CSV
20:05:15  baselineEval.src.plotting  INFO       Saved: pred_vs_actual plots + data CSV
20:05:16  baselineEval.src.plotting  INFO       Saved: residual plots + data CSV
20:05:17  baselineEval.src.plotting  INFO       Saved: cv_metric_boxplots.png + data CSV
20:05:18  baselineEval.src.plotting  INFO       Saved: hyperparameter distribution plots + data CSV
20:05:19  baselineEval.src.plotting  INFO       Saved: pred_vs_actual plots + data CSV
20:05:21  baselineEval.src.plotting  INFO       Saved: residual plots + data CSV
20:05:21  baselineEval.src.plotting  INFO       Saved: cv_metric_boxplots.png + data CSV
20:05:23  baselineEval.src.plotting  INFO       Saved: hyperparameter distribution plots + data CSV
20:05:24  baselineEval.src.plotting  INFO       Saved: pred_vs_actual plots + data CSV
20:05:25  baselineEval.src.plotting  INFO       Saved: residual plots + data CSV
20:05:26  baselineEval.src.plotting  INFO       Saved: cv_metric_boxplots.png + data CSV
20:05:28  baselineEval.src.plotting  INFO       Saved: hyperparameter distribution plots + data CSV
20:05:29  baselineEval.src.plotting  INFO       Saved: pred_vs_actual plots + data CSV
20:05:30  baselineEval.src.plotting  INFO       Saved: residual plots + data CSV
20:05:30  baselineEval.src.plotting  INFO       Saved: representation_comparison.png + data CSV
20:05:31  baselineEval.src.plotting  INFO       Saved: cv_metric_boxplots.png + data CSV
20:05:33  baselineEval.src.plotting  INFO       Saved: hyperparameter distribution plots + data CSV
20:05:34  baselineEval.src.plotting  INFO       Saved: pred_vs_actual plots + data CSV
20:05:35  baselineEval.src.plotting  INFO       Saved: residual plots + data CSV
20:05:36  baselineEval.src.plotting  INFO       Saved: cv_metric_boxplots.png + data CSV
20:05:38  baselineEval.src.plotting  INFO       Saved: hyperparameter distribution plots + data CSV
20:05:38  baselineEval.src.plotting  INFO       Saved: pred_vs_actual plots + data CSV
20:05:40  baselineEval.src.plotting  INFO       Saved: residual plots + data CSV
20:05:40  baselineEval.src.plotting  INFO       Saved: cv_metric_boxplots.png + data CSV
20:05:42  baselineEval.src.plotting  INFO       Saved: hyperparameter distribution plots + data CSV
20:05:43  baselineEval.src.plotting  INFO       Saved: pred_vs_actual plots + data CSV
20:05:44  baselineEval.src.plotting  INFO       Saved: residual plots + data CSV
20:05:45  baselineEval.src.plotting  INFO       Saved: cv_metric_boxplots.png + data CSV
20:05:47  baselineEval.src.plotting  INFO       Saved: hyperparameter distribution plots + data CSV
20:05:48  baselineEval.src.plotting  INFO       Saved: pred_vs_actual plots + data CSV
20:05:49  baselineEval.src.plotting  INFO       Saved: residual plots + data CSV
20:05:49  baselineEval.src.plotting  INFO       Saved: representation_comparison.png + data CSV
20:05:50  baselineEval.src.plotting  INFO       Saved: cv_metric_boxplots.png + data CSV
20:05:52  baselineEval.src.plotting  INFO       Saved: hyperparameter distribution plots + data CSV
20:05:53  baselineEval.src.plotting  INFO       Saved: pred_vs_actual plots + data CSV
20:05:54  baselineEval.src.plotting  INFO       Saved: residual plots + data CSV
20:05:55  baselineEval.src.plotting  INFO       Saved: cv_metric_boxplots.png + data CSV
20:05:56  baselineEval.src.plotting  INFO       Saved: hyperparameter distribution plots + data CSV
20:05:57  baselineEval.src.plotting  INFO       Saved: pred_vs_actual plots + data CSV
20:05:58  baselineEval.src.plotting  INFO       Saved: residual plots + data CSV
20:05:59  baselineEval.src.plotting  INFO       Saved: cv_metric_boxplots.png + data CSV
20:06:01  baselineEval.src.plotting  INFO       Saved: hyperparameter distribution plots + data CSV
20:06:02  baselineEval.src.plotting  INFO       Saved: pred_vs_actual plots + data CSV
20:06:03  baselineEval.src.plotting  INFO       Saved: residual plots + data CSV
20:06:04  baselineEval.src.plotting  INFO       Saved: cv_metric_boxplots.png + data CSV
20:06:06  baselineEval.src.plotting  INFO       Saved: hyperparameter distribution plots + data CSV
20:06:06  baselineEval.src.plotting  INFO       Saved: pred_vs_actual plots + data CSV
20:06:07  baselineEval.src.plotting  INFO       Saved: residual plots + data CSV
20:06:08  baselineEval.src.plotting  INFO       Saved: representation_comparison.png + data CSV
20:06:09  baselineEval.src.plotting  INFO       Saved: cv_metric_boxplots.png + data CSV
20:06:10  baselineEval.src.plotting  INFO       Saved: hyperparameter distribution plots + data CSV
20:06:11  baselineEval.src.plotting  INFO       Saved: pred_vs_actual plots + data CSV
20:06:12  baselineEval.src.plotting  INFO       Saved: residual plots + data CSV
20:06:13  baselineEval.src.plotting  INFO       Saved: cv_metric_boxplots.png + data CSV
20:06:15  baselineEval.src.plotting  INFO       Saved: hyperparameter distribution plots + data CSV
20:06:16  baselineEval.src.plotting  INFO       Saved: pred_vs_actual plots + data CSV
20:06:17  baselineEval.src.plotting  INFO       Saved: residual plots + data CSV
20:06:18  baselineEval.src.plotting  INFO       Saved: cv_metric_boxplots.png + data CSV
20:06:20  baselineEval.src.plotting  INFO       Saved: hyperparameter distribution plots + data CSV
20:06:20  baselineEval.src.plotting  INFO       Saved: pred_vs_actual plots + data CSV
20:06:22  baselineEval.src.plotting  INFO       Saved: residual plots + data CSV
20:06:22  baselineEval.src.plotting  INFO       Saved: cv_metric_boxplots.png + data CSV
20:06:24  baselineEval.src.plotting  INFO       Saved: hyperparameter distribution plots + data CSV
20:06:25  baselineEval.src.plotting  INFO       Saved: pred_vs_actual plots + data CSV
20:06:26  baselineEval.src.plotting  INFO       Saved: residual plots + data CSV
20:06:27  baselineEval.src.plotting  INFO       Saved: representation_comparison.png + data CSV
20:06:28  baselineEval.src.plotting  INFO       Saved: cv_metric_boxplots.png + data CSV
20:06:29  baselineEval.src.plotting  INFO       Saved: hyperparameter distribution plots + data CSV
20:06:30  baselineEval.src.plotting  INFO       Saved: pred_vs_actual plots + data CSV
20:06:31  baselineEval.src.plotting  INFO       Saved: residual plots + data CSV
20:06:32  baselineEval.src.plotting  INFO       Saved: cv_metric_boxplots.png + data CSV
20:06:34  baselineEval.src.plotting  INFO       Saved: hyperparameter distribution plots + data CSV
20:06:35  baselineEval.src.plotting  INFO       Saved: pred_vs_actual plots + data CSV
20:06:36  baselineEval.src.plotting  INFO       Saved: residual plots + data CSV
20:06:37  baselineEval.src.plotting  INFO       Saved: cv_metric_boxplots.png + data CSV
20:06:38  baselineEval.src.plotting  INFO       Saved: hyperparameter distribution plots + data CSV
20:06:39  baselineEval.src.plotting  INFO       Saved: pred_vs_actual plots + data CSV
20:06:40  baselineEval.src.plotting  INFO       Saved: residual plots + data CSV
20:06:41  baselineEval.src.plotting  INFO       Saved: cv_metric_boxplots.png + data CSV
20:06:43  baselineEval.src.plotting  INFO       Saved: hyperparameter distribution plots + data CSV
20:06:44  baselineEval.src.plotting  INFO       Saved: pred_vs_actual plots + data CSV
20:06:45  baselineEval.src.plotting  INFO       Saved: residual plots + data CSV
20:06:46  baselineEval.src.plotting  INFO       Saved: representation_comparison.png + data CSV
20:06:46  baselineEval.src.plotting  INFO       Saved: cv_metric_boxplots.png + data CSV
20:06:48  baselineEval.src.plotting  INFO       Saved: hyperparameter distribution plots + data CSV
20:06:49  baselineEval.src.plotting  INFO       Saved: pred_vs_actual plots + data CSV
20:06:50  baselineEval.src.plotting  INFO       Saved: residual plots + data CSV
20:06:51  baselineEval.src.plotting  INFO       Saved: cv_metric_boxplots.png + data CSV
20:06:53  baselineEval.src.plotting  INFO       Saved: hyperparameter distribution plots + data CSV
20:06:53  baselineEval.src.plotting  INFO       Saved: pred_vs_actual plots + data CSV
20:06:55  baselineEval.src.plotting  INFO       Saved: residual plots + data CSV
20:06:56  baselineEval.src.plotting  INFO       Saved: cv_metric_boxplots.png + data CSV
20:06:57  baselineEval.src.plotting  INFO       Saved: hyperparameter distribution plots + data CSV
20:06:58  baselineEval.src.plotting  INFO       Saved: pred_vs_actual plots + data CSV
20:06:59  baselineEval.src.plotting  INFO       Saved: residual plots + data CSV
20:07:00  baselineEval.src.plotting  INFO       Saved: cv_metric_boxplots.png + data CSV
20:07:02  baselineEval.src.plotting  INFO       Saved: hyperparameter distribution plots + data CSV
20:07:03  baselineEval.src.plotting  INFO       Saved: pred_vs_actual plots + data CSV
20:07:04  baselineEval.src.plotting  INFO       Saved: residual plots + data CSV
20:07:05  baselineEval.src.plotting  INFO       Saved: representation_comparison.png + data CSV
20:07:06  baselineEval.src.plotting  INFO       Saved: cv_metric_boxplots.png + data CSV
20:07:07  baselineEval.src.plotting  INFO       Saved: hyperparameter distribution plots + data CSV
20:07:08  baselineEval.src.plotting  INFO       Saved: pred_vs_actual plots + data CSV
20:07:09  baselineEval.src.plotting  INFO       Saved: residual plots + data CSV
20:07:10  baselineEval.src.plotting  INFO       Saved: cv_metric_boxplots.png + data CSV
20:07:12  baselineEval.src.plotting  INFO       Saved: hyperparameter distribution plots + data CSV
20:07:13  baselineEval.src.plotting  INFO       Saved: pred_vs_actual plots + data CSV
20:07:14  baselineEval.src.plotting  INFO       Saved: residual plots + data CSV
20:07:15  baselineEval.src.plotting  INFO       Saved: cv_metric_boxplots.png + data CSV
20:07:16  baselineEval.src.plotting  INFO       Saved: hyperparameter distribution plots + data CSV
20:07:17  baselineEval.src.plotting  INFO       Saved: pred_vs_actual plots + data CSV
20:07:18  baselineEval.src.plotting  INFO       Saved: residual plots + data CSV
20:07:19  baselineEval.src.plotting  INFO       Saved: cv_metric_boxplots.png + data CSV
20:07:21  baselineEval.src.plotting  INFO       Saved: hyperparameter distribution plots + data CSV
20:07:22  baselineEval.src.plotting  INFO       Saved: pred_vs_actual plots + data CSV
20:07:23  baselineEval.src.plotting  INFO       Saved: residual plots + data CSV
20:07:24  baselineEval.src.plotting  INFO       Saved: representation_comparison.png + data CSV
20:07:24  baselineEval.src.plotting  INFO       Saved: cv_metric_boxplots.png + data CSV
20:07:26  baselineEval.src.plotting  INFO       Saved: hyperparameter distribution plots + data CSV
20:07:27  baselineEval.src.plotting  INFO       Saved: pred_vs_actual plots + data CSV
20:07:28  baselineEval.src.plotting  INFO       Saved: residual plots + data CSV
20:07:29  baselineEval.src.plotting  INFO       Saved: cv_metric_boxplots.png + data CSV
20:07:31  baselineEval.src.plotting  INFO       Saved: hyperparameter distribution plots + data CSV
20:07:31  baselineEval.src.plotting  INFO       Saved: pred_vs_actual plots + data CSV
20:07:32  baselineEval.src.plotting  INFO       Saved: residual plots + data CSV
20:07:33  baselineEval.src.plotting  INFO       Saved: cv_metric_boxplots.png + data CSV
20:07:35  baselineEval.src.plotting  INFO       Saved: hyperparameter distribution plots + data CSV
20:07:36  baselineEval.src.plotting  INFO       Saved: pred_vs_actual plots + data CSV
20:07:37  baselineEval.src.plotting  INFO       Saved: residual plots + data CSV
20:07:38  baselineEval.src.plotting  INFO       Saved: cv_metric_boxplots.png + data CSV
20:07:40  baselineEval.src.plotting  INFO       Saved: hyperparameter distribution plots + data CSV
20:07:40  baselineEval.src.plotting  INFO       Saved: pred_vs_actual plots + data CSV
20:07:42  baselineEval.src.plotting  INFO       Saved: residual plots + data CSV
20:07:42  baselineEval.src.plotting  INFO       Saved: representation_comparison.png + data CSV
20:07:43  baselineEval.src.plotting  INFO       Saved: cv_metric_boxplots.png + data CSV
20:07:45  baselineEval.src.plotting  INFO       Saved: hyperparameter distribution plots + data CSV
20:07:45  baselineEval.src.plotting  INFO       Saved: pred_vs_actual plots + data CSV
20:07:47  baselineEval.src.plotting  INFO       Saved: residual plots + data CSV
20:07:48  baselineEval.src.plotting  INFO       Saved: cv_metric_boxplots.png + data CSV
20:07:49  baselineEval.src.plotting  INFO       Saved: hyperparameter distribution plots + data CSV
20:07:50  baselineEval.src.plotting  INFO       Saved: pred_vs_actual plots + data CSV
20:07:52  baselineEval.src.plotting  INFO       Saved: residual plots + data CSV
20:07:53  baselineEval.src.plotting  INFO       Saved: cv_metric_boxplots.png + data CSV
20:07:54  baselineEval.src.plotting  INFO       Saved: hyperparameter distribution plots + data CSV
20:07:55  baselineEval.src.plotting  INFO       Saved: pred_vs_actual plots + data CSV
20:07:56  baselineEval.src.plotting  INFO       Saved: residual plots + data CSV
20:07:57  baselineEval.src.plotting  INFO       Saved: cv_metric_boxplots.png + data CSV
20:07:59  baselineEval.src.plotting  INFO       Saved: hyperparameter distribution plots + data CSV
20:08:00  baselineEval.src.plotting  INFO       Saved: pred_vs_actual plots + data CSV
20:08:01  baselineEval.src.plotting  INFO       Saved: residual plots + data CSV
20:08:01  baselineEval.src.plotting  INFO       Saved: representation_comparison.png + data CSV
20:08:02  baselineEval.src.plotting  INFO       Saved: cv_metric_boxplots.png + data CSV
20:08:04  baselineEval.src.plotting  INFO       Saved: hyperparameter distribution plots + data CSV
20:08:05  baselineEval.src.plotting  INFO       Saved: pred_vs_actual plots + data CSV
20:08:06  baselineEval.src.plotting  INFO       Saved: residual plots + data CSV
20:08:07  baselineEval.src.plotting  INFO       Saved: cv_metric_boxplots.png + data CSV
20:08:09  baselineEval.src.plotting  INFO       Saved: hyperparameter distribution plots + data CSV
20:08:10  baselineEval.src.plotting  INFO       Saved: pred_vs_actual plots + data CSV
20:08:11  baselineEval.src.plotting  INFO       Saved: residual plots + data CSV
20:08:12  baselineEval.src.plotting  INFO       Saved: cv_metric_boxplots.png + data CSV
20:08:14  baselineEval.src.plotting  INFO       Saved: hyperparameter distribution plots + data CSV
20:08:14  baselineEval.src.plotting  INFO       Saved: pred_vs_actual plots + data CSV
20:08:16  baselineEval.src.plotting  INFO       Saved: residual plots + data CSV
20:08:17  baselineEval.src.plotting  INFO       Saved: cv_metric_boxplots.png + data CSV
20:08:18  baselineEval.src.plotting  INFO       Saved: hyperparameter distribution plots + data CSV
20:08:19  baselineEval.src.plotting  INFO       Saved: pred_vs_actual plots + data CSV
20:08:21  baselineEval.src.plotting  INFO       Saved: residual plots + data CSV
20:08:21  baselineEval.src.plotting  INFO       Saved: representation_comparison.png + data CSV
20:08:22  baselineEval.src.plotting  INFO       Saved: cv_metric_boxplots.png + data CSV
20:08:24  baselineEval.src.plotting  INFO       Saved: hyperparameter distribution plots + data CSV
20:08:24  baselineEval.src.plotting  INFO       Saved: pred_vs_actual plots + data CSV
20:08:26  baselineEval.src.plotting  INFO       Saved: residual plots + data CSV
20:08:27  baselineEval.src.plotting  INFO       Saved: cv_metric_boxplots.png + data CSV
20:08:28  baselineEval.src.plotting  INFO       Saved: hyperparameter distribution plots + data CSV
20:08:29  baselineEval.src.plotting  INFO       Saved: pred_vs_actual plots + data CSV
20:08:30  baselineEval.src.plotting  INFO       Saved: residual plots + data CSV
20:08:31  baselineEval.src.plotting  INFO       Saved: cv_metric_boxplots.png + data CSV
20:08:33  baselineEval.src.plotting  INFO       Saved: hyperparameter distribution plots + data CSV
20:08:34  baselineEval.src.plotting  INFO       Saved: pred_vs_actual plots + data CSV
20:08:35  baselineEval.src.plotting  INFO       Saved: residual plots + data CSV
20:08:36  baselineEval.src.plotting  INFO       Saved: cv_metric_boxplots.png + data CSV
20:08:38  baselineEval.src.plotting  INFO       Saved: hyperparameter distribution plots + data CSV
20:08:39  baselineEval.src.plotting  INFO       Saved: pred_vs_actual plots + data CSV
20:08:40  baselineEval.src.plotting  INFO       Saved: residual plots + data CSV
20:08:40  baselineEval.src.plotting  INFO       Saved: representation_comparison.png + data CSV
20:08:41  baselineEval.src.plotting  INFO       Saved: cv_metric_boxplots.png + data CSV
20:08:43  baselineEval.src.plotting  INFO       Saved: hyperparameter distribution plots + data CSV
20:08:44  baselineEval.src.plotting  INFO       Saved: pred_vs_actual plots + data CSV
20:08:45  baselineEval.src.plotting  INFO       Saved: residual plots + data CSV
20:08:46  baselineEval.src.plotting  INFO       Saved: cv_metric_boxplots.png + data CSV
20:08:48  baselineEval.src.plotting  INFO       Saved: hyperparameter distribution plots + data CSV
20:08:48  baselineEval.src.plotting  INFO       Saved: pred_vs_actual plots + data CSV
20:08:50  baselineEval.src.plotting  INFO       Saved: residual plots + data CSV
20:08:51  baselineEval.src.plotting  INFO       Saved: cv_metric_boxplots.png + data CSV
20:08:52  baselineEval.src.plotting  INFO       Saved: hyperparameter distribution plots + data CSV
20:08:53  baselineEval.src.plotting  INFO       Saved: pred_vs_actual plots + data CSV
20:08:54  baselineEval.src.plotting  INFO       Saved: residual plots + data CSV
20:08:55  baselineEval.src.plotting  INFO       Saved: cv_metric_boxplots.png + data CSV
20:08:57  baselineEval.src.plotting  INFO       Saved: hyperparameter distribution plots + data CSV
20:08:58  baselineEval.src.plotting  INFO       Saved: pred_vs_actual plots + data CSV
20:08:59  baselineEval.src.plotting  INFO       Saved: residual plots + data CSV
20:08:59  baselineEval.src.plotting  INFO       Saved: representation_comparison.png + data CSV
20:09:00  baselineEval.src.plotting  INFO       Saved: cv_metric_boxplots.png + data CSV
20:09:02  baselineEval.src.plotting  INFO       Saved: hyperparameter distribution plots + data CSV
20:09:03  baselineEval.src.plotting  INFO       Saved: pred_vs_actual plots + data CSV
20:09:04  baselineEval.src.plotting  INFO       Saved: residual plots + data CSV
20:09:05  baselineEval.src.plotting  INFO       Saved: cv_metric_boxplots.png + data CSV
20:09:07  baselineEval.src.plotting  INFO       Saved: hyperparameter distribution plots + data CSV
20:09:08  baselineEval.src.plotting  INFO       Saved: pred_vs_actual plots + data CSV
20:09:09  baselineEval.src.plotting  INFO       Saved: residual plots + data CSV
20:09:10  baselineEval.src.plotting  INFO       Saved: cv_metric_boxplots.png + data CSV
20:09:12  baselineEval.src.plotting  INFO       Saved: hyperparameter distribution plots + data CSV
20:09:12  baselineEval.src.plotting  INFO       Saved: pred_vs_actual plots + data CSV
20:09:14  baselineEval.src.plotting  INFO       Saved: residual plots + data CSV
20:09:15  baselineEval.src.plotting  INFO       Saved: cv_metric_boxplots.png + data CSV
20:09:16  baselineEval.src.plotting  INFO       Saved: hyperparameter distribution plots + data CSV
20:09:17  baselineEval.src.plotting  INFO       Saved: pred_vs_actual plots + data CSV
20:09:19  baselineEval.src.plotting  INFO       Saved: residual plots + data CSV
20:09:19  baselineEval.src.plotting  INFO       Saved: representation_comparison.png + data CSV
20:09:20  baselineEval.src.plotting  INFO       Saved: cv_metric_boxplots.png + data CSV
20:09:22  baselineEval.src.plotting  INFO       Saved: hyperparameter distribution plots + data CSV
20:09:22  baselineEval.src.plotting  INFO       Saved: pred_vs_actual plots + data CSV
20:09:24  baselineEval.src.plotting  INFO       Saved: residual plots + data CSV
20:09:25  baselineEval.src.plotting  INFO       Saved: cv_metric_boxplots.png + data CSV
20:09:26  baselineEval.src.plotting  INFO       Saved: hyperparameter distribution plots + data CSV
20:09:27  baselineEval.src.plotting  INFO       Saved: pred_vs_actual plots + data CSV
20:09:28  baselineEval.src.plotting  INFO       Saved: residual plots + data CSV
20:09:29  baselineEval.src.plotting  INFO       Saved: cv_metric_boxplots.png + data CSV
20:09:31  baselineEval.src.plotting  INFO       Saved: hyperparameter distribution plots + data CSV
20:09:32  baselineEval.src.plotting  INFO       Saved: pred_vs_actual plots + data CSV
20:09:33  baselineEval.src.plotting  INFO       Saved: residual plots + data CSV
20:09:34  baselineEval.src.plotting  INFO       Saved: cv_metric_boxplots.png + data CSV
20:09:36  baselineEval.src.plotting  INFO       Saved: hyperparameter distribution plots + data CSV
20:09:37  baselineEval.src.plotting  INFO       Saved: pred_vs_actual plots + data CSV
20:09:38  baselineEval.src.plotting  INFO       Saved: residual plots + data CSV
20:09:38  baselineEval.src.plotting  INFO       Saved: representation_comparison.png + data CSV
20:09:39  baselineEval.src.plotting  INFO       Saved: cv_metric_boxplots.png + data CSV
20:09:41  baselineEval.src.plotting  INFO       Saved: hyperparameter distribution plots + data CSV
20:09:42  baselineEval.src.plotting  INFO       Saved: pred_vs_actual plots + data CSV
20:09:43  baselineEval.src.plotting  INFO       Saved: residual plots + data CSV
20:09:44  baselineEval.src.plotting  INFO       Saved: cv_metric_boxplots.png + data CSV
20:09:46  baselineEval.src.plotting  INFO       Saved: hyperparameter distribution plots + data CSV
20:09:46  baselineEval.src.plotting  INFO       Saved: pred_vs_actual plots + data CSV
20:09:48  baselineEval.src.plotting  INFO       Saved: residual plots + data CSV
20:09:49  baselineEval.src.plotting  INFO       Saved: cv_metric_boxplots.png + data CSV
20:09:50  baselineEval.src.plotting  INFO       Saved: hyperparameter distribution plots + data CSV
20:09:51  baselineEval.src.plotting  INFO       Saved: pred_vs_actual plots + data CSV
20:09:52  baselineEval.src.plotting  INFO       Saved: residual plots + data CSV
20:09:53  baselineEval.src.plotting  INFO       Saved: cv_metric_boxplots.png + data CSV
20:09:55  baselineEval.src.plotting  INFO       Saved: hyperparameter distribution plots + data CSV
20:09:56  baselineEval.src.plotting  INFO       Saved: pred_vs_actual plots + data CSV
20:09:57  baselineEval.src.plotting  INFO       Saved: residual plots + data CSV
20:09:58  baselineEval.src.plotting  INFO       Saved: representation_comparison.png + data CSV
20:09:58  baselineEval.src.plotting  INFO       Saved: cv_metric_boxplots.png + data CSV
20:10:00  baselineEval.src.plotting  INFO       Saved: hyperparameter distribution plots + data CSV
20:10:01  baselineEval.src.plotting  INFO       Saved: pred_vs_actual plots + data CSV
20:10:02  baselineEval.src.plotting  INFO       Saved: residual plots + data CSV
20:10:03  baselineEval.src.plotting  INFO       Saved: cv_metric_boxplots.png + data CSV
20:10:05  baselineEval.src.plotting  INFO       Saved: hyperparameter distribution plots + data CSV
20:10:05  baselineEval.src.plotting  INFO       Saved: pred_vs_actual plots + data CSV
20:10:07  baselineEval.src.plotting  INFO       Saved: residual plots + data CSV
20:10:08  baselineEval.src.plotting  INFO       Saved: cv_metric_boxplots.png + data CSV
20:10:09  baselineEval.src.plotting  INFO       Saved: hyperparameter distribution plots + data CSV
20:10:10  baselineEval.src.plotting  INFO       Saved: pred_vs_actual plots + data CSV
20:10:11  baselineEval.src.plotting  INFO       Saved: residual plots + data CSV
20:10:12  baselineEval.src.plotting  INFO       Saved: cv_metric_boxplots.png + data CSV
20:10:14  baselineEval.src.plotting  INFO       Saved: hyperparameter distribution plots + data CSV
20:10:15  baselineEval.src.plotting  INFO       Saved: pred_vs_actual plots + data CSV
20:10:16  baselineEval.src.plotting  INFO       Saved: residual plots + data CSV
20:10:17  baselineEval.src.plotting  INFO       Saved: representation_comparison.png + data CSV
20:10:17  baselineEval.src.plotting  INFO       Saved: cv_metric_boxplots.png + data CSV
20:10:19  baselineEval.src.plotting  INFO       Saved: hyperparameter distribution plots + data CSV
20:10:20  baselineEval.src.plotting  INFO       Saved: pred_vs_actual plots + data CSV
20:10:21  baselineEval.src.plotting  INFO       Saved: residual plots + data CSV
20:10:22  baselineEval.src.plotting  INFO       Saved: cv_metric_boxplots.png + data CSV
20:10:24  baselineEval.src.plotting  INFO       Saved: hyperparameter distribution plots + data CSV
20:10:25  baselineEval.src.plotting  INFO       Saved: pred_vs_actual plots + data CSV
20:10:26  baselineEval.src.plotting  INFO       Saved: residual plots + data CSV
20:10:27  baselineEval.src.plotting  INFO       Saved: cv_metric_boxplots.png + data CSV
20:10:29  baselineEval.src.plotting  INFO       Saved: hyperparameter distribution plots + data CSV
20:10:29  baselineEval.src.plotting  INFO       Saved: pred_vs_actual plots + data CSV
20:10:31  baselineEval.src.plotting  INFO       Saved: residual plots + data CSV
20:10:31  baselineEval.src.plotting  INFO       Saved: cv_metric_boxplots.png + data CSV
20:10:33  baselineEval.src.plotting  INFO       Saved: hyperparameter distribution plots + data CSV
20:10:34  baselineEval.src.plotting  INFO       Saved: pred_vs_actual plots + data CSV
20:10:35  baselineEval.src.plotting  INFO       Saved: residual plots + data CSV
20:10:36  baselineEval.src.plotting  INFO       Saved: representation_comparison.png + data CSV
20:10:37  baselineEval.src.plotting  INFO       Saved: held_out_summary_classification.png + data CSV
20:10:40  baselineEval.src.plotting  INFO       Saved: held_out_summary_regression.png + data CSV
20:10:41  baselineEval.src.plotting  INFO       Saved: heatmap_classification.png + data CSV
20:10:43  baselineEval.src.plotting  INFO       Saved: heatmap_regression.png + data CSV
20:10:43  ccnEvaluation         INFO     ═══ Step 7: SHAP — computed inside held-out evaluation ═══
20:10:43  ccnEvaluation         INFO     Pipeline completed in 11394.9 s (189.9 min)
SLURM job 7377211 finished with exit code 0
